layer,season,source_type,extension,relative_path,file_size_mb,rows,cols,n_cows,date_min,date_max,sheet_count,sheet_names_preview,columns_preview
raw_mcgill_complete,Fall 2019,behavior_scan_workbook,.xlsx,Données completes/Données accelerometres/Fall 2019/Behavioral scans - Amir's lameness project.xlsx,0.069,27,2,,,,6,"Code used, SCAN template, SCAN week 4, SCAN week 5 , SCAN week 5.2, Focus","Distance Code, Distance Definition"
raw_mcgill_complete,Fall 2019,environment_hobo_xlsx,.xlsx,Données completes/Données accelerometres/Fall 2019/HOBO data/Week_1/Control_1_2019-11-15 13_56_29 -0500.xlsx,0.059,288,13,,,,3,"DATA, Event Data, Details","Plot Title: Inside Treatment 1, , , , , , , , , , , "
raw_mcgill_complete,Fall 2019,environment_hobo_xlsx,.xlsx,Données completes/Données accelerometres/Fall 2019/HOBO data/Week_1/Control_2_2019-11-15 14_00_19 -0500.xlsx,0.142,,,,,,3,"DATA, Event Data, Details",Plot Title: Inside Control
raw_mcgill_complete,Fall 2019,environment_hobo_xlsx,.xlsx,Données completes/Données accelerometres/Fall 2019/HOBO data/Week_1/Treatment_1_2019-11-15 13_39_33 -0500.xlsx,0.057,285,13,,,,3,"DATA, Event Data, Details","Plot Title: Inside Control 2, , , , , , , , , , , "
raw_mcgill_complete,Fall 2019,environment_hobo_xlsx,.xlsx,Données completes/Données accelerometres/Fall 2019/HOBO data/Week_1/Treatment_2_2019-11-15 14_02_20 -0500.xlsx,0.143,,,,,,3,"DATA, Event Data, Details",Plot Title: Inside Treatment 
raw_mcgill_complete,Fall 2019,environment_hobo_xlsx,.xlsx,Données completes/Données accelerometres/Fall 2019/HOBO data/Week_2/Control 1 2019-11-21 13_35_21 -0500.xlsx,0.217,,,,,,3,"DATA, Event Data, Details",Plot Title: Control 1
raw_mcgill_complete,Fall 2019,environment_hobo_xlsx,.xlsx,Données completes/Données accelerometres/Fall 2019/HOBO data/Week_2/Control 2 2019-11-21 13_37_47 -0500.xlsx,0.215,,,,,,3,"DATA, Event Data, Details",Plot Title: Control 2
raw_mcgill_complete,Fall 2019,environment_hobo_xlsx,.xlsx,Données completes/Données accelerometres/Fall 2019/HOBO data/Week_2/Treatment 1 2019-11-21 13_36_36 -0500.xlsx,0.216,,,,,,3,"DATA, Event Data, Details",Plot Title: Treatment 1
raw_mcgill_complete,Fall 2019,environment_hobo_xlsx,.xlsx,Données completes/Données accelerometres/Fall 2019/HOBO data/Week_2/Treatment 2 2019-11-21 13_40_37 -0500.xlsx,0.215,,,,,,3,"DATA, Event Data, Details",Plot Title: Treatment 2
raw_mcgill_complete,Fall 2019,environment_hobo_xlsx,.xlsx,Données completes/Données accelerometres/Fall 2019/HOBO data/Week_3/Control 1 2019-11-29 08_10_40 -0500.xlsx,0.274,,,,,,3,"DATA, Event Data, Details",Plot Title: Control 1
raw_mcgill_complete,Fall 2019,environment_hobo_xlsx,.xlsx,Données completes/Données accelerometres/Fall 2019/HOBO data/Week_3/Control 2 2019-11-29 08_11_54 -0500.xlsx,0.273,,,,,,3,"DATA, Event Data, Details",Plot Title: Control 2
raw_mcgill_complete,Fall 2019,environment_hobo_xlsx,.xlsx,Données completes/Données accelerometres/Fall 2019/HOBO data/Week_3/Treatment 1 2019-11-29 08_13_03 -0500.xlsx,0.273,,,,,,3,"DATA, Event Data, Details",Plot Title: Treatment 1
raw_mcgill_complete,Fall 2019,environment_hobo_xlsx,.xlsx,Données completes/Données accelerometres/Fall 2019/HOBO data/Week_3/Treatment 2 2019-11-29 08_14_14 -0500.xlsx,0.273,,,,,,3,"DATA, Event Data, Details",Plot Title: Treatment 2
raw_mcgill_complete,Fall 2019,environment_hobo_xlsx,.xlsx,Données completes/Données accelerometres/Fall 2019/HOBO data/Week_4/Control 1 2019-12-06 13_31_53 -0500.xlsx,0.262,,,,,,3,"DATA, Event Data, Details",Plot Title: Control 1
raw_mcgill_complete,Fall 2019,environment_hobo_xlsx,.xlsx,Données completes/Données accelerometres/Fall 2019/HOBO data/Week_4/Control 2 2019-12-06 13_33_00 -0500.xlsx,0.257,,,,,,3,"DATA, Event Data, Details",Plot Title: Control 2
raw_mcgill_complete,Fall 2019,environment_hobo_xlsx,.xlsx,Données completes/Données accelerometres/Fall 2019/HOBO data/Week_4/Treatment 1 2019-12-06 13_34_06 -0500.xlsx,0.257,,,,,,3,"DATA, Event Data, Details",Plot Title: Treatment 1
raw_mcgill_complete,Fall 2019,environment_hobo_xlsx,.xlsx,Données completes/Données accelerometres/Fall 2019/HOBO data/Week_4/Treatment 2 2019-12-06 13_35_09 -0500.xlsx,0.258,,,,,,3,"DATA, Event Data, Details",Plot Title: Treatment 2
raw_mcgill_complete,Fall 2019,environment_hobo_xlsx,.xlsx,Données completes/Données accelerometres/Fall 2019/HOBO data/Week_5/Control 1 2019-12-13 10_26_38 -0500.xlsx,0.248,,,,,,3,"DATA, Event Data, Details",Plot Title: Control 1
raw_mcgill_complete,Fall 2019,environment_hobo_xlsx,.xlsx,Données completes/Données accelerometres/Fall 2019/HOBO data/Week_5/Control 2 2019-12-13 10_27_33 -0500.xlsx,0.244,,,,,,3,"DATA, Event Data, Details",Plot Title: Control 2
raw_mcgill_complete,Fall 2019,environment_hobo_xlsx,.xlsx,Données completes/Données accelerometres/Fall 2019/HOBO data/Week_5/Treatment 1 2019-12-13 10_21_44 -0500.xlsx,0.244,,,,,,3,"DATA, Event Data, Details",Plot Title: Treatment 1
raw_mcgill_complete,Fall 2019,environment_hobo_xlsx,.xlsx,Données completes/Données accelerometres/Fall 2019/HOBO data/Week_5/Treatment 2 2019-12-13 10_23_24 -0500.xlsx,0.292,1980,13,,,,3,"DATA, Event Data, Details","Plot Title: Treatment 2, , , , , , , , , , , "
raw_mcgill_complete,Fall 2019,accelerometer_icetag_workbook_or_mapping,.xlsx,Données completes/Données accelerometres/Fall 2019/Icetag/IceTags/@IceTag_Compiled_Lameness.xlsx,52.799,47177,11,,,,30,"821, 2041, 2057, 2062, 2063, 2066, 2078, 2081, 3435, 3437","Cow, Block, Treatment, Week, Date, Time, Motion Index, Standing [t], Lying [t], Steps, Lying Bouts"
raw_mcgill_complete,Fall 2019,accelerometer_icetag_workbook_or_mapping,.xlsx,Données completes/Données accelerometres/Fall 2019/Icetag/IceTags/AllinOne_IceTag_Compiled_Lameness+LB.xlsx,0.751,454,7,,,,30,"5871, 5865, 5857, 5327, 2062, 2041, 5854, 5870, 5862, 3437","CowID, Start Date, Start Time, End Date, End Time, Duration, Second"
raw_mcgill_complete,Fall 2019,accelerometer_icetag_workbook_or_mapping,.xlsx,Données completes/Données accelerometres/Fall 2019/Icetag/IceTags/AllinOne_IceTag_Compiled_Lameness.xlsx,67.433,6,4,,,,8,"Sheet4, Summary, Summary_NoWeekend, Summary_NoWkEnd_NoWeird, Sheet2, Compiled_LB, Compiled_1, Compiled_2","Row Labels, Average of LT, Average of LB, Average of STEP"
raw_mcgill_complete,Fall 2019,accelerometer_icetag_raw_csv,.csv,Données completes/Données accelerometres/Fall 2019/Icetag/IceTags/Group1_Wk1_05NOV2019-18NOV2019/8517_Tag161_05NOV2019-1847_18NOV2019-1128.csv,0.379,,,,,,,,
raw_mcgill_complete,Fall 2019,accelerometer_icetag_raw_csv,.csv,Données completes/Données accelerometres/Fall 2019/Icetag/IceTags/Group1_Wk1_05NOV2019-18NOV2019/8517_Tag161_05NOV2019-1847_18NOV2019-1128_LB.csv,0.045,,,,,,,,
raw_mcgill_complete,Fall 2019,accelerometer_icetag_raw_csv,.csv,Données completes/Données accelerometres/Fall 2019/Icetag/IceTags/Group1_Wk1_05NOV2019-18NOV2019/8525_Tag167_05NOV2019-1921_18NOV2019-1133.csv,0.378,,,,,,,,
raw_mcgill_complete,Fall 2019,accelerometer_icetag_raw_csv,.csv,Données completes/Données accelerometres/Fall 2019/Icetag/IceTags/Group1_Wk1_05NOV2019-18NOV2019/8525_Tag167_05NOV2019-1921_18NOV2019-1133_LB.csv,0.075,,,,,,,,
raw_mcgill_complete,Fall 2019,accelerometer_icetag_raw_csv,.csv,Données completes/Données accelerometres/Fall 2019/Icetag/IceTags/Group1_Wk1_05NOV2019-18NOV2019/8526_Tag86_05NOV2019-1847_18NOV2019-1133.csv,0.379,,,,,,,,
raw_mcgill_complete,Fall 2019,accelerometer_icetag_raw_csv,.csv,Données completes/Données accelerometres/Fall 2019/Icetag/IceTags/Group1_Wk1_05NOV2019-18NOV2019/8526_Tag86_05NOV2019-1847_18NOV2019-1133_LB.csv,0.007,,,,,,,,
raw_mcgill_complete,Fall 2019,accelerometer_icetag_raw_csv,.csv,Données completes/Données accelerometres/Fall 2019/Icetag/IceTags/Group1_Wk1_05NOV2019-18NOV2019/8527_Tag93_05NOV2019-1847_18NOV2019-1127.csv,0.378,,,,,,,,
raw_mcgill_complete,Fall 2019,accelerometer_icetag_raw_csv,.csv,Données completes/Données accelerometres/Fall 2019/Icetag/IceTags/Group1_Wk1_05NOV2019-18NOV2019/8527_Tag93_05NOV2019-1847_18NOV2019-1127_LB.csv,0.117,,,,,,,,
raw_mcgill_complete,Fall 2019,accelerometer_icetag_raw_csv,.csv,Données completes/Données accelerometres/Fall 2019/Icetag/IceTags/Group1_Wk1_05NOV2019-18NOV2019/8531_Tag163_05NOV2019-1922_18NOV2019-1133.csv,0.378,,,,,,,,
raw_mcgill_complete,Fall 2019,accelerometer_icetag_raw_csv,.csv,Données completes/Données accelerometres/Fall 2019/Icetag/IceTags/Group1_Wk1_05NOV2019-18NOV2019/8531_Tag163_05NOV2019-1922_18NOV2019-1133_LB.csv,0.05,,,,,,,,
raw_mcgill_complete,Fall 2019,accelerometer_icetag_raw_csv,.csv,Données completes/Données accelerometres/Fall 2019/Icetag/IceTags/Group1_Wk1_05NOV2019-18NOV2019/8536_Tag158_05NOV2019-1921_18NOV2019-1133.csv,0.378,,,,,,,,
raw_mcgill_complete,Fall 2019,accelerometer_icetag_raw_csv,.csv,Données completes/Données accelerometres/Fall 2019/Icetag/IceTags/Group1_Wk1_05NOV2019-18NOV2019/8536_Tag158_05NOV2019-1921_18NOV2019-1133_LB.csv,0.23,,,,,,,,
raw_mcgill_complete,Fall 2019,accelerometer_icetag_raw_csv,.csv,Données completes/Données accelerometres/Fall 2019/Icetag/IceTags/Group1_Wk2_18NOV2019-25NOV2019/8517_Tag175_18NOV2019-1127_25NOV2019-1151.csv,0.396,,,,,,,,
raw_mcgill_complete,Fall 2019,accelerometer_icetag_raw_csv,.csv,Données completes/Données accelerometres/Fall 2019/Icetag/IceTags/Group1_Wk2_18NOV2019-25NOV2019/8517_Tag175_18NOV2019-1127_25NOV2019-1151_LB.csv,0.024,,,,,,,,
raw_mcgill_complete,Fall 2019,accelerometer_icetag_raw_csv,.csv,Données completes/Données accelerometres/Fall 2019/Icetag/IceTags/Group1_Wk2_18NOV2019-25NOV2019/8525_Tag180_18NOV2019-1131_25NOV2019-1149.csv,0.396,,,,,,,,
raw_mcgill_complete,Fall 2019,accelerometer_icetag_raw_csv,.csv,Données completes/Données accelerometres/Fall 2019/Icetag/IceTags/Group1_Wk2_18NOV2019-25NOV2019/8525_Tag180_18NOV2019-1131_25NOV2019-1149_LB.csv,0.029,,,,,,,,
raw_mcgill_complete,Fall 2019,accelerometer_icetag_raw_csv,.csv,Données completes/Données accelerometres/Fall 2019/Icetag/IceTags/Group1_Wk2_18NOV2019-25NOV2019/8526_Tag177_18NOV2019-1131_25NOV2019-1151.csv,0.396,,,,,,,,
raw_mcgill_complete,Fall 2019,accelerometer_icetag_raw_csv,.csv,Données completes/Données accelerometres/Fall 2019/Icetag/IceTags/Group1_Wk2_18NOV2019-25NOV2019/8526_Tag177_18NOV2019-1131_25NOV2019-1151_LB.csv,0.008,,,,,,,,
raw_mcgill_complete,Fall 2019,accelerometer_icetag_raw_csv,.csv,Données completes/Données accelerometres/Fall 2019/Icetag/IceTags/Group1_Wk2_18NOV2019-25NOV2019/8527_Tag173_18NOV2019-1126_25NOV2019-1150.csv,0.396,,,,,,,,
raw_mcgill_complete,Fall 2019,accelerometer_icetag_raw_csv,.csv,Données completes/Données accelerometres/Fall 2019/Icetag/IceTags/Group1_Wk2_18NOV2019-25NOV2019/8527_Tag173_18NOV2019-1126_25NOV2019-1150_LB.csv,0.037,,,,,,,,
raw_mcgill_complete,Fall 2019,accelerometer_icetag_raw_csv,.csv,Données completes/Données accelerometres/Fall 2019/Icetag/IceTags/Group1_Wk2_18NOV2019-25NOV2019/8531_Tag164_18NOV2019-1130_25NOV2019-1149.csv,0.396,,,,,,,,
raw_mcgill_complete,Fall 2019,accelerometer_icetag_raw_csv,.csv,Données completes/Données accelerometres/Fall 2019/Icetag/IceTags/Group1_Wk2_18NOV2019-25NOV2019/8531_Tag164_18NOV2019-1130_25NOV2019-1149_LB.csv,0.041,,,,,,,,
raw_mcgill_complete,Fall 2019,accelerometer_icetag_raw_csv,.csv,Données completes/Données accelerometres/Fall 2019/Icetag/IceTags/Group1_Wk2_18NOV2019-25NOV2019/8536_Tag171_18NOV2019-1132_25NOV2019-1149.csv,0.396,,,,,,,,
raw_mcgill_complete,Fall 2019,accelerometer_icetag_raw_csv,.csv,Données completes/Données accelerometres/Fall 2019/Icetag/IceTags/Group1_Wk2_18NOV2019-25NOV2019/8536_Tag171_18NOV2019-1132_25NOV2019-1149_LB.csv,0.011,,,,,,,,
raw_mcgill_complete,Fall 2019,accelerometer_icetag_raw_csv,.csv,Données completes/Données accelerometres/Fall 2019/Icetag/IceTags/Group1_Wk3_25Nov2019-02DEC2019/8517_Tag160_25NOV2019-1144_02DEC2019-1131.csv,0.395,,,,,,,,
raw_mcgill_complete,Fall 2019,accelerometer_icetag_raw_csv,.csv,Données completes/Données accelerometres/Fall 2019/Icetag/IceTags/Group1_Wk3_25Nov2019-02DEC2019/8517_Tag160_25NOV2019-1144_02DEC2019-1131_LB.csv,0.02,,,,,,,,
raw_mcgill_complete,Fall 2019,accelerometer_icetag_raw_csv,.csv,Données completes/Données accelerometres/Fall 2019/Icetag/IceTags/Group1_Wk3_25Nov2019-02DEC2019/8525_Tag165_25NOV2019-1148_02DEC2019-1140.csv,0.395,,,,,,,,
raw_mcgill_complete,Fall 2019,accelerometer_icetag_raw_csv,.csv,Données completes/Données accelerometres/Fall 2019/Icetag/IceTags/Group1_Wk3_25Nov2019-02DEC2019/8525_Tag165_25NOV2019-1148_02DEC2019-1140_LB.csv,0.072,,,,,,,,
raw_mcgill_complete,Fall 2019,accelerometer_icetag_raw_csv,.csv,Données completes/Données accelerometres/Fall 2019/Icetag/IceTags/Group1_Wk3_25Nov2019-02DEC2019/8526_Tag179_25NOV2019-1145_02DEC2019-1131.csv,0.395,,,,,,,,
raw_mcgill_complete,Fall 2019,accelerometer_icetag_raw_csv,.csv,Données completes/Données accelerometres/Fall 2019/Icetag/IceTags/Group1_Wk3_25Nov2019-02DEC2019/8526_Tag179_25NOV2019-1145_02DEC2019-1131_LB.csv,0.008,,,,,,,,
raw_mcgill_complete,Fall 2019,accelerometer_icetag_raw_csv,.csv,Données completes/Données accelerometres/Fall 2019/Icetag/IceTags/Group1_Wk3_25Nov2019-02DEC2019/8527_Tag91_25NOV2019-1143_02DEC2019-1131.csv,0.395,,,,,,,,
raw_mcgill_complete,Fall 2019,accelerometer_icetag_raw_csv,.csv,Données completes/Données accelerometres/Fall 2019/Icetag/IceTags/Group1_Wk3_25Nov2019-02DEC2019/8527_Tag91_25NOV2019-1143_02DEC2019-1131_LB.csv,0.117,,,,,,,,
raw_mcgill_complete,Fall 2019,accelerometer_icetag_raw_csv,.csv,Données completes/Données accelerometres/Fall 2019/Icetag/IceTags/Group1_Wk3_25Nov2019-02DEC2019/8531_Tag97_25NOV2019-1148_02DEC2019-1140.csv,0.395,,,,,,,,
raw_mcgill_complete,Fall 2019,accelerometer_icetag_raw_csv,.csv,Données completes/Données accelerometres/Fall 2019/Icetag/IceTags/Group1_Wk3_25Nov2019-02DEC2019/8531_Tag97_25NOV2019-1148_02DEC2019-1140_LB.csv,0.016,,,,,,,,
raw_mcgill_complete,Fall 2019,accelerometer_icetag_raw_csv,.csv,Données completes/Données accelerometres/Fall 2019/Icetag/IceTags/Group1_Wk3_25Nov2019-02DEC2019/8536_Tag176_25NOV2019-1148_02DEC2019-1141.csv,0.395,,,,,,,,
raw_mcgill_complete,Fall 2019,accelerometer_icetag_raw_csv,.csv,Données completes/Données accelerometres/Fall 2019/Icetag/IceTags/Group1_Wk3_25Nov2019-02DEC2019/8536_Tag176_25NOV2019-1148_02DEC2019-1141_LB.csv,0.187,,,,,,,,
raw_mcgill_complete,Fall 2019,accelerometer_icetag_raw_csv,.csv,Données completes/Données accelerometres/Fall 2019/Icetag/IceTags/Group3_Wk1_05NOV2019-19NOV2019/2078_Tag172_05NOV2019-1922_19NOV2019-1205.csv,0.435,,,,,,,,
raw_mcgill_complete,Fall 2019,accelerometer_icetag_raw_csv,.csv,Données completes/Données accelerometres/Fall 2019/Icetag/IceTags/Group3_Wk1_05NOV2019-19NOV2019/2078_Tag172_05NOV2019-1922_19NOV2019-1205_LB.csv,0.014,,,,,,,,
raw_mcgill_complete,Fall 2019,accelerometer_icetag_raw_csv,.csv,Données completes/Données accelerometres/Fall 2019/Icetag/IceTags/Group3_Wk1_05NOV2019-19NOV2019/2081_Tag85_05NOV2019-1849_19NOV2019-1201.csv,0.436,,,,,,,,
raw_mcgill_complete,Fall 2019,accelerometer_icetag_raw_csv,.csv,Données completes/Données accelerometres/Fall 2019/Icetag/IceTags/Group3_Wk1_05NOV2019-19NOV2019/2081_Tag85_05NOV2019-1849_19NOV2019-1201_LB.csv,0.022,,,,,,,,
raw_mcgill_complete,Fall 2019,accelerometer_icetag_raw_csv,.csv,Données completes/Données accelerometres/Fall 2019/Icetag/IceTags/Group3_Wk1_05NOV2019-19NOV2019/3435_Tag168_05NOV2019-1920_19NOV2019-1206.csv,0.436,,,,,,,,
raw_mcgill_complete,Fall 2019,accelerometer_icetag_raw_csv,.csv,Données completes/Données accelerometres/Fall 2019/Icetag/IceTags/Group3_Wk1_05NOV2019-19NOV2019/3435_Tag168_05NOV2019-1920_19NOV2019-1206_LB.csv,0.043,,,,,,,,
raw_mcgill_complete,Fall 2019,accelerometer_icetag_raw_csv,.csv,Données completes/Données accelerometres/Fall 2019/Icetag/IceTags/Group3_Wk1_05NOV2019-19NOV2019/5874_Tag95_05NOV2019-1849_19NOV2019-1202.csv,0.436,,,,,,,,
raw_mcgill_complete,Fall 2019,accelerometer_icetag_raw_csv,.csv,Données completes/Données accelerometres/Fall 2019/Icetag/IceTags/Group3_Wk1_05NOV2019-19NOV2019/5874_Tag95_05NOV2019-1849_19NOV2019-1202_LB.csv,0.012,,,,,,,,
raw_mcgill_complete,Fall 2019,accelerometer_icetag_raw_csv,.csv,Données completes/Données accelerometres/Fall 2019/Icetag/IceTags/Group3_Wk1_05NOV2019-19NOV2019/5875_Tag92_05NOV2019-1850_19NOV2019-1201.csv,0.436,,,,,,,,
raw_mcgill_complete,Fall 2019,accelerometer_icetag_raw_csv,.csv,Données completes/Données accelerometres/Fall 2019/Icetag/IceTags/Group3_Wk1_05NOV2019-19NOV2019/5875_Tag92_05NOV2019-1850_19NOV2019-1201_LB.csv,0.112,,,,,,,,
raw_mcgill_complete,Fall 2019,accelerometer_icetag_raw_csv,.csv,Données completes/Données accelerometres/Fall 2019/Icetag/IceTags/Group3_Wk1_05NOV2019-19NOV2019/8500_Tag178_05NOV2019-1923_19NOV2019-1206.csv,0.436,,,,,,,,
raw_mcgill_complete,Fall 2019,accelerometer_icetag_raw_csv,.csv,Données completes/Données accelerometres/Fall 2019/Icetag/IceTags/Group3_Wk1_05NOV2019-19NOV2019/8500_Tag178_05NOV2019-1923_19NOV2019-1206_LB.csv,0.106,,,,,,,,
raw_mcgill_complete,Fall 2019,accelerometer_icetag_raw_csv,.csv,Données completes/Données accelerometres/Fall 2019/Icetag/IceTags/Group3_Wk2_19NOV2019-26NOV2019/2078_Tag93_19NOV2019-1203_26NOV2019-1128.csv,0.394,,,,,,,,
raw_mcgill_complete,Fall 2019,accelerometer_icetag_raw_csv,.csv,Données completes/Données accelerometres/Fall 2019/Icetag/IceTags/Group3_Wk2_19NOV2019-26NOV2019/2078_Tag93_19NOV2019-1203_26NOV2019-1128_LB.csv,0.01,,,,,,,,
raw_mcgill_complete,Fall 2019,accelerometer_icetag_raw_csv,.csv,Données completes/Données accelerometres/Fall 2019/Icetag/IceTags/Group3_Wk2_19NOV2019-26NOV2019/2081_Tag167_19NOV2019-1200_26NOV2019-1124.csv,0.394,,,,,,,,
raw_mcgill_complete,Fall 2019,accelerometer_icetag_raw_csv,.csv,Données completes/Données accelerometres/Fall 2019/Icetag/IceTags/Group3_Wk2_19NOV2019-26NOV2019/2081_Tag167_19NOV2019-1200_26NOV2019-1124_LB.csv,0.048,,,,,,,,
raw_mcgill_complete,Fall 2019,accelerometer_icetag_raw_csv,.csv,Données completes/Données accelerometres/Fall 2019/Icetag/IceTags/Group3_Wk2_19NOV2019-26NOV2019/3435_Tag86_19NOV2019-1205_26NOV2019-1127.csv,0.394,,,,,,,,
raw_mcgill_complete,Fall 2019,accelerometer_icetag_raw_csv,.csv,Données completes/Données accelerometres/Fall 2019/Icetag/IceTags/Group3_Wk2_19NOV2019-26NOV2019/3435_Tag86_19NOV2019-1205_26NOV2019-1127_LB.csv,0.028,,,,,,,,
raw_mcgill_complete,Fall 2019,accelerometer_icetag_raw_csv,.csv,Données completes/Données accelerometres/Fall 2019/Icetag/IceTags/Group3_Wk2_19NOV2019-26NOV2019/5874_Tag158_19NOV2019-1200_26NOV2019-1124.csv,0.394,,,,,,,,
raw_mcgill_complete,Fall 2019,accelerometer_icetag_raw_csv,.csv,Données completes/Données accelerometres/Fall 2019/Icetag/IceTags/Group3_Wk2_19NOV2019-26NOV2019/5874_Tag158_19NOV2019-1200_26NOV2019-1124_LB.csv,0.093,,,,,,,,
raw_mcgill_complete,Fall 2019,accelerometer_icetag_raw_csv,.csv,Données completes/Données accelerometres/Fall 2019/Icetag/IceTags/Group3_Wk2_19NOV2019-26NOV2019/5875_Tag161_19NOV2019-1159_26NOV2019-1123.csv,0.394,,,,,,,,
raw_mcgill_complete,Fall 2019,accelerometer_icetag_raw_csv,.csv,Données completes/Données accelerometres/Fall 2019/Icetag/IceTags/Group3_Wk2_19NOV2019-26NOV2019/5875_Tag161_19NOV2019-1159_26NOV2019-1123_LB.csv,0.032,,,,,,,,
raw_mcgill_complete,Fall 2019,accelerometer_icetag_raw_csv,.csv,Données completes/Données accelerometres/Fall 2019/Icetag/IceTags/Group3_Wk2_19NOV2019-26NOV2019/8500_Tag163_19NOV2019-1204_26NOV2019-1128.csv,0.394,,,,,,,,
raw_mcgill_complete,Fall 2019,accelerometer_icetag_raw_csv,.csv,Données completes/Données accelerometres/Fall 2019/Icetag/IceTags/Group3_Wk2_19NOV2019-26NOV2019/8500_Tag163_19NOV2019-1204_26NOV2019-1128_LB.csv,0.047,,,,,,,,
raw_mcgill_complete,Fall 2019,accelerometer_icetag_raw_csv,.csv,Données completes/Données accelerometres/Fall 2019/Icetag/IceTags/Group3_Wk3_26NOV2019-03DEC2019/2078_Tag175_26NOV2019-1127_03DEC2019-1119.csv,0.395,,,,,,,,
raw_mcgill_complete,Fall 2019,accelerometer_icetag_raw_csv,.csv,Données completes/Données accelerometres/Fall 2019/Icetag/IceTags/Group3_Wk3_26NOV2019-03DEC2019/2078_Tag175_26NOV2019-1127_03DEC2019-1119_LB.csv,0.019,,,,,,,,
raw_mcgill_complete,Fall 2019,accelerometer_icetag_raw_csv,.csv,Données completes/Données accelerometres/Fall 2019/Icetag/IceTags/Group3_Wk3_26NOV2019-03DEC2019/2081_Tag180_26NOV2019-1122_03DEC2019-1125.csv,0.395,,,,,,,,
raw_mcgill_complete,Fall 2019,accelerometer_icetag_raw_csv,.csv,Données completes/Données accelerometres/Fall 2019/Icetag/IceTags/Group3_Wk3_26NOV2019-03DEC2019/2081_Tag180_26NOV2019-1122_03DEC2019-1125_LB.csv,0.022,,,,,,,,
raw_mcgill_complete,Fall 2019,accelerometer_icetag_raw_csv,.csv,Données completes/Données accelerometres/Fall 2019/Icetag/IceTags/Group3_Wk3_26NOV2019-03DEC2019/3435_Tag177_26NOV2019-1126_03DEC2019-1118.csv,0.395,,,,,,,,
raw_mcgill_complete,Fall 2019,accelerometer_icetag_raw_csv,.csv,Données completes/Données accelerometres/Fall 2019/Icetag/IceTags/Group3_Wk3_26NOV2019-03DEC2019/3435_Tag177_26NOV2019-1126_03DEC2019-1118_LB.csv,0.025,,,,,,,,
raw_mcgill_complete,Fall 2019,accelerometer_icetag_raw_csv,.csv,Données completes/Données accelerometres/Fall 2019/Icetag/IceTags/Group3_Wk3_26NOV2019-03DEC2019/5874_Tag173_26NOV2019-1122_03DEC2019-1124.csv,0.396,,,,,,,,
raw_mcgill_complete,Fall 2019,accelerometer_icetag_raw_csv,.csv,Données completes/Données accelerometres/Fall 2019/Icetag/IceTags/Group3_Wk3_26NOV2019-03DEC2019/5874_Tag173_26NOV2019-1122_03DEC2019-1124_LB.csv,0.006,,,,,,,,
raw_mcgill_complete,Fall 2019,accelerometer_icetag_raw_csv,.csv,Données completes/Données accelerometres/Fall 2019/Icetag/IceTags/Group3_Wk3_26NOV2019-03DEC2019/5875_Tag171_26NOV2019-1121_03DEC2019-1124.csv,0.396,,,,,,,,
raw_mcgill_complete,Fall 2019,accelerometer_icetag_raw_csv,.csv,Données completes/Données accelerometres/Fall 2019/Icetag/IceTags/Group3_Wk3_26NOV2019-03DEC2019/5875_Tag171_26NOV2019-1121_03DEC2019-1124_LB.csv,0.05,,,,,,,,
raw_mcgill_complete,Fall 2019,accelerometer_icetag_raw_csv,.csv,Données completes/Données accelerometres/Fall 2019/Icetag/IceTags/Group3_Wk3_26NOV2019-03DEC2019/8500_Tag164_26NOV2019-1126_03DEC2019-1119.csv,0.395,,,,,,,,
raw_mcgill_complete,Fall 2019,accelerometer_icetag_raw_csv,.csv,Données completes/Données accelerometres/Fall 2019/Icetag/IceTags/Group3_Wk3_26NOV2019-03DEC2019/8500_Tag164_26NOV2019-1126_03DEC2019-1119_LB.csv,0.19,,,,,,,,
raw_mcgill_complete,Fall 2019,accelerometer_icetag_raw_csv,.csv,Données completes/Données accelerometres/Fall 2019/Icetag/IceTags/Group4_Wk1_05NOV2019-20NOV2019/2063_Tag166_05NOV2019-1919_20NOV2019-1206.csv,0.492,,,,,,,,
raw_mcgill_complete,Fall 2019,accelerometer_icetag_raw_csv,.csv,Données completes/Données accelerometres/Fall 2019/Icetag/IceTags/Group4_Wk1_05NOV2019-20NOV2019/2063_Tag166_05NOV2019-1919_20NOV2019-1206_LB.csv,0.188,,,,,,,,
raw_mcgill_complete,Fall 2019,accelerometer_icetag_raw_csv,.csv,Données completes/Données accelerometres/Fall 2019/Icetag/IceTags/Group4_Wk1_05NOV2019-20NOV2019/2066_Tag88_05NOV2019-1848_20NOV2019-1202.csv,0.493,,,,,,,,
raw_mcgill_complete,Fall 2019,accelerometer_icetag_raw_csv,.csv,Données completes/Données accelerometres/Fall 2019/Icetag/IceTags/Group4_Wk1_05NOV2019-20NOV2019/2066_Tag88_05NOV2019-1848_20NOV2019-1202_LB.csv,0.006,,,,,,,,
raw_mcgill_complete,Fall 2019,accelerometer_icetag_raw_csv,.csv,Données completes/Données accelerometres/Fall 2019/Icetag/IceTags/Group4_Wk1_05NOV2019-20NOV2019/3444_Tag89_05NOV2019-1849_20NOV2019-1202.csv,0.493,,,,,,,,
raw_mcgill_complete,Fall 2019,accelerometer_icetag_raw_csv,.csv,Données completes/Données accelerometres/Fall 2019/Icetag/IceTags/Group4_Wk1_05NOV2019-20NOV2019/3444_Tag89_05NOV2019-1849_20NOV2019-1202_LB.csv,0.009,,,,,,,,
raw_mcgill_complete,Fall 2019,accelerometer_icetag_raw_csv,.csv,Données completes/Données accelerometres/Fall 2019/Icetag/IceTags/Group4_Wk1_05NOV2019-20NOV2019/5872_Tag162_05NOV2019-1919_20NOV2019-1206.csv,0.492,,,,,,,,
raw_mcgill_complete,Fall 2019,accelerometer_icetag_raw_csv,.csv,Données completes/Données accelerometres/Fall 2019/Icetag/IceTags/Group4_Wk1_05NOV2019-20NOV2019/5872_Tag162_05NOV2019-1919_20NOV2019-1206_LB.csv,0.013,,,,,,,,
raw_mcgill_complete,Fall 2019,accelerometer_icetag_raw_csv,.csv,Données completes/Données accelerometres/Fall 2019/Icetag/IceTags/Group4_Wk1_05NOV2019-20NOV2019/5879_Tag90_05NOV2019-1848_20NOV2019-1201.csv,0.492,,,,,,,,
raw_mcgill_complete,Fall 2019,accelerometer_icetag_raw_csv,.csv,Données completes/Données accelerometres/Fall 2019/Icetag/IceTags/Group4_Wk1_05NOV2019-20NOV2019/5879_Tag90_05NOV2019-1848_20NOV2019-1201_LB.csv,0.235,,,,,,,,
raw_mcgill_complete,Fall 2019,accelerometer_icetag_raw_csv,.csv,Données completes/Données accelerometres/Fall 2019/Icetag/IceTags/Group4_Wk1_05NOV2019-20NOV2019/8501_Tag170_05NOV2019-1920_20NOV2019-1207.csv,0.492,,,,,,,,
raw_mcgill_complete,Fall 2019,accelerometer_icetag_raw_csv,.csv,Données completes/Données accelerometres/Fall 2019/Icetag/IceTags/Group4_Wk1_05NOV2019-20NOV2019/8501_Tag170_05NOV2019-1920_20NOV2019-1207_LB.csv,0.025,,,,,,,,
raw_mcgill_complete,Fall 2019,accelerometer_icetag_raw_csv,.csv,Données completes/Données accelerometres/Fall 2019/Icetag/IceTags/Group4_Wk2_20NOV2019-27NOV2019/2063_Tag85_20NOV2019-1204_27NOV2019-1143.csv,0.395,,,,,,,,
raw_mcgill_complete,Fall 2019,accelerometer_icetag_raw_csv,.csv,Données completes/Données accelerometres/Fall 2019/Icetag/IceTags/Group4_Wk2_20NOV2019-27NOV2019/2063_Tag85_20NOV2019-1204_27NOV2019-1143_LB.csv,0.014,,,,,,,,
raw_mcgill_complete,Fall 2019,accelerometer_icetag_raw_csv,.csv,Données completes/Données accelerometres/Fall 2019/Icetag/IceTags/Group4_Wk2_20NOV2019-27NOV2019/2066_Tag178_20NOV2019-1200_27NOV2019-1152.csv,0.395,,,,,,,,
raw_mcgill_complete,Fall 2019,accelerometer_icetag_raw_csv,.csv,Données completes/Données accelerometres/Fall 2019/Icetag/IceTags/Group4_Wk2_20NOV2019-27NOV2019/2066_Tag178_20NOV2019-1200_27NOV2019-1152_LB.csv,0.006,,,,,,,,
raw_mcgill_complete,Fall 2019,accelerometer_icetag_raw_csv,.csv,Données completes/Données accelerometres/Fall 2019/Icetag/IceTags/Group4_Wk2_20NOV2019-27NOV2019/3444_Tag92_20NOV2019-1201_27NOV2019-1151.csv,0.395,,,,,,,,
raw_mcgill_complete,Fall 2019,accelerometer_icetag_raw_csv,.csv,Données completes/Données accelerometres/Fall 2019/Icetag/IceTags/Group4_Wk2_20NOV2019-27NOV2019/3444_Tag92_20NOV2019-1201_27NOV2019-1151_LB.csv,0.043,,,,,,,,
raw_mcgill_complete,Fall 2019,accelerometer_icetag_raw_csv,.csv,Données completes/Données accelerometres/Fall 2019/Icetag/IceTags/Group4_Wk2_20NOV2019-27NOV2019/5872_Tag168_20NOV2019-1205_27NOV2019-1143.csv,9.846,,,,,,,,
raw_mcgill_complete,Fall 2019,accelerometer_icetag_raw_csv,.csv,Données completes/Données accelerometres/Fall 2019/Icetag/IceTags/Group4_Wk2_20NOV2019-27NOV2019/5872_Tag168_20NOV2019-1205_27NOV2019-1143_LB.csv,0.008,,,,,,,,
raw_mcgill_complete,Fall 2019,accelerometer_icetag_raw_csv,.csv,Données completes/Données accelerometres/Fall 2019/Icetag/IceTags/Group4_Wk2_20NOV2019-27NOV2019/5879_Tag172_20NOV2019-1200_27NOV2019-1153.csv,0.395,,,,,,,,
raw_mcgill_complete,Fall 2019,accelerometer_icetag_raw_csv,.csv,Données completes/Données accelerometres/Fall 2019/Icetag/IceTags/Group4_Wk2_20NOV2019-27NOV2019/5879_Tag172_20NOV2019-1200_27NOV2019-1153_LB.csv,0.078,,,,,,,,
raw_mcgill_complete,Fall 2019,accelerometer_icetag_raw_csv,.csv,Données completes/Données accelerometres/Fall 2019/Icetag/IceTags/Group4_Wk2_20NOV2019-27NOV2019/8501_Tag95_20NOV2019-1205_27NOV2019-1142.csv,0.395,,,,,,,,
raw_mcgill_complete,Fall 2019,accelerometer_icetag_raw_csv,.csv,Données completes/Données accelerometres/Fall 2019/Icetag/IceTags/Group4_Wk2_20NOV2019-27NOV2019/8501_Tag95_20NOV2019-1205_27NOV2019-1142_LB.csv,0.008,,,,,,,,
raw_mcgill_complete,Fall 2019,accelerometer_icetag_raw_csv,.csv,Données completes/Données accelerometres/Fall 2019/Icetag/IceTags/Group4_Wk3_27NOV2019-04DEC2019/2063_Tag86_27NOV2019-1141_04DEC2019-1020.csv,0.392,,,,,,,,
raw_mcgill_complete,Fall 2019,accelerometer_icetag_raw_csv,.csv,Données completes/Données accelerometres/Fall 2019/Icetag/IceTags/Group4_Wk3_27NOV2019-04DEC2019/2063_Tag86_27NOV2019-1141_04DEC2019-1020_LB.csv,0.037,,,,,,,,
raw_mcgill_complete,Fall 2019,accelerometer_icetag_raw_csv,.csv,Données completes/Données accelerometres/Fall 2019/Icetag/IceTags/Group4_Wk3_27NOV2019-04DEC2019/2066_Tag93_27NOV2019-1149_04DEC2019-1029.csv,0.395,,,,,,,,
raw_mcgill_complete,Fall 2019,accelerometer_icetag_raw_csv,.csv,Données completes/Données accelerometres/Fall 2019/Icetag/IceTags/Group4_Wk3_27NOV2019-04DEC2019/2066_Tag93_27NOV2019-1149_04DEC2019-1029_LB.csv,0.004,,,,,,,,
raw_mcgill_complete,Fall 2019,accelerometer_icetag_raw_csv,.csv,Données completes/Données accelerometres/Fall 2019/Icetag/IceTags/Group4_Wk3_27NOV2019-04DEC2019/3444_Tag167_27NOV2019-1147_04DEC2019-1030.csv,0.395,,,,,,,,
raw_mcgill_complete,Fall 2019,accelerometer_icetag_raw_csv,.csv,Données completes/Données accelerometres/Fall 2019/Icetag/IceTags/Group4_Wk3_27NOV2019-04DEC2019/3444_Tag167_27NOV2019-1147_04DEC2019-1030_LB.csv,0.015,,,,,,,,
raw_mcgill_complete,Fall 2019,accelerometer_icetag_raw_csv,.csv,Données completes/Données accelerometres/Fall 2019/Icetag/IceTags/Group4_Wk3_27NOV2019-04DEC2019/5872_Tag158_27NOV2019-1141_04DEC2019-1020.csv,0.392,,,,,,,,
raw_mcgill_complete,Fall 2019,accelerometer_icetag_raw_csv,.csv,Données completes/Données accelerometres/Fall 2019/Icetag/IceTags/Group4_Wk3_27NOV2019-04DEC2019/5872_Tag158_27NOV2019-1141_04DEC2019-1020_LB.csv,0.003,,,,,,,,
raw_mcgill_complete,Fall 2019,accelerometer_icetag_raw_csv,.csv,Données completes/Données accelerometres/Fall 2019/Icetag/IceTags/Group4_Wk3_27NOV2019-04DEC2019/5879_Tag161_27NOV2019-1150_04DEC2019-1030.csv,0.395,,,,,,,,
raw_mcgill_complete,Fall 2019,accelerometer_icetag_raw_csv,.csv,Données completes/Données accelerometres/Fall 2019/Icetag/IceTags/Group4_Wk3_27NOV2019-04DEC2019/5879_Tag161_27NOV2019-1150_04DEC2019-1030_LB.csv,0.02,,,,,,,,
raw_mcgill_complete,Fall 2019,accelerometer_icetag_raw_csv,.csv,Données completes/Données accelerometres/Fall 2019/Icetag/IceTags/Group4_Wk3_27NOV2019-04DEC2019/8501_Tag163_27NOV2019-1139_04DEC2019-1020.csv,0.392,,,,,,,,
raw_mcgill_complete,Fall 2019,accelerometer_icetag_raw_csv,.csv,Données completes/Données accelerometres/Fall 2019/Icetag/IceTags/Group4_Wk3_27NOV2019-04DEC2019/8501_Tag163_27NOV2019-1139_04DEC2019-1020_LB.csv,0.014,,,,,,,,
raw_mcgill_complete,Fall 2019,accelerometer_icetag_raw_csv,.csv,Données completes/Données accelerometres/Fall 2019/Icetag/IceTags/Group5_Wk1_05NOV2019-21NOV2019/2057_Tag94_05NOV2019-1851_21NOV2019-1136.csv,0.548,,,,,,,,
raw_mcgill_complete,Fall 2019,accelerometer_icetag_raw_csv,.csv,Données completes/Données accelerometres/Fall 2019/Icetag/IceTags/Group5_Wk1_05NOV2019-21NOV2019/2057_Tag94_05NOV2019-1851_21NOV2019-1136_LB.csv,0.083,,,,,,,,
raw_mcgill_complete,Fall 2019,accelerometer_icetag_raw_csv,.csv,Données completes/Données accelerometres/Fall 2019/Icetag/IceTags/Group5_Wk1_05NOV2019-21NOV2019/3437_Tag96_05NOV2019-1851_21NOV2019-1135.csv,0.548,,,,,,,,
raw_mcgill_complete,Fall 2019,accelerometer_icetag_raw_csv,.csv,Données completes/Données accelerometres/Fall 2019/Icetag/IceTags/Group5_Wk1_05NOV2019-21NOV2019/3437_Tag96_05NOV2019-1851_21NOV2019-1135_LB.csv,0.041,,,,,,,,
raw_mcgill_complete,Fall 2019,accelerometer_icetag_raw_csv,.csv,Données completes/Données accelerometres/Fall 2019/Icetag/IceTags/Group5_Wk1_05NOV2019-21NOV2019/5854_Tag87_05NOV2019-1856_21NOV2019-1136.csv,0.548,,,,,,,,
raw_mcgill_complete,Fall 2019,accelerometer_icetag_raw_csv,.csv,Données completes/Données accelerometres/Fall 2019/Icetag/IceTags/Group5_Wk1_05NOV2019-21NOV2019/5854_Tag87_05NOV2019-1856_21NOV2019-1136_LB.csv,0.071,,,,,,,,
raw_mcgill_complete,Fall 2019,accelerometer_icetag_raw_csv,.csv,Données completes/Données accelerometres/Fall 2019/Icetag/IceTags/Group5_Wk1_05NOV2019-21NOV2019/5862_Tag174_05NOV2019-1916_21NOV2019-1138.csv,0.547,,,,,,,,
raw_mcgill_complete,Fall 2019,accelerometer_icetag_raw_csv,.csv,Données completes/Données accelerometres/Fall 2019/Icetag/IceTags/Group5_Wk1_05NOV2019-21NOV2019/5862_Tag174_05NOV2019-1916_21NOV2019-1138_LB.csv,0.313,,,,,,,,
raw_mcgill_complete,Fall 2019,accelerometer_icetag_raw_csv,.csv,Données completes/Données accelerometres/Fall 2019/Icetag/IceTags/Group5_Wk1_05NOV2019-21NOV2019/5870_Tag159_05NOV2019-1917_21NOV2019-1138.csv,0.547,,,,,,,,
raw_mcgill_complete,Fall 2019,accelerometer_icetag_raw_csv,.csv,Données completes/Données accelerometres/Fall 2019/Icetag/IceTags/Group5_Wk1_05NOV2019-21NOV2019/5870_Tag159_05NOV2019-1917_21NOV2019-1138_LB.csv,0.181,,,,,,,,
raw_mcgill_complete,Fall 2019,accelerometer_icetag_raw_csv,.csv,Données completes/Données accelerometres/Fall 2019/Icetag/IceTags/Group5_Wk1_05NOV2019-21NOV2019/821_Tag181_05NOV2019-1919_21NOV2019-1139.csv,0.547,,,,,,,,
raw_mcgill_complete,Fall 2019,accelerometer_icetag_raw_csv,.csv,Données completes/Données accelerometres/Fall 2019/Icetag/IceTags/Group5_Wk1_05NOV2019-21NOV2019/821_Tag181_05NOV2019-1919_21NOV2019-1139_LB.csv,0.086,,,,,,,,
raw_mcgill_complete,Fall 2019,accelerometer_icetag_raw_csv,.csv,Données completes/Données accelerometres/Fall 2019/Icetag/IceTags/Group5_Wk2_21NOV2019-28NOV2019/2057_Tag166_21NOV2019-1129_28NOV2019-1144.csv,0.396,,,,,,,,
raw_mcgill_complete,Fall 2019,accelerometer_icetag_raw_csv,.csv,Données completes/Données accelerometres/Fall 2019/Icetag/IceTags/Group5_Wk2_21NOV2019-28NOV2019/2057_Tag166_21NOV2019-1129_28NOV2019-1144_LB.csv,0.104,,,,,,,,
raw_mcgill_complete,Fall 2019,accelerometer_icetag_raw_csv,.csv,Données completes/Données accelerometres/Fall 2019/Icetag/IceTags/Group5_Wk2_21NOV2019-28NOV2019/3437_Tag89_21NOV2019-1128_28NOV2019-1143.csv,0.396,,,,,,,,
raw_mcgill_complete,Fall 2019,accelerometer_icetag_raw_csv,.csv,Données completes/Données accelerometres/Fall 2019/Icetag/IceTags/Group5_Wk2_21NOV2019-28NOV2019/3437_Tag89_21NOV2019-1128_28NOV2019-1143_LB.csv,0.062,,,,,,,,
raw_mcgill_complete,Fall 2019,accelerometer_icetag_raw_csv,.csv,Données completes/Données accelerometres/Fall 2019/Icetag/IceTags/Group5_Wk2_21NOV2019-28NOV2019/5854_Tag88_21NOV2019-1130_28NOV2019-1142.csv,0.396,,,,,,,,
raw_mcgill_complete,Fall 2019,accelerometer_icetag_raw_csv,.csv,Données completes/Données accelerometres/Fall 2019/Icetag/IceTags/Group5_Wk2_21NOV2019-28NOV2019/5854_Tag88_21NOV2019-1130_28NOV2019-1142_LB.csv,0.116,,,,,,,,
raw_mcgill_complete,Fall 2019,accelerometer_icetag_raw_csv,.csv,Données completes/Données accelerometres/Fall 2019/Icetag/IceTags/Group5_Wk2_21NOV2019-28NOV2019/5862_Tag162_21NOV2019-1133_28NOV2019-1147.csv,0.396,,,,,,,,
raw_mcgill_complete,Fall 2019,accelerometer_icetag_raw_csv,.csv,Données completes/Données accelerometres/Fall 2019/Icetag/IceTags/Group5_Wk2_21NOV2019-28NOV2019/5862_Tag162_21NOV2019-1133_28NOV2019-1147_LB.csv,0.094,,,,,,,,
raw_mcgill_complete,Fall 2019,accelerometer_icetag_raw_csv,.csv,Données completes/Données accelerometres/Fall 2019/Icetag/IceTags/Group5_Wk2_21NOV2019-28NOV2019/5870_Tag170_21NOV2019-1133_28NOV2019-1147.csv,0.396,,,,,,,,
raw_mcgill_complete,Fall 2019,accelerometer_icetag_raw_csv,.csv,Données completes/Données accelerometres/Fall 2019/Icetag/IceTags/Group5_Wk2_21NOV2019-28NOV2019/5870_Tag170_21NOV2019-1133_28NOV2019-1147_LB.csv,0.092,,,,,,,,
raw_mcgill_complete,Fall 2019,accelerometer_icetag_raw_csv,.csv,Données completes/Données accelerometres/Fall 2019/Icetag/IceTags/Group5_Wk2_21NOV2019-28NOV2019/821_Tag90_21NOV2019-1132_28NOV2019-1148.csv,0.396,,,,,,,,
raw_mcgill_complete,Fall 2019,accelerometer_icetag_raw_csv,.csv,Données completes/Données accelerometres/Fall 2019/Icetag/IceTags/Group5_Wk2_21NOV2019-28NOV2019/821_Tag90_21NOV2019-1132_28NOV2019-1148_LB.csv,0.114,,,,,,,,
raw_mcgill_complete,Fall 2019,accelerometer_icetag_raw_csv,.csv,Données completes/Données accelerometres/Fall 2019/Icetag/IceTags/Group5_Wk3_28NOV2019-05DEC2019/2057_Tag95_28NOV2019-1141_05DEC2019-1125.csv,0.395,,,,,,,,
raw_mcgill_complete,Fall 2019,accelerometer_icetag_raw_csv,.csv,Données completes/Données accelerometres/Fall 2019/Icetag/IceTags/Group5_Wk3_28NOV2019-05DEC2019/2057_Tag95_28NOV2019-1141_05DEC2019-1125_LB.csv,0.009,,,,,,,,
raw_mcgill_complete,Fall 2019,accelerometer_icetag_raw_csv,.csv,Données completes/Données accelerometres/Fall 2019/Icetag/IceTags/Group5_Wk3_28NOV2019-05DEC2019/3437_Tag178_28NOV2019-1142_05DEC2019-1124.csv,0.395,,,,,,,,
raw_mcgill_complete,Fall 2019,accelerometer_icetag_raw_csv,.csv,Données completes/Données accelerometres/Fall 2019/Icetag/IceTags/Group5_Wk3_28NOV2019-05DEC2019/3437_Tag178_28NOV2019-1142_05DEC2019-1124_LB.csv,0.048,,,,,,,,
raw_mcgill_complete,Fall 2019,accelerometer_icetag_raw_csv,.csv,Données completes/Données accelerometres/Fall 2019/Icetag/IceTags/Group5_Wk3_28NOV2019-05DEC2019/5854_Tag168_28NOV2019-1141_02DEC2019-0917.csv,0.22,,,,,,,,
raw_mcgill_complete,Fall 2019,accelerometer_icetag_raw_csv,.csv,Données completes/Données accelerometres/Fall 2019/Icetag/IceTags/Group5_Wk3_28NOV2019-05DEC2019/5854_Tag168_28NOV2019-1141_02DEC2019-0917_LB.csv,0.012,,,,,,,,
raw_mcgill_complete,Fall 2019,accelerometer_icetag_raw_csv,.csv,Données completes/Données accelerometres/Fall 2019/Icetag/IceTags/Group5_Wk3_28NOV2019-05DEC2019/5854_Tag94_02DEC2019-0916 _05DEC2019-1126.csv,0.175,,,,,,,,
raw_mcgill_complete,Fall 2019,accelerometer_icetag_raw_csv,.csv,Données completes/Données accelerometres/Fall 2019/Icetag/IceTags/Group5_Wk3_28NOV2019-05DEC2019/5854_Tag94_02DEC2019-0916 _05DEC2019-1126_LB.csv,0.081,,,,,,,,
raw_mcgill_complete,Fall 2019,accelerometer_icetag_raw_csv,.csv,Données completes/Données accelerometres/Fall 2019/Icetag/IceTags/Group5_Wk3_28NOV2019-05DEC2019/5862_Tag172_28NOV2019-1145_05DEC2019-1007.csv,0.391,,,,,,,,
raw_mcgill_complete,Fall 2019,accelerometer_icetag_raw_csv,.csv,Données completes/Données accelerometres/Fall 2019/Icetag/IceTags/Group5_Wk3_28NOV2019-05DEC2019/5862_Tag172_28NOV2019-1145_05DEC2019-1007_LB.csv,0.16,,,,,,,,
raw_mcgill_complete,Fall 2019,accelerometer_icetag_raw_csv,.csv,Données completes/Données accelerometres/Fall 2019/Icetag/IceTags/Group5_Wk3_28NOV2019-05DEC2019/5870_Tag92_28NOV2019-1146_05DEC2019-1008.csv,0.391,,,,,,,,
raw_mcgill_complete,Fall 2019,accelerometer_icetag_raw_csv,.csv,Données completes/Données accelerometres/Fall 2019/Icetag/IceTags/Group5_Wk3_28NOV2019-05DEC2019/5870_Tag92_28NOV2019-1146_05DEC2019-1008_LB.csv,0.05,,,,,,,,
raw_mcgill_complete,Fall 2019,accelerometer_icetag_raw_csv,.csv,Données completes/Données accelerometres/Fall 2019/Icetag/IceTags/Group5_Wk3_28NOV2019-05DEC2019/821_Tag85_28NOV2019-1146_05DEC2019-1008.csv,0.392,,,,,,,,
raw_mcgill_complete,Fall 2019,accelerometer_icetag_raw_csv,.csv,Données completes/Données accelerometres/Fall 2019/Icetag/IceTags/Group5_Wk3_28NOV2019-05DEC2019/821_Tag85_28NOV2019-1146_05DEC2019-1008_LB.csv,0.044,,,,,,,,
raw_mcgill_complete,Fall 2019,accelerometer_icetag_raw_csv,.csv,Données completes/Données accelerometres/Fall 2019/Icetag/IceTags/Group6_Wk1_05NOV2019-22NOV2019/2041_Tag91_05NOV2019-1852_22NOV2019-1127.csv,0.604,,,,,,,,
raw_mcgill_complete,Fall 2019,accelerometer_icetag_raw_csv,.csv,Données completes/Données accelerometres/Fall 2019/Icetag/IceTags/Group6_Wk1_05NOV2019-22NOV2019/2041_Tag91_05NOV2019-1852_22NOV2019-1127_LB.csv,0.104,,,,,,,,
raw_mcgill_complete,Fall 2019,accelerometer_icetag_raw_csv,.csv,Données completes/Données accelerometres/Fall 2019/Icetag/IceTags/Group6_Wk1_05NOV2019-22NOV2019/2062_Tag160_05NOV2019-1853_22NOV2019-1126.csv,0.603,,,,,,,,
raw_mcgill_complete,Fall 2019,accelerometer_icetag_raw_csv,.csv,Données completes/Données accelerometres/Fall 2019/Icetag/IceTags/Group6_Wk1_05NOV2019-22NOV2019/2062_Tag160_05NOV2019-1853_22NOV2019-1126_LB.csv,0.291,,,,,,,,
raw_mcgill_complete,Fall 2019,accelerometer_icetag_raw_csv,.csv,Données completes/Données accelerometres/Fall 2019/Icetag/IceTags/Group6_Wk1_05NOV2019-22NOV2019/5327_Tag179_05NOV2019-1916_22NOV2019-1021.csv,0.6,,,,,,,,
raw_mcgill_complete,Fall 2019,accelerometer_icetag_raw_csv,.csv,Données completes/Données accelerometres/Fall 2019/Icetag/IceTags/Group6_Wk1_05NOV2019-22NOV2019/5327_Tag179_05NOV2019-1916_22NOV2019-1021_LB.csv,0.305,,,,,,,,
raw_mcgill_complete,Fall 2019,accelerometer_icetag_raw_csv,.csv,Données completes/Données accelerometres/Fall 2019/Icetag/IceTags/Group6_Wk1_05NOV2019-22NOV2019/5857_Tag176_05NOV2019-1916_22NOV2019-1022.csv,0.601,,,,,,,,
raw_mcgill_complete,Fall 2019,accelerometer_icetag_raw_csv,.csv,Données completes/Données accelerometres/Fall 2019/Icetag/IceTags/Group6_Wk1_05NOV2019-22NOV2019/5857_Tag176_05NOV2019-1916_22NOV2019-1022_LB.csv,0.066,,,,,,,,
raw_mcgill_complete,Fall 2019,accelerometer_icetag_raw_csv,.csv,Données completes/Données accelerometres/Fall 2019/Icetag/IceTags/Group6_Wk1_05NOV2019-22NOV2019/5865_Tag97_05NOV2019-1851_22NOV2019-1127.csv,0.603,,,,,,,,
raw_mcgill_complete,Fall 2019,accelerometer_icetag_raw_csv,.csv,Données completes/Données accelerometres/Fall 2019/Icetag/IceTags/Group6_Wk1_05NOV2019-22NOV2019/5865_Tag97_05NOV2019-1851_22NOV2019-1127_LB.csv,0.015,,,,,,,,
raw_mcgill_complete,Fall 2019,accelerometer_icetag_raw_csv,.csv,Données completes/Données accelerometres/Fall 2019/Icetag/IceTags/Group6_Wk1_05NOV2019-22NOV2019/5871_Tag165_05NOV2019-1916_22NOV2019-1022.csv,0.601,,,,,,,,
raw_mcgill_complete,Fall 2019,accelerometer_icetag_raw_csv,.csv,Données completes/Données accelerometres/Fall 2019/Icetag/IceTags/Group6_Wk1_05NOV2019-22NOV2019/5871_Tag165_05NOV2019-1916_22NOV2019-1022_LB.csv,0.385,,,,,,,,
raw_mcgill_complete,Fall 2019,accelerometer_icetag_raw_csv,.csv,Données completes/Données accelerometres/Fall 2019/Icetag/IceTags/Group6_Wk2_22NOV2019-29NOV2019/2041_Tag174_22NOV2019-1124_29NOV2019-1125.csv,0.395,,,,,,,,
raw_mcgill_complete,Fall 2019,accelerometer_icetag_raw_csv,.csv,Données completes/Données accelerometres/Fall 2019/Icetag/IceTags/Group6_Wk2_22NOV2019-29NOV2019/2041_Tag174_22NOV2019-1124_29NOV2019-1125_LB.csv,0.017,,,,,,,,
raw_mcgill_complete,Fall 2019,accelerometer_icetag_raw_csv,.csv,Données completes/Données accelerometres/Fall 2019/Icetag/IceTags/Group6_Wk2_22NOV2019-29NOV2019/2062_Tag94_22NOV2019-1123_29NOV2019-1124.csv,0.395,,,,,,,,
raw_mcgill_complete,Fall 2019,accelerometer_icetag_raw_csv,.csv,Données completes/Données accelerometres/Fall 2019/Icetag/IceTags/Group6_Wk2_22NOV2019-29NOV2019/2062_Tag94_22NOV2019-1123_29NOV2019-1124_LB.csv,0.115,,,,,,,,
raw_mcgill_complete,Fall 2019,accelerometer_icetag_raw_csv,.csv,Données completes/Données accelerometres/Fall 2019/Icetag/IceTags/Group6_Wk2_22NOV2019-29NOV2019/5327_Tag87_22NOV2019-1017_29NOV2019-1017.csv,0.395,,,,,,,,
raw_mcgill_complete,Fall 2019,accelerometer_icetag_raw_csv,.csv,Données completes/Données accelerometres/Fall 2019/Icetag/IceTags/Group6_Wk2_22NOV2019-29NOV2019/5327_Tag87_22NOV2019-1017_29NOV2019-1017_LB.csv,0.184,,,,,,,,
raw_mcgill_complete,Fall 2019,accelerometer_icetag_raw_csv,.csv,Données completes/Données accelerometres/Fall 2019/Icetag/IceTags/Group6_Wk2_22NOV2019-29NOV2019/5857_Tag181_22NOV2019-1018_29NOV2019-1018.csv,0.395,,,,,,,,
raw_mcgill_complete,Fall 2019,accelerometer_icetag_raw_csv,.csv,Données completes/Données accelerometres/Fall 2019/Icetag/IceTags/Group6_Wk2_22NOV2019-29NOV2019/5857_Tag181_22NOV2019-1018_29NOV2019-1018_LB.csv,0.006,,,,,,,,
raw_mcgill_complete,Fall 2019,accelerometer_icetag_raw_csv,.csv,Données completes/Données accelerometres/Fall 2019/Icetag/IceTags/Group6_Wk2_22NOV2019-29NOV2019/5865_Tag159_22NOV2019-1124_29NOV2019-1126.csv,0.395,,,,,,,,
raw_mcgill_complete,Fall 2019,accelerometer_icetag_raw_csv,.csv,Données completes/Données accelerometres/Fall 2019/Icetag/IceTags/Group6_Wk2_22NOV2019-29NOV2019/5865_Tag159_22NOV2019-1124_29NOV2019-1126_LB.csv,0.033,,,,,,,,
raw_mcgill_complete,Fall 2019,accelerometer_icetag_raw_csv,.csv,Données completes/Données accelerometres/Fall 2019/Icetag/IceTags/Group6_Wk2_22NOV2019-29NOV2019/5871_Tag96_22NOV2019-1019_29NOV2019-1018.csv,0.395,,,,,,,,
raw_mcgill_complete,Fall 2019,accelerometer_icetag_raw_csv,.csv,Données completes/Données accelerometres/Fall 2019/Icetag/IceTags/Group6_Wk2_22NOV2019-29NOV2019/5871_Tag96_22NOV2019-1019_29NOV2019-1018_LB.csv,0.056,,,,,,,,
raw_mcgill_complete,Fall 2019,accelerometer_icetag_raw_csv,.csv,Données completes/Données accelerometres/Fall 2019/Icetag/IceTags/Group6_Wk3_29NOV2019-06DEC2019/2041_Tag90_29NOV2019-1122_06DEC2019-1115.csv,0.395,,,,,,,,
raw_mcgill_complete,Fall 2019,accelerometer_icetag_raw_csv,.csv,Données completes/Données accelerometres/Fall 2019/Icetag/IceTags/Group6_Wk3_29NOV2019-06DEC2019/2041_Tag90_29NOV2019-1122_06DEC2019-1115_LB.csv,0.008,,,,,,,,
raw_mcgill_complete,Fall 2019,accelerometer_icetag_raw_csv,.csv,Données completes/Données accelerometres/Fall 2019/Icetag/IceTags/Group6_Wk3_29NOV2019-06DEC2019/2062_Tag88_29NOV2019-1120_06DEC2019-1115.csv,0.395,,,,,,,,
raw_mcgill_complete,Fall 2019,accelerometer_icetag_raw_csv,.csv,Données completes/Données accelerometres/Fall 2019/Icetag/IceTags/Group6_Wk3_29NOV2019-06DEC2019/2062_Tag88_29NOV2019-1120_06DEC2019-1115_LB.csv,0.046,,,,,,,,
raw_mcgill_complete,Fall 2019,accelerometer_icetag_raw_csv,.csv,Données completes/Données accelerometres/Fall 2019/Icetag/IceTags/Group6_Wk3_29NOV2019-06DEC2019/5327_Tag166_29NOV2019-1014_06DEC2019-1015.csv,0.395,,,,,,,,
raw_mcgill_complete,Fall 2019,accelerometer_icetag_raw_csv,.csv,Données completes/Données accelerometres/Fall 2019/Icetag/IceTags/Group6_Wk3_29NOV2019-06DEC2019/5327_Tag166_29NOV2019-1014_06DEC2019-1015_LB.csv,0.211,,,,,,,,
raw_mcgill_complete,Fall 2019,accelerometer_icetag_raw_csv,.csv,Données completes/Données accelerometres/Fall 2019/Icetag/IceTags/Group6_Wk3_29NOV2019-06DEC2019/5857_Tag170_29NOV2019-1015_06DEC2019-1016.csv,0.396,,,,,,,,
raw_mcgill_complete,Fall 2019,accelerometer_icetag_raw_csv,.csv,Données completes/Données accelerometres/Fall 2019/Icetag/IceTags/Group6_Wk3_29NOV2019-06DEC2019/5857_Tag170_29NOV2019-1015_06DEC2019-1016_LB.csv,0.005,,,,,,,,
raw_mcgill_complete,Fall 2019,accelerometer_icetag_raw_csv,.csv,Données completes/Données accelerometres/Fall 2019/Icetag/IceTags/Group6_Wk3_29NOV2019-06DEC2019/5865_Tag89_29NOV2019-1123_06DEC2019-1116.csv,0.395,,,,,,,,
raw_mcgill_complete,Fall 2019,accelerometer_icetag_raw_csv,.csv,Données completes/Données accelerometres/Fall 2019/Icetag/IceTags/Group6_Wk3_29NOV2019-06DEC2019/5865_Tag89_29NOV2019-1123_06DEC2019-1116_LB.csv,0.005,,,,,,,,
raw_mcgill_complete,Fall 2019,accelerometer_icetag_raw_csv,.csv,Données completes/Données accelerometres/Fall 2019/Icetag/IceTags/Group6_Wk3_29NOV2019-06DEC2019/5871_Tag162_29NOV2019-1016_06DEC2019-1028.csv,0.395,,,,,,,,
raw_mcgill_complete,Fall 2019,accelerometer_icetag_raw_csv,.csv,Données completes/Données accelerometres/Fall 2019/Icetag/IceTags/Group6_Wk3_29NOV2019-06DEC2019/5871_Tag162_29NOV2019-1016_06DEC2019-1028_LB.csv,0.202,,,,,,,,
raw_mcgill_complete,Fall 2019,accelerometer_icetag_workbook_or_mapping,.xlsx,Données completes/Données accelerometres/Fall 2019/Icetag/IceTags/IceTag_Lameness_Summary - Copy - Copy.xlsx,0.045,662,7,,,,1,Summary_NoWkEnd_NoWeird,"Cow, TREATMENT, Block, Date, STEP, LT, LB"
raw_mcgill_complete,Fall 2019,accelerometer_icetag_workbook_or_mapping,.xlsx,Données completes/Données accelerometres/Fall 2019/Icetag/IceTags/IceTag_Lameness_Summary.xlsx,0.046,662,7,,,,1,Summary_NoWkEnd_NoWeird,"Cow, TREATMENT, Block, Date, STEP, LT, LB"
raw_mcgill_complete,Fall 2019,accelerometer_icetag_raw_csv,.csv,Données completes/Données accelerometres/Fall 2019/Icetag/IceTags/Icetags amir 02-03-2020/IceTag 50001986 (P)_2020-02-01__12;51;50.csv,1.681,,,,,,,,
raw_mcgill_complete,Fall 2019,accelerometer_icetag_export_support,.ses,Données completes/Données accelerometres/Fall 2019/Icetag/IceTags/Icetags amir 02-03-2020/IceTag 50001986 (P)_2020-02-01__12;51;50.ses,0.506,,,,,,,,
raw_mcgill_complete,Fall 2019,accelerometer_icetag_raw_csv,.csv,Données completes/Données accelerometres/Fall 2019/Icetag/IceTags/Icetags amir 02-03-2020/IceTag 50001986 (P)_2020-02-01__12;51;50_LB.csv,0.055,,,,,,,,
raw_mcgill_complete,Fall 2019,accelerometer_icetag_raw_csv,.csv,Données completes/Données accelerometres/Fall 2019/Icetag/IceTags/Icetags amir 02-03-2020/IceTag 50001994 (P)_2020-02-01__12;51;57.csv,1.68,,,,,,,,
raw_mcgill_complete,Fall 2019,accelerometer_icetag_export_support,.ses,Données completes/Données accelerometres/Fall 2019/Icetag/IceTags/Icetags amir 02-03-2020/IceTag 50001994 (P)_2020-02-01__12;51;57.ses,0.458,,,,,,,,
raw_mcgill_complete,Fall 2019,accelerometer_icetag_raw_csv,.csv,Données completes/Données accelerometres/Fall 2019/Icetag/IceTags/Icetags amir 02-03-2020/IceTag 50001994 (P)_2020-02-01__12;51;57_LB.csv,0.03,,,,,,,,
raw_mcgill_complete,Fall 2019,accelerometer_icetag_raw_csv,.csv,Données completes/Données accelerometres/Fall 2019/Icetag/IceTags/Icetags amir 02-03-2020/IceTag 50030164 (P)_2020-02-01__12;52;05.csv,1.68,,,,,,,,
raw_mcgill_complete,Fall 2019,accelerometer_icetag_export_support,.ses,Données completes/Données accelerometres/Fall 2019/Icetag/IceTags/Icetags amir 02-03-2020/IceTag 50030164 (P)_2020-02-01__12;52;05.ses,0.374,,,,,,,,
raw_mcgill_complete,Fall 2019,accelerometer_icetag_raw_csv,.csv,Données completes/Données accelerometres/Fall 2019/Icetag/IceTags/Icetags amir 02-03-2020/IceTag 50030164 (P)_2020-02-01__12;52;05_LB.csv,0.032,,,,,,,,
raw_mcgill_complete,Fall 2019,accelerometer_icetag_other,.rtf,Données completes/Données accelerometres/Fall 2019/Icetag/IceTags/Lameness_IceTag_NORMALITY_RESULTS.rtf,4.985,,,,,,,,
raw_mcgill_complete,Fall 2019,accelerometer_icetag_other,.rtf,Données completes/Données accelerometres/Fall 2019/Icetag/IceTags/Lameness_IceTag_PROCMIXED_RESULTS.rtf,0.484,,,,,,,,
raw_mcgill_complete,Fall 2019,accelerometer_icetag_workbook_or_mapping,.xlsx,Données completes/Données accelerometres/Fall 2019/Icetag/IceTags/OneSheet_IceTag_LB.xlsx,0.998,20,3,,,,2,"Sheet1, LB",
raw_mcgill_complete,Fall 2019,accelerometer_icetag_export_support,.ses,Données completes/Données accelerometres/Fall 2019/Icetag/IceTags/Session Files/Group1_Wk1_05NOV2019-18NOV2019/8517_Tag161_05NOV2019-1847_18NOV2019-1128.ses,0.232,,,,,,,,
raw_mcgill_complete,Fall 2019,accelerometer_icetag_export_support,.ses,Données completes/Données accelerometres/Fall 2019/Icetag/IceTags/Session Files/Group1_Wk1_05NOV2019-18NOV2019/8525_Tag167_05NOV2019-1921_18NOV2019-1133.ses,0.152,,,,,,,,
raw_mcgill_complete,Fall 2019,accelerometer_icetag_export_support,.ses,Données completes/Données accelerometres/Fall 2019/Icetag/IceTags/Session Files/Group1_Wk1_05NOV2019-18NOV2019/8526_Tag86_05NOV2019-1847_18NOV2019-1133.ses,0.238,,,,,,,,
raw_mcgill_complete,Fall 2019,accelerometer_icetag_export_support,.ses,Données completes/Données accelerometres/Fall 2019/Icetag/IceTags/Session Files/Group1_Wk1_05NOV2019-18NOV2019/8527_Tag93_05NOV2019-1847_18NOV2019-1127.ses,0.27,,,,,,,,
raw_mcgill_complete,Fall 2019,accelerometer_icetag_export_support,.ses,Données completes/Données accelerometres/Fall 2019/Icetag/IceTags/Session Files/Group1_Wk1_05NOV2019-18NOV2019/8531_Tag163_05NOV2019-1922_18NOV2019-1133.ses,0.191,,,,,,,,
raw_mcgill_complete,Fall 2019,accelerometer_icetag_export_support,.ses,Données completes/Données accelerometres/Fall 2019/Icetag/IceTags/Session Files/Group1_Wk1_05NOV2019-18NOV2019/8536_Tag158_05NOV2019-1921_18NOV2019-1133.ses,0.365,,,,,,,,
raw_mcgill_complete,Fall 2019,accelerometer_icetag_export_support,.ses,Données completes/Données accelerometres/Fall 2019/Icetag/IceTags/Session Files/Group1_Wk2_18NOV2019-25NOV2019/8517_Tag175_18NOV2019-1127_25NOV2019-1151.ses,0.209,,,,,,,,
raw_mcgill_complete,Fall 2019,accelerometer_icetag_export_support,.ses,Données completes/Données accelerometres/Fall 2019/Icetag/IceTags/Session Files/Group1_Wk2_18NOV2019-25NOV2019/8525_Tag180_18NOV2019-1131_25NOV2019-1149.ses,0.155,,,,,,,,
raw_mcgill_complete,Fall 2019,accelerometer_icetag_export_support,.ses,Données completes/Données accelerometres/Fall 2019/Icetag/IceTags/Session Files/Group1_Wk2_18NOV2019-25NOV2019/8526_Tag177_18NOV2019-1131_25NOV2019-1151.ses,0.238,,,,,,,,
raw_mcgill_complete,Fall 2019,accelerometer_icetag_export_support,.ses,Données completes/Données accelerometres/Fall 2019/Icetag/IceTags/Session Files/Group1_Wk2_18NOV2019-25NOV2019/8527_Tag173_18NOV2019-1126_25NOV2019-1150.ses,0.156,,,,,,,,
raw_mcgill_complete,Fall 2019,accelerometer_icetag_export_support,.ses,Données completes/Données accelerometres/Fall 2019/Icetag/IceTags/Session Files/Group1_Wk2_18NOV2019-25NOV2019/8531_Tag164_18NOV2019-1130_25NOV2019-1149.ses,0.215,,,,,,,,
raw_mcgill_complete,Fall 2019,accelerometer_icetag_export_support,.ses,Données completes/Données accelerometres/Fall 2019/Icetag/IceTags/Session Files/Group1_Wk2_18NOV2019-25NOV2019/8536_Tag171_18NOV2019-1132_25NOV2019-1149.ses,0.209,,,,,,,,
raw_mcgill_complete,Fall 2019,accelerometer_icetag_export_support,.ses,Données completes/Données accelerometres/Fall 2019/Icetag/IceTags/Session Files/Group1_Wk3_25Nov2019-02DEC2019/8517_Tag160_25NOV2019-1144_02DEC2019-1131.ses,0.171,,,,,,,,
raw_mcgill_complete,Fall 2019,accelerometer_icetag_export_support,.ses,Données completes/Données accelerometres/Fall 2019/Icetag/IceTags/Session Files/Group1_Wk3_25Nov2019-02DEC2019/8525_Tag165_25NOV2019-1148_02DEC2019-1140.ses,0.181,,,,,,,,
raw_mcgill_complete,Fall 2019,accelerometer_icetag_export_support,.ses,Données completes/Données accelerometres/Fall 2019/Icetag/IceTags/Session Files/Group1_Wk3_25Nov2019-02DEC2019/8526_Tag179_25NOV2019-1145_02DEC2019-1131.ses,0.21,,,,,,,,
raw_mcgill_complete,Fall 2019,accelerometer_icetag_export_support,.ses,Données completes/Données accelerometres/Fall 2019/Icetag/IceTags/Session Files/Group1_Wk3_25Nov2019-02DEC2019/8527_Tag91_25NOV2019-1143_02DEC2019-1131.ses,0.245,,,,,,,,
raw_mcgill_complete,Fall 2019,accelerometer_icetag_export_support,.ses,Données completes/Données accelerometres/Fall 2019/Icetag/IceTags/Session Files/Group1_Wk3_25Nov2019-02DEC2019/8531_Tag97_25NOV2019-1148_02DEC2019-1140.ses,0.183,,,,,,,,
raw_mcgill_complete,Fall 2019,accelerometer_icetag_export_support,.ses,Données completes/Données accelerometres/Fall 2019/Icetag/IceTags/Session Files/Group1_Wk3_25Nov2019-02DEC2019/8536_Tag176_25NOV2019-1148_02DEC2019-1141.ses,0.338,,,,,,,,
raw_mcgill_complete,Fall 2019,accelerometer_icetag_export_support,.ses,Données completes/Données accelerometres/Fall 2019/Icetag/IceTags/Session Files/Group3_Wk1_05NOV2019-19NOV2019/2078_Tag172_05NOV2019-1922_19NOV2019-1205.ses,0.147,,,,,,,,
raw_mcgill_complete,Fall 2019,accelerometer_icetag_export_support,.ses,Données completes/Données accelerometres/Fall 2019/Icetag/IceTags/Session Files/Group3_Wk1_05NOV2019-19NOV2019/2081_Tag85_05NOV2019-1849_19NOV2019-1201.ses,0.222,,,,,,,,
raw_mcgill_complete,Fall 2019,accelerometer_icetag_export_support,.ses,Données completes/Données accelerometres/Fall 2019/Icetag/IceTags/Session Files/Group3_Wk1_05NOV2019-19NOV2019/3435_Tag168_05NOV2019-1920_19NOV2019-1206.ses,0.302,,,,,,,,
raw_mcgill_complete,Fall 2019,accelerometer_icetag_export_support,.ses,Données completes/Données accelerometres/Fall 2019/Icetag/IceTags/Session Files/Group3_Wk1_05NOV2019-19NOV2019/5874_Tag95_05NOV2019-1849_19NOV2019-1202.ses,0.19,,,,,,,,
raw_mcgill_complete,Fall 2019,accelerometer_icetag_export_support,.ses,Données completes/Données accelerometres/Fall 2019/Icetag/IceTags/Session Files/Group3_Wk1_05NOV2019-19NOV2019/5875_Tag92_05NOV2019-1850_19NOV2019-1201.ses,0.325,,,,,,,,
raw_mcgill_complete,Fall 2019,accelerometer_icetag_export_support,.ses,Données completes/Données accelerometres/Fall 2019/Icetag/IceTags/Session Files/Group3_Wk1_05NOV2019-19NOV2019/8500_Tag178_05NOV2019-1923_19NOV2019-1206.ses,0.181,,,,,,,,
raw_mcgill_complete,Fall 2019,accelerometer_icetag_export_support,.ses,Données completes/Données accelerometres/Fall 2019/Icetag/IceTags/Session Files/Group3_Wk2_19NOV2019-26NOV2019/2078_Tag93_19NOV2019-1203_26NOV2019-1128.ses,0.182,,,,,,,,
raw_mcgill_complete,Fall 2019,accelerometer_icetag_export_support,.ses,Données completes/Données accelerometres/Fall 2019/Icetag/IceTags/Session Files/Group3_Wk2_19NOV2019-26NOV2019/2081_Tag167_19NOV2019-1200_26NOV2019-1124.ses,0.186,,,,,,,,
raw_mcgill_complete,Fall 2019,accelerometer_icetag_export_support,.ses,Données completes/Données accelerometres/Fall 2019/Icetag/IceTags/Session Files/Group3_Wk2_19NOV2019-26NOV2019/3435_Tag86_19NOV2019-1205_26NOV2019-1127.ses,0.259,,,,,,,,
raw_mcgill_complete,Fall 2019,accelerometer_icetag_export_support,.ses,Données completes/Données accelerometres/Fall 2019/Icetag/IceTags/Session Files/Group3_Wk2_19NOV2019-26NOV2019/5874_Tag158_19NOV2019-1200_26NOV2019-1124.ses,0.314,,,,,,,,
raw_mcgill_complete,Fall 2019,accelerometer_icetag_export_support,.ses,Données completes/Données accelerometres/Fall 2019/Icetag/IceTags/Session Files/Group3_Wk2_19NOV2019-26NOV2019/5875_Tag161_19NOV2019-1159_26NOV2019-1123.ses,0.235,,,,,,,,
raw_mcgill_complete,Fall 2019,accelerometer_icetag_export_support,.ses,Données completes/Données accelerometres/Fall 2019/Icetag/IceTags/Session Files/Group3_Wk2_19NOV2019-26NOV2019/8500_Tag163_19NOV2019-1204_26NOV2019-1128.ses,0.125,,,,,,,,
raw_mcgill_complete,Fall 2019,accelerometer_icetag_export_support,.ses,Données completes/Données accelerometres/Fall 2019/Icetag/IceTags/Session Files/Group3_Wk3_26NOV2019-03DEC2019/2078_Tag175_26NOV2019-1127_03DEC2019-1119.ses,0.124,,,,,,,,
raw_mcgill_complete,Fall 2019,accelerometer_icetag_export_support,.ses,Données completes/Données accelerometres/Fall 2019/Icetag/IceTags/Session Files/Group3_Wk3_26NOV2019-03DEC2019/2081_Tag180_26NOV2019-1122_03DEC2019-1125.ses,0.138,,,,,,,,
raw_mcgill_complete,Fall 2019,accelerometer_icetag_export_support,.ses,Données completes/Données accelerometres/Fall 2019/Icetag/IceTags/Session Files/Group3_Wk3_26NOV2019-03DEC2019/3435_Tag177_26NOV2019-1126_03DEC2019-1118.ses,0.325,,,,,,,,
raw_mcgill_complete,Fall 2019,accelerometer_icetag_export_support,.ses,Données completes/Données accelerometres/Fall 2019/Icetag/IceTags/Session Files/Group3_Wk3_26NOV2019-03DEC2019/5874_Tag173_26NOV2019-1122_03DEC2019-1124.ses,0.194,,,,,,,,
raw_mcgill_complete,Fall 2019,accelerometer_icetag_export_support,.ses,Données completes/Données accelerometres/Fall 2019/Icetag/IceTags/Session Files/Group3_Wk3_26NOV2019-03DEC2019/5875_Tag171_26NOV2019-1121_03DEC2019-1124.ses,0.224,,,,,,,,
raw_mcgill_complete,Fall 2019,accelerometer_icetag_export_support,.ses,Données completes/Données accelerometres/Fall 2019/Icetag/IceTags/Session Files/Group3_Wk3_26NOV2019-03DEC2019/8500_Tag164_26NOV2019-1126_03DEC2019-1119.ses,0.24,,,,,,,,
raw_mcgill_complete,Fall 2019,accelerometer_icetag_export_support,.ses,Données completes/Données accelerometres/Fall 2019/Icetag/IceTags/Session Files/Group4_Wk1_05NOV2019-20NOV2019/2063_Tag166_05NOV2019-1919_20NOV2019-1206.ses,0.369,,,,,,,,
raw_mcgill_complete,Fall 2019,accelerometer_icetag_export_support,.ses,Données completes/Données accelerometres/Fall 2019/Icetag/IceTags/Session Files/Group4_Wk1_05NOV2019-20NOV2019/2066_Tag88_05NOV2019-1848_20NOV2019-1202.ses,0.229,,,,,,,,
raw_mcgill_complete,Fall 2019,accelerometer_icetag_export_support,.ses,Données completes/Données accelerometres/Fall 2019/Icetag/IceTags/Session Files/Group4_Wk1_05NOV2019-20NOV2019/3444_Tag89_05NOV2019-1849_20NOV2019-1202.ses,0.346,,,,,,,,
raw_mcgill_complete,Fall 2019,accelerometer_icetag_export_support,.ses,Données completes/Données accelerometres/Fall 2019/Icetag/IceTags/Session Files/Group4_Wk1_05NOV2019-20NOV2019/5872_Tag162_05NOV2019-1919_20NOV2019-1206.ses,0.286,,,,,,,,
raw_mcgill_complete,Fall 2019,accelerometer_icetag_export_support,.ses,Données completes/Données accelerometres/Fall 2019/Icetag/IceTags/Session Files/Group4_Wk1_05NOV2019-20NOV2019/5879_Tag90_05NOV2019-1848_20NOV2019-1201.ses,0.346,,,,,,,,
raw_mcgill_complete,Fall 2019,accelerometer_icetag_export_support,.ses,Données completes/Données accelerometres/Fall 2019/Icetag/IceTags/Session Files/Group4_Wk1_05NOV2019-20NOV2019/8501_Tag170_05NOV2019-1920_20NOV2019-1207.ses,0.255,,,,,,,,
raw_mcgill_complete,Fall 2019,accelerometer_icetag_export_support,.ses,Données completes/Données accelerometres/Fall 2019/Icetag/IceTags/Session Files/Group4_Wk2_20NOV2019-27NOV2019/2063_Tag85_20NOV2019-1204_27NOV2019-1143.ses,0.232,,,,,,,,
raw_mcgill_complete,Fall 2019,accelerometer_icetag_export_support,.ses,Données completes/Données accelerometres/Fall 2019/Icetag/IceTags/Session Files/Group4_Wk2_20NOV2019-27NOV2019/2066_Tag178_20NOV2019-1200_27NOV2019-1152.ses,0.174,,,,,,,,
raw_mcgill_complete,Fall 2019,accelerometer_icetag_export_support,.ses,Données completes/Données accelerometres/Fall 2019/Icetag/IceTags/Session Files/Group4_Wk2_20NOV2019-27NOV2019/3444_Tag92_20NOV2019-1201_27NOV2019-1151.ses,0.212,,,,,,,,
raw_mcgill_complete,Fall 2019,accelerometer_icetag_export_support,.ses,Données completes/Données accelerometres/Fall 2019/Icetag/IceTags/Session Files/Group4_Wk2_20NOV2019-27NOV2019/5872_Tag168_20NOV2019-1205_27NOV2019-1143.ses,0.161,,,,,,,,
raw_mcgill_complete,Fall 2019,accelerometer_icetag_export_support,.ses,Données completes/Données accelerometres/Fall 2019/Icetag/IceTags/Session Files/Group4_Wk2_20NOV2019-27NOV2019/5879_Tag172_20NOV2019-1200_27NOV2019-1153.ses,0.146,,,,,,,,
raw_mcgill_complete,Fall 2019,accelerometer_icetag_export_support,.ses,Données completes/Données accelerometres/Fall 2019/Icetag/IceTags/Session Files/Group4_Wk2_20NOV2019-27NOV2019/8501_Tag95_20NOV2019-1205_27NOV2019-1142.ses,0.13,,,,,,,,
raw_mcgill_complete,Fall 2019,accelerometer_icetag_export_support,.ses,Données completes/Données accelerometres/Fall 2019/Icetag/IceTags/Session Files/Group4_Wk3_27NOV2019-04DEC2019/2063_Tag86_27NOV2019-1141_04DEC2019-1020.ses,0.235,,,,,,,,
raw_mcgill_complete,Fall 2019,accelerometer_icetag_export_support,.ses,Données completes/Données accelerometres/Fall 2019/Icetag/IceTags/Session Files/Group4_Wk3_27NOV2019-04DEC2019/2066_Tag93_27NOV2019-1149_04DEC2019-1029.ses,0.215,,,,,,,,
raw_mcgill_complete,Fall 2019,accelerometer_icetag_export_support,.ses,Données completes/Données accelerometres/Fall 2019/Icetag/IceTags/Session Files/Group4_Wk3_27NOV2019-04DEC2019/3444_Tag167_27NOV2019-1147_04DEC2019-1030.ses,0.203,,,,,,,,
raw_mcgill_complete,Fall 2019,accelerometer_icetag_export_support,.ses,Données completes/Données accelerometres/Fall 2019/Icetag/IceTags/Session Files/Group4_Wk3_27NOV2019-04DEC2019/5872_Tag158_27NOV2019-1141_04DEC2019-1020.ses,0.176,,,,,,,,
raw_mcgill_complete,Fall 2019,accelerometer_icetag_export_support,.ses,Données completes/Données accelerometres/Fall 2019/Icetag/IceTags/Session Files/Group4_Wk3_27NOV2019-04DEC2019/5879_Tag161_27NOV2019-1150_04DEC2019-1030.ses,0.121,,,,,,,,
raw_mcgill_complete,Fall 2019,accelerometer_icetag_export_support,.ses,Données completes/Données accelerometres/Fall 2019/Icetag/IceTags/Session Files/Group4_Wk3_27NOV2019-04DEC2019/8501_Tag163_27NOV2019-1139_04DEC2019-1020.ses,0.186,,,,,,,,
raw_mcgill_complete,Fall 2019,accelerometer_icetag_export_support,.ses,Données completes/Données accelerometres/Fall 2019/Icetag/IceTags/Session Files/Group5_Wk1_05NOV2019-21NOV2019/2057_Tag94_05NOV2019-1851_21NOV2019-1136.ses,0.311,,,,,,,,
raw_mcgill_complete,Fall 2019,accelerometer_icetag_export_support,.ses,Données completes/Données accelerometres/Fall 2019/Icetag/IceTags/Session Files/Group5_Wk1_05NOV2019-21NOV2019/3437_Tag96_05NOV2019-1851_21NOV2019-1135.ses,0.532,,,,,,,,
raw_mcgill_complete,Fall 2019,accelerometer_icetag_export_support,.ses,Données completes/Données accelerometres/Fall 2019/Icetag/IceTags/Session Files/Group5_Wk1_05NOV2019-21NOV2019/5854_Tag87_05NOV2019-1856_21NOV2019-1136.ses,0.422,,,,,,,,
raw_mcgill_complete,Fall 2019,accelerometer_icetag_export_support,.ses,Données completes/Données accelerometres/Fall 2019/Icetag/IceTags/Session Files/Group5_Wk1_05NOV2019-21NOV2019/5862_Tag174_05NOV2019-1916_21NOV2019-1138.ses,0.435,,,,,,,,
raw_mcgill_complete,Fall 2019,accelerometer_icetag_export_support,.ses,Données completes/Données accelerometres/Fall 2019/Icetag/IceTags/Session Files/Group5_Wk1_05NOV2019-21NOV2019/5870_Tag159_05NOV2019-1917_21NOV2019-1138.ses,0.407,,,,,,,,
raw_mcgill_complete,Fall 2019,accelerometer_icetag_export_support,.ses,Données completes/Données accelerometres/Fall 2019/Icetag/IceTags/Session Files/Group5_Wk1_05NOV2019-21NOV2019/821_Tag181_05NOV2019-1919_21NOV2019-1139.ses,0.465,,,,,,,,
raw_mcgill_complete,Fall 2019,accelerometer_icetag_export_support,.ses,Données completes/Données accelerometres/Fall 2019/Icetag/IceTags/Session Files/Group5_Wk2_21NOV2019-28NOV2019/2057_Tag166_21NOV2019-1129_28NOV2019-1144.ses,0.308,,,,,,,,
raw_mcgill_complete,Fall 2019,accelerometer_icetag_export_support,.ses,Données completes/Données accelerometres/Fall 2019/Icetag/IceTags/Session Files/Group5_Wk2_21NOV2019-28NOV2019/3437_Tag89_21NOV2019-1128_28NOV2019-1143.ses,0.365,,,,,,,,
raw_mcgill_complete,Fall 2019,accelerometer_icetag_export_support,.ses,Données completes/Données accelerometres/Fall 2019/Icetag/IceTags/Session Files/Group5_Wk2_21NOV2019-28NOV2019/5854_Tag88_21NOV2019-1130_28NOV2019-1142.ses,0.284,,,,,,,,
raw_mcgill_complete,Fall 2019,accelerometer_icetag_export_support,.ses,Données completes/Données accelerometres/Fall 2019/Icetag/IceTags/Session Files/Group5_Wk2_21NOV2019-28NOV2019/5862_Tag162_21NOV2019-1133_28NOV2019-1147.ses,0.244,,,,,,,,
raw_mcgill_complete,Fall 2019,accelerometer_icetag_export_support,.ses,Données completes/Données accelerometres/Fall 2019/Icetag/IceTags/Session Files/Group5_Wk2_21NOV2019-28NOV2019/5870_Tag170_21NOV2019-1133_28NOV2019-1147.ses,0.181,,,,,,,,
raw_mcgill_complete,Fall 2019,accelerometer_icetag_export_support,.ses,Données completes/Données accelerometres/Fall 2019/Icetag/IceTags/Session Files/Group5_Wk2_21NOV2019-28NOV2019/821_Tag90_21NOV2019-1132_28NOV2019-1148.ses,0.455,,,,,,,,
raw_mcgill_complete,Fall 2019,accelerometer_icetag_export_support,.ses,Données completes/Données accelerometres/Fall 2019/Icetag/IceTags/Session Files/Group5_Wk3_28NOV2019-05DEC2019/2057_Tag95_28NOV2019-1141_05DEC2019-1125.ses,0.142,,,,,,,,
raw_mcgill_complete,Fall 2019,accelerometer_icetag_export_support,.ses,Données completes/Données accelerometres/Fall 2019/Icetag/IceTags/Session Files/Group5_Wk3_28NOV2019-05DEC2019/3437_Tag178_28NOV2019-1142_05DEC2019-1124.ses,0.28,,,,,,,,
raw_mcgill_complete,Fall 2019,accelerometer_icetag_export_support,.ses,Données completes/Données accelerometres/Fall 2019/Icetag/IceTags/Session Files/Group5_Wk3_28NOV2019-05DEC2019/5854_Tag168_28NOV2019-1141_02DEC2019-0917.ses,0.095,,,,,,,,
raw_mcgill_complete,Fall 2019,accelerometer_icetag_export_support,.ses,Données completes/Données accelerometres/Fall 2019/Icetag/IceTags/Session Files/Group5_Wk3_28NOV2019-05DEC2019/5854_Tag94_02DEC2019-0916 _05DEC2019-1126.ses,0.151,,,,,,,,
raw_mcgill_complete,Fall 2019,accelerometer_icetag_export_support,.ses,Données completes/Données accelerometres/Fall 2019/Icetag/IceTags/Session Files/Group5_Wk3_28NOV2019-05DEC2019/5862_Tag172_28NOV2019-1145_05DEC2019-1007.ses,0.3,,,,,,,,
raw_mcgill_complete,Fall 2019,accelerometer_icetag_export_support,.ses,Données completes/Données accelerometres/Fall 2019/Icetag/IceTags/Session Files/Group5_Wk3_28NOV2019-05DEC2019/5870_Tag92_28NOV2019-1146_05DEC2019-1008.ses,0.256,,,,,,,,
raw_mcgill_complete,Fall 2019,accelerometer_icetag_export_support,.ses,Données completes/Données accelerometres/Fall 2019/Icetag/IceTags/Session Files/Group5_Wk3_28NOV2019-05DEC2019/821_Tag85_28NOV2019-1146_05DEC2019-1008.ses,0.566,,,,,,,,
raw_mcgill_complete,Fall 2019,accelerometer_icetag_export_support,.ses,Données completes/Données accelerometres/Fall 2019/Icetag/IceTags/Session Files/Group6_Wk1_05NOV2019-22NOV2019/2041_Tag91_05NOV2019-1852_22NOV2019-1127.ses,0.458,,,,,,,,
raw_mcgill_complete,Fall 2019,accelerometer_icetag_export_support,.ses,Données completes/Données accelerometres/Fall 2019/Icetag/IceTags/Session Files/Group6_Wk1_05NOV2019-22NOV2019/2062_Tag160_05NOV2019-1853_22NOV2019-1126.ses,0.5,,,,,,,,
raw_mcgill_complete,Fall 2019,accelerometer_icetag_export_support,.ses,Données completes/Données accelerometres/Fall 2019/Icetag/IceTags/Session Files/Group6_Wk1_05NOV2019-22NOV2019/5327_Tag179_05NOV2019-1916_22NOV2019-1021.ses,0.439,,,,,,,,
raw_mcgill_complete,Fall 2019,accelerometer_icetag_export_support,.ses,Données completes/Données accelerometres/Fall 2019/Icetag/IceTags/Session Files/Group6_Wk1_05NOV2019-22NOV2019/5857_Tag176_05NOV2019-1916_22NOV2019-1022.ses,0.506,,,,,,,,
raw_mcgill_complete,Fall 2019,accelerometer_icetag_export_support,.ses,Données completes/Données accelerometres/Fall 2019/Icetag/IceTags/Session Files/Group6_Wk1_05NOV2019-22NOV2019/5865_Tag97_05NOV2019-1851_22NOV2019-1127.ses,0.484,,,,,,,,
raw_mcgill_complete,Fall 2019,accelerometer_icetag_export_support,.ses,Données completes/Données accelerometres/Fall 2019/Icetag/IceTags/Session Files/Group6_Wk1_05NOV2019-22NOV2019/5871_Tag165_05NOV2019-1916_22NOV2019-1022.ses,0.596,,,,,,,,
raw_mcgill_complete,Fall 2019,accelerometer_icetag_export_support,.ses,Données completes/Données accelerometres/Fall 2019/Icetag/IceTags/Session Files/Group6_Wk2_22NOV2019-29NOV2019/2041_Tag174_22NOV2019-1124_29NOV2019-1125.ses,0.164,,,,,,,,
raw_mcgill_complete,Fall 2019,accelerometer_icetag_export_support,.ses,Données completes/Données accelerometres/Fall 2019/Icetag/IceTags/Session Files/Group6_Wk2_22NOV2019-29NOV2019/2062_Tag94_22NOV2019-1123_29NOV2019-1124.ses,0.246,,,,,,,,
raw_mcgill_complete,Fall 2019,accelerometer_icetag_export_support,.ses,Données completes/Données accelerometres/Fall 2019/Icetag/IceTags/Session Files/Group6_Wk2_22NOV2019-29NOV2019/5327_Tag87_22NOV2019-1017_29NOV2019-1017.ses,0.331,,,,,,,,
raw_mcgill_complete,Fall 2019,accelerometer_icetag_export_support,.ses,Données completes/Données accelerometres/Fall 2019/Icetag/IceTags/Session Files/Group6_Wk2_22NOV2019-29NOV2019/5857_Tag181_22NOV2019-1018_29NOV2019-1018.ses,0.216,,,,,,,,
raw_mcgill_complete,Fall 2019,accelerometer_icetag_export_support,.ses,Données completes/Données accelerometres/Fall 2019/Icetag/IceTags/Session Files/Group6_Wk2_22NOV2019-29NOV2019/5865_Tag159_22NOV2019-1124_29NOV2019-1126.ses,0.269,,,,,,,,
raw_mcgill_complete,Fall 2019,accelerometer_icetag_export_support,.ses,Données completes/Données accelerometres/Fall 2019/Icetag/IceTags/Session Files/Group6_Wk2_22NOV2019-29NOV2019/5871_Tag96_22NOV2019-1019_29NOV2019-1018.ses,0.219,,,,,,,,
raw_mcgill_complete,Fall 2019,accelerometer_icetag_export_support,.ses,Données completes/Données accelerometres/Fall 2019/Icetag/IceTags/Session Files/Group6_Wk3_29NOV2019-06DEC2019/2041_Tag90_29NOV2019-1122_06DEC2019-1115.ses,0.197,,,,,,,,
raw_mcgill_complete,Fall 2019,accelerometer_icetag_export_support,.ses,Données completes/Données accelerometres/Fall 2019/Icetag/IceTags/Session Files/Group6_Wk3_29NOV2019-06DEC2019/2062_Tag88_29NOV2019-1120_06DEC2019-1115.ses,0.153,,,,,,,,
raw_mcgill_complete,Fall 2019,accelerometer_icetag_export_support,.ses,Données completes/Données accelerometres/Fall 2019/Icetag/IceTags/Session Files/Group6_Wk3_29NOV2019-06DEC2019/5327_Tag166_29NOV2019-1014_06DEC2019-1015.ses,0.274,,,,,,,,
raw_mcgill_complete,Fall 2019,accelerometer_icetag_export_support,.ses,Données completes/Données accelerometres/Fall 2019/Icetag/IceTags/Session Files/Group6_Wk3_29NOV2019-06DEC2019/5857_Tag170_29NOV2019-1015_06DEC2019-1016.ses,0.331,,,,,,,,
raw_mcgill_complete,Fall 2019,accelerometer_icetag_export_support,.ses,Données completes/Données accelerometres/Fall 2019/Icetag/IceTags/Session Files/Group6_Wk3_29NOV2019-06DEC2019/5865_Tag89_29NOV2019-1123_06DEC2019-1116.ses,0.204,,,,,,,,
raw_mcgill_complete,Fall 2019,accelerometer_icetag_export_support,.ses,Données completes/Données accelerometres/Fall 2019/Icetag/IceTags/Session Files/Group6_Wk3_29NOV2019-06DEC2019/5871_Tag162_29NOV2019-1016_06DEC2019-1028.ses,0.383,,,,,,,,
raw_mcgill_complete,Fall 2019,accelerometer_icetag_export_support,.ses,Données completes/Données accelerometres/Fall 2019/Icetag/IceTags/Session Files/Wk4-5_XX-14DEC2019/2041_Tag172_06DEC2019-1113_14DEC2019-1236.ses,0.138,,,,,,,,
raw_mcgill_complete,Fall 2019,accelerometer_icetag_export_support,.ses,Données completes/Données accelerometres/Fall 2019/Icetag/IceTags/Session Files/Wk4-5_XX-14DEC2019/2057_Tag161_05DEC2019-1122_14DEC2019-1236.ses,0.22,,,,,,,,
raw_mcgill_complete,Fall 2019,accelerometer_icetag_export_support,.ses,Données completes/Données accelerometres/Fall 2019/Icetag/IceTags/Session Files/Wk4-5_XX-14DEC2019/2062_Tag92_06DEC2019-1112_14DEC2019-1238.ses,0.263,,,,,,,,
raw_mcgill_complete,Fall 2019,accelerometer_icetag_export_support,.ses,Données completes/Données accelerometres/Fall 2019/Icetag/IceTags/Session Files/Wk4-5_XX-14DEC2019/2063_Tag173_04DEC2019-1019_14DEC2019-1127.ses,0.362,,,,,,,,
raw_mcgill_complete,Fall 2019,accelerometer_icetag_export_support,.ses,Données completes/Données accelerometres/Fall 2019/Icetag/IceTags/Session Files/Wk4-5_XX-14DEC2019/2066_Tag180_04DEC2019-1127_14DEC2019-1134.ses,0.267,,,,,,,,
raw_mcgill_complete,Fall 2019,accelerometer_icetag_export_support,.ses,Données completes/Données accelerometres/Fall 2019/Icetag/IceTags/Session Files/Wk4-5_XX-14DEC2019/2078_Tag91_03DEC2019-1118_14DEC2019-1124.ses,0.202,,,,,,,,
raw_mcgill_complete,Fall 2019,accelerometer_icetag_export_support,.ses,Données completes/Données accelerometres/Fall 2019/Icetag/IceTags/Session Files/Wk4-5_XX-14DEC2019/2081_Tag176_03DEC2019-1124_14DEC2019-1133.ses,0.191,,,,,,,,
raw_mcgill_complete,Fall 2019,accelerometer_icetag_export_support,.ses,Données completes/Données accelerometres/Fall 2019/Icetag/IceTags/Session Files/Wk4-5_XX-14DEC2019/3435_Tag179_03DEC2019-1116_14DEC2019-1124.ses,0.267,,,,,,,,
raw_mcgill_complete,Fall 2019,accelerometer_icetag_export_support,.ses,Données completes/Données accelerometres/Fall 2019/Icetag/IceTags/Session Files/Wk4-5_XX-14DEC2019/3437_Tag158_05DEC2019-1121_14DEC2019-1235.ses,0.386,,,,,,,,
raw_mcgill_complete,Fall 2019,accelerometer_icetag_export_support,.ses,Données completes/Données accelerometres/Fall 2019/Icetag/IceTags/Session Files/Wk4-5_XX-14DEC2019/3444_Tag175_04DEC2019-1128_14DEC2019-1135.ses,0.299,,,,,,,,
raw_mcgill_complete,Fall 2019,accelerometer_icetag_export_support,.ses,Données completes/Données accelerometres/Fall 2019/Icetag/IceTags/Session Files/Wk4-5_XX-14DEC2019/5327_Tag85_06DEC2019-1012_14DEC2019-1233.ses,0.415,,,,,,,,
raw_mcgill_complete,Fall 2019,accelerometer_icetag_export_support,.ses,Données completes/Données accelerometres/Fall 2019/Icetag/IceTags/Session Files/Wk4-5_XX-14DEC2019/5854_Tag86_05DEC2019-1123_14DEC2019-1236.ses,0.248,,,,,,,,
raw_mcgill_complete,Fall 2019,accelerometer_icetag_export_support,.ses,Données completes/Données accelerometres/Fall 2019/Icetag/IceTags/Session Files/Wk4-5_XX-14DEC2019/5857_Tag95_06DEC2019-1013_14DEC2019-1234.ses,0.217,,,,,,,,
raw_mcgill_complete,Fall 2019,accelerometer_icetag_export_support,.ses,Données completes/Données accelerometres/Fall 2019/Icetag/IceTags/Session Files/Wk4-5_XX-14DEC2019/5862_Tag167_05DEC2019-1005_14DEC2019-1231.ses,0.414,,,,,,,,
raw_mcgill_complete,Fall 2019,accelerometer_icetag_export_support,.ses,Données completes/Données accelerometres/Fall 2019/Icetag/IceTags/Session Files/Wk4-5_XX-14DEC2019/5865_Tag178_06DEC2019-1114_14DEC2019-1238.ses,0.284,,,,,,,,
raw_mcgill_complete,Fall 2019,accelerometer_icetag_export_support,.ses,Données completes/Données accelerometres/Fall 2019/Icetag/IceTags/Session Files/Wk4-5_XX-14DEC2019/5870_Tag93_05DEC2019-1006_14DEC2019-1232.ses,0.277,,,,,,,,
raw_mcgill_complete,Fall 2019,accelerometer_icetag_export_support,.ses,Données completes/Données accelerometres/Fall 2019/Icetag/IceTags/Session Files/Wk4-5_XX-14DEC2019/5871_Tag94_06DEC2019-1014_14DEC2019-1234.ses,0.227,,,,,,,,
raw_mcgill_complete,Fall 2019,accelerometer_icetag_export_support,.ses,Données completes/Données accelerometres/Fall 2019/Icetag/IceTags/Session Files/Wk4-5_XX-14DEC2019/5872_Tag171_04DEC2019-1018_14DEC2019-1126.ses,0.323,,,,,,,,
raw_mcgill_complete,Fall 2019,accelerometer_icetag_export_support,.ses,Données completes/Données accelerometres/Fall 2019/Icetag/IceTags/Session Files/Wk4-5_XX-14DEC2019/5874_Tag165_03DEC2019-1123_14DEC2019-1132.ses,0.344,,,,,,,,
raw_mcgill_complete,Fall 2019,accelerometer_icetag_export_support,.ses,Données completes/Données accelerometres/Fall 2019/Icetag/IceTags/Session Files/Wk4-5_XX-14DEC2019/5875_Tag97_03DEC2019-1122_14DEC2019-1133.ses,0.303,,,,,,,,
raw_mcgill_complete,Fall 2019,accelerometer_icetag_export_support,.ses,Données completes/Données accelerometres/Fall 2019/Icetag/IceTags/Session Files/Wk4-5_XX-14DEC2019/5879_Tag164_04DEC2019-1126_14DEC2019-1134.ses,0.231,,,,,,,,
raw_mcgill_complete,Fall 2019,accelerometer_icetag_export_support,.ses,Données completes/Données accelerometres/Fall 2019/Icetag/IceTags/Session Files/Wk4-5_XX-14DEC2019/821_Tag163_05DEC2019-1007_14DEC2019-1232.ses,0.638,,,,,,,,
raw_mcgill_complete,Fall 2019,accelerometer_icetag_export_support,.ses,Données completes/Données accelerometres/Fall 2019/Icetag/IceTags/Session Files/Wk4-5_XX-14DEC2019/8500_Ta160_03DEC2019-1117_14DEC2019-1125.ses,0.282,,,,,,,,
raw_mcgill_complete,Fall 2019,accelerometer_icetag_export_support,.ses,Données completes/Données accelerometres/Fall 2019/Icetag/IceTags/Session Files/Wk4-5_XX-14DEC2019/8501_Tag177_04DEC2019-1017_14DEC2019-1126.ses,0.295,,,,,,,,
raw_mcgill_complete,Fall 2019,accelerometer_icetag_export_support,.ses,Données completes/Données accelerometres/Fall 2019/Icetag/IceTags/Session Files/Wk4-5_XX-14DEC2019/8517_Tag87_02DEC2019-1128_14DEC2019-1130.ses,0.389,,,,,,,,
raw_mcgill_complete,Fall 2019,accelerometer_icetag_export_support,.ses,Données completes/Données accelerometres/Fall 2019/Icetag/IceTags/Session Files/Wk4-5_XX-14DEC2019/8525_Tag181_02DEC2019-1138_14DEC2019-1123.ses,0.224,,,,,,,,
raw_mcgill_complete,Fall 2019,accelerometer_icetag_export_support,.ses,Données completes/Données accelerometres/Fall 2019/Icetag/IceTags/Session Files/Wk4-5_XX-14DEC2019/8526_Tag159_02DEC2019-1130_14DEC2019-1131.ses,0.27,,,,,,,,
raw_mcgill_complete,Fall 2019,accelerometer_icetag_export_support,.ses,Données completes/Données accelerometres/Fall 2019/Icetag/IceTags/Session Files/Wk4-5_XX-14DEC2019/8527_Tag96_02DEC2019-1129_14DEC2019-1129.ses,0.261,,,,,,,,
raw_mcgill_complete,Fall 2019,accelerometer_icetag_export_support,.ses,Données completes/Données accelerometres/Fall 2019/Icetag/IceTags/Session Files/Wk4-5_XX-14DEC2019/8531_Tag174_02DEC2019-1135_14DEC2019-1122.ses,0.223,,,,,,,,
raw_mcgill_complete,Fall 2019,accelerometer_icetag_export_support,.ses,Données completes/Données accelerometres/Fall 2019/Icetag/IceTags/Session Files/Wk4-5_XX-14DEC2019/8536_Tag168_02DEC2019-1139_14DEC2019-1123.ses,0.335,,,,,,,,
raw_mcgill_complete,Fall 2019,accelerometer_icetag_raw_csv,.csv,Données completes/Données accelerometres/Fall 2019/Icetag/IceTags/Wk4-5_XX-14DEC2019/2041_Tag172_06DEC2019-1113_14DEC2019-1236.csv,0.455,,,,,,,,
raw_mcgill_complete,Fall 2019,accelerometer_icetag_raw_csv,.csv,Données completes/Données accelerometres/Fall 2019/Icetag/IceTags/Wk4-5_XX-14DEC2019/2041_Tag172_06DEC2019-1113_14DEC2019-1236_LB.csv,0.018,,,,,,,,
raw_mcgill_complete,Fall 2019,accelerometer_icetag_raw_csv,.csv,Données completes/Données accelerometres/Fall 2019/Icetag/IceTags/Wk4-5_XX-14DEC2019/2057_Tag161_05DEC2019-1122_14DEC2019-1236.csv,0.511,,,,,,,,
raw_mcgill_complete,Fall 2019,accelerometer_icetag_raw_csv,.csv,Données completes/Données accelerometres/Fall 2019/Icetag/IceTags/Wk4-5_XX-14DEC2019/2057_Tag161_05DEC2019-1122_14DEC2019-1236_LB.csv,0.014,,,,,,,,
raw_mcgill_complete,Fall 2019,accelerometer_icetag_raw_csv,.csv,Données completes/Données accelerometres/Fall 2019/Icetag/IceTags/Wk4-5_XX-14DEC2019/2062_Tag92_06DEC2019-1112_14DEC2019-1238.csv,0.455,,,,,,,,
raw_mcgill_complete,Fall 2019,accelerometer_icetag_raw_csv,.csv,Données completes/Données accelerometres/Fall 2019/Icetag/IceTags/Wk4-5_XX-14DEC2019/2062_Tag92_06DEC2019-1112_14DEC2019-1238_LB.csv,0.124,,,,,,,,
raw_mcgill_complete,Fall 2019,accelerometer_icetag_raw_csv,.csv,Données completes/Données accelerometres/Fall 2019/Icetag/IceTags/Wk4-5_XX-14DEC2019/2063_Tag173_04DEC2019-1019_14DEC2019-1127.csv,0.567,,,,,,,,
raw_mcgill_complete,Fall 2019,accelerometer_icetag_raw_csv,.csv,Données completes/Données accelerometres/Fall 2019/Icetag/IceTags/Wk4-5_XX-14DEC2019/2063_Tag173_04DEC2019-1019_14DEC2019-1127_LB.csv,0.086,,,,,,,,
raw_mcgill_complete,Fall 2019,accelerometer_icetag_raw_csv,.csv,Données completes/Données accelerometres/Fall 2019/Icetag/IceTags/Wk4-5_XX-14DEC2019/2066_Tag180_04DEC2019-1127_14DEC2019-1134.csv,0.566,,,,,,,,
raw_mcgill_complete,Fall 2019,accelerometer_icetag_raw_csv,.csv,Données completes/Données accelerometres/Fall 2019/Icetag/IceTags/Wk4-5_XX-14DEC2019/2066_Tag180_04DEC2019-1127_14DEC2019-1134_LB.csv,0.015,,,,,,,,
raw_mcgill_complete,Fall 2019,accelerometer_icetag_raw_csv,.csv,Données completes/Données accelerometres/Fall 2019/Icetag/IceTags/Wk4-5_XX-14DEC2019/2078_Tag91_03DEC2019-1118_14DEC2019-1124.csv,0.621,,,,,,,,
raw_mcgill_complete,Fall 2019,accelerometer_icetag_raw_csv,.csv,Données completes/Données accelerometres/Fall 2019/Icetag/IceTags/Wk4-5_XX-14DEC2019/2078_Tag91_03DEC2019-1118_14DEC2019-1124_LB.csv,0.032,,,,,,,,
raw_mcgill_complete,Fall 2019,accelerometer_icetag_raw_csv,.csv,Données completes/Données accelerometres/Fall 2019/Icetag/IceTags/Wk4-5_XX-14DEC2019/2081_Tag176_03DEC2019-1124_14DEC2019-1133.csv,0.622,,,,,,,,
raw_mcgill_complete,Fall 2019,accelerometer_icetag_raw_csv,.csv,Données completes/Données accelerometres/Fall 2019/Icetag/IceTags/Wk4-5_XX-14DEC2019/2081_Tag176_03DEC2019-1124_14DEC2019-1133_LB.csv,0.012,,,,,,,,
raw_mcgill_complete,Fall 2019,accelerometer_icetag_raw_csv,.csv,Données completes/Données accelerometres/Fall 2019/Icetag/IceTags/Wk4-5_XX-14DEC2019/3435_Tag179_03DEC2019-1116_14DEC2019-1124.csv,0.621,,,,,,,,
raw_mcgill_complete,Fall 2019,accelerometer_icetag_raw_csv,.csv,Données completes/Données accelerometres/Fall 2019/Icetag/IceTags/Wk4-5_XX-14DEC2019/3435_Tag179_03DEC2019-1116_14DEC2019-1124_LB.csv,0.026,,,,,,,,
raw_mcgill_complete,Fall 2019,accelerometer_icetag_raw_csv,.csv,Données completes/Données accelerometres/Fall 2019/Icetag/IceTags/Wk4-5_XX-14DEC2019/3437_Tag158_05DEC2019-1121_14DEC2019-1235.csv,0.511,,,,,,,,
raw_mcgill_complete,Fall 2019,accelerometer_icetag_raw_csv,.csv,Données completes/Données accelerometres/Fall 2019/Icetag/IceTags/Wk4-5_XX-14DEC2019/3437_Tag158_05DEC2019-1121_14DEC2019-1235_LB.csv,0.086,,,,,,,,
raw_mcgill_complete,Fall 2019,accelerometer_icetag_raw_csv,.csv,Données completes/Données accelerometres/Fall 2019/Icetag/IceTags/Wk4-5_XX-14DEC2019/3444_Tag175_04DEC2019-1128_14DEC2019-1135.csv,0.566,,,,,,,,
raw_mcgill_complete,Fall 2019,accelerometer_icetag_raw_csv,.csv,Données completes/Données accelerometres/Fall 2019/Icetag/IceTags/Wk4-5_XX-14DEC2019/3444_Tag175_04DEC2019-1128_14DEC2019-1135_LB.csv,0.044,,,,,,,,
raw_mcgill_complete,Fall 2019,accelerometer_icetag_raw_csv,.csv,Données completes/Données accelerometres/Fall 2019/Icetag/IceTags/Wk4-5_XX-14DEC2019/5327_Tag85_06DEC2019-1012_14DEC2019-1233.csv,0.458,,,,,,,,
raw_mcgill_complete,Fall 2019,accelerometer_icetag_raw_csv,.csv,Données completes/Données accelerometres/Fall 2019/Icetag/IceTags/Wk4-5_XX-14DEC2019/5327_Tag85_06DEC2019-1012_14DEC2019-1233_LB.csv,0.282,,,,,,,,
raw_mcgill_complete,Fall 2019,accelerometer_icetag_raw_csv,.csv,Données completes/Données accelerometres/Fall 2019/Icetag/IceTags/Wk4-5_XX-14DEC2019/5854_Tag86_05DEC2019-1123_14DEC2019-1236.csv,0.512,,,,,,,,
raw_mcgill_complete,Fall 2019,accelerometer_icetag_raw_csv,.csv,Données completes/Données accelerometres/Fall 2019/Icetag/IceTags/Wk4-5_XX-14DEC2019/5854_Tag86_05DEC2019-1123_14DEC2019-1236_LB.csv,0.044,,,,,,,,
raw_mcgill_complete,Fall 2019,accelerometer_icetag_raw_csv,.csv,Données completes/Données accelerometres/Fall 2019/Icetag/IceTags/Wk4-5_XX-14DEC2019/5857_Tag95_06DEC2019-1013_14DEC2019-1234.csv,0.458,,,,,,,,
raw_mcgill_complete,Fall 2019,accelerometer_icetag_raw_csv,.csv,Données completes/Données accelerometres/Fall 2019/Icetag/IceTags/Wk4-5_XX-14DEC2019/5857_Tag95_06DEC2019-1013_14DEC2019-1234_LB.csv,0.007,,,,,,,,
raw_mcgill_complete,Fall 2019,accelerometer_icetag_raw_csv,.csv,Données completes/Données accelerometres/Fall 2019/Icetag/IceTags/Wk4-5_XX-14DEC2019/5862_Tag167_05DEC2019-1005_14DEC2019-1231.csv,0.515,,,,,,,,
raw_mcgill_complete,Fall 2019,accelerometer_icetag_raw_csv,.csv,Données completes/Données accelerometres/Fall 2019/Icetag/IceTags/Wk4-5_XX-14DEC2019/5862_Tag167_05DEC2019-1005_14DEC2019-1231_LB.csv,0.245,,,,,,,,
raw_mcgill_complete,Fall 2019,accelerometer_icetag_raw_csv,.csv,Données completes/Données accelerometres/Fall 2019/Icetag/IceTags/Wk4-5_XX-14DEC2019/5865_Tag178_06DEC2019-1114_14DEC2019-1238.csv,0.455,,,,,,,,
raw_mcgill_complete,Fall 2019,accelerometer_icetag_raw_csv,.csv,Données completes/Données accelerometres/Fall 2019/Icetag/IceTags/Wk4-5_XX-14DEC2019/5865_Tag178_06DEC2019-1114_14DEC2019-1238_LB.csv,0.043,,,,,,,,
raw_mcgill_complete,Fall 2019,accelerometer_icetag_raw_csv,.csv,Données completes/Données accelerometres/Fall 2019/Icetag/IceTags/Wk4-5_XX-14DEC2019/5870_Tag93_05DEC2019-1006_14DEC2019-1232.csv,0.514,,,,,,,,
raw_mcgill_complete,Fall 2019,accelerometer_icetag_raw_csv,.csv,Données completes/Données accelerometres/Fall 2019/Icetag/IceTags/Wk4-5_XX-14DEC2019/5870_Tag93_05DEC2019-1006_14DEC2019-1232_LB.csv,0.112,,,,,,,,
raw_mcgill_complete,Fall 2019,accelerometer_icetag_raw_csv,.csv,Données completes/Données accelerometres/Fall 2019/Icetag/IceTags/Wk4-5_XX-14DEC2019/5871_Tag94_06DEC2019-1014_14DEC2019-1234.csv,0.457,,,,,,,,
raw_mcgill_complete,Fall 2019,accelerometer_icetag_raw_csv,.csv,Données completes/Données accelerometres/Fall 2019/Icetag/IceTags/Wk4-5_XX-14DEC2019/5871_Tag94_06DEC2019-1014_14DEC2019-1234_LB.csv,0.085,,,,,,,,
raw_mcgill_complete,Fall 2019,accelerometer_icetag_raw_csv,.csv,Données completes/Données accelerometres/Fall 2019/Icetag/IceTags/Wk4-5_XX-14DEC2019/5872_Tag171_04DEC2019-1018_14DEC2019-1126.csv,0.568,,,,,,,,
raw_mcgill_complete,Fall 2019,accelerometer_icetag_raw_csv,.csv,Données completes/Données accelerometres/Fall 2019/Icetag/IceTags/Wk4-5_XX-14DEC2019/5872_Tag171_04DEC2019-1018_14DEC2019-1126_LB.csv,0.006,,,,,,,,
raw_mcgill_complete,Fall 2019,accelerometer_icetag_raw_csv,.csv,Données completes/Données accelerometres/Fall 2019/Icetag/IceTags/Wk4-5_XX-14DEC2019/5874_Tag165_03DEC2019-1123_14DEC2019-1132.csv,0.622,,,,,,,,
raw_mcgill_complete,Fall 2019,accelerometer_icetag_raw_csv,.csv,Données completes/Données accelerometres/Fall 2019/Icetag/IceTags/Wk4-5_XX-14DEC2019/5874_Tag165_03DEC2019-1123_14DEC2019-1132_LB.csv,0.02,,,,,,,,
raw_mcgill_complete,Fall 2019,accelerometer_icetag_raw_csv,.csv,Données completes/Données accelerometres/Fall 2019/Icetag/IceTags/Wk4-5_XX-14DEC2019/5875_Tag97_03DEC2019-1122_14DEC2019-1133.csv,0.622,,,,,,,,
raw_mcgill_complete,Fall 2019,accelerometer_icetag_raw_csv,.csv,Données completes/Données accelerometres/Fall 2019/Icetag/IceTags/Wk4-5_XX-14DEC2019/5875_Tag97_03DEC2019-1122_14DEC2019-1133_LB.csv,0.063,,,,,,,,
raw_mcgill_complete,Fall 2019,accelerometer_icetag_raw_csv,.csv,Données completes/Données accelerometres/Fall 2019/Icetag/IceTags/Wk4-5_XX-14DEC2019/5879_Tag164_04DEC2019-1126_14DEC2019-1134.csv,0.565,,,,,,,,
raw_mcgill_complete,Fall 2019,accelerometer_icetag_raw_csv,.csv,Données completes/Données accelerometres/Fall 2019/Icetag/IceTags/Wk4-5_XX-14DEC2019/5879_Tag164_04DEC2019-1126_14DEC2019-1134_LB.csv,0.134,,,,,,,,
raw_mcgill_complete,Fall 2019,accelerometer_icetag_raw_csv,.csv,Données completes/Données accelerometres/Fall 2019/Icetag/IceTags/Wk4-5_XX-14DEC2019/821_Tag163_05DEC2019-1007_14DEC2019-1232.csv,0.514,,,,,,,,
raw_mcgill_complete,Fall 2019,accelerometer_icetag_raw_csv,.csv,Données completes/Données accelerometres/Fall 2019/Icetag/IceTags/Wk4-5_XX-14DEC2019/821_Tag163_05DEC2019-1007_14DEC2019-1232_LB.csv,0.117,,,,,,,,
raw_mcgill_complete,Fall 2019,accelerometer_icetag_raw_csv,.csv,Données completes/Données accelerometres/Fall 2019/Icetag/IceTags/Wk4-5_XX-14DEC2019/8500_Ta160_03DEC2019-1117_14DEC2019-1125.csv,0.622,,,,,,,,
raw_mcgill_complete,Fall 2019,accelerometer_icetag_raw_csv,.csv,Données completes/Données accelerometres/Fall 2019/Icetag/IceTags/Wk4-5_XX-14DEC2019/8500_Ta160_03DEC2019-1117_14DEC2019-1125_LB.csv,0.205,,,,,,,,
raw_mcgill_complete,Fall 2019,accelerometer_icetag_raw_csv,.csv,Données completes/Données accelerometres/Fall 2019/Icetag/IceTags/Wk4-5_XX-14DEC2019/8501_Tag177_04DEC2019-1017_14DEC2019-1126.csv,0.567,,,,,,,,
raw_mcgill_complete,Fall 2019,accelerometer_icetag_raw_csv,.csv,Données completes/Données accelerometres/Fall 2019/Icetag/IceTags/Wk4-5_XX-14DEC2019/8501_Tag177_04DEC2019-1017_14DEC2019-1126_LB.csv,0.011,,,,,,,,
raw_mcgill_complete,Fall 2019,accelerometer_icetag_raw_csv,.csv,Données completes/Données accelerometres/Fall 2019/Icetag/IceTags/Wk4-5_XX-14DEC2019/8517_Tag87_02DEC2019-1128_14DEC2019-1130.csv,0.679,,,,,,,,
raw_mcgill_complete,Fall 2019,accelerometer_icetag_raw_csv,.csv,Données completes/Données accelerometres/Fall 2019/Icetag/IceTags/Wk4-5_XX-14DEC2019/8517_Tag87_02DEC2019-1128_14DEC2019-1130_LB.csv,0.067,,,,,,,,
raw_mcgill_complete,Fall 2019,accelerometer_icetag_raw_csv,.csv,Données completes/Données accelerometres/Fall 2019/Icetag/IceTags/Wk4-5_XX-14DEC2019/8525_Tag181_02DEC2019-1138_14DEC2019-1123.csv,0.677,,,,,,,,
raw_mcgill_complete,Fall 2019,accelerometer_icetag_raw_csv,.csv,Données completes/Données accelerometres/Fall 2019/Icetag/IceTags/Wk4-5_XX-14DEC2019/8525_Tag181_02DEC2019-1138_14DEC2019-1123_LB.csv,0.022,,,,,,,,
raw_mcgill_complete,Fall 2019,accelerometer_icetag_raw_csv,.csv,Données completes/Données accelerometres/Fall 2019/Icetag/IceTags/Wk4-5_XX-14DEC2019/8526_Tag159_02DEC2019-1130_14DEC2019-1131.csv,0.679,,,,,,,,
raw_mcgill_complete,Fall 2019,accelerometer_icetag_raw_csv,.csv,Données completes/Données accelerometres/Fall 2019/Icetag/IceTags/Wk4-5_XX-14DEC2019/8526_Tag159_02DEC2019-1130_14DEC2019-1131_LB.csv,0.012,,,,,,,,
raw_mcgill_complete,Fall 2019,accelerometer_icetag_raw_csv,.csv,Données completes/Données accelerometres/Fall 2019/Icetag/IceTags/Wk4-5_XX-14DEC2019/8527_Tag96_02DEC2019-1129_14DEC2019-1129.csv,0.679,,,,,,,,
raw_mcgill_complete,Fall 2019,accelerometer_icetag_raw_csv,.csv,Données completes/Données accelerometres/Fall 2019/Icetag/IceTags/Wk4-5_XX-14DEC2019/8527_Tag96_02DEC2019-1129_14DEC2019-1129_LB.csv,0.035,,,,,,,,
raw_mcgill_complete,Fall 2019,accelerometer_icetag_raw_csv,.csv,Données completes/Données accelerometres/Fall 2019/Icetag/IceTags/Wk4-5_XX-14DEC2019/8531_Tag174_02DEC2019-1135_14DEC2019-1122.csv,0.677,,,,,,,,
raw_mcgill_complete,Fall 2019,accelerometer_icetag_raw_csv,.csv,Données completes/Données accelerometres/Fall 2019/Icetag/IceTags/Wk4-5_XX-14DEC2019/8531_Tag174_02DEC2019-1135_14DEC2019-1122_LB.csv,0.018,,,,,,,,
raw_mcgill_complete,Fall 2019,accelerometer_icetag_raw_csv,.csv,Données completes/Données accelerometres/Fall 2019/Icetag/IceTags/Wk4-5_XX-14DEC2019/8536_Tag168_02DEC2019-1139_14DEC2019-1123.csv,0.678,,,,,,,,
raw_mcgill_complete,Fall 2019,accelerometer_icetag_raw_csv,.csv,Données completes/Données accelerometres/Fall 2019/Icetag/IceTags/Wk4-5_XX-14DEC2019/8536_Tag168_02DEC2019-1139_14DEC2019-1123_LB.csv,0.065,,,,,,,,
raw_mcgill_complete,Fall 2021,environment_hobo_xlsx,.xlsx,Données completes/Données accelerometres/Fall 2021/Hobos/Kinetic and hooftrimming- Follow-up/HOBO 1 2022-02-10 15_39_09 -0500.xlsx,0.549,4620,13,,,,3,"DATA, Event Data, Details","Plot Title: HOBO 1, , , , , , , , , , , "
raw_mcgill_complete,Fall 2021,environment_hobo_xlsx,.xlsx,Données completes/Données accelerometres/Fall 2021/Hobos/Kinetic and hooftrimming-post trial/HOBO 2 2021-12-17 11_59_11 -0500.xlsx,0.143,,,,,,3,"DATA, Event Data, Details",Plot Title: HOBO 2
raw_mcgill_complete,Fall 2021,environment_hobo_csv,.csv,Données completes/Données accelerometres/Fall 2021/Hobos/Nov 1-9/HOBO 1 2021-11-09 10_52_37 -0500.csv,0.201,,,,,,,,
raw_mcgill_complete,Fall 2021,environment_hobo_xlsx,.xlsx,Données completes/Données accelerometres/Fall 2021/Hobos/Nov 1-9/HOBO 1 2021-11-09 10_52_37 -0500.xlsx,0.287,,,,,,3,"DATA, Event Data, Details",Plot Title: HOBO 1
raw_mcgill_complete,Fall 2021,environment_hobo_csv,.csv,Données completes/Données accelerometres/Fall 2021/Hobos/Nov 1-9/HOBO 2 2021-11-09 10_53_42 -0500.csv,0.201,,,,,,,,
raw_mcgill_complete,Fall 2021,environment_hobo_xlsx,.xlsx,Données completes/Données accelerometres/Fall 2021/Hobos/Nov 1-9/HOBO 2 2021-11-09 10_53_42 -0500.xlsx,0.286,,,,,,3,"DATA, Event Data, Details",Plot Title: HOBO 2
raw_mcgill_complete,Fall 2021,environment_hobo_csv,.csv,Données completes/Données accelerometres/Fall 2021/Hobos/Nov 1-9/HOBO 3 2021-11-09 10_54_42 -0500.csv,0.201,,,,,,,,
raw_mcgill_complete,Fall 2021,environment_hobo_xlsx,.xlsx,Données completes/Données accelerometres/Fall 2021/Hobos/Nov 1-9/HOBO 3 2021-11-09 10_54_42 -0500.xlsx,0.287,,,,,,3,"DATA, Event Data, Details",Plot Title: HOBO 3
raw_mcgill_complete,Fall 2021,environment_hobo_csv,.csv,Données completes/Données accelerometres/Fall 2021/Hobos/Nov 1-9/HOBO 4 2021-11-09 10_55_43 -0500.csv,0.201,,,,,,,,
raw_mcgill_complete,Fall 2021,environment_hobo_xlsx,.xlsx,Données completes/Données accelerometres/Fall 2021/Hobos/Nov 1-9/HOBO 4 2021-11-09 10_55_43 -0500.xlsx,0.287,,,,,,3,"DATA, Event Data, Details",Plot Title: HOBO 4
raw_mcgill_complete,Fall 2021,environment_hobo_xlsx,.xlsx,Données completes/Données accelerometres/Fall 2021/Hobos/Nov 23-30/HOBO 1 2021-11-30 10_00_59 -0500.xlsx,0.268,1999,13,,,,3,"DATA, Event Data, Details","Plot Title: HOBO 1, , , , , , , , , , , "
raw_mcgill_complete,Fall 2021,environment_hobo_xlsx,.xlsx,Données completes/Données accelerometres/Fall 2021/Hobos/Nov 23-30/HOBO 2 2021-11-30 10_01_59 -0500.xlsx,0.266,1999,13,,,,3,"DATA, Event Data, Details","Plot Title: HOBO 2, , , , , , , , , , , "
raw_mcgill_complete,Fall 2021,environment_hobo_xlsx,.xlsx,Données completes/Données accelerometres/Fall 2021/Hobos/Nov 23-30/HOBO 3 2021-11-30 10_02_57 -0500.xlsx,0.269,1999,13,,,,3,"DATA, Event Data, Details","Plot Title: HOBO 3, , , , , , , , , , , "
raw_mcgill_complete,Fall 2021,environment_hobo_xlsx,.xlsx,Données completes/Données accelerometres/Fall 2021/Hobos/Nov 23-30/HOBO 4 2021-11-30 10_04_05 -0500.xlsx,0.267,1999,13,,,,3,"DATA, Event Data, Details","Plot Title: HOBO 4, , , , , , , , , , , "
raw_mcgill_complete,Fall 2021,environment_hobo_xlsx,.xlsx,Données completes/Données accelerometres/Fall 2021/Hobos/Nov 30-Dec 08/HOBO 1 2021-12-08 13_16_44 -0500.xlsx,0.313,2346,13,,,,3,"DATA, Event Data, Details","Plot Title: HOBO 1, , , , , , , , , , , "
raw_mcgill_complete,Fall 2021,environment_hobo_xlsx,.xlsx,Données completes/Données accelerometres/Fall 2021/Hobos/Nov 30-Dec 08/HOBO 2 2021-12-08 13_17_46 -0500.xlsx,0.313,2346,13,,,,3,"DATA, Event Data, Details","Plot Title: HOBO 2, , , , , , , , , , , "
raw_mcgill_complete,Fall 2021,environment_hobo_xlsx,.xlsx,Données completes/Données accelerometres/Fall 2021/Hobos/Nov 30-Dec 08/HOBO 3 2021-12-08 13_28_40 -0500.xlsx,0.314,2348,13,,,,3,"DATA, Event Data, Details","Plot Title: HOBO 3, , , , , , , , , , , "
raw_mcgill_complete,Fall 2021,environment_hobo_xlsx,.xlsx,Données completes/Données accelerometres/Fall 2021/Hobos/Nov 30-Dec 08/HOBO 4 2021-12-08 13_29_51 -0500.xlsx,0.312,2348,13,,,,3,"DATA, Event Data, Details","Plot Title: HOBO 4, , , , , , , , , , , "
raw_mcgill_complete,Fall 2021,environment_hobo_xlsx,.xlsx,Données completes/Données accelerometres/Fall 2021/Hobos/Nov 9-16/HOBO 1 2021-11-16 11_12_16 -0500.xlsx,0.267,1988,13,,,,3,"DATA, Event Data, Details","Plot Title: HOBO 1, , , , , , , , , , , "
raw_mcgill_complete,Fall 2021,environment_hobo_xlsx,.xlsx,Données completes/Données accelerometres/Fall 2021/Hobos/Nov 9-16/HOBO 2 2021-11-16 11_15_27 -0500.xlsx,0.262,1988,13,,,,3,"DATA, Event Data, Details","Plot Title: HOBO 2, , , , , , , , , , , "
raw_mcgill_complete,Fall 2021,environment_hobo_xlsx,.xlsx,Données completes/Données accelerometres/Fall 2021/Hobos/Nov 9-16/HOBO 3 2021-11-16 11_16_24 -0500.xlsx,0.269,1989,13,,,,3,"DATA, Event Data, Details","Plot Title: HOBO 3, , , , , , , , , , , "
raw_mcgill_complete,Fall 2021,environment_hobo_xlsx,.xlsx,Données completes/Données accelerometres/Fall 2021/Hobos/Nov 9-16/HOBO 4 2021-11-16 11_17_20 -0500.xlsx,0.265,1989,13,,,,3,"DATA, Event Data, Details","Plot Title: HOBO 4, , , , , , , , , , , "
raw_mcgill_complete,Fall 2021,environment_hobo_xlsx,.xlsx,Données completes/Données accelerometres/Fall 2021/Hobos/Nov 9-23/HOBO 1 2021-11-23 11-26-20 -0500.xlsx,0.523,4007,13,,,,3,"DATA, Event Data, Details","Plot Title: HOBO 1, , , , , , , , , , , "
raw_mcgill_complete,Fall 2021,environment_hobo_xlsx,.xlsx,Données completes/Données accelerometres/Fall 2021/Hobos/Nov 9-23/HOBO 2 2021-11-23 11-39-30 -0500.xlsx,0.518,4009,13,,,,3,"DATA, Event Data, Details","Plot Title: HOBO 2, , , , , , , , , , , "
raw_mcgill_complete,Fall 2021,environment_hobo_xlsx,.xlsx,Données completes/Données accelerometres/Fall 2021/Hobos/Nov 9-23/HOBO 3 2021-11-23 11-37-58 -0500.xlsx,0.527,4009,13,,,,3,"DATA, Event Data, Details","Plot Title: HOBO 3, , , , , , , , , , , "
raw_mcgill_complete,Fall 2021,environment_hobo_xlsx,.xlsx,Données completes/Données accelerometres/Fall 2021/Hobos/Nov 9-23/HOBO 4 2021-11-23 11-36-29 -0500.xlsx,0.521,4009,13,,,,3,"DATA, Event Data, Details","Plot Title: HOBO 4, , , , , , , , , , , "
raw_mcgill_complete,Fall 2021,accelerometer_icetag_workbook_or_mapping,.xlsx,Données completes/Données accelerometres/Fall 2021/Icetag/IceTags/Copy of Ice tag download Notes1.xlsx,0.02,18,8,,,,1,Sheet1,"Cow Name, Cow_ID, Group#, IceTag#, 2021-11-09 00:00:00, 2021-11-16 00:00:00, 2021-11-23 00:00:00, 2021-11-30 00:00:00"
raw_mcgill_complete,Fall 2021,accelerometer_icetag_workbook_or_mapping,.xlsx,Données completes/Données accelerometres/Fall 2021/Icetag/IceTags/Ice tag download Notes.xlsx,0.018,18,6,,,,1,Sheet1,"Cow Name, Cow_ID, Group#, IceTag#, 2021-11-09 00:00:00, 2021-11-16 00:00:00"
raw_mcgill_complete,Fall 2021,accelerometer_icetag_raw_csv,.csv,Données completes/Données accelerometres/Fall 2021/Icetag/IceTags/IceTag Files - Fall 2021 - 06DEC2021/IceTag 50001990 (P)_11-30-2021__09;21;36.csv,0.343,,,,,,,,
raw_mcgill_complete,Fall 2021,accelerometer_icetag_raw_csv,.csv,Données completes/Données accelerometres/Fall 2021/Icetag/IceTags/IceTag Files - Fall 2021 - 06DEC2021/IceTag 50001990 (P)_11-30-2021__09;21;36_LB.csv,0.01,,,,,,,,
raw_mcgill_complete,Fall 2021,accelerometer_icetag_raw_csv,.csv,Données completes/Données accelerometres/Fall 2021/Icetag/IceTags/IceTag Files - Fall 2021 - 06DEC2021/IceTag 50030157 (P)_11-30-2021__09;33;44.csv,0.342,,,,,,,,
raw_mcgill_complete,Fall 2021,accelerometer_icetag_raw_csv,.csv,Données completes/Données accelerometres/Fall 2021/Icetag/IceTags/IceTag Files - Fall 2021 - 06DEC2021/IceTag 50030157 (P)_11-30-2021__09;33;44_LB.csv,0.004,,,,,,,,
raw_mcgill_complete,Fall 2021,accelerometer_icetag_raw_csv,.csv,Données completes/Données accelerometres/Fall 2021/Icetag/IceTags/IceTag Files - Fall 2021 - 06DEC2021/IceTag 50030163 (P)_11-30-2021__09;36;41.csv,0.006,,,,,,,,
raw_mcgill_complete,Fall 2021,accelerometer_icetag_raw_csv,.csv,Données completes/Données accelerometres/Fall 2021/Icetag/IceTags/IceTag Files - Fall 2021 - 06DEC2021/IceTag 50030163 (P)_11-30-2021__09;36;41_LB.csv,0.0,,,,,,,,
raw_mcgill_complete,Fall 2021,accelerometer_icetag_raw_csv,.csv,Données completes/Données accelerometres/Fall 2021/Icetag/IceTags/IceTag Files - Fall 2021 - 06DEC2021/IceTag 50030172 (P)_11-30-2021__09;31;07.csv,0.342,,,,,,,,
raw_mcgill_complete,Fall 2021,accelerometer_icetag_raw_csv,.csv,Données completes/Données accelerometres/Fall 2021/Icetag/IceTags/IceTag Files - Fall 2021 - 06DEC2021/IceTag 50030172 (P)_11-30-2021__09;31;07_LB.csv,0.007,,,,,,,,
raw_mcgill_complete,Fall 2021,accelerometer_icetag_raw_csv,.csv,Données completes/Données accelerometres/Fall 2021/Icetag/IceTags/IceTag Files - Fall 2021 - 06DEC2021/IceTag 50030175 (P)_11-30-2021__09;11;47.csv,0.343,,,,,,,,
raw_mcgill_complete,Fall 2021,accelerometer_icetag_raw_csv,.csv,Données completes/Données accelerometres/Fall 2021/Icetag/IceTags/IceTag Files - Fall 2021 - 06DEC2021/IceTag 50030175 (P)_11-30-2021__09;11;47_LB.csv,0.049,,,,,,,,
raw_mcgill_complete,Fall 2021,accelerometer_icetag_raw_csv,.csv,Données completes/Données accelerometres/Fall 2021/Icetag/IceTags/IceTag Files - Fall 2021 - 06DEC2021/IceTag 50030176 (P)_11-30-2021__09;04;22.csv,0.344,,,,,,,,
raw_mcgill_complete,Fall 2021,accelerometer_icetag_raw_csv,.csv,Données completes/Données accelerometres/Fall 2021/Icetag/IceTags/IceTag Files - Fall 2021 - 06DEC2021/IceTag 50030176 (P)_11-30-2021__09;04;22_LB.csv,0.006,,,,,,,,
raw_mcgill_complete,Fall 2021,accelerometer_icetag_raw_csv,.csv,Données completes/Données accelerometres/Fall 2021/Icetag/IceTags/IceTag Files - Fall 2021 - 06DEC2021/IceTag 50030177 (P)_11-30-2021__09;28;23.csv,0.263,,,,,,,,
raw_mcgill_complete,Fall 2021,accelerometer_icetag_raw_csv,.csv,Données completes/Données accelerometres/Fall 2021/Icetag/IceTags/IceTag Files - Fall 2021 - 06DEC2021/IceTag 50030177 (P)_11-30-2021__09;28;23_LB.csv,0.022,,,,,,,,
raw_mcgill_complete,Fall 2021,accelerometer_icetag_raw_csv,.csv,Données completes/Données accelerometres/Fall 2021/Icetag/IceTags/IceTag Files - Fall 2021 - 06DEC2021/IceTag 50030178 (P)_11-30-2021__09;39;41.csv,0.342,,,,,,,,
raw_mcgill_complete,Fall 2021,accelerometer_icetag_raw_csv,.csv,Données completes/Données accelerometres/Fall 2021/Icetag/IceTags/IceTag Files - Fall 2021 - 06DEC2021/IceTag 50030178 (P)_11-30-2021__09;39;41_LB.csv,0.03,,,,,,,,
raw_mcgill_complete,Fall 2021,accelerometer_icetag_raw_csv,.csv,Données completes/Données accelerometres/Fall 2021/Icetag/IceTags/IceTag Files - Fall 2021 - 06DEC2021/IceTag 50030180 (P)_11-30-2021__09;06;40.csv,0.343,,,,,,,,
raw_mcgill_complete,Fall 2021,accelerometer_icetag_raw_csv,.csv,Données completes/Données accelerometres/Fall 2021/Icetag/IceTags/IceTag Files - Fall 2021 - 06DEC2021/IceTag 50030180 (P)_11-30-2021__09;06;40_LB.csv,0.007,,,,,,,,
raw_mcgill_complete,Fall 2021,accelerometer_icetag_raw_csv,.csv,Données completes/Données accelerometres/Fall 2021/Icetag/IceTags/IceTag Files - Fall 2021 - 06DEC2021/IceTag 50030181 (P)_11-30-2021__09;21;15.csv,0.342,,,,,,,,
raw_mcgill_complete,Fall 2021,accelerometer_icetag_raw_csv,.csv,Données completes/Données accelerometres/Fall 2021/Icetag/IceTags/IceTag Files - Fall 2021 - 06DEC2021/IceTag 50030181 (P)_11-30-2021__09;21;15_LB.csv,0.006,,,,,,,,
raw_mcgill_complete,Fall 2021,behavior_scan_workbook,.xlsx,Données completes/Données accelerometres/Fall 2021/Scan Sampling.xlsx,0.14,62,30,,,,17,"Nov 1, Nov 3, Nov 4, Nov 5, Nov 8, Nov 11, Nov 15, Nov 12, Nov 18, Nov 19","Date: Nov 1, , , , 11:22am, , , , Observer: Jazzy, , , "
raw_mcgill_complete,Summer 2019,behavior_scan_workbook,.xlsx,Données completes/Données accelerometres/Summer 2019/Behavioral scans - Catherine.xlsx,0.211,32,2,,,,15,"Code used, SCAN template, Week 1, Week 1.2, Week 2, Week 3, Week 4, Week 5 (don't use it), Week 5.2 (the good one), Week 6","Distance Code, Distance Definition"
raw_mcgill_complete,Summer 2019,environment_hobo_graph_png,.png,Données completes/Données accelerometres/Summer 2019/Hobo/1 May_31_2019 to June_22_2019/Inside/Row 3/Inside 3 2019-06-25 16_53_38 -0400 (1).png,0.089,,,,,,,,
raw_mcgill_complete,Summer 2019,environment_hobo_raw_hobo,.hobo,Données completes/Données accelerometres/Summer 2019/Hobo/1 May_31_2019 to June_22_2019/Inside/Row 3/Inside 3 2019-06-25 16_53_38 -0400.hobo,0.125,,,,,,,,
raw_mcgill_complete,Summer 2019,environment_hobo_graph_png,.png,Données completes/Données accelerometres/Summer 2019/Hobo/1 May_31_2019 to June_22_2019/Inside/Row 3/Inside 3 2019-06-25 16_53_38 -0400.png,0.077,,,,,,,,
raw_mcgill_complete,Summer 2019,environment_hobo_xlsx,.xlsx,Données completes/Données accelerometres/Summer 2019/Hobo/1 May_31_2019 to June_22_2019/Inside/Row 3/Inside 3 2019-06-25 16_53_38 -0400.xlsx,0.778,,,,,,3,"DONNÉES, Données d'événement, Détails",Titre du tracé : Inside 3
raw_mcgill_complete,Summer 2019,environment_hobo_graph_png,.png,Données completes/Données accelerometres/Summer 2019/Hobo/1 May_31_2019 to June_22_2019/Inside/Row 4/Inside 4 2019-06-25 16_56_53 -0400 (1).png,0.087,,,,,,,,
raw_mcgill_complete,Summer 2019,environment_hobo_raw_hobo,.hobo,Données completes/Données accelerometres/Summer 2019/Hobo/1 May_31_2019 to June_22_2019/Inside/Row 4/Inside 4 2019-06-25 16_56_53 -0400.hobo,0.125,,,,,,,,
raw_mcgill_complete,Summer 2019,environment_hobo_graph_png,.png,Données completes/Données accelerometres/Summer 2019/Hobo/1 May_31_2019 to June_22_2019/Inside/Row 4/Inside 4 2019-06-25 16_56_53 -0400.png,0.077,,,,,,,,
raw_mcgill_complete,Summer 2019,environment_hobo_xlsx,.xlsx,Données completes/Données accelerometres/Summer 2019/Hobo/1 May_31_2019 to June_22_2019/Inside/Row 4/Inside 4 2019-06-25 16_56_53 -0400.xlsx,0.779,,,,,,3,"DONNÉES, Données d'événement, Détails",Titre du tracé : Inside 4
raw_mcgill_complete,Summer 2019,environment_hobo_xlsx,.xlsx,Données completes/Données accelerometres/Summer 2019/Hobo/2 June_25_2019 (17h35) - July_12_2019 (13h30)/Inside/Inside Hobo 3 - Excel.xlsx,0.713,4850,13,,,,3,"DONNÉES, Données d'événement, Détails","Titre du tracé : Inside 3, , , , , , , , , , , "
raw_mcgill_complete,Summer 2019,environment_hobo_graph_png,.png,Données completes/Données accelerometres/Summer 2019/Hobo/2 June_25_2019 (17h35) - July_12_2019 (13h30)/Inside/Inside Hobo 3 - Graph.png,0.085,,,,,,,,
raw_mcgill_complete,Summer 2019,environment_hobo_raw_hobo,.hobo,Données completes/Données accelerometres/Summer 2019/Hobo/2 June_25_2019 (17h35) - July_12_2019 (13h30)/Inside/Inside Hobo 3 - HOBOware.hobo,0.1,,,,,,,,
raw_mcgill_complete,Summer 2019,environment_hobo_xlsx,.xlsx,Données completes/Données accelerometres/Summer 2019/Hobo/2 June_25_2019 (17h35) - July_12_2019 (13h30)/Inside/Inside Hobo 4 - Excel.xlsx,0.709,4851,13,,,,3,"DONNÉES, Données d'événement, Détails","Titre du tracé : Inside 4, , , , , , , , , , , "
raw_mcgill_complete,Summer 2019,environment_hobo_raw_hobo,.hobo,Données completes/Données accelerometres/Summer 2019/Hobo/2 June_25_2019 (17h35) - July_12_2019 (13h30)/Inside/Inside Hobo 4 - HOBOware.hobo,0.1,,,,,,,,
raw_mcgill_complete,Summer 2019,environment_hobo_graph_png,.png,Données completes/Données accelerometres/Summer 2019/Hobo/2 June_25_2019 (17h35) - July_12_2019 (13h30)/Inside/Inside hobo 4 - Graph.png,0.086,,,,,,,,
raw_mcgill_complete,Summer 2019,environment_hobo_xlsx,.xlsx,Données completes/Données accelerometres/Summer 2019/Hobo/2 June_25_2019 (17h35) - July_12_2019 (13h30)/Outside/Hobo 1 - Excel.xlsx,0.491,3232,13,,,,3,"DONNÉES, Données d'événement, Détails","Titre du tracé : Outside 1, , , , , , , , , , , "
raw_mcgill_complete,Summer 2019,environment_hobo_graph_png,.png,Données completes/Données accelerometres/Summer 2019/Hobo/2 June_25_2019 (17h35) - July_12_2019 (13h30)/Outside/Hobo 1 - Graph.png,0.08,,,,,,,,
raw_mcgill_complete,Summer 2019,environment_hobo_raw_hobo,.hobo,Données completes/Données accelerometres/Summer 2019/Hobo/2 June_25_2019 (17h35) - July_12_2019 (13h30)/Outside/Hobo 1 - HOBOware.hobo,0.068,,,,,,,,
raw_mcgill_complete,Summer 2019,environment_hobo_xlsx,.xlsx,Données completes/Données accelerometres/Summer 2019/Hobo/2 June_25_2019 (17h35) - July_12_2019 (13h30)/Outside/Hobo 2 - Excel.xlsx,0.491,3233,13,,,,3,"DONNÉES, Données d'événement, Détails","Titre du tracé : Outside 2, , , , , , , , , , , "
raw_mcgill_complete,Summer 2019,environment_hobo_graph_png,.png,Données completes/Données accelerometres/Summer 2019/Hobo/2 June_25_2019 (17h35) - July_12_2019 (13h30)/Outside/Hobo 2 - Graph.png,0.081,,,,,,,,
raw_mcgill_complete,Summer 2019,environment_hobo_raw_hobo,.hobo,Données completes/Données accelerometres/Summer 2019/Hobo/2 June_25_2019 (17h35) - July_12_2019 (13h30)/Outside/Hobo 2 - HOBOware.hobo,0.068,,,,,,,,
raw_mcgill_complete,Summer 2019,environment_hobo_xlsx,.xlsx,Données completes/Données accelerometres/Summer 2019/Hobo/3 July_12_2019 (13h53) - July_19_2019 (16h00)/Inside/Hobo 3 - Excel.xlsx,0.31,2044,13,,,,3,"DONNÉES, Données d'événement, Détails","Titre du tracé : Inside 3, , , , , , , , , , , "
raw_mcgill_complete,Summer 2019,environment_hobo_graph_png,.png,Données completes/Données accelerometres/Summer 2019/Hobo/3 July_12_2019 (13h53) - July_19_2019 (16h00)/Inside/Hobo 3 - Graph.png,0.08,,,,,,,,
raw_mcgill_complete,Summer 2019,environment_hobo_raw_hobo,.hobo,Données completes/Données accelerometres/Summer 2019/Hobo/3 July_12_2019 (13h53) - July_19_2019 (16h00)/Inside/Hobo 3 - HOBOware.hobo,0.047,,,,,,,,
raw_mcgill_complete,Summer 2019,environment_hobo_xlsx,.xlsx,Données completes/Données accelerometres/Summer 2019/Hobo/3 July_12_2019 (13h53) - July_19_2019 (16h00)/Inside/Hobo 4 - Excel.xlsx,0.881,6088,13,,,,3,"DONNÉES, Données d'événement, Détails","Titre du tracé : Inside 4, , , , , , , , , , , "
raw_mcgill_complete,Summer 2019,environment_hobo_graph_png,.png,Données completes/Données accelerometres/Summer 2019/Hobo/3 July_12_2019 (13h53) - July_19_2019 (16h00)/Inside/Hobo 4 - Graph.png,0.086,,,,,,,,
raw_mcgill_complete,Summer 2019,environment_hobo_raw_hobo,.hobo,Données completes/Données accelerometres/Summer 2019/Hobo/3 July_12_2019 (13h53) - July_19_2019 (16h00)/Inside/Hobo 4 - HOBOware.hobo,0.125,,,,,,,,
raw_mcgill_complete,Summer 2019,environment_hobo_xlsx,.xlsx,Données completes/Données accelerometres/Summer 2019/Hobo/3 July_12_2019 (13h53) - July_19_2019 (16h00)/Outside/Hobo 1 - Excel.xlsx,0.317,2048,13,,,,3,"DONNÉES, Données d'événement, Détails","Titre du tracé : Outside 1, , , , , , , , , , , "
raw_mcgill_complete,Summer 2019,environment_hobo_graph_png,.png,Données completes/Données accelerometres/Summer 2019/Hobo/3 July_12_2019 (13h53) - July_19_2019 (16h00)/Outside/Hobo 1 - Graph.png,0.089,,,,,,,,
raw_mcgill_complete,Summer 2019,environment_hobo_raw_hobo,.hobo,Données completes/Données accelerometres/Summer 2019/Hobo/3 July_12_2019 (13h53) - July_19_2019 (16h00)/Outside/Hobo 1 - HOBOware.hobo,0.047,,,,,,,,
raw_mcgill_complete,Summer 2019,environment_hobo_xlsx,.xlsx,Données completes/Données accelerometres/Summer 2019/Hobo/3 July_12_2019 (13h53) - July_19_2019 (16h00)/Outside/Hobo 2 - Excel.xlsx,0.317,2049,13,,,,3,"DONNÉES, Données d'événement, Détails","Titre du tracé : Outside 2, , , , , , , , , , , "
raw_mcgill_complete,Summer 2019,environment_hobo_graph_png,.png,Données completes/Données accelerometres/Summer 2019/Hobo/3 July_12_2019 (13h53) - July_19_2019 (16h00)/Outside/Hobo 2 - Graph.png,0.091,,,,,,,,
raw_mcgill_complete,Summer 2019,environment_hobo_raw_hobo,.hobo,Données completes/Données accelerometres/Summer 2019/Hobo/3 July_12_2019 (13h53) - July_19_2019 (16h00)/Outside/Hobo 2 - HOBOware.hobo,0.047,,,,,,,,
raw_mcgill_complete,Summer 2019,environment_hobo_xlsx,.xlsx,Données completes/Données accelerometres/Summer 2019/Hobo/4 July_19_2019 (16h00) - July_26_2019 (14h00)/Inside/Hobo 3 - Excel.xlsx,0.304,1991,13,,,,3,"DONNÉES, Données d'événement, Détails","Titre du tracé : Inside 3, , , , , , , , , , , "
raw_mcgill_complete,Summer 2019,environment_hobo_graph_png,.png,Données completes/Données accelerometres/Summer 2019/Hobo/4 July_19_2019 (16h00) - July_26_2019 (14h00)/Inside/Hobo 3 - Graph.png,0.083,,,,,,,,
raw_mcgill_complete,Summer 2019,environment_hobo_raw_hobo,.hobo,Données completes/Données accelerometres/Summer 2019/Hobo/4 July_19_2019 (16h00) - July_26_2019 (14h00)/Inside/Hobo 3 - HOBOware.hobo,0.045,,,,,,,,
raw_mcgill_complete,Summer 2019,environment_hobo_xlsx,.xlsx,Données completes/Données accelerometres/Summer 2019/Hobo/4 July_19_2019 (16h00) - July_26_2019 (14h00)/Inside/Hobo 4 - Excel.xlsx,0.253,,,,,,3,"DONNÉES, Données d'événement, Détails",Titre du tracé : Inside 4
raw_mcgill_complete,Summer 2019,environment_hobo_graph_png,.png,Données completes/Données accelerometres/Summer 2019/Hobo/4 July_19_2019 (16h00) - July_26_2019 (14h00)/Inside/Hobo 4 - Graph.png,0.083,,,,,,,,
raw_mcgill_complete,Summer 2019,environment_hobo_raw_hobo,.hobo,Données completes/Données accelerometres/Summer 2019/Hobo/4 July_19_2019 (16h00) - July_26_2019 (14h00)/Inside/Hobo 4 - HOBOware.hobo,0.045,,,,,,,,
raw_mcgill_complete,Summer 2019,environment_hobo_xlsx,.xlsx,Données completes/Données accelerometres/Summer 2019/Hobo/4 July_19_2019 (16h00) - July_26_2019 (14h00)/Outside/Hobo 1 - Excel.xlsx,0.31,1992,13,,,,3,"DONNÉES, Données d'événement, Détails","Titre du tracé : Outside 1, , , , , , , , , , , "
raw_mcgill_complete,Summer 2019,environment_hobo_graph_png,.png,Données completes/Données accelerometres/Summer 2019/Hobo/4 July_19_2019 (16h00) - July_26_2019 (14h00)/Outside/Hobo 1 - Graph.png,0.077,,,,,,,,
raw_mcgill_complete,Summer 2019,environment_hobo_raw_hobo,.hobo,Données completes/Données accelerometres/Summer 2019/Hobo/4 July_19_2019 (16h00) - July_26_2019 (14h00)/Outside/Hobo 1 - HOBOware.hobo,0.045,,,,,,,,
raw_mcgill_complete,Summer 2019,environment_hobo_xlsx,.xlsx,Données completes/Données accelerometres/Summer 2019/Hobo/4 July_19_2019 (16h00) - July_26_2019 (14h00)/Outside/Hobo 2 - Excel.xlsx,0.311,1992,13,,,,3,"DONNÉES, Données d'événement, Détails","Titre du tracé : Outside 2, , , , , , , , , , , "
raw_mcgill_complete,Summer 2019,environment_hobo_graph_png,.png,Données completes/Données accelerometres/Summer 2019/Hobo/4 July_19_2019 (16h00) - July_26_2019 (14h00)/Outside/Hobo 2 - Graph.png,0.078,,,,,,,,
raw_mcgill_complete,Summer 2019,environment_hobo_raw_hobo,.hobo,Données completes/Données accelerometres/Summer 2019/Hobo/4 July_19_2019 (16h00) - July_26_2019 (14h00)/Outside/Hobo 2 - HOBOware.hobo,0.045,,,,,,,,
raw_mcgill_complete,Summer 2019,environment_hobo_xlsx,.xlsx,Données completes/Données accelerometres/Summer 2019/Hobo/5 July_26_2019 (13h58) - August_2_2019 (16h30)/Inside/Hobo 3 - Excel (26 juillet au 2 aout).xlsx,0.311,2049,13,,,,3,"DONNÉES, Données d'événement, Détails","Titre du tracé : Inside 3, , , , , , , , , , , "
raw_mcgill_complete,Summer 2019,environment_hobo_graph_png,.png,Données completes/Données accelerometres/Summer 2019/Hobo/5 July_26_2019 (13h58) - August_2_2019 (16h30)/Inside/Hobo 3 - Graph.png,0.084,,,,,,,,
raw_mcgill_complete,Summer 2019,environment_hobo_raw_hobo,.hobo,Données completes/Données accelerometres/Summer 2019/Hobo/5 July_26_2019 (13h58) - August_2_2019 (16h30)/Inside/Hobo 3 - HOBOware.hobo,0.047,,,,,,,,
raw_mcgill_complete,Summer 2019,environment_hobo_xlsx,.xlsx,Données completes/Données accelerometres/Summer 2019/Hobo/5 July_26_2019 (13h58) - August_2_2019 (16h30)/Inside/Hobo 4 - Excel (26 juillet au 2 aout).xlsx,0.312,2049,13,,,,3,"DONNÉES, Données d'événement, Détails","Titre du tracé : Inside 4, , , , , , , , , , , "
raw_mcgill_complete,Summer 2019,environment_hobo_raw_hobo,.hobo,Données completes/Données accelerometres/Summer 2019/Hobo/5 July_26_2019 (13h58) - August_2_2019 (16h30)/Inside/Hobo 4 - HOBOware.hobo,0.047,,,,,,,,
raw_mcgill_complete,Summer 2019,environment_hobo_xlsx,.xlsx,Données completes/Données accelerometres/Summer 2019/Hobo/5 July_26_2019 (13h58) - August_2_2019 (16h30)/Outside/Hobo 1 - Excel (26 juillet au 2 aout).xlsx,0.318,2049,13,,,,3,"DONNÉES, Données d'événement, Détails","Titre du tracé : Outside 1, , , , , , , , , , , "
raw_mcgill_complete,Summer 2019,environment_hobo_graph_png,.png,Données completes/Données accelerometres/Summer 2019/Hobo/5 July_26_2019 (13h58) - August_2_2019 (16h30)/Outside/Hobo 1 - Graph.png,0.094,,,,,,,,
raw_mcgill_complete,Summer 2019,environment_hobo_raw_hobo,.hobo,Données completes/Données accelerometres/Summer 2019/Hobo/5 July_26_2019 (13h58) - August_2_2019 (16h30)/Outside/Hobo 1 - HOBOware.hobo,0.047,,,,,,,,
raw_mcgill_complete,Summer 2019,environment_hobo_xlsx,.xlsx,Données completes/Données accelerometres/Summer 2019/Hobo/5 July_26_2019 (13h58) - August_2_2019 (16h30)/Outside/Hobo 2 - Excel (26 juillet au 2 aout).xlsx,0.318,2049,13,,,,3,"DONNÉES, Données d'événement, Détails","Titre du tracé : Outside 2, , , , , , , , , , , "
raw_mcgill_complete,Summer 2019,environment_hobo_graph_png,.png,Données completes/Données accelerometres/Summer 2019/Hobo/5 July_26_2019 (13h58) - August_2_2019 (16h30)/Outside/Hobo 2 - Graph.png,0.083,,,,,,,,
raw_mcgill_complete,Summer 2019,environment_hobo_raw_hobo,.hobo,Données completes/Données accelerometres/Summer 2019/Hobo/5 July_26_2019 (13h58) - August_2_2019 (16h30)/Outside/Hobo 2 - HOBOware.hobo,0.047,,,,,,,,
raw_mcgill_complete,Summer 2019,environment_hobo_xlsx,.xlsx,Données completes/Données accelerometres/Summer 2019/Hobo/6 August_2_2019 (16h34) - August_9_2019 (11h39)/Inside/Hobo 1 - Excel.xlsx,0.303,1962,13,,,,3,"DONNÉES, Données d'événement, Détails","Titre du tracé : Outside 1, , , , , , , , , , , "
raw_mcgill_complete,Summer 2019,environment_hobo_graph_png,.png,Données completes/Données accelerometres/Summer 2019/Hobo/6 August_2_2019 (16h34) - August_9_2019 (11h39)/Inside/Hobo 1 - Graph.png,0.079,,,,,,,,
raw_mcgill_complete,Summer 2019,environment_hobo_raw_hobo,.hobo,Données completes/Données accelerometres/Summer 2019/Hobo/6 August_2_2019 (16h34) - August_9_2019 (11h39)/Inside/Hobo 1 - HOBOware.hobo,0.045,,,,,,,,
raw_mcgill_complete,Summer 2019,environment_hobo_xlsx,.xlsx,Données completes/Données accelerometres/Summer 2019/Hobo/6 August_2_2019 (16h34) - August_9_2019 (11h39)/Inside/Hobo 2 - Excel.xlsx,0.303,1961,13,,,,3,"DONNÉES, Données d'événement, Détails","Titre du tracé : Outside 2, , , , , , , , , , , "
raw_mcgill_complete,Summer 2019,environment_hobo_graph_png,.png,Données completes/Données accelerometres/Summer 2019/Hobo/6 August_2_2019 (16h34) - August_9_2019 (11h39)/Inside/Hobo 2 - Graph.png,0.08,,,,,,,,
raw_mcgill_complete,Summer 2019,environment_hobo_raw_hobo,.hobo,Données completes/Données accelerometres/Summer 2019/Hobo/6 August_2_2019 (16h34) - August_9_2019 (11h39)/Inside/Hobo 2 - HOBOware.hobo,0.045,,,,,,,,
raw_mcgill_complete,Summer 2019,environment_hobo_xlsx,.xlsx,Données completes/Données accelerometres/Summer 2019/Hobo/6 August_2_2019 (16h34) - August_9_2019 (11h39)/Inside/Hobo 3 - Excel.xlsx,0.3,1960,13,,,,3,"DONNÉES, Données d'événement, Détails","Titre du tracé : Inside 3, , , , , , , , , , , "
raw_mcgill_complete,Summer 2019,environment_hobo_graph_png,.png,Données completes/Données accelerometres/Summer 2019/Hobo/6 August_2_2019 (16h34) - August_9_2019 (11h39)/Inside/Hobo 3 - Graph.png,0.083,,,,,,,,
raw_mcgill_complete,Summer 2019,environment_hobo_raw_hobo,.hobo,Données completes/Données accelerometres/Summer 2019/Hobo/6 August_2_2019 (16h34) - August_9_2019 (11h39)/Inside/Hobo 3 - HOBOware.hobo,0.045,,,,,,,,
raw_mcgill_complete,Summer 2019,environment_hobo_xlsx,.xlsx,Données completes/Données accelerometres/Summer 2019/Hobo/6 August_2_2019 (16h34) - August_9_2019 (11h39)/Inside/Hobo 4 - Excel.xlsx,0.299,1960,13,,,,3,"DONNÉES, Données d'événement, Détails","Titre du tracé : Inside 4, , , , , , , , , , , "
raw_mcgill_complete,Summer 2019,environment_hobo_graph_png,.png,Données completes/Données accelerometres/Summer 2019/Hobo/6 August_2_2019 (16h34) - August_9_2019 (11h39)/Inside/Hobo 4 - Graph.png,0.083,,,,,,,,
raw_mcgill_complete,Summer 2019,environment_hobo_raw_hobo,.hobo,Données completes/Données accelerometres/Summer 2019/Hobo/6 August_2_2019 (16h34) - August_9_2019 (11h39)/Inside/Hobo 4 - HOBOware.hobo,0.045,,,,,,,,
raw_mcgill_complete,Summer 2019,environment_hobo_xlsx,.xlsx,Données completes/Données accelerometres/Summer 2019/Hobo/7 August_9_2019 (11h44) - August_16_2019 (13h54)/Inside/Hobo 3 - Excel (9 aout au 16 aout).xlsx,0.312,2045,13,,,,3,"DONNÉES, Données d'événement, Détails","Titre du tracé : Inside 3, , , , , , , , , , , "
raw_mcgill_complete,Summer 2019,environment_hobo_graph_png,.png,Données completes/Données accelerometres/Summer 2019/Hobo/7 August_9_2019 (11h44) - August_16_2019 (13h54)/Inside/Hobo 3 - Graph.png,0.081,,,,,,,,
raw_mcgill_complete,Summer 2019,environment_hobo_raw_hobo,.hobo,Données completes/Données accelerometres/Summer 2019/Hobo/7 August_9_2019 (11h44) - August_16_2019 (13h54)/Inside/Hobo 3 - HOBOware.hobo,0.047,,,,,,,,
raw_mcgill_complete,Summer 2019,environment_hobo_xlsx,.xlsx,Données completes/Données accelerometres/Summer 2019/Hobo/7 August_9_2019 (11h44) - August_16_2019 (13h54)/Inside/Hobo 4 - Excel (9 aout au 16 aout).xlsx,0.311,2042,13,,,,3,"DONNÉES, Données d'événement, Détails","Titre du tracé : Inside 4, , , , , , , , , , , "
raw_mcgill_complete,Summer 2019,environment_hobo_graph_png,.png,Données completes/Données accelerometres/Summer 2019/Hobo/7 August_9_2019 (11h44) - August_16_2019 (13h54)/Inside/Hobo 4 - Graph.png,0.081,,,,,,,,
raw_mcgill_complete,Summer 2019,environment_hobo_raw_hobo,.hobo,Données completes/Données accelerometres/Summer 2019/Hobo/7 August_9_2019 (11h44) - August_16_2019 (13h54)/Inside/Hobo 4 - HOBOware.hobo,0.047,,,,,,,,
raw_mcgill_complete,Summer 2019,environment_hobo_xlsx,.xlsx,Données completes/Données accelerometres/Summer 2019/Hobo/7 August_9_2019 (11h44) - August_16_2019 (13h54)/Outside/Hobo 1 - Excel (9 au 16 aout).xlsx,0.316,2043,13,,,,3,"DONNÉES, Données d'événement, Détails","Titre du tracé : Outside 1, , , , , , , , , , , "
raw_mcgill_complete,Summer 2019,environment_hobo_graph_png,.png,Données completes/Données accelerometres/Summer 2019/Hobo/7 August_9_2019 (11h44) - August_16_2019 (13h54)/Outside/Hobo 1 - Graph.png,0.088,,,,,,,,
raw_mcgill_complete,Summer 2019,environment_hobo_raw_hobo,.hobo,Données completes/Données accelerometres/Summer 2019/Hobo/7 August_9_2019 (11h44) - August_16_2019 (13h54)/Outside/Hobo 1 - HOBOware.hobo,0.047,,,,,,,,
raw_mcgill_complete,Summer 2019,environment_hobo_xlsx,.xlsx,Données completes/Données accelerometres/Summer 2019/Hobo/7 August_9_2019 (11h44) - August_16_2019 (13h54)/Outside/Hobo 2 - Excel (9 au 16 aout).xlsx,0.317,2043,13,,,,3,"DONNÉES, Données d'événement, Détails","Titre du tracé : Outside 2, , , , , , , , , , , "
raw_mcgill_complete,Summer 2019,environment_hobo_graph_png,.png,Données completes/Données accelerometres/Summer 2019/Hobo/7 August_9_2019 (11h44) - August_16_2019 (13h54)/Outside/Hobo 2 - Graph.png,0.088,,,,,,,,
raw_mcgill_complete,Summer 2019,environment_hobo_raw_hobo,.hobo,Données completes/Données accelerometres/Summer 2019/Hobo/7 August_9_2019 (11h44) - August_16_2019 (13h54)/Outside/Hobo 2 - HOBOware.hobo,0.047,,,,,,,,
raw_mcgill_complete,Summer 2019,environment_hobo_xlsx,.xlsx,Données completes/Données accelerometres/Summer 2019/Hobo/8 August_16_2019 (13h59) - August_23_2019 (12h59)/Inside/Hobo 3 - Excel (16 au 23 aout 1pm).xlsx,0.305,2009,13,,,,3,"DONNÉES, Données d'événement, Détails","Titre du tracé : Inside 3, , , , , , , , , , , "
raw_mcgill_complete,Summer 2019,environment_hobo_graph_png,.png,Données completes/Données accelerometres/Summer 2019/Hobo/8 August_16_2019 (13h59) - August_23_2019 (12h59)/Inside/Hobo 3 - Graph.png,0.079,,,,,,,,
raw_mcgill_complete,Summer 2019,environment_hobo_raw_hobo,.hobo,Données completes/Données accelerometres/Summer 2019/Hobo/8 August_16_2019 (13h59) - August_23_2019 (12h59)/Inside/Hobo 3 - HOBOware.hobo,0.045,,,,,,,,
raw_mcgill_complete,Summer 2019,environment_hobo_xlsx,.xlsx,Données completes/Données accelerometres/Summer 2019/Hobo/8 August_16_2019 (13h59) - August_23_2019 (12h59)/Inside/Hobo 4 - Excel (16 au 23 aout 1pm).xlsx,0.305,2009,13,,,,3,"DONNÉES, Données d'événement, Détails","Titre du tracé : Inside 4, , , , , , , , , , , "
raw_mcgill_complete,Summer 2019,environment_hobo_graph_png,.png,Données completes/Données accelerometres/Summer 2019/Hobo/8 August_16_2019 (13h59) - August_23_2019 (12h59)/Inside/Hobo 4 - Graph.png,0.08,,,,,,,,
raw_mcgill_complete,Summer 2019,environment_hobo_raw_hobo,.hobo,Données completes/Données accelerometres/Summer 2019/Hobo/8 August_16_2019 (13h59) - August_23_2019 (12h59)/Inside/Hobo 4 - HOBOware.hobo,0.045,,,,,,,,
raw_mcgill_complete,Summer 2019,environment_hobo_xlsx,.xlsx,Données completes/Données accelerometres/Summer 2019/Hobo/8 August_16_2019 (13h59) - August_23_2019 (12h59)/Outside/Hobo 1 - Excel (16 au 23 aout 1pm).xlsx,0.308,2008,13,,,,3,"DONNÉES, Données d'événement, Détails","Titre du tracé : Outside 1, , , , , , , , , , , "
raw_mcgill_complete,Summer 2019,environment_hobo_graph_png,.png,Données completes/Données accelerometres/Summer 2019/Hobo/8 August_16_2019 (13h59) - August_23_2019 (12h59)/Outside/Hobo 1 - Graph.png,0.086,,,,,,,,
raw_mcgill_complete,Summer 2019,environment_hobo_raw_hobo,.hobo,Données completes/Données accelerometres/Summer 2019/Hobo/8 August_16_2019 (13h59) - August_23_2019 (12h59)/Outside/Hobo 1 - HOBOware.hobo,0.045,,,,,,,,
raw_mcgill_complete,Summer 2019,environment_hobo_xlsx,.xlsx,Données completes/Données accelerometres/Summer 2019/Hobo/8 August_16_2019 (13h59) - August_23_2019 (12h59)/Outside/Hobo 2 - Excel (16 au 23 aout 1pm).xlsx,0.31,2007,13,,,,3,"DONNÉES, Données d'événement, Détails","Titre du tracé : Outside 2, , , , , , , , , , , "
raw_mcgill_complete,Summer 2019,environment_hobo_graph_png,.png,Données completes/Données accelerometres/Summer 2019/Hobo/8 August_16_2019 (13h59) - August_23_2019 (12h59)/Outside/Hobo 2 - Graph.png,0.089,,,,,,,,
raw_mcgill_complete,Summer 2019,environment_hobo_raw_hobo,.hobo,Données completes/Données accelerometres/Summer 2019/Hobo/8 August_16_2019 (13h59) - August_23_2019 (12h59)/Outside/Hobo 2 - HOBOware.hobo,0.045,,,,,,,,
raw_mcgill_complete,Summer 2019,environment_hobo_graph_png,.png,Données completes/Données accelerometres/Summer 2019/Hobo/9 August_23_2019 (13h05) - September_9_2019 (7h40)/Inside/Hobo 3 - Graph.png,0.083,,,,,,,,
raw_mcgill_complete,Summer 2019,environment_hobo_raw_hobo,.hobo,Données completes/Données accelerometres/Summer 2019/Hobo/9 August_23_2019 (13h05) - September_9_2019 (7h40)/Inside/Hobo 3 - HOBOware.hobo,0.1,,,,,,,,
raw_mcgill_complete,Summer 2019,environment_hobo_xlsx,.xlsx,Données completes/Données accelerometres/Summer 2019/Hobo/9 August_23_2019 (13h05) - September_9_2019 (7h40)/Inside/Hobo 3 -Excel.xlsx,0.707,4834,13,,,,3,"DONNÉES, Données d'événement, Détails","Titre du tracé : Inside 3, , , , , , , , , , , "
raw_mcgill_complete,Summer 2019,environment_hobo_graph_png,.png,Données completes/Données accelerometres/Summer 2019/Hobo/9 August_23_2019 (13h05) - September_9_2019 (7h40)/Inside/Hobo 4 - Graph.png,0.085,,,,,,,,
raw_mcgill_complete,Summer 2019,environment_hobo_raw_hobo,.hobo,Données completes/Données accelerometres/Summer 2019/Hobo/9 August_23_2019 (13h05) - September_9_2019 (7h40)/Inside/Hobo 4 - HOBOware.hobo,0.1,,,,,,,,
raw_mcgill_complete,Summer 2019,environment_hobo_xlsx,.xlsx,Données completes/Données accelerometres/Summer 2019/Hobo/9 August_23_2019 (13h05) - September_9_2019 (7h40)/Inside/Hobo 4 -Excel.xlsx,0.709,4834,13,,,,3,"DONNÉES, Données d'événement, Détails","Titre du tracé : Inside 4, , , , , , , , , , , "
raw_mcgill_complete,Summer 2019,environment_hobo_graph_png,.png,Données completes/Données accelerometres/Summer 2019/Hobo/9 August_23_2019 (13h05) - September_9_2019 (7h40)/Outside/Hobo 1 - Graph.png,0.091,,,,,,,,
raw_mcgill_complete,Summer 2019,environment_hobo_raw_hobo,.hobo,Données completes/Données accelerometres/Summer 2019/Hobo/9 August_23_2019 (13h05) - September_9_2019 (7h40)/Outside/Hobo 1 - HOBOware.hobo,0.1,,,,,,,,
raw_mcgill_complete,Summer 2019,environment_hobo_xlsx,.xlsx,Données completes/Données accelerometres/Summer 2019/Hobo/9 August_23_2019 (13h05) - September_9_2019 (7h40)/Outside/Hobo 1 -Excel.xlsx,0.714,4837,13,,,,3,"DONNÉES, Données d'événement, Détails","Titre du tracé : Outside 1, , , , , , , , , , , "
raw_mcgill_complete,Summer 2019,environment_hobo_graph_png,.png,Données completes/Données accelerometres/Summer 2019/Hobo/9 August_23_2019 (13h05) - September_9_2019 (7h40)/Outside/Hobo 2 - Graph.png,0.084,,,,,,,,
raw_mcgill_complete,Summer 2019,environment_hobo_raw_hobo,.hobo,Données completes/Données accelerometres/Summer 2019/Hobo/9 August_23_2019 (13h05) - September_9_2019 (7h40)/Outside/Hobo 2 - HOBOware.hobo,0.1,,,,,,,,
raw_mcgill_complete,Summer 2019,environment_hobo_xlsx,.xlsx,Données completes/Données accelerometres/Summer 2019/Hobo/9 August_23_2019 (13h05) - September_9_2019 (7h40)/Outside/Hobo 2 -Excel.xlsx,0.717,4838,15,,,,3,"DONNÉES, Données d'événement, Détails","Titre du tracé : Outside 2, , , , , , , , , , , "
raw_mcgill_complete,Summer 2019,environment_hobo_xlsx,.xlsx,Données completes/Données accelerometres/Summer 2019/Hobo/Excel sheet of THI for all summer's exercise project.xlsx,5.364,181,11,,,,20,"General data, Semaine 1 Inside, Semaine 2 Inside , Semaine 3 Inside, Semaine 4 Inside , Semaine 5 - Inside, Semaine 6 - Inside, Semaine 7 - Inside, Semaine 8 - Inside, Indoor (Mean + SD)",", , Day 1, Duration of treatment, Starting/ending  time, Mean THI, Min THI, Max THI, Mean THI, Min THI, Max THI"
raw_mcgill_complete,Summer 2019,environment_hobo_xlsx,.xlsx,Données completes/Données accelerometres/Summer 2019/Hobo/THI per day of observation.xlsx,5.192,181,11,,,,18,"General data, Semaine 1 Inside, Semaine 2 Inside , Semaine 3 Inside, Semaine 4 Inside , Semaine 5 - Inside, Semaine 6 - Inside, Semaine 7 - Inside, Semaine 8 - Inside, Semaine 1 - Outside",", , Day 1, Duration of treatment, Starting/ending  time, Mean THI, Min THI, Max THI, Mean THI, Min THI, Max THI"
raw_mcgill_complete,Summer 2019,accelerometer_icetag_workbook_or_mapping,.xlsx,Données completes/Données accelerometres/Summer 2019/Icetag/IceTags/24h sorties_Before-After_Data_icetag_summer_SEH.xlsx,0.13,225,34,,,,5,"Habituation, Experimentation, Frustration, Anticipation milk, 24h","Cow_ID, Date, Motion_Index_Before, Steps_Before, Standing_Before, Lying_Before, Lying_bout_Before, Position - 0 min (1:L, 0:S), Position - 5 min (1:L, 0:S), Position - 10 min (1:L, 0:S), Position - 15 min (1:L, 0:S), Position - 20 min (1:L, 0:S)"
raw_mcgill_complete,Summer 2019,accelerometer_icetag_workbook_or_mapping,.xlsx,Données completes/Données accelerometres/Summer 2019/Icetag/IceTags/Before-After_Data_icetag_summer_SEH.xlsx,0.102,225,34,,,,4,"Habituation, Experimentation, Frustration, Anticipation milk","Cow_ID, Date, Motion_Index_Before, Steps_Before, Standing_Before, Lying_Before, Lying_bout_Before, Position - 0 min (1:L, 0:S), Position - 5 min (1:L, 0:S), Position - 10 min (1:L, 0:S), Position - 15 min (1:L, 0:S), Position - 20 min (1:L, 0:S)"
raw_mcgill_complete,Summer 2019,accelerometer_icetag_workbook_or_mapping,.xlsx,Données completes/Données accelerometres/Summer 2019/Icetag/IceTags/Data_icetag_SEH_1wk.xlsx,0.018,9,11,,,,1,Feuil1,"Cow_ID, Date, Motion_Index_Trip_Go, Steps_Trip_Go, Motion_Index_Trip_Back, Steps_Trip_Back, Motion_Index_Before, Steps_Before, Standing_Before, Lying_Before, Lying_bout_Before"
raw_mcgill_complete,Summer 2019,accelerometer_icetag_workbook_or_mapping,.xlsx,Données completes/Données accelerometres/Summer 2019/Icetag/IceTags/Data_planning_icetag_SUMMER.xlsx,0.043,468,13,,,,1,Feuil1,"Date, Tests, Individus, n° IceTag trip, Début du trajet ALLER, Durée trajet ALLER, Fin du trajet RETOUR, Durée trajet RETOUR, Début AVANT, Début APRES, , "
raw_mcgill_complete,Summer 2019,accelerometer_icetag_workbook_or_mapping,.xlsx,Données completes/Données accelerometres/Summer 2019/Icetag/IceTags/Data_planning_icetag_SUMMER_Trajet.xlsx,0.035,308,11,,,,1,Feuil1,"Date, Tests, Individus, n° IceTag trip, Début du trajet ALLER, Fin ALLER, Durée trajet ALLER, Début RETOUR, Fin du trajet RETOUR, Durée trajet RETOUR, "
raw_mcgill_complete,Summer 2019,accelerometer_icetag_workbook_or_mapping,.xlsx,Données completes/Données accelerometres/Summer 2019/Icetag/IceTags/IceTag Calendrier.xlsx,0.138,768,24,,,,3,"Winter, Summer, Sheet1","Date, Tests, Individus, Nom fichier, Durée, Analyse par, Nom fichier, Durée, Analyse par, Nom fichier, Durée, Analyse par"
raw_mcgill_complete,Summer 2019,accelerometer_icetag_raw_csv,.csv,Données completes/Données accelerometres/Summer 2019/Icetag/IceTags/Per minute/2019AUG01-2019AUG08/2062_Tag93_01AUG2019-1305_08AUG2019-1313.csv,0.395,,,,,,,,
raw_mcgill_complete,Summer 2019,accelerometer_icetag_raw_csv,.csv,Données completes/Données accelerometres/Summer 2019/Icetag/IceTags/Per minute/2019AUG01-2019AUG08/2062_Tag93_01AUG2019-1305_08AUG2019-1313_LB.csv,0.032,,,,,,,,
raw_mcgill_complete,Summer 2019,accelerometer_icetag_raw_csv,.csv,Données completes/Données accelerometres/Summer 2019/Icetag/IceTags/Per minute/2019AUG01-2019AUG08/419_Tag86_01AUG2019-1445_08AUG2019-1352.csv,0.393,,,,,,,,
raw_mcgill_complete,Summer 2019,accelerometer_icetag_raw_csv,.csv,Données completes/Données accelerometres/Summer 2019/Icetag/IceTags/Per minute/2019AUG01-2019AUG08/419_Tag86_01AUG2019-1445_08AUG2019-1352_LB.csv,0.017,,,,,,,,
raw_mcgill_complete,Summer 2019,accelerometer_icetag_raw_csv,.csv,Données completes/Données accelerometres/Summer 2019/Icetag/IceTags/Per minute/2019AUG01-2019AUG08/5258_Tag90_01AUG2019-1446_08AUG2019-1352.csv,0.393,,,,,,,,
raw_mcgill_complete,Summer 2019,accelerometer_icetag_raw_csv,.csv,Données completes/Données accelerometres/Summer 2019/Icetag/IceTags/Per minute/2019AUG01-2019AUG08/5258_Tag90_01AUG2019-1446_08AUG2019-1352_LB.csv,0.012,,,,,,,,
raw_mcgill_complete,Summer 2019,accelerometer_icetag_raw_csv,.csv,Données completes/Données accelerometres/Summer 2019/Icetag/IceTags/Per minute/2019AUG01-2019AUG08/5313_Tag89_01AUG2019-1446_08AUG2019-1412.csv,0.394,,,,,,,,
raw_mcgill_complete,Summer 2019,accelerometer_icetag_raw_csv,.csv,Données completes/Données accelerometres/Summer 2019/Icetag/IceTags/Per minute/2019AUG01-2019AUG08/5313_Tag89_01AUG2019-1446_08AUG2019-1412_LB.csv,0.008,,,,,,,,
raw_mcgill_complete,Summer 2019,accelerometer_icetag_raw_csv,.csv,Données completes/Données accelerometres/Summer 2019/Icetag/IceTags/Per minute/2019AUG01-2019AUG08/5322_Tag26_01AUG2019-1307_08AUG2019-1332.csv,0.396,,,,,,,,
raw_mcgill_complete,Summer 2019,accelerometer_icetag_raw_csv,.csv,Données completes/Données accelerometres/Summer 2019/Icetag/IceTags/Per minute/2019AUG01-2019AUG08/5322_Tag26_01AUG2019-1307_08AUG2019-1332_LB.csv,0.005,,,,,,,,
raw_mcgill_complete,Summer 2019,accelerometer_icetag_raw_csv,.csv,Données completes/Données accelerometres/Summer 2019/Icetag/IceTags/Per minute/2019AUG01-2019AUG08/5330_Tag20_01AUG2019-1445_08AUG2019-1352.csv,0.393,,,,,,,,
raw_mcgill_complete,Summer 2019,accelerometer_icetag_raw_csv,.csv,Données completes/Données accelerometres/Summer 2019/Icetag/IceTags/Per minute/2019AUG01-2019AUG08/5330_Tag20_01AUG2019-1445_08AUG2019-1352_LB.csv,0.145,,,,,,,,
raw_mcgill_complete,Summer 2019,accelerometer_icetag_raw_csv,.csv,Données completes/Données accelerometres/Summer 2019/Icetag/IceTags/Per minute/2019AUG01-2019AUG08/5854_Tag95_01AUG2019-1416_08AUG2019-1333.csv,0.394,,,,,,,,
raw_mcgill_complete,Summer 2019,accelerometer_icetag_raw_csv,.csv,Données completes/Données accelerometres/Summer 2019/Icetag/IceTags/Per minute/2019AUG01-2019AUG08/5854_Tag95_01AUG2019-1416_08AUG2019-1333_LB.csv,0.016,,,,,,,,
raw_mcgill_complete,Summer 2019,accelerometer_icetag_raw_csv,.csv,Données completes/Données accelerometres/Summer 2019/Icetag/IceTags/Per minute/2019AUG01-2019AUG08/5857_Tag88_01AUG2019-1306_08AUG2019-1314.csv,0.396,,,,,,,,
raw_mcgill_complete,Summer 2019,accelerometer_icetag_raw_csv,.csv,Données completes/Données accelerometres/Summer 2019/Icetag/IceTags/Per minute/2019AUG01-2019AUG08/5857_Tag88_01AUG2019-1306_08AUG2019-1314_LB.csv,0.007,,,,,,,,
raw_mcgill_complete,Summer 2019,accelerometer_icetag_raw_csv,.csv,Données completes/Données accelerometres/Summer 2019/Icetag/IceTags/Per minute/2019AUG01-2019AUG08/5862_Tag85_01AUG2019-1416_08AUG2019-1333.csv,0.394,,,,,,,,
raw_mcgill_complete,Summer 2019,accelerometer_icetag_raw_csv,.csv,Données completes/Données accelerometres/Summer 2019/Icetag/IceTags/Per minute/2019AUG01-2019AUG08/5862_Tag85_01AUG2019-1416_08AUG2019-1333_LB.csv,0.018,,,,,,,,
raw_mcgill_complete,Summer 2019,accelerometer_icetag_raw_csv,.csv,Données completes/Données accelerometres/Summer 2019/Icetag/IceTags/Per minute/2019AUG01-2019AUG08/5865_Tag97_01AUG2019-1515_08AUG2019-1412.csv,0.393,,,,,,,,
raw_mcgill_complete,Summer 2019,accelerometer_icetag_raw_csv,.csv,Données completes/Données accelerometres/Summer 2019/Icetag/IceTags/Per minute/2019AUG01-2019AUG08/5865_Tag97_01AUG2019-1515_08AUG2019-1412_LB.csv,0.007,,,,,,,,
raw_mcgill_complete,Summer 2019,accelerometer_icetag_raw_csv,.csv,Données completes/Données accelerometres/Summer 2019/Icetag/IceTags/Per minute/2019AUG01-2019AUG08/5871_Tag91_01AUG2019-1514_08AUG2019-1412.csv,0.393,,,,,,,,
raw_mcgill_complete,Summer 2019,accelerometer_icetag_raw_csv,.csv,Données completes/Données accelerometres/Summer 2019/Icetag/IceTags/Per minute/2019AUG01-2019AUG08/5871_Tag91_01AUG2019-1514_08AUG2019-1412_LB.csv,0.088,,,,,,,,
raw_mcgill_complete,Summer 2019,accelerometer_icetag_raw_csv,.csv,Données completes/Données accelerometres/Summer 2019/Icetag/IceTags/Per minute/2019AUG01-2019AUG08/8515_Tag96_01AUG2019-1305_08AUG2019-1312.csv,0.395,,,,,,,,
raw_mcgill_complete,Summer 2019,accelerometer_icetag_raw_csv,.csv,Données completes/Données accelerometres/Summer 2019/Icetag/IceTags/Per minute/2019AUG01-2019AUG08/8515_Tag96_01AUG2019-1305_08AUG2019-1312_LB.csv,0.032,,,,,,,,
raw_mcgill_complete,Summer 2019,accelerometer_icetag_raw_csv,.csv,Données completes/Données accelerometres/Summer 2019/Icetag/IceTags/Per minute/2019AUG01-2019AUG08/8520_Tag87_01AUG2019-1305_08AUG2019-1312.csv,0.396,,,,,,,,
raw_mcgill_complete,Summer 2019,accelerometer_icetag_raw_csv,.csv,Données completes/Données accelerometres/Summer 2019/Icetag/IceTags/Per minute/2019AUG01-2019AUG08/8520_Tag87_01AUG2019-1305_08AUG2019-1312_LB.csv,0.021,,,,,,,,
raw_mcgill_complete,Summer 2019,accelerometer_icetag_raw_csv,.csv,Données completes/Données accelerometres/Summer 2019/Icetag/IceTags/Per minute/2019AUG01-2019AUG08/8525_Tag94_01AUG2019-1417_08AUG2019-1352.csv,0.394,,,,,,,,
raw_mcgill_complete,Summer 2019,accelerometer_icetag_raw_csv,.csv,Données completes/Données accelerometres/Summer 2019/Icetag/IceTags/Per minute/2019AUG01-2019AUG08/8525_Tag94_01AUG2019-1417_08AUG2019-1352_LB.csv,0.124,,,,,,,,
raw_mcgill_complete,Summer 2019,accelerometer_icetag_raw_csv,.csv,Données completes/Données accelerometres/Summer 2019/Icetag/IceTags/Per minute/2019AUG01-2019AUG08/8536_Tag22_01AUG2019-1416_08AUG2019-1334.csv,0.394,,,,,,,,
raw_mcgill_complete,Summer 2019,accelerometer_icetag_raw_csv,.csv,Données completes/Données accelerometres/Summer 2019/Icetag/IceTags/Per minute/2019AUG01-2019AUG08/8536_Tag22_01AUG2019-1416_08AUG2019-1334_LB.csv,0.016,,,,,,,,
raw_mcgill_complete,Summer 2019,accelerometer_icetag_raw_csv,.csv,Données completes/Données accelerometres/Summer 2019/Icetag/IceTags/Per minute/2019AUG08-2019AUG16/2062_Tag76_08AUG2019-1311_16AUG2019-1314.csv,0.452,,,,,,,,
raw_mcgill_complete,Summer 2019,accelerometer_icetag_raw_csv,.csv,Données completes/Données accelerometres/Summer 2019/Icetag/IceTags/Per minute/2019AUG08-2019AUG16/2062_Tag76_08AUG2019-1311_16AUG2019-1314_LB.csv,0.019,,,,,,,,
raw_mcgill_complete,Summer 2019,accelerometer_icetag_raw_csv,.csv,Données completes/Données accelerometres/Summer 2019/Icetag/IceTags/Per minute/2019AUG08-2019AUG16/419_Tag26_08AUG2019-1351_16AUG2019-1356.csv,0.452,,,,,,,,
raw_mcgill_complete,Summer 2019,accelerometer_icetag_raw_csv,.csv,Données completes/Données accelerometres/Summer 2019/Icetag/IceTags/Per minute/2019AUG08-2019AUG16/419_Tag26_08AUG2019-1351_16AUG2019-1356_LB.csv,0.149,,,,,,,,
raw_mcgill_complete,Summer 2019,accelerometer_icetag_raw_csv,.csv,Données completes/Données accelerometres/Summer 2019/Icetag/IceTags/Per minute/2019AUG08-2019AUG16/5258_Tag22_08AUG2019-1352_16AUG2019-1357.csv,0.452,,,,,,,,
raw_mcgill_complete,Summer 2019,accelerometer_icetag_raw_csv,.csv,Données completes/Données accelerometres/Summer 2019/Icetag/IceTags/Per minute/2019AUG08-2019AUG16/5258_Tag22_08AUG2019-1352_16AUG2019-1357_LB.csv,0.072,,,,,,,,
raw_mcgill_complete,Summer 2019,accelerometer_icetag_raw_csv,.csv,Données completes/Données accelerometres/Summer 2019/Icetag/IceTags/Per minute/2019AUG08-2019AUG16/5313_Tag86_08AUG2019-1410_16AUG2019-1414.csv,0.452,,,,,,,,
raw_mcgill_complete,Summer 2019,accelerometer_icetag_raw_csv,.csv,Données completes/Données accelerometres/Summer 2019/Icetag/IceTags/Per minute/2019AUG08-2019AUG16/5313_Tag86_08AUG2019-1410_16AUG2019-1414_LB.csv,0.024,,,,,,,,
raw_mcgill_complete,Summer 2019,accelerometer_icetag_raw_csv,.csv,Données completes/Données accelerometres/Summer 2019/Icetag/IceTags/Per minute/2019AUG08-2019AUG16/5322_Tag93_08AUG2019-1330_16AUG2019-1355.csv,0.452,,,,,,,,
raw_mcgill_complete,Summer 2019,accelerometer_icetag_raw_csv,.csv,Données completes/Données accelerometres/Summer 2019/Icetag/IceTags/Per minute/2019AUG08-2019AUG16/5322_Tag93_08AUG2019-1330_16AUG2019-1355_LB.csv,0.023,,,,,,,,
raw_mcgill_complete,Summer 2019,accelerometer_icetag_raw_csv,.csv,Données completes/Données accelerometres/Summer 2019/Icetag/IceTags/Per minute/2019AUG08-2019AUG16/5330_Tag95_08AUG2019-1351_16AUG2019-1356.csv,0.451,,,,,,,,
raw_mcgill_complete,Summer 2019,accelerometer_icetag_raw_csv,.csv,Données completes/Données accelerometres/Summer 2019/Icetag/IceTags/Per minute/2019AUG08-2019AUG16/5330_Tag95_08AUG2019-1351_16AUG2019-1356_LB.csv,0.005,,,,,,,,
raw_mcgill_complete,Summer 2019,accelerometer_icetag_raw_csv,.csv,Données completes/Données accelerometres/Summer 2019/Icetag/IceTags/Per minute/2019AUG08-2019AUG16/5854_Tag88_08AUG2019-1331_16AUG2019-1335.csv,0.451,,,,,,,,
raw_mcgill_complete,Summer 2019,accelerometer_icetag_raw_csv,.csv,Données completes/Données accelerometres/Summer 2019/Icetag/IceTags/Per minute/2019AUG08-2019AUG16/5854_Tag88_08AUG2019-1331_16AUG2019-1335_LB.csv,0.01,,,,,,,,
raw_mcgill_complete,Summer 2019,accelerometer_icetag_raw_csv,.csv,Données completes/Données accelerometres/Summer 2019/Icetag/IceTags/Per minute/2019AUG08-2019AUG16/5857_Tag92_08AUG2019-1311_16AUG2019-1314.csv,0.452,,,,,,,,
raw_mcgill_complete,Summer 2019,accelerometer_icetag_raw_csv,.csv,Données completes/Données accelerometres/Summer 2019/Icetag/IceTags/Per minute/2019AUG08-2019AUG16/5857_Tag92_08AUG2019-1311_16AUG2019-1314_LB.csv,0.008,,,,,,,,
raw_mcgill_complete,Summer 2019,accelerometer_icetag_raw_csv,.csv,Données completes/Données accelerometres/Summer 2019/Icetag/IceTags/Per minute/2019AUG08-2019AUG16/5862_Tag87_08AUG2019-1331_16AUG2019-1335.csv,0.451,,,,,,,,
raw_mcgill_complete,Summer 2019,accelerometer_icetag_raw_csv,.csv,Données completes/Données accelerometres/Summer 2019/Icetag/IceTags/Per minute/2019AUG08-2019AUG16/5862_Tag87_08AUG2019-1331_16AUG2019-1335_LB.csv,0.231,,,,,,,,
raw_mcgill_complete,Summer 2019,accelerometer_icetag_raw_csv,.csv,Données completes/Données accelerometres/Summer 2019/Icetag/IceTags/Per minute/2019AUG08-2019AUG16/5865_Tag90_08AUG2019-1411_16AUG2019-1415.csv,0.452,,,,,,,,
raw_mcgill_complete,Summer 2019,accelerometer_icetag_raw_csv,.csv,Données completes/Données accelerometres/Summer 2019/Icetag/IceTags/Per minute/2019AUG08-2019AUG16/5865_Tag90_08AUG2019-1411_16AUG2019-1415_LB.csv,0.025,,,,,,,,
raw_mcgill_complete,Summer 2019,accelerometer_icetag_raw_csv,.csv,Données completes/Données accelerometres/Summer 2019/Icetag/IceTags/Per minute/2019AUG08-2019AUG16/5871_Tag94_08AUG2019-1411_16AUG2019-1414.csv,0.451,,,,,,,,
raw_mcgill_complete,Summer 2019,accelerometer_icetag_raw_csv,.csv,Données completes/Données accelerometres/Summer 2019/Icetag/IceTags/Per minute/2019AUG08-2019AUG16/5871_Tag94_08AUG2019-1411_16AUG2019-1414_LB.csv,0.098,,,,,,,,
raw_mcgill_complete,Summer 2019,accelerometer_icetag_raw_csv,.csv,Données completes/Données accelerometres/Summer 2019/Icetag/IceTags/Per minute/2019AUG08-2019AUG16/8515_Tag21_08AUG2019-1310_16AUG2019-1314.csv,0.452,,,,,,,,
raw_mcgill_complete,Summer 2019,accelerometer_icetag_raw_csv,.csv,Données completes/Données accelerometres/Summer 2019/Icetag/IceTags/Per minute/2019AUG08-2019AUG16/8515_Tag21_08AUG2019-1310_16AUG2019-1314_LB.csv,0.026,,,,,,,,
raw_mcgill_complete,Summer 2019,accelerometer_icetag_raw_csv,.csv,Données completes/Données accelerometres/Summer 2019/Icetag/IceTags/Per minute/2019AUG08-2019AUG16/8520_Tag25_08AUG2019-1310_16AUG2019-1313.csv,0.452,,,,,,,,
raw_mcgill_complete,Summer 2019,accelerometer_icetag_raw_csv,.csv,Données completes/Données accelerometres/Summer 2019/Icetag/IceTags/Per minute/2019AUG08-2019AUG16/8520_Tag25_08AUG2019-1310_16AUG2019-1313_LB.csv,0.025,,,,,,,,
raw_mcgill_complete,Summer 2019,accelerometer_icetag_raw_csv,.csv,Données completes/Données accelerometres/Summer 2019/Icetag/IceTags/Per minute/2019AUG08-2019AUG16/8525_Tag85_08AUG2019-1350_16AUG2019-1356.csv,0.129,,,,,,,,
raw_mcgill_complete,Summer 2019,accelerometer_icetag_raw_csv,.csv,Données completes/Données accelerometres/Summer 2019/Icetag/IceTags/Per minute/2019AUG08-2019AUG16/8525_Tag85_08AUG2019-1350_16AUG2019-1356_LB.csv,0.002,,,,,,,,
raw_mcgill_complete,Summer 2019,accelerometer_icetag_raw_csv,.csv,Données completes/Données accelerometres/Summer 2019/Icetag/IceTags/Per minute/2019AUG08-2019AUG16/8536_Tag96_08AUG2019-1332_16AUG2019-1336.csv,0.452,,,,,,,,
raw_mcgill_complete,Summer 2019,accelerometer_icetag_raw_csv,.csv,Données completes/Données accelerometres/Summer 2019/Icetag/IceTags/Per minute/2019AUG08-2019AUG16/8536_Tag96_08AUG2019-1332_16AUG2019-1336_LB.csv,0.016,,,,,,,,
raw_mcgill_complete,Summer 2019,accelerometer_icetag_raw_csv,.csv,Données completes/Données accelerometres/Summer 2019/Icetag/IceTags/Per minute/2019AUG16-2019AUG22/2062_Tag91_16AUG2019-1312_22AUG2019-1311.csv,0.419,,,,,,,,
raw_mcgill_complete,Summer 2019,accelerometer_icetag_raw_csv,.csv,Données completes/Données accelerometres/Summer 2019/Icetag/IceTags/Per minute/2019AUG16-2019AUG22/2062_Tag91_16AUG2019-1312_22AUG2019-1311_LB.csv,0.031,,,,,,,,
raw_mcgill_complete,Summer 2019,accelerometer_icetag_raw_csv,.csv,Données completes/Données accelerometres/Summer 2019/Icetag/IceTags/Per minute/2019AUG16-2019AUG22/419_Tag88_16AUG2019-1355_22AUG2019-1349.csv,0.339,,,,,,,,
raw_mcgill_complete,Summer 2019,accelerometer_icetag_raw_csv,.csv,Données completes/Données accelerometres/Summer 2019/Icetag/IceTags/Per minute/2019AUG16-2019AUG22/419_Tag88_16AUG2019-1355_22AUG2019-1349_LB.csv,0.024,,,,,,,,
raw_mcgill_complete,Summer 2019,accelerometer_icetag_raw_csv,.csv,Données completes/Données accelerometres/Summer 2019/Icetag/IceTags/Per minute/2019AUG16-2019AUG22/5258_Tag93_16AUG2019-1355_22AUG2019-1350.csv,0.338,,,,,,,,
raw_mcgill_complete,Summer 2019,accelerometer_icetag_raw_csv,.csv,Données completes/Données accelerometres/Summer 2019/Icetag/IceTags/Per minute/2019AUG16-2019AUG22/5258_Tag93_16AUG2019-1355_22AUG2019-1350_LB.csv,0.034,,,,,,,,
raw_mcgill_complete,Summer 2019,accelerometer_icetag_raw_csv,.csv,Données completes/Données accelerometres/Summer 2019/Icetag/IceTags/Per minute/2019AUG16-2019AUG22/5313_Tag95_16AUG2019-1413_22AUG2019-1411.csv,0.339,,,,,,,,
raw_mcgill_complete,Summer 2019,accelerometer_icetag_raw_csv,.csv,Données completes/Données accelerometres/Summer 2019/Icetag/IceTags/Per minute/2019AUG16-2019AUG22/5313_Tag95_16AUG2019-1413_22AUG2019-1411_LB.csv,0.016,,,,,,,,
raw_mcgill_complete,Summer 2019,accelerometer_icetag_raw_csv,.csv,Données completes/Données accelerometres/Summer 2019/Icetag/IceTags/Per minute/2019AUG16-2019AUG22/5322_Tag21_16AUG2019-1332_22AUG2019-1332.csv,0.339,,,,,,,,
raw_mcgill_complete,Summer 2019,accelerometer_icetag_raw_csv,.csv,Données completes/Données accelerometres/Summer 2019/Icetag/IceTags/Per minute/2019AUG16-2019AUG22/5322_Tag21_16AUG2019-1332_22AUG2019-1332_LB.csv,0.006,,,,,,,,
raw_mcgill_complete,Summer 2019,accelerometer_icetag_raw_csv,.csv,Données completes/Données accelerometres/Summer 2019/Icetag/IceTags/Per minute/2019AUG16-2019AUG22/5330_Tag87_16AUG2019-1355_22AUG2019-1349.csv,0.338,,,,,,,,
raw_mcgill_complete,Summer 2019,accelerometer_icetag_raw_csv,.csv,Données completes/Données accelerometres/Summer 2019/Icetag/IceTags/Per minute/2019AUG16-2019AUG22/5330_Tag87_16AUG2019-1355_22AUG2019-1349_LB.csv,0.165,,,,,,,,
raw_mcgill_complete,Summer 2019,accelerometer_icetag_raw_csv,.csv,Données completes/Données accelerometres/Summer 2019/Icetag/IceTags/Per minute/2019AUG16-2019AUG22/5854_Tag25_16AUG2019-1333_22AUG2019-1332.csv,0.339,,,,,,,,
raw_mcgill_complete,Summer 2019,accelerometer_icetag_raw_csv,.csv,Données completes/Données accelerometres/Summer 2019/Icetag/IceTags/Per minute/2019AUG16-2019AUG22/5854_Tag25_16AUG2019-1333_22AUG2019-1332_LB.csv,0.02,,,,,,,,
raw_mcgill_complete,Summer 2019,accelerometer_icetag_raw_csv,.csv,Données completes/Données accelerometres/Summer 2019/Icetag/IceTags/Per minute/2019AUG16-2019AUG22/5857_Tag89_16AUG2019-1311_22AUG2019-1313.csv,0.339,,,,,,,,
raw_mcgill_complete,Summer 2019,accelerometer_icetag_raw_csv,.csv,Données completes/Données accelerometres/Summer 2019/Icetag/IceTags/Per minute/2019AUG16-2019AUG22/5857_Tag89_16AUG2019-1311_22AUG2019-1313_LB.csv,0.005,,,,,,,,
raw_mcgill_complete,Summer 2019,accelerometer_icetag_raw_csv,.csv,Données completes/Données accelerometres/Summer 2019/Icetag/IceTags/Per minute/2019AUG16-2019AUG22/5862_Tag92_16AUG2019-1332_22AUG2019-1332.csv,0.339,,,,,,,,
raw_mcgill_complete,Summer 2019,accelerometer_icetag_raw_csv,.csv,Données completes/Données accelerometres/Summer 2019/Icetag/IceTags/Per minute/2019AUG16-2019AUG22/5862_Tag92_16AUG2019-1332_22AUG2019-1332_LB.csv,0.09,,,,,,,,
raw_mcgill_complete,Summer 2019,accelerometer_icetag_raw_csv,.csv,Données completes/Données accelerometres/Summer 2019/Icetag/IceTags/Per minute/2019AUG16-2019AUG22/5865_Tag26_16AUG2019-1412_22AUG2019-1413.csv,0.338,,,,,,,,
raw_mcgill_complete,Summer 2019,accelerometer_icetag_raw_csv,.csv,Données completes/Données accelerometres/Summer 2019/Icetag/IceTags/Per minute/2019AUG16-2019AUG22/5865_Tag26_16AUG2019-1412_22AUG2019-1413_LB.csv,0.006,,,,,,,,
raw_mcgill_complete,Summer 2019,accelerometer_icetag_raw_csv,.csv,Données completes/Données accelerometres/Summer 2019/Icetag/IceTags/Per minute/2019AUG16-2019AUG22/5871_Tag22_16AUG2019-1413_22AUG2019-1411.csv,0.338,,,,,,,,
raw_mcgill_complete,Summer 2019,accelerometer_icetag_raw_csv,.csv,Données completes/Données accelerometres/Summer 2019/Icetag/IceTags/Per minute/2019AUG16-2019AUG22/5871_Tag22_16AUG2019-1413_22AUG2019-1411_LB.csv,0.094,,,,,,,,
raw_mcgill_complete,Summer 2019,accelerometer_icetag_raw_csv,.csv,Données completes/Données accelerometres/Summer 2019/Icetag/IceTags/Per minute/2019AUG16-2019AUG22/8515_Tag97_16AUG2019-1312_22AUG2019-1310.csv,0.339,,,,,,,,
raw_mcgill_complete,Summer 2019,accelerometer_icetag_raw_csv,.csv,Données completes/Données accelerometres/Summer 2019/Icetag/IceTags/Per minute/2019AUG16-2019AUG22/8515_Tag97_16AUG2019-1312_22AUG2019-1310_LB.csv,0.02,,,,,,,,
raw_mcgill_complete,Summer 2019,accelerometer_icetag_raw_csv,.csv,Données completes/Données accelerometres/Summer 2019/Icetag/IceTags/Per minute/2019AUG16-2019AUG22/8520_Tag20_16AUG2019-1311_22AUG2019-1310.csv,0.339,,,,,,,,
raw_mcgill_complete,Summer 2019,accelerometer_icetag_raw_csv,.csv,Données completes/Données accelerometres/Summer 2019/Icetag/IceTags/Per minute/2019AUG16-2019AUG22/8520_Tag20_16AUG2019-1311_22AUG2019-1310_LB.csv,0.092,,,,,,,,
raw_mcgill_complete,Summer 2019,accelerometer_icetag_raw_csv,.csv,Données completes/Données accelerometres/Summer 2019/Icetag/IceTags/Per minute/2019AUG16-2019AUG22/8525_Tag96_16AUG2019-1354_22AUG2019-1349.csv,0.338,,,,,,,,
raw_mcgill_complete,Summer 2019,accelerometer_icetag_raw_csv,.csv,Données completes/Données accelerometres/Summer 2019/Icetag/IceTags/Per minute/2019AUG16-2019AUG22/8525_Tag96_16AUG2019-1354_22AUG2019-1349_LB.csv,0.106,,,,,,,,
raw_mcgill_complete,Summer 2019,accelerometer_icetag_raw_csv,.csv,Données completes/Données accelerometres/Summer 2019/Icetag/IceTags/Per minute/2019AUG16-2019AUG22/8536_Tag76_16AUG2019-1334_22AUG2019-1333.csv,0.339,,,,,,,,
raw_mcgill_complete,Summer 2019,accelerometer_icetag_raw_csv,.csv,Données completes/Données accelerometres/Summer 2019/Icetag/IceTags/Per minute/2019AUG16-2019AUG22/8536_Tag76_16AUG2019-1334_22AUG2019-1333_LB.csv,0.01,,,,,,,,
raw_mcgill_complete,Summer 2019,accelerometer_icetag_raw_csv,.csv,Données completes/Données accelerometres/Summer 2019/Icetag/IceTags/Per minute/2019AUG22-2019SEP06-IceTag double/IceTag 50001991 (P)_08-16-2019__13;06;40_LB.csv,0.088,,,,,,,,
raw_mcgill_complete,Summer 2019,accelerometer_icetag_raw_csv,.csv,Données completes/Données accelerometres/Summer 2019/Icetag/IceTags/Per minute/2019AUG22-2019SEPT06/2062_Tag86_22AUG2019-1309_06SEP2019-1026.csv,0.841,,,,,,,,
raw_mcgill_complete,Summer 2019,accelerometer_icetag_raw_csv,.csv,Données completes/Données accelerometres/Summer 2019/Icetag/IceTags/Per minute/2019AUG22-2019SEPT06/2062_Tag86_22AUG2019-1309_06SEP2019-1026_LB.csv,0.061,,,,,,,,
raw_mcgill_complete,Summer 2019,accelerometer_icetag_raw_csv,.csv,Données completes/Données accelerometres/Summer 2019/Icetag/IceTags/Per minute/2019AUG22-2019SEPT06/419_Tag76_22AUG2019-1348_06SEP2019-1033.csv,0.839,,,,,,,,
raw_mcgill_complete,Summer 2019,accelerometer_icetag_raw_csv,.csv,Données completes/Données accelerometres/Summer 2019/Icetag/IceTags/Per minute/2019AUG22-2019SEPT06/419_Tag76_22AUG2019-1348_06SEP2019-1033_LB.csv,0.252,,,,,,,,
raw_mcgill_complete,Summer 2019,accelerometer_icetag_raw_csv,.csv,Données completes/Données accelerometres/Summer 2019/Icetag/IceTags/Per minute/2019AUG22-2019SEPT06/5313_Tag93_22AUG2019-1410_06SEP2019-1035.csv,0.839,,,,,,,,
raw_mcgill_complete,Summer 2019,accelerometer_icetag_raw_csv,.csv,Données completes/Données accelerometres/Summer 2019/Icetag/IceTags/Per minute/2019AUG22-2019SEPT06/5313_Tag93_22AUG2019-1410_06SEP2019-1035_LB.csv,0.05,,,,,,,,
raw_mcgill_complete,Summer 2019,accelerometer_icetag_workbook_or_mapping,.xlsx,Données completes/Données accelerometres/Summer 2019/Icetag/IceTags/Per minute/2019AUG22-2019SEPT06/5322_Tag91_22AUG2019-1329_29AUG2019-0959.xlsx,0.363,9912,8,,,,1,Sheet1,"IceTag ID:, , 50001991, , , , , "
raw_mcgill_complete,Summer 2019,accelerometer_icetag_workbook_or_mapping,.xlsx,Données completes/Données accelerometres/Summer 2019/Icetag/IceTags/Per minute/2019AUG22-2019SEPT06/5322_Tag91_22AUG2019-1329_29AUG2019-0959_LB.xlsx,0.057,1183,5,,,,1,Sheet1,"IceTag ID:, 50001991, , , "
raw_mcgill_complete,Summer 2019,accelerometer_icetag_raw_csv,.csv,Données completes/Données accelerometres/Summer 2019/Icetag/IceTags/Per minute/2019AUG22-2019SEPT06/5322_Tag95_29AUG2019-1000_06SEP2019-1031.csv,0.454,,,,,,,,
raw_mcgill_complete,Summer 2019,accelerometer_icetag_raw_csv,.csv,Données completes/Données accelerometres/Summer 2019/Icetag/IceTags/Per minute/2019AUG22-2019SEPT06/5322_Tag95_29AUG2019-1329_06SEP2019-1031_LB.csv,0.039,,,,,,,,
raw_mcgill_complete,Summer 2019,accelerometer_icetag_raw_csv,.csv,Données completes/Données accelerometres/Summer 2019/Icetag/IceTags/Per minute/2019AUG22-2019SEPT06/5330_Tag92_22AUG2019-1347_06SEP2019-1032.csv,0.839,,,,,,,,
raw_mcgill_complete,Summer 2019,accelerometer_icetag_raw_csv,.csv,Données completes/Données accelerometres/Summer 2019/Icetag/IceTags/Per minute/2019AUG22-2019SEPT06/5330_Tag92_22AUG2019-1347_06SEP2019-1032_LB.csv,0.014,,,,,,,,
raw_mcgill_complete,Summer 2019,accelerometer_icetag_raw_csv,.csv,Données completes/Données accelerometres/Summer 2019/Icetag/IceTags/Per minute/2019AUG22-2019SEPT06/5854_Tag97_22AUG2019-1329_06SEP2019-1031.csv,0.84,,,,,,,,
raw_mcgill_complete,Summer 2019,accelerometer_icetag_raw_csv,.csv,Données completes/Données accelerometres/Summer 2019/Icetag/IceTags/Per minute/2019AUG22-2019SEPT06/5854_Tag97_22AUG2019-1329_06SEP2019-1031_LB.csv,0.045,,,,,,,,
raw_mcgill_complete,Summer 2019,accelerometer_icetag_raw_csv,.csv,Données completes/Données accelerometres/Summer 2019/Icetag/IceTags/Per minute/2019AUG22-2019SEPT06/5857_Tag85_22AUG2019-1309_06SEP2019-1026.csv,0.84,,,,,,,,
raw_mcgill_complete,Summer 2019,accelerometer_icetag_raw_csv,.csv,Données completes/Données accelerometres/Summer 2019/Icetag/IceTags/Per minute/2019AUG22-2019SEPT06/5857_Tag85_22AUG2019-1309_06SEP2019-1026_LB.csv,0.016,,,,,,,,
raw_mcgill_complete,Summer 2019,accelerometer_icetag_raw_csv,.csv,Données completes/Données accelerometres/Summer 2019/Icetag/IceTags/Per minute/2019AUG22-2019SEPT06/5862_Tag20_22AUG2019-1330_06SEP2019-1031.csv,0.839,,,,,,,,
raw_mcgill_complete,Summer 2019,accelerometer_icetag_raw_csv,.csv,Données completes/Données accelerometres/Summer 2019/Icetag/IceTags/Per minute/2019AUG22-2019SEPT06/5862_Tag20_22AUG2019-1330_06SEP2019-1031_LB.csv,0.158,,,,,,,,
raw_mcgill_complete,Summer 2019,accelerometer_icetag_raw_csv,.csv,Données completes/Données accelerometres/Summer 2019/Icetag/IceTags/Per minute/2019AUG22-2019SEPT06/5865_Tag87_22AUG2019-1410_06SEP2019-1036.csv,0.839,,,,,,,,
raw_mcgill_complete,Summer 2019,accelerometer_icetag_raw_csv,.csv,Données completes/Données accelerometres/Summer 2019/Icetag/IceTags/Per minute/2019AUG22-2019SEPT06/5865_Tag87_22AUG2019-1410_06SEP2019-1036_LB.csv,0.097,,,,,,,,
raw_mcgill_complete,Summer 2019,accelerometer_icetag_raw_csv,.csv,Données completes/Données accelerometres/Summer 2019/Icetag/IceTags/Per minute/2019AUG22-2019SEPT06/5871_Tag88_22AUG2019-1410_06SEP2019-1036.csv,0.839,,,,,,,,
raw_mcgill_complete,Summer 2019,accelerometer_icetag_raw_csv,.csv,Données completes/Données accelerometres/Summer 2019/Icetag/IceTags/Per minute/2019AUG22-2019SEPT06/5871_Tag88_22AUG2019-1410_06SEP2019-1036_LB.csv,0.136,,,,,,,,
raw_mcgill_complete,Summer 2019,accelerometer_icetag_raw_csv,.csv,Données completes/Données accelerometres/Summer 2019/Icetag/IceTags/Per minute/2019AUG22-2019SEPT06/8515_Tag94_22AUG2019-1308_06SEP2019-1026.csv,0.844,,,,,,,,
raw_mcgill_complete,Summer 2019,accelerometer_icetag_raw_csv,.csv,Données completes/Données accelerometres/Summer 2019/Icetag/IceTags/Per minute/2019AUG22-2019SEPT06/8515_Tag94_22AUG2019-1308_06SEP2019-1026_LB.csv,0.021,,,,,,,,
raw_mcgill_complete,Summer 2019,accelerometer_icetag_raw_csv,.csv,Données completes/Données accelerometres/Summer 2019/Icetag/IceTags/Per minute/2019AUG22-2019SEPT06/8520_Tag90_22AUG2019-1308_06SEP2019-1025.csv,0.84,,,,,,,,
raw_mcgill_complete,Summer 2019,accelerometer_icetag_raw_csv,.csv,Données completes/Données accelerometres/Summer 2019/Icetag/IceTags/Per minute/2019AUG22-2019SEPT06/8520_Tag90_22AUG2019-1308_06SEP2019-1025_LB.csv,0.03,,,,,,,,
raw_mcgill_complete,Summer 2019,accelerometer_icetag_raw_csv,.csv,Données completes/Données accelerometres/Summer 2019/Icetag/IceTags/Per minute/2019AUG22-2019SEPT06/8525_Tag21_22AUG2019-1347_06SEP2019-1032.csv,0.838,,,,,,,,
raw_mcgill_complete,Summer 2019,accelerometer_icetag_raw_csv,.csv,Données completes/Données accelerometres/Summer 2019/Icetag/IceTags/Per minute/2019AUG22-2019SEPT06/8525_Tag21_22AUG2019-1347_06SEP2019-1032_LB.csv,0.015,,,,,,,,
raw_mcgill_complete,Summer 2019,accelerometer_icetag_raw_csv,.csv,Données completes/Données accelerometres/Summer 2019/Icetag/IceTags/Per minute/2019AUG22-2019SEPT06/8536_Tag89_22AUG2019-1331_06SEP2019-1029.csv,0.84,,,,,,,,
raw_mcgill_complete,Summer 2019,accelerometer_icetag_raw_csv,.csv,Données completes/Données accelerometres/Summer 2019/Icetag/IceTags/Per minute/2019AUG22-2019SEPT06/8536_Tag89_22AUG2019-1331_06SEP2019-1029_LB.csv,0.029,,,,,,,,
raw_mcgill_complete,Summer 2019,accelerometer_icetag_raw_csv,.csv,Données completes/Données accelerometres/Summer 2019/Icetag/IceTags/Per minute/2019JUL04-2019JUL11/2062_Tag97_04JUL2019-1248_11JUL2019-0948.csv,0.388,,,,,,,,
raw_mcgill_complete,Summer 2019,accelerometer_icetag_raw_csv,.csv,Données completes/Données accelerometres/Summer 2019/Icetag/IceTags/Per minute/2019JUL04-2019JUL11/2062_Tag97_04JUL2019-1248_11JUL2019-0948_LB.csv,0.022,,,,,,,,
raw_mcgill_complete,Summer 2019,accelerometer_icetag_raw_csv,.csv,Données completes/Données accelerometres/Summer 2019/Icetag/IceTags/Per minute/2019JUL04-2019JUL11/419_Tag24_04JUL2019-1338_11JUL2019-1026.csv,0.388,,,,,,,,
raw_mcgill_complete,Summer 2019,accelerometer_icetag_raw_csv,.csv,Données completes/Données accelerometres/Summer 2019/Icetag/IceTags/Per minute/2019JUL04-2019JUL11/419_Tag24_04JUL2019-1338_11JUL2019-1026_LB.csv,0.012,,,,,,,,
raw_mcgill_complete,Summer 2019,accelerometer_icetag_raw_csv,.csv,Données completes/Données accelerometres/Summer 2019/Icetag/IceTags/Per minute/2019JUL04-2019JUL11/5169_Tag90_04JUL2019-1312_11JUL2019-1058.csv,0.39,,,,,,,,
raw_mcgill_complete,Summer 2019,accelerometer_icetag_raw_csv,.csv,Données completes/Données accelerometres/Summer 2019/Icetag/IceTags/Per minute/2019JUL04-2019JUL11/5169_Tag90_04JUL2019-1312_11JUL2019-1058_LB.csv,0.022,,,,,,,,
raw_mcgill_complete,Summer 2019,accelerometer_icetag_raw_csv,.csv,Données completes/Données accelerometres/Summer 2019/Icetag/IceTags/Per minute/2019JUL04-2019JUL11/5214_Tag96_05JUL2019-831_11JUL2019-1006.csv,0.343,,,,,,,,
raw_mcgill_complete,Summer 2019,accelerometer_icetag_raw_csv,.csv,Données completes/Données accelerometres/Summer 2019/Icetag/IceTags/Per minute/2019JUL04-2019JUL11/5214_Tag96_05JUL2019-831_11JUL2019-1006_LB.csv,0.075,,,,,,,,
raw_mcgill_complete,Summer 2019,accelerometer_icetag_raw_csv,.csv,Données completes/Données accelerometres/Summer 2019/Icetag/IceTags/Per minute/2019JUL04-2019JUL11/5258_Tag22_04JUL2019-1338_11JUL2019-1041.csv,0.389,,,,,,,,
raw_mcgill_complete,Summer 2019,accelerometer_icetag_raw_csv,.csv,Données completes/Données accelerometres/Summer 2019/Icetag/IceTags/Per minute/2019JUL04-2019JUL11/5258_Tag22_04JUL2019-1338_11JUL2019-1041_LB.csv,0.06,,,,,,,,
raw_mcgill_complete,Summer 2019,accelerometer_icetag_raw_csv,.csv,Données completes/Données accelerometres/Summer 2019/Icetag/IceTags/Per minute/2019JUL04-2019JUL11/5313_Tag86_04JUL2019-1339_11JUL2019-1042.csv,0.388,,,,,,,,
raw_mcgill_complete,Summer 2019,accelerometer_icetag_raw_csv,.csv,Données completes/Données accelerometres/Summer 2019/Icetag/IceTags/Per minute/2019JUL04-2019JUL11/5313_Tag86_04JUL2019-1339_11JUL2019-1042_LB.csv,0.007,,,,,,,,
raw_mcgill_complete,Summer 2019,accelerometer_icetag_raw_csv,.csv,Données completes/Données accelerometres/Summer 2019/Icetag/IceTags/Per minute/2019JUL04-2019JUL11/5322_Tag87_04JUL2019-1248_11JUL2019-1006.csv,0.389,,,,,,,,
raw_mcgill_complete,Summer 2019,accelerometer_icetag_raw_csv,.csv,Données completes/Données accelerometres/Summer 2019/Icetag/IceTags/Per minute/2019JUL04-2019JUL11/5322_Tag87_04JUL2019-1248_11JUL2019-1006_LB.csv,0.007,,,,,,,,
raw_mcgill_complete,Summer 2019,accelerometer_icetag_raw_csv,.csv,Données completes/Données accelerometres/Summer 2019/Icetag/IceTags/Per minute/2019JUL04-2019JUL11/5330_Tag76_04JUL2019-1338_11JUL2019-1026.csv,0.387,,,,,,,,
raw_mcgill_complete,Summer 2019,accelerometer_icetag_raw_csv,.csv,Données completes/Données accelerometres/Summer 2019/Icetag/IceTags/Per minute/2019JUL04-2019JUL11/5330_Tag76_04JUL2019-1338_11JUL2019-1026_LB.csv,0.23,,,,,,,,
raw_mcgill_complete,Summer 2019,accelerometer_icetag_raw_csv,.csv,Données completes/Données accelerometres/Summer 2019/Icetag/IceTags/Per minute/2019JUL04-2019JUL11/5854_Tag26_04JUL2019-1312_11JUL2019-1007.csv,0.388,,,,,,,,
raw_mcgill_complete,Summer 2019,accelerometer_icetag_raw_csv,.csv,Données completes/Données accelerometres/Summer 2019/Icetag/IceTags/Per minute/2019JUL04-2019JUL11/5854_Tag26_04JUL2019-1312_11JUL2019-1007_LB.csv,0.007,,,,,,,,
raw_mcgill_complete,Summer 2019,accelerometer_icetag_raw_csv,.csv,Données completes/Données accelerometres/Summer 2019/Icetag/IceTags/Per minute/2019JUL04-2019JUL11/5857_Tag88_04JUL2019-1247_11JUL2019-0949.csv,0.388,,,,,,,,
raw_mcgill_complete,Summer 2019,accelerometer_icetag_raw_csv,.csv,Données completes/Données accelerometres/Summer 2019/Icetag/IceTags/Per minute/2019JUL04-2019JUL11/5857_Tag88_04JUL2019-1247_11JUL2019-0949_LB.csv,0.006,,,,,,,,
raw_mcgill_complete,Summer 2019,accelerometer_icetag_raw_csv,.csv,Données completes/Données accelerometres/Summer 2019/Icetag/IceTags/Per minute/2019JUL04-2019JUL11/5862_Tag93_04JUL2019-1313_11JUL2019-1006.csv,0.387,,,,,,,,
raw_mcgill_complete,Summer 2019,accelerometer_icetag_raw_csv,.csv,Données completes/Données accelerometres/Summer 2019/Icetag/IceTags/Per minute/2019JUL04-2019JUL11/5862_Tag93_04JUL2019-1313_11JUL2019-1006_LB.csv,0.026,,,,,,,,
raw_mcgill_complete,Summer 2019,accelerometer_icetag_raw_csv,.csv,Données completes/Données accelerometres/Summer 2019/Icetag/IceTags/Per minute/2019JUL04-2019JUL11/5865_Tag20_04JUL2019-1402_11JUL2019-1042.csv,0.387,,,,,,,,
raw_mcgill_complete,Summer 2019,accelerometer_icetag_raw_csv,.csv,Données completes/Données accelerometres/Summer 2019/Icetag/IceTags/Per minute/2019JUL04-2019JUL11/5865_Tag20_04JUL2019-1402_11JUL2019-1042_LB.csv,0.014,,,,,,,,
raw_mcgill_complete,Summer 2019,accelerometer_icetag_raw_csv,.csv,Données completes/Données accelerometres/Summer 2019/Icetag/IceTags/Per minute/2019JUL04-2019JUL11/5871_Tag89_04JUL2019-1346_11JUL2019-1042.csv,0.388,,,,,,,,
raw_mcgill_complete,Summer 2019,accelerometer_icetag_raw_csv,.csv,Données completes/Données accelerometres/Summer 2019/Icetag/IceTags/Per minute/2019JUL04-2019JUL11/5871_Tag89_04JUL2019-1346_11JUL2019-1042_LB.csv,0.058,,,,,,,,
raw_mcgill_complete,Summer 2019,accelerometer_icetag_raw_csv,.csv,Données completes/Données accelerometres/Summer 2019/Icetag/IceTags/Per minute/2019JUL04-2019JUL11/8515_Tag92_04JUL2019-1245_11JUL2019-0947.csv,0.388,,,,,,,,
raw_mcgill_complete,Summer 2019,accelerometer_icetag_raw_csv,.csv,Données completes/Données accelerometres/Summer 2019/Icetag/IceTags/Per minute/2019JUL04-2019JUL11/8515_Tag92_04JUL2019-1245_11JUL2019-0947_LB.csv,0.031,,,,,,,,
raw_mcgill_complete,Summer 2019,accelerometer_icetag_raw_csv,.csv,Données completes/Données accelerometres/Summer 2019/Icetag/IceTags/Per minute/2019JUL04-2019JUL11/8520_Tag16_04JUL2019-1244_11JUL2019-0948.csv,0.388,,,,,,,,
raw_mcgill_complete,Summer 2019,accelerometer_icetag_raw_csv,.csv,Données completes/Données accelerometres/Summer 2019/Icetag/IceTags/Per minute/2019JUL04-2019JUL11/8520_Tag16_04JUL2019-1244_11JUL2019-0948_LB.csv,0.017,,,,,,,,
raw_mcgill_complete,Summer 2019,accelerometer_icetag_raw_csv,.csv,Données completes/Données accelerometres/Summer 2019/Icetag/IceTags/Per minute/2019JUL04-2019JUL11/8525_Tag95_04JUL2019-1315_11JUL2019-1025.csv,0.388,,,,,,,,
raw_mcgill_complete,Summer 2019,accelerometer_icetag_raw_csv,.csv,Données completes/Données accelerometres/Summer 2019/Icetag/IceTags/Per minute/2019JUL04-2019JUL11/8525_Tag95_04JUL2019-1315_11JUL2019-1025_LB.csv,0.058,,,,,,,,
raw_mcgill_complete,Summer 2019,accelerometer_icetag_raw_csv,.csv,Données completes/Données accelerometres/Summer 2019/Icetag/IceTags/Per minute/2019JUL04-2019JUL11/8536_Tag94_04JUL2019-1314_11JUL2019-1025.csv,0.389,,,,,,,,
raw_mcgill_complete,Summer 2019,accelerometer_icetag_raw_csv,.csv,Données completes/Données accelerometres/Summer 2019/Icetag/IceTags/Per minute/2019JUL04-2019JUL11/8536_Tag94_04JUL2019-1314_11JUL2019-1025_LB.csv,0.044,,,,,,,,
raw_mcgill_complete,Summer 2019,accelerometer_icetag_raw_csv,.csv,Données completes/Données accelerometres/Summer 2019/Icetag/IceTags/Per minute/2019JUL11-2019JUL18/2062_Tag91_11JUL2019-0946_18JUL2019-1349.csv,0.405,,,,,,,,
raw_mcgill_complete,Summer 2019,accelerometer_icetag_raw_csv,.csv,Données completes/Données accelerometres/Summer 2019/Icetag/IceTags/Per minute/2019JUL11-2019JUL18/2062_Tag91_11JUL2019-0946_18JUL2019-1349_LB.csv,0.094,,,,,,,,
raw_mcgill_complete,Summer 2019,accelerometer_icetag_raw_csv,.csv,Données completes/Données accelerometres/Summer 2019/Icetag/IceTags/Per minute/2019JUL11-2019JUL18/419_Tag93_11JUL2019-1024_18JUL2019-1442.csv,0.406,,,,,,,,
raw_mcgill_complete,Summer 2019,accelerometer_icetag_raw_csv,.csv,Données completes/Données accelerometres/Summer 2019/Icetag/IceTags/Per minute/2019JUL11-2019JUL18/419_Tag93_11JUL2019-1024_18JUL2019-1442_LB.csv,0.131,,,,,,,,
raw_mcgill_complete,Summer 2019,accelerometer_icetag_raw_csv,.csv,Données completes/Données accelerometres/Summer 2019/Icetag/IceTags/Per minute/2019JUL11-2019JUL18/5169_Tag22_11JUL2019-1055_18JUL2019-1525.csv,0.405,,,,,,,,
raw_mcgill_complete,Summer 2019,accelerometer_icetag_raw_csv,.csv,Données completes/Données accelerometres/Summer 2019/Icetag/IceTags/Per minute/2019JUL11-2019JUL18/5169_Tag22_11JUL2019-1055_18JUL2019-1525_LB.csv,0.01,,,,,,,,
raw_mcgill_complete,Summer 2019,accelerometer_icetag_raw_csv,.csv,Données completes/Données accelerometres/Summer 2019/Icetag/IceTags/Per minute/2019JUL11-2019JUL18/5214_Tag16_11JUL2019-1002_18JUL2019-1414.csv,0.405,,,,,,,,
raw_mcgill_complete,Summer 2019,accelerometer_icetag_raw_csv,.csv,Données completes/Données accelerometres/Summer 2019/Icetag/IceTags/Per minute/2019JUL11-2019JUL18/5214_Tag16_11JUL2019-1002_18JUL2019-1414_LB.csv,0.008,,,,,,,,
raw_mcgill_complete,Summer 2019,accelerometer_icetag_raw_csv,.csv,Données completes/Données accelerometres/Summer 2019/Icetag/IceTags/Per minute/2019JUL11-2019JUL18/5258_Tag95_11JUL2019-1039_18JUL2019-1507.csv,0.406,,,,,,,,
raw_mcgill_complete,Summer 2019,accelerometer_icetag_raw_csv,.csv,Données completes/Données accelerometres/Summer 2019/Icetag/IceTags/Per minute/2019JUL11-2019JUL18/5258_Tag95_11JUL2019-1039_18JUL2019-1507_LB.csv,0.007,,,,,,,,
raw_mcgill_complete,Summer 2019,accelerometer_icetag_raw_csv,.csv,Données completes/Données accelerometres/Summer 2019/Icetag/IceTags/Per minute/2019JUL11-2019JUL18/5313_Tag76_11JUL2019-1040_18JUL2019-1506.csv,0.406,,,,,,,,
raw_mcgill_complete,Summer 2019,accelerometer_icetag_raw_csv,.csv,Données completes/Données accelerometres/Summer 2019/Icetag/IceTags/Per minute/2019JUL11-2019JUL18/5313_Tag76_11JUL2019-1040_18JUL2019-1506_LB.csv,0.014,,,,,,,,
raw_mcgill_complete,Summer 2019,accelerometer_icetag_raw_csv,.csv,Données completes/Données accelerometres/Summer 2019/Icetag/IceTags/Per minute/2019JUL11-2019JUL18/5322_Tag97_11JUL2019-1003_18JUL2019-1416.csv,0.405,,,,,,,,
raw_mcgill_complete,Summer 2019,accelerometer_icetag_raw_csv,.csv,Données completes/Données accelerometres/Summer 2019/Icetag/IceTags/Per minute/2019JUL11-2019JUL18/5322_Tag97_11JUL2019-1003_18JUL2019-1416_LB.csv,0.08,,,,,,,,
raw_mcgill_complete,Summer 2019,accelerometer_icetag_raw_csv,.csv,Données completes/Données accelerometres/Summer 2019/Icetag/IceTags/Per minute/2019JUL11-2019JUL18/5330_Tag96_11JUL2019-1022_18JUL2019-1442.csv,0.405,,,,,,,,
raw_mcgill_complete,Summer 2019,accelerometer_icetag_raw_csv,.csv,Données completes/Données accelerometres/Summer 2019/Icetag/IceTags/Per minute/2019JUL11-2019JUL18/5330_Tag96_11JUL2019-1022_18JUL2019-1442_LB.csv,0.006,,,,,,,,
raw_mcgill_complete,Summer 2019,accelerometer_icetag_raw_csv,.csv,Données completes/Données accelerometres/Summer 2019/Icetag/IceTags/Per minute/2019JUL11-2019JUL18/5854_Tag92_11JUL2019-1005_18JUL2019-1417.csv,0.405,,,,,,,,
raw_mcgill_complete,Summer 2019,accelerometer_icetag_raw_csv,.csv,Données completes/Données accelerometres/Summer 2019/Icetag/IceTags/Per minute/2019JUL11-2019JUL18/5854_Tag92_11JUL2019-1005_18JUL2019-1417_LB.csv,0.013,,,,,,,,
raw_mcgill_complete,Summer 2019,accelerometer_icetag_raw_csv,.csv,Données completes/Données accelerometres/Summer 2019/Icetag/IceTags/Per minute/2019JUL11-2019JUL18/5857_Tag25_11JUL2019-0947_18JUL2019-1350.csv,0.405,,,,,,,,
raw_mcgill_complete,Summer 2019,accelerometer_icetag_raw_csv,.csv,Données completes/Données accelerometres/Summer 2019/Icetag/IceTags/Per minute/2019JUL11-2019JUL18/5857_Tag25_11JUL2019-0947_18JUL2019-1350_LB.csv,0.007,,,,,,,,
raw_mcgill_complete,Summer 2019,accelerometer_icetag_raw_csv,.csv,Données completes/Données accelerometres/Summer 2019/Icetag/IceTags/Per minute/2019JUL11-2019JUL18/5862_Tag88_11JUL2019-1004_18JUL2019-1416.csv,0.405,,,,,,,,
raw_mcgill_complete,Summer 2019,accelerometer_icetag_raw_csv,.csv,Données completes/Données accelerometres/Summer 2019/Icetag/IceTags/Per minute/2019JUL11-2019JUL18/5862_Tag88_11JUL2019-1004_18JUL2019-1416_LB.csv,0.186,,,,,,,,
raw_mcgill_complete,Summer 2019,accelerometer_icetag_raw_csv,.csv,Données completes/Données accelerometres/Summer 2019/Icetag/IceTags/Per minute/2019JUL11-2019JUL18/5865_Tag24_11JUL2019-1040_18JUL2019-1507.csv,0.406,,,,,,,,
raw_mcgill_complete,Summer 2019,accelerometer_icetag_raw_csv,.csv,Données completes/Données accelerometres/Summer 2019/Icetag/IceTags/Per minute/2019JUL11-2019JUL18/5865_Tag24_11JUL2019-1040_18JUL2019-1507_LB.csv,0.008,,,,,,,,
raw_mcgill_complete,Summer 2019,accelerometer_icetag_raw_csv,.csv,Données completes/Données accelerometres/Summer 2019/Icetag/IceTags/Per minute/2019JUL11-2019JUL18/5871_Tag94_11JUL2019-1040_18JUL2019-1506.csv,0.405,,,,,,,,
raw_mcgill_complete,Summer 2019,accelerometer_icetag_raw_csv,.csv,Données completes/Données accelerometres/Summer 2019/Icetag/IceTags/Per minute/2019JUL11-2019JUL18/5871_Tag94_11JUL2019-1040_18JUL2019-1506_LB.csv,0.114,,,,,,,,
raw_mcgill_complete,Summer 2019,accelerometer_icetag_raw_csv,.csv,Données completes/Données accelerometres/Summer 2019/Icetag/IceTags/Per minute/2019JUL11-2019JUL18/8515_Tag21_11JUL2019-0945_18JUL2019-1349.csv,0.404,,,,,,,,
raw_mcgill_complete,Summer 2019,accelerometer_icetag_raw_csv,.csv,Données completes/Données accelerometres/Summer 2019/Icetag/IceTags/Per minute/2019JUL11-2019JUL18/8515_Tag21_11JUL2019-0945_18JUL2019-1349_LB.csv,0.013,,,,,,,,
raw_mcgill_complete,Summer 2019,accelerometer_icetag_raw_csv,.csv,Données completes/Données accelerometres/Summer 2019/Icetag/IceTags/Per minute/2019JUL11-2019JUL18/8520_Tag85_11JUL2019-0946_18JUL2019-1348.csv,0.405,,,,,,,,
raw_mcgill_complete,Summer 2019,accelerometer_icetag_raw_csv,.csv,Données completes/Données accelerometres/Summer 2019/Icetag/IceTags/Per minute/2019JUL11-2019JUL18/8520_Tag85_11JUL2019-0946_18JUL2019-1348_LB.csv,0.021,,,,,,,,
raw_mcgill_complete,Summer 2019,accelerometer_icetag_raw_csv,.csv,Données completes/Données accelerometres/Summer 2019/Icetag/IceTags/Per minute/2019JUL11-2019JUL18/8525_Tag87_11JUL2019-1020_18JUL2019-1441.csv,0.405,,,,,,,,
raw_mcgill_complete,Summer 2019,accelerometer_icetag_raw_csv,.csv,Données completes/Données accelerometres/Summer 2019/Icetag/IceTags/Per minute/2019JUL11-2019JUL18/8525_Tag87_11JUL2019-1020_18JUL2019-1441_LB.csv,0.106,,,,,,,,
raw_mcgill_complete,Summer 2019,accelerometer_icetag_raw_csv,.csv,Données completes/Données accelerometres/Summer 2019/Icetag/IceTags/Per minute/2019JUL11-2019JUL18/8536_Tag26_11JUL2019-1019_18JUL2019-1440.csv,0.406,,,,,,,,
raw_mcgill_complete,Summer 2019,accelerometer_icetag_raw_csv,.csv,Données completes/Données accelerometres/Summer 2019/Icetag/IceTags/Per minute/2019JUL11-2019JUL18/8536_Tag26_11JUL2019-1019_18JUL2019-1440_LB.csv,0.01,,,,,,,,
raw_mcgill_complete,Summer 2019,accelerometer_icetag_raw_csv,.csv,Données completes/Données accelerometres/Summer 2019/Icetag/IceTags/Per minute/2019JUL18-2019JUL25/2062_Tag86_18JUL2019-1346_25JUL2019-1314.csv,0.394,,,,,,,,
raw_mcgill_complete,Summer 2019,accelerometer_icetag_raw_csv,.csv,Données completes/Données accelerometres/Summer 2019/Icetag/IceTags/Per minute/2019JUL18-2019JUL25/2062_Tag86_18JUL2019-1346_25JUL2019-1314_LB.csv,0.05,,,,,,,,
raw_mcgill_complete,Summer 2019,accelerometer_icetag_raw_csv,.csv,Données completes/Données accelerometres/Summer 2019/Icetag/IceTags/Per minute/2019JUL18-2019JUL25/419_Tag88_18JUL2019-1439_25JUL2019-1404.csv,0.395,,,,,,,,
raw_mcgill_complete,Summer 2019,accelerometer_icetag_raw_csv,.csv,Données completes/Données accelerometres/Summer 2019/Icetag/IceTags/Per minute/2019JUL18-2019JUL25/419_Tag88_18JUL2019-1439_25JUL2019-1404_LB.csv,0.049,,,,,,,,
raw_mcgill_complete,Summer 2019,accelerometer_icetag_raw_csv,.csv,Données completes/Données accelerometres/Summer 2019/Icetag/IceTags/Per minute/2019JUL18-2019JUL25/5169_Tag76_18JUL2019-1523_25JUL2019-1339.csv,0.391,,,,,,,,
raw_mcgill_complete,Summer 2019,accelerometer_icetag_raw_csv,.csv,Données completes/Données accelerometres/Summer 2019/Icetag/IceTags/Per minute/2019JUL18-2019JUL25/5169_Tag76_18JUL2019-1523_25JUL2019-1339_LB.csv,0.01,,,,,,,,
raw_mcgill_complete,Summer 2019,accelerometer_icetag_raw_csv,.csv,Données completes/Données accelerometres/Summer 2019/Icetag/IceTags/Per minute/2019JUL18-2019JUL25/5214_Tag85_18JUL2019-1410_25JUL2019-0835.csv,0.384,,,,,,,,
raw_mcgill_complete,Summer 2019,accelerometer_icetag_raw_csv,.csv,Données completes/Données accelerometres/Summer 2019/Icetag/IceTags/Per minute/2019JUL18-2019JUL25/5214_Tag85_18JUL2019-1410_25JUL2019-0835_LB.csv,0.026,,,,,,,,
raw_mcgill_complete,Summer 2019,accelerometer_icetag_raw_csv,.csv,Données completes/Données accelerometres/Summer 2019/Icetag/IceTags/Per minute/2019JUL18-2019JUL25/5258_Tag26_18JUL2019-1505_25JUL2019-1404.csv,0.393,,,,,,,,
raw_mcgill_complete,Summer 2019,accelerometer_icetag_raw_csv,.csv,Données completes/Données accelerometres/Summer 2019/Icetag/IceTags/Per minute/2019JUL18-2019JUL25/5258_Tag26_18JUL2019-1505_25JUL2019-1404_LB.csv,0.028,,,,,,,,
raw_mcgill_complete,Summer 2019,accelerometer_icetag_raw_csv,.csv,Données completes/Données accelerometres/Summer 2019/Icetag/IceTags/Per minute/2019JUL18-2019JUL25/5313_Tag96_18JUL2019-1503_25JUL2019-1405.csv,0.393,,,,,,,,
raw_mcgill_complete,Summer 2019,accelerometer_icetag_raw_csv,.csv,Données completes/Données accelerometres/Summer 2019/Icetag/IceTags/Per minute/2019JUL18-2019JUL25/5313_Tag96_18JUL2019-1503_25JUL2019-1405_LB.csv,0.023,,,,,,,,
raw_mcgill_complete,Summer 2019,accelerometer_icetag_raw_csv,.csv,Données completes/Données accelerometres/Summer 2019/Icetag/IceTags/Per minute/2019JUL18-2019JUL25/5322_Tag25_18JUL2019-1412_25JUL2019-1315.csv,0.393,,,,,,,,
raw_mcgill_complete,Summer 2019,accelerometer_icetag_raw_csv,.csv,Données completes/Données accelerometres/Summer 2019/Icetag/IceTags/Per minute/2019JUL18-2019JUL25/5322_Tag25_18JUL2019-1412_25JUL2019-1315_LB.csv,0.034,,,,,,,,
raw_mcgill_complete,Summer 2019,accelerometer_icetag_raw_csv,.csv,Données completes/Données accelerometres/Summer 2019/Icetag/IceTags/Per minute/2019JUL18-2019JUL25/5854_Tag91_18JUL2019-1416_25JUL2019-1340.csv,0.394,,,,,,,,
raw_mcgill_complete,Summer 2019,accelerometer_icetag_raw_csv,.csv,Données completes/Données accelerometres/Summer 2019/Icetag/IceTags/Per minute/2019JUL18-2019JUL25/5854_Tag91_18JUL2019-1416_25JUL2019-1340_LB.csv,0.022,,,,,,,,
raw_mcgill_complete,Summer 2019,accelerometer_icetag_raw_csv,.csv,Données completes/Données accelerometres/Summer 2019/Icetag/IceTags/Per minute/2019JUL18-2019JUL25/5857_Tag90_18JUL2019-1347_25JUL2019-1315.csv,0.394,,,,,,,,
raw_mcgill_complete,Summer 2019,accelerometer_icetag_raw_csv,.csv,Données completes/Données accelerometres/Summer 2019/Icetag/IceTags/Per minute/2019JUL18-2019JUL25/5857_Tag90_18JUL2019-1347_25JUL2019-1315_LB.csv,0.005,,,,,,,,
raw_mcgill_complete,Summer 2019,accelerometer_icetag_raw_csv,.csv,Données completes/Données accelerometres/Summer 2019/Icetag/IceTags/Per minute/2019JUL18-2019JUL25/5862_Tag21_18JUL2019-1413_25JUL2019-1340.csv,0.394,,,,,,,,
raw_mcgill_complete,Summer 2019,accelerometer_icetag_raw_csv,.csv,Données completes/Données accelerometres/Summer 2019/Icetag/IceTags/Per minute/2019JUL18-2019JUL25/5862_Tag21_18JUL2019-1413_25JUL2019-1340_LB.csv,0.03,,,,,,,,
raw_mcgill_complete,Summer 2019,accelerometer_icetag_raw_csv,.csv,Données completes/Données accelerometres/Summer 2019/Icetag/IceTags/Per minute/2019JUL18-2019JUL25/5865_Tag87_18JUL2019-1504_25JUL2019-1406.csv,0.393,,,,,,,,
raw_mcgill_complete,Summer 2019,accelerometer_icetag_raw_csv,.csv,Données completes/Données accelerometres/Summer 2019/Icetag/IceTags/Per minute/2019JUL18-2019JUL25/5865_Tag87_18JUL2019-1504_25JUL2019-1406_LB.csv,0.012,,,,,,,,
raw_mcgill_complete,Summer 2019,accelerometer_icetag_raw_csv,.csv,Données completes/Données accelerometres/Summer 2019/Icetag/IceTags/Per minute/2019JUL18-2019JUL25/5871_Tag93_18JUL2019-1503_25JUL2019-1405.csv,0.393,,,,,,,,
raw_mcgill_complete,Summer 2019,accelerometer_icetag_raw_csv,.csv,Données completes/Données accelerometres/Summer 2019/Icetag/IceTags/Per minute/2019JUL18-2019JUL25/5871_Tag93_18JUL2019-1503_25JUL2019-1405_LB.csv,0.083,,,,,,,,
raw_mcgill_complete,Summer 2019,accelerometer_icetag_raw_csv,.csv,Données completes/Données accelerometres/Summer 2019/Icetag/IceTags/Per minute/2019JUL18-2019JUL25/8515_Tag89_18JUL2019-1345_25JUL2019-1313.csv,0.394,,,,,,,,
raw_mcgill_complete,Summer 2019,accelerometer_icetag_raw_csv,.csv,Données completes/Données accelerometres/Summer 2019/Icetag/IceTags/Per minute/2019JUL18-2019JUL25/8515_Tag89_18JUL2019-1345_25JUL2019-1313_LB.csv,0.032,,,,,,,,
raw_mcgill_complete,Summer 2019,accelerometer_icetag_raw_csv,.csv,Données completes/Données accelerometres/Summer 2019/Icetag/IceTags/Per minute/2019JUL18-2019JUL25/8520_Tag20_18JUL2019-1344_25JUL2019-1313.csv,0.394,,,,,,,,
raw_mcgill_complete,Summer 2019,accelerometer_icetag_raw_csv,.csv,Données completes/Données accelerometres/Summer 2019/Icetag/IceTags/Per minute/2019JUL18-2019JUL25/8520_Tag20_18JUL2019-1344_25JUL2019-1313_LB.csv,0.011,,,,,,,,
raw_mcgill_complete,Summer 2019,accelerometer_icetag_raw_csv,.csv,Données completes/Données accelerometres/Summer 2019/Icetag/IceTags/Per minute/2019JUL18-2019JUL25/8525_Tag97_18JUL2019-1438_25JUL2019-1341.csv,0.393,,,,,,,,
raw_mcgill_complete,Summer 2019,accelerometer_icetag_raw_csv,.csv,Données completes/Données accelerometres/Summer 2019/Icetag/IceTags/Per minute/2019JUL18-2019JUL25/8525_Tag97_18JUL2019-1438_25JUL2019-1341_LB.csv,0.03,,,,,,,,
raw_mcgill_complete,Summer 2019,accelerometer_icetag_raw_csv,.csv,Données completes/Données accelerometres/Summer 2019/Icetag/IceTags/Per minute/2019JUL18-2019JUL25/8536_Tag92_18JUL2019-1437_25JUL2019-1341.csv,0.393,,,,,,,,
raw_mcgill_complete,Summer 2019,accelerometer_icetag_raw_csv,.csv,Données completes/Données accelerometres/Summer 2019/Icetag/IceTags/Per minute/2019JUL18-2019JUL25/8536_Tag92_18JUL2019-1437_25JUL2019-1341_LB.csv,0.038,,,,,,,,
raw_mcgill_complete,Summer 2019,accelerometer_icetag_raw_csv,.csv,Données completes/Données accelerometres/Summer 2019/Icetag/IceTags/Per minute/2019JUL25-2019AUG01/2062_Tag85_25JUL2019-1311_01AUG2019-1308.csv,0.395,,,,,,,,
raw_mcgill_complete,Summer 2019,accelerometer_icetag_raw_csv,.csv,Données completes/Données accelerometres/Summer 2019/Icetag/IceTags/Per minute/2019JUL25-2019AUG01/2062_Tag85_25JUL2019-1311_01AUG2019-1308_LB.csv,0.023,,,,,,,,
raw_mcgill_complete,Summer 2019,accelerometer_icetag_raw_csv,.csv,Données completes/Données accelerometres/Summer 2019/Icetag/IceTags/Per minute/2019JUL25-2019AUG01/419_Tag91_25JUL2019-1401_01AUG2019-1447.csv,0.397,,,,,,,,
raw_mcgill_complete,Summer 2019,accelerometer_icetag_raw_csv,.csv,Données completes/Données accelerometres/Summer 2019/Icetag/IceTags/Per minute/2019JUL25-2019AUG01/419_Tag91_25JUL2019-1401_01AUG2019-1447_LB.csv,0.126,,,,,,,,
raw_mcgill_complete,Summer 2019,accelerometer_icetag_raw_csv,.csv,Données completes/Données accelerometres/Summer 2019/Icetag/IceTags/Per minute/2019JUL25-2019AUG01/5258_Tag97_25JUL2019-1402_01AUG2019-1448.csv,0.397,,,,,,,,
raw_mcgill_complete,Summer 2019,accelerometer_icetag_raw_csv,.csv,Données completes/Données accelerometres/Summer 2019/Icetag/IceTags/Per minute/2019JUL25-2019AUG01/5258_Tag97_25JUL2019-1402_01AUG2019-1448_LB.csv,0.052,,,,,,,,
raw_mcgill_complete,Summer 2019,accelerometer_icetag_raw_csv,.csv,Données completes/Données accelerometres/Summer 2019/Icetag/IceTags/Per minute/2019JUL25-2019AUG01/5313_Tag21_25JUL2019-1402_01AUG2019-1448.csv,0.397,,,,,,,,
raw_mcgill_complete,Summer 2019,accelerometer_icetag_raw_csv,.csv,Données completes/Données accelerometres/Summer 2019/Icetag/IceTags/Per minute/2019JUL25-2019AUG01/5313_Tag21_25JUL2019-1402_01AUG2019-1448_LB.csv,0.085,,,,,,,,
raw_mcgill_complete,Summer 2019,accelerometer_icetag_raw_csv,.csv,Données completes/Données accelerometres/Summer 2019/Icetag/IceTags/Per minute/2019JUL25-2019AUG01/5322_Tag94_25JUL2019-1313_01AUG2019-1308.csv,0.395,,,,,,,,
raw_mcgill_complete,Summer 2019,accelerometer_icetag_raw_csv,.csv,Données completes/Données accelerometres/Summer 2019/Icetag/IceTags/Per minute/2019JUL25-2019AUG01/5322_Tag94_25JUL2019-1313_01AUG2019-1308_LB.csv,0.054,,,,,,,,
raw_mcgill_complete,Summer 2019,accelerometer_icetag_raw_csv,.csv,Données completes/Données accelerometres/Summer 2019/Icetag/IceTags/Per minute/2019JUL25-2019AUG01/5330_Tag25_25JUL2019-1338_01AUG2019-1448.csv,0.397,,,,,,,,
raw_mcgill_complete,Summer 2019,accelerometer_icetag_raw_csv,.csv,Données completes/Données accelerometres/Summer 2019/Icetag/IceTags/Per minute/2019JUL25-2019AUG01/5330_Tag25_25JUL2019-1338_01AUG2019-1448_LB.csv,0.02,,,,,,,,
raw_mcgill_complete,Summer 2019,accelerometer_icetag_raw_csv,.csv,Données completes/Données accelerometres/Summer 2019/Icetag/IceTags/Per minute/2019JUL25-2019AUG01/5854_Tag20_25JUL2019-1334_01AUG2019-1418.csv,0.397,,,,,,,,
raw_mcgill_complete,Summer 2019,accelerometer_icetag_raw_csv,.csv,Données completes/Données accelerometres/Summer 2019/Icetag/IceTags/Per minute/2019JUL25-2019AUG01/5854_Tag20_25JUL2019-1334_01AUG2019-1418_LB.csv,0.008,,,,,,,,
raw_mcgill_complete,Summer 2019,accelerometer_icetag_raw_csv,.csv,Données completes/Données accelerometres/Summer 2019/Icetag/IceTags/Per minute/2019JUL25-2019AUG01/5857_Tag24_25JUL2019-1312_01AUG2019-1309.csv,0.396,,,,,,,,
raw_mcgill_complete,Summer 2019,accelerometer_icetag_raw_csv,.csv,Données completes/Données accelerometres/Summer 2019/Icetag/IceTags/Per minute/2019JUL25-2019AUG01/5857_Tag24_25JUL2019-1312_01AUG2019-1309_LB.csv,0.005,,,,,,,,
raw_mcgill_complete,Summer 2019,accelerometer_icetag_raw_csv,.csv,Données completes/Données accelerometres/Summer 2019/Icetag/IceTags/Per minute/2019JUL25-2019AUG01/5862_Tag86_25JUL2019-1333_01AUG2019-1418.csv,0.397,,,,,,,,
raw_mcgill_complete,Summer 2019,accelerometer_icetag_raw_csv,.csv,Données completes/Données accelerometres/Summer 2019/Icetag/IceTags/Per minute/2019JUL25-2019AUG01/5862_Tag86_25JUL2019-1333_01AUG2019-1418_LB.csv,0.055,,,,,,,,
raw_mcgill_complete,Summer 2019,accelerometer_icetag_raw_csv,.csv,Données completes/Données accelerometres/Summer 2019/Icetag/IceTags/Per minute/2019JUL25-2019AUG01/5865_Tag92_25JUL2019-1403_01AUG2019-1517.csv,0.398,,,,,,,,
raw_mcgill_complete,Summer 2019,accelerometer_icetag_raw_csv,.csv,Données completes/Données accelerometres/Summer 2019/Icetag/IceTags/Per minute/2019JUL25-2019AUG01/5865_Tag92_25JUL2019-1403_01AUG2019-1517_LB.csv,0.015,,,,,,,,
raw_mcgill_complete,Summer 2019,accelerometer_icetag_raw_csv,.csv,Données completes/Données accelerometres/Summer 2019/Icetag/IceTags/Per minute/2019JUL25-2019AUG01/5871_Tag76_25JUL2019-1403_01AUG2019-1516.csv,0.398,,,,,,,,
raw_mcgill_complete,Summer 2019,accelerometer_icetag_raw_csv,.csv,Données completes/Données accelerometres/Summer 2019/Icetag/IceTags/Per minute/2019JUL25-2019AUG01/5871_Tag76_25JUL2019-1403_01AUG2019-1516_LB.csv,0.028,,,,,,,,
raw_mcgill_complete,Summer 2019,accelerometer_icetag_raw_csv,.csv,Données completes/Données accelerometres/Summer 2019/Icetag/IceTags/Per minute/2019JUL25-2019AUG01/8515_Tag95_25JUL2019-1311_01AUG2019-1308.csv,0.395,,,,,,,,
raw_mcgill_complete,Summer 2019,accelerometer_icetag_raw_csv,.csv,Données completes/Données accelerometres/Summer 2019/Icetag/IceTags/Per minute/2019JUL25-2019AUG01/8515_Tag95_25JUL2019-1311_01AUG2019-1308_LB.csv,0.012,,,,,,,,
raw_mcgill_complete,Summer 2019,accelerometer_icetag_raw_csv,.csv,Données completes/Données accelerometres/Summer 2019/Icetag/IceTags/Per minute/2019JUL25-2019AUG01/8520_Tag22_25JUL2019-1310_01AUG2019-1307.csv,0.395,,,,,,,,
raw_mcgill_complete,Summer 2019,accelerometer_icetag_raw_csv,.csv,Données completes/Données accelerometres/Summer 2019/Icetag/IceTags/Per minute/2019JUL25-2019AUG01/8520_Tag22_25JUL2019-1310_01AUG2019-1307_LB.csv,0.024,,,,,,,,
raw_mcgill_complete,Summer 2019,accelerometer_icetag_raw_csv,.csv,Données completes/Données accelerometres/Summer 2019/Icetag/IceTags/Per minute/2019JUL25-2019AUG01/8525_Tag90_25JUL2019-1338_01AUG2019-1419.csv,0.397,,,,,,,,
raw_mcgill_complete,Summer 2019,accelerometer_icetag_raw_csv,.csv,Données completes/Données accelerometres/Summer 2019/Icetag/IceTags/Per minute/2019JUL25-2019AUG01/8525_Tag90_25JUL2019-1338_01AUG2019-1419_LB.csv,0.012,,,,,,,,
raw_mcgill_complete,Summer 2019,accelerometer_icetag_raw_csv,.csv,Données completes/Données accelerometres/Summer 2019/Icetag/IceTags/Per minute/2019JUL25-2019AUG01/8536_Tag89_25JUL2019-1336_01AUG2019-1419.csv,0.397,,,,,,,,
raw_mcgill_complete,Summer 2019,accelerometer_icetag_raw_csv,.csv,Données completes/Données accelerometres/Summer 2019/Icetag/IceTags/Per minute/2019JUL25-2019AUG01/8536_Tag89_25JUL2019-1336_01AUG2019-1419_LB.csv,0.012,,,,,,,,
raw_mcgill_complete,Summer 2019,accelerometer_icetag_raw_csv,.csv,Données completes/Données accelerometres/Summer 2019/Icetag/IceTags/Per minute/2019JUN05-2019JUN11/2062_Tag92_05JUN2019-1304_11JUN2019-1408.csv,0.341,,,,,,,,
raw_mcgill_complete,Summer 2019,accelerometer_icetag_raw_csv,.csv,Données completes/Données accelerometres/Summer 2019/Icetag/IceTags/Per minute/2019JUN05-2019JUN11/2062_Tag92_05JUN2019-1304_11JUN2019-1408_LB.csv,0.052,,,,,,,,
raw_mcgill_complete,Summer 2019,accelerometer_icetag_raw_csv,.csv,Données completes/Données accelerometres/Summer 2019/Icetag/IceTags/Per minute/2019JUN05-2019JUN11/2067_Tag95_05JUN2019-1309_11JUN2019-1446.csv,0.343,,,,,,,,
raw_mcgill_complete,Summer 2019,accelerometer_icetag_raw_csv,.csv,Données completes/Données accelerometres/Summer 2019/Icetag/IceTags/Per minute/2019JUN05-2019JUN11/2067_Tag95_05JUN2019-1309_11JUN2019-1446_LB.csv,0.02,,,,,,,,
raw_mcgill_complete,Summer 2019,accelerometer_icetag_raw_csv,.csv,Données completes/Données accelerometres/Summer 2019/Icetag/IceTags/Per minute/2019JUN05-2019JUN11/419_Tag90_05JUN2019-1310_11JUN2019-1507.csv,0.344,,,,,,,,
raw_mcgill_complete,Summer 2019,accelerometer_icetag_raw_csv,.csv,Données completes/Données accelerometres/Summer 2019/Icetag/IceTags/Per minute/2019JUN05-2019JUN11/419_Tag90_05JUN2019-1310_11JUN2019-1507_LB.csv,0.052,,,,,,,,
raw_mcgill_complete,Summer 2019,accelerometer_icetag_raw_csv,.csv,Données completes/Données accelerometres/Summer 2019/Icetag/IceTags/Per minute/2019JUN05-2019JUN11/5169_Tag97_05JUN2019-1306_11JUN2019-1409.csv,0.341,,,,,,,,
raw_mcgill_complete,Summer 2019,accelerometer_icetag_raw_csv,.csv,Données completes/Données accelerometres/Summer 2019/Icetag/IceTags/Per minute/2019JUN05-2019JUN11/5169_Tag97_05JUN2019-1306_11JUN2019-1409_LB.csv,0.006,,,,,,,,
raw_mcgill_complete,Summer 2019,accelerometer_icetag_raw_csv,.csv,Données completes/Données accelerometres/Summer 2019/Icetag/IceTags/Per minute/2019JUN05-2019JUN11/5258_Tag26_05JUN2019-1311_11JUN2019-1508.csv,0.344,,,,,,,,
raw_mcgill_complete,Summer 2019,accelerometer_icetag_raw_csv,.csv,Données completes/Données accelerometres/Summer 2019/Icetag/IceTags/Per minute/2019JUN05-2019JUN11/5258_Tag26_05JUN2019-1311_11JUN2019-1508_LB.csv,0.008,,,,,,,,
raw_mcgill_complete,Summer 2019,accelerometer_icetag_raw_csv,.csv,Données completes/Données accelerometres/Summer 2019/Icetag/IceTags/Per minute/2019JUN05-2019JUN11/5313_Tag86_05JUN2019-1312_11JUN2019-1509.csv,0.344,,,,,,,,
raw_mcgill_complete,Summer 2019,accelerometer_icetag_raw_csv,.csv,Données completes/Données accelerometres/Summer 2019/Icetag/IceTags/Per minute/2019JUN05-2019JUN11/5313_Tag86_05JUN2019-1312_11JUN2019-1509_LB.csv,0.006,,,,,,,,
raw_mcgill_complete,Summer 2019,accelerometer_icetag_raw_csv,.csv,Données completes/Données accelerometres/Summer 2019/Icetag/IceTags/Per minute/2019JUN05-2019JUN11/5322_Tag76_05JUN2019-1306_11JUN2019-1445.csv,0.343,,,,,,,,
raw_mcgill_complete,Summer 2019,accelerometer_icetag_raw_csv,.csv,Données completes/Données accelerometres/Summer 2019/Icetag/IceTags/Per minute/2019JUN05-2019JUN11/5322_Tag76_05JUN2019-1306_11JUN2019-1445_LB.csv,0.005,,,,,,,,
raw_mcgill_complete,Summer 2019,accelerometer_icetag_raw_csv,.csv,Données completes/Données accelerometres/Summer 2019/Icetag/IceTags/Per minute/2019JUN05-2019JUN11/5330_Tag89_05JUN2019-1310_11JUN2019-1507.csv,0.343,,,,,,,,
raw_mcgill_complete,Summer 2019,accelerometer_icetag_raw_csv,.csv,Données completes/Données accelerometres/Summer 2019/Icetag/IceTags/Per minute/2019JUN05-2019JUN11/5330_Tag89_05JUN2019-1310_11JUN2019-1507_LB.csv,0.183,,,,,,,,
raw_mcgill_complete,Summer 2019,accelerometer_icetag_raw_csv,.csv,Données completes/Données accelerometres/Summer 2019/Icetag/IceTags/Per minute/2019JUN05-2019JUN11/5857_Tag96_05JUN2019-1305_11JUN2019-1409.csv,0.341,,,,,,,,
raw_mcgill_complete,Summer 2019,accelerometer_icetag_raw_csv,.csv,Données completes/Données accelerometres/Summer 2019/Icetag/IceTags/Per minute/2019JUN05-2019JUN11/5857_Tag96_05JUN2019-1305_11JUN2019-1409_LB.csv,0.006,,,,,,,,
raw_mcgill_complete,Summer 2019,accelerometer_icetag_raw_csv,.csv,Données completes/Données accelerometres/Summer 2019/Icetag/IceTags/Per minute/2019JUN05-2019JUN11/5862_Tag93_05JUN2019-1307_11JUN2019-1446.csv,0.343,,,,,,,,
raw_mcgill_complete,Summer 2019,accelerometer_icetag_raw_csv,.csv,Données completes/Données accelerometres/Summer 2019/Icetag/IceTags/Per minute/2019JUN05-2019JUN11/5862_Tag93_05JUN2019-1307_11JUN2019-1446_LB.csv,0.109,,,,,,,,
raw_mcgill_complete,Summer 2019,accelerometer_icetag_raw_csv,.csv,Données completes/Données accelerometres/Summer 2019/Icetag/IceTags/Per minute/2019JUN05-2019JUN11/5865_Tag22_05JUN2019-1313_11JUN2019-1524.csv,0.344,,,,,,,,
raw_mcgill_complete,Summer 2019,accelerometer_icetag_raw_csv,.csv,Données completes/Données accelerometres/Summer 2019/Icetag/IceTags/Per minute/2019JUN05-2019JUN11/5865_Tag22_05JUN2019-1313_11JUN2019-1524_LB.csv,0.006,,,,,,,,
raw_mcgill_complete,Summer 2019,accelerometer_icetag_raw_csv,.csv,Données completes/Données accelerometres/Summer 2019/Icetag/IceTags/Per minute/2019JUN05-2019JUN11/5871_Tag24_05JUN2019-1312_11JUN2019-1509.csv,0.344,,,,,,,,
raw_mcgill_complete,Summer 2019,accelerometer_icetag_raw_csv,.csv,Données completes/Données accelerometres/Summer 2019/Icetag/IceTags/Per minute/2019JUN05-2019JUN11/5871_Tag24_05JUN2019-1312_11JUN2019-1509_LB.csv,0.105,,,,,,,,
raw_mcgill_complete,Summer 2019,accelerometer_icetag_raw_csv,.csv,Données completes/Données accelerometres/Summer 2019/Icetag/IceTags/Per minute/2019JUN05-2019JUN11/8515_Tag16_05JUN2019-1302_11JUN2019-1408.csv,0.342,,,,,,,,
raw_mcgill_complete,Summer 2019,accelerometer_icetag_raw_csv,.csv,Données completes/Données accelerometres/Summer 2019/Icetag/IceTags/Per minute/2019JUN05-2019JUN11/8515_Tag16_05JUN2019-1302_11JUN2019-1408_LB.csv,0.023,,,,,,,,
raw_mcgill_complete,Summer 2019,accelerometer_icetag_raw_csv,.csv,Données completes/Données accelerometres/Summer 2019/Icetag/IceTags/Per minute/2019JUN05-2019JUN11/8520_Tag88_05JUN2019-1302_11JUN2019-1407.csv,0.341,,,,,,,,
raw_mcgill_complete,Summer 2019,accelerometer_icetag_raw_csv,.csv,Données completes/Données accelerometres/Summer 2019/Icetag/IceTags/Per minute/2019JUN05-2019JUN11/8520_Tag88_05JUN2019-1302_11JUN2019-1407_LB.csv,0.156,,,,,,,,
raw_mcgill_complete,Summer 2019,accelerometer_icetag_raw_csv,.csv,Données completes/Données accelerometres/Summer 2019/Icetag/IceTags/Per minute/2019JUN05-2019JUN11/8525_Tag94_05JUN2019-1309_11JUN2019-1447.csv,0.343,,,,,,,,
raw_mcgill_complete,Summer 2019,accelerometer_icetag_raw_csv,.csv,Données completes/Données accelerometres/Summer 2019/Icetag/IceTags/Per minute/2019JUN05-2019JUN11/8525_Tag94_05JUN2019-1309_11JUN2019-1447_LB.csv,0.01,,,,,,,,
raw_mcgill_complete,Summer 2019,accelerometer_icetag_raw_csv,.csv,Données completes/Données accelerometres/Summer 2019/Icetag/IceTags/Per minute/2019JUN05-2019JUN11/8536_Tag87_05JUN2019-1308_11JUN2019-1446.csv,0.343,,,,,,,,
raw_mcgill_complete,Summer 2019,accelerometer_icetag_raw_csv,.csv,Données completes/Données accelerometres/Summer 2019/Icetag/IceTags/Per minute/2019JUN05-2019JUN11/8536_Tag87_05JUN2019-1308_11JUN2019-1446_LB.csv,0.048,,,,,,,,
raw_mcgill_complete,Summer 2019,accelerometer_icetag_raw_csv,.csv,Données completes/Données accelerometres/Summer 2019/Icetag/IceTags/Per minute/2019JUN11-2019JUN20/2062_Tag21_11JUN2019-1406_20JUN2019-1235.csv,0.504,,,,,,,,
raw_mcgill_complete,Summer 2019,accelerometer_icetag_raw_csv,.csv,Données completes/Données accelerometres/Summer 2019/Icetag/IceTags/Per minute/2019JUN11-2019JUN20/2062_Tag21_11JUN2019-1406_20JUN2019-1235_LB.csv,0.04,,,,,,,,
raw_mcgill_complete,Summer 2019,accelerometer_icetag_raw_csv,.csv,Données completes/Données accelerometres/Summer 2019/Icetag/IceTags/Per minute/2019JUN11-2019JUN20/2067_Tag96_11JUN2019-1443_20JUN2019-1304.csv,0.504,,,,,,,,
raw_mcgill_complete,Summer 2019,accelerometer_icetag_raw_csv,.csv,Données completes/Données accelerometres/Summer 2019/Icetag/IceTags/Per minute/2019JUN11-2019JUN20/2067_Tag96_11JUN2019-1443_20JUN2019-1304_LB.csv,0.045,,,,,,,,
raw_mcgill_complete,Summer 2019,accelerometer_icetag_raw_csv,.csv,Données completes/Données accelerometres/Summer 2019/Icetag/IceTags/Per minute/2019JUN11-2019JUN20/419_Tag93_11JUN2019-1503_20JUN2019-1332.csv,0.505,,,,,,,,
raw_mcgill_complete,Summer 2019,accelerometer_icetag_raw_csv,.csv,Données completes/Données accelerometres/Summer 2019/Icetag/IceTags/Per minute/2019JUN11-2019JUN20/419_Tag93_11JUN2019-1503_20JUN2019-1332_LB.csv,0.095,,,,,,,,
raw_mcgill_complete,Summer 2019,accelerometer_icetag_raw_csv,.csv,Données completes/Données accelerometres/Summer 2019/Icetag/IceTags/Per minute/2019JUN11-2019JUN20/5169_Tag85_11JUN2019-1407_20JUN2019-1236.csv,0.505,,,,,,,,
raw_mcgill_complete,Summer 2019,accelerometer_icetag_raw_csv,.csv,Données completes/Données accelerometres/Summer 2019/Icetag/IceTags/Per minute/2019JUN11-2019JUN20/5169_Tag85_11JUN2019-1407_20JUN2019-1236_LB.csv,0.028,,,,,,,,
raw_mcgill_complete,Summer 2019,accelerometer_icetag_raw_csv,.csv,Données completes/Données accelerometres/Summer 2019/Icetag/IceTags/Per minute/2019JUN11-2019JUN20/5258_Tag94_11JUN2019-1504_20JUN2019-1333.csv,0.504,,,,,,,,
raw_mcgill_complete,Summer 2019,accelerometer_icetag_raw_csv,.csv,Données completes/Données accelerometres/Summer 2019/Icetag/IceTags/Per minute/2019JUN11-2019JUN20/5258_Tag94_11JUN2019-1504_20JUN2019-1333_LB.csv,0.075,,,,,,,,
raw_mcgill_complete,Summer 2019,accelerometer_icetag_raw_csv,.csv,Données completes/Données accelerometres/Summer 2019/Icetag/IceTags/Per minute/2019JUN11-2019JUN20/5313_Tag87_11JUN2019-1504_20JUN2019-1333.csv,0.504,,,,,,,,
raw_mcgill_complete,Summer 2019,accelerometer_icetag_raw_csv,.csv,Données completes/Données accelerometres/Summer 2019/Icetag/IceTags/Per minute/2019JUN11-2019JUN20/5313_Tag87_11JUN2019-1504_20JUN2019-1333_LB.csv,0.102,,,,,,,,
raw_mcgill_complete,Summer 2019,accelerometer_icetag_raw_csv,.csv,Données completes/Données accelerometres/Summer 2019/Icetag/IceTags/Per minute/2019JUN11-2019JUN20/5322_Tag97_11JUN2019-1442_20JUN2019-1303.csv,0.504,,,,,,,,
raw_mcgill_complete,Summer 2019,accelerometer_icetag_raw_csv,.csv,Données completes/Données accelerometres/Summer 2019/Icetag/IceTags/Per minute/2019JUN11-2019JUN20/5322_Tag97_11JUN2019-1442_20JUN2019-1303_LB.csv,0.02,,,,,,,,
raw_mcgill_complete,Summer 2019,accelerometer_icetag_raw_csv,.csv,Données completes/Données accelerometres/Summer 2019/Icetag/IceTags/Per minute/2019JUN11-2019JUN20/5330_Tag95_11JUN2019-1502_20JUN2019-1332.csv,0.504,,,,,,,,
raw_mcgill_complete,Summer 2019,accelerometer_icetag_raw_csv,.csv,Données completes/Données accelerometres/Summer 2019/Icetag/IceTags/Per minute/2019JUN11-2019JUN20/5330_Tag95_11JUN2019-1502_20JUN2019-1332_LB.csv,0.01,,,,,,,,
raw_mcgill_complete,Summer 2019,accelerometer_icetag_raw_csv,.csv,Données completes/Données accelerometres/Summer 2019/Icetag/IceTags/Per minute/2019JUN11-2019JUN20/5857_Tag20_11JUN2019-1407_20JUN2019-1236.csv,0.505,,,,,,,,
raw_mcgill_complete,Summer 2019,accelerometer_icetag_raw_csv,.csv,Données completes/Données accelerometres/Summer 2019/Icetag/IceTags/Per minute/2019JUN11-2019JUN20/5857_Tag20_11JUN2019-1407_20JUN2019-1236_LB.csv,0.006,,,,,,,,
raw_mcgill_complete,Summer 2019,accelerometer_icetag_raw_csv,.csv,Données completes/Données accelerometres/Summer 2019/Icetag/IceTags/Per minute/2019JUN11-2019JUN20/5862_Tag88_11JUN2019-1443_20JUN2019-1304.csv,0.504,,,,,,,,
raw_mcgill_complete,Summer 2019,accelerometer_icetag_raw_csv,.csv,Données completes/Données accelerometres/Summer 2019/Icetag/IceTags/Per minute/2019JUN11-2019JUN20/5862_Tag88_11JUN2019-1443_20JUN2019-1304_LB.csv,0.202,,,,,,,,
raw_mcgill_complete,Summer 2019,accelerometer_icetag_raw_csv,.csv,Données completes/Données accelerometres/Summer 2019/Icetag/IceTags/Per minute/2019JUN11-2019JUN20/5865_Tag90_11JUN2019-1522_20JUN2019-1353.csv,0.504,,,,,,,,
raw_mcgill_complete,Summer 2019,accelerometer_icetag_raw_csv,.csv,Données completes/Données accelerometres/Summer 2019/Icetag/IceTags/Per minute/2019JUN11-2019JUN20/5865_Tag90_11JUN2019-1522_20JUN2019-1353_LB.csv,0.012,,,,,,,,
raw_mcgill_complete,Summer 2019,accelerometer_icetag_raw_csv,.csv,Données completes/Données accelerometres/Summer 2019/Icetag/IceTags/Per minute/2019JUN11-2019JUN20/5871_Tag76_11JUN2019-1505_20JUN2019-1334.csv,0.504,,,,,,,,
raw_mcgill_complete,Summer 2019,accelerometer_icetag_raw_csv,.csv,Données completes/Données accelerometres/Summer 2019/Icetag/IceTags/Per minute/2019JUN11-2019JUN20/5871_Tag76_11JUN2019-1505_20JUN2019-1334_LB.csv,0.036,,,,,,,,
raw_mcgill_complete,Summer 2019,accelerometer_icetag_raw_csv,.csv,Données completes/Données accelerometres/Summer 2019/Icetag/IceTags/Per minute/2019JUN11-2019JUN20/8515_Tag25_11JUN2019-1406_20JUN2019-1234.csv,0.504,,,,,,,,
raw_mcgill_complete,Summer 2019,accelerometer_icetag_raw_csv,.csv,Données completes/Données accelerometres/Summer 2019/Icetag/IceTags/Per minute/2019JUN11-2019JUN20/8515_Tag25_11JUN2019-1406_20JUN2019-1234_LB.csv,0.092,,,,,,,,
raw_mcgill_complete,Summer 2019,accelerometer_icetag_raw_csv,.csv,Données completes/Données accelerometres/Summer 2019/Icetag/IceTags/Per minute/2019JUN11-2019JUN20/8520_Tag91_11JUN2019-1405_20JUN2019-1233.csv,0.505,,,,,,,,
raw_mcgill_complete,Summer 2019,accelerometer_icetag_raw_csv,.csv,Données completes/Données accelerometres/Summer 2019/Icetag/IceTags/Per minute/2019JUN11-2019JUN20/8520_Tag91_11JUN2019-1405_20JUN2019-1233_LB.csv,0.008,,,,,,,,
raw_mcgill_complete,Summer 2019,accelerometer_icetag_raw_csv,.csv,Données completes/Données accelerometres/Summer 2019/Icetag/IceTags/Per minute/2019JUN11-2019JUN20/8525_Tag16_11JUN2019-1444_20JUN2019-1305.csv,0.504,,,,,,,,
raw_mcgill_complete,Summer 2019,accelerometer_icetag_raw_csv,.csv,Données completes/Données accelerometres/Summer 2019/Icetag/IceTags/Per minute/2019JUN11-2019JUN20/8525_Tag16_11JUN2019-1444_20JUN2019-1305_LB.csv,0.019,,,,,,,,
raw_mcgill_complete,Summer 2019,accelerometer_icetag_raw_csv,.csv,Données completes/Données accelerometres/Summer 2019/Icetag/IceTags/Per minute/2019JUN11-2019JUN20/8536_Tag92_11JUN2019-1444_20JUN2019-1305.csv,0.504,,,,,,,,
raw_mcgill_complete,Summer 2019,accelerometer_icetag_raw_csv,.csv,Données completes/Données accelerometres/Summer 2019/Icetag/IceTags/Per minute/2019JUN11-2019JUN20/8536_Tag92_11JUN2019-1444_20JUN2019-1305_LB.csv,0.019,,,,,,,,
raw_mcgill_complete,Summer 2019,accelerometer_icetag_raw_csv,.csv,Données completes/Données accelerometres/Summer 2019/Icetag/IceTags/Per minute/2019JUN20-2019JUN27/2062_Tag22_20JUN2019-1232_27JUN2019-1304.csv,0.396,,,,,,,,
raw_mcgill_complete,Summer 2019,accelerometer_icetag_raw_csv,.csv,Données completes/Données accelerometres/Summer 2019/Icetag/IceTags/Per minute/2019JUN20-2019JUN27/2062_Tag22_20JUN2019-1232_27JUN2019-1304_LB.csv,0.039,,,,,,,,
raw_mcgill_complete,Summer 2019,accelerometer_icetag_raw_csv,.csv,Données completes/Données accelerometres/Summer 2019/Icetag/IceTags/Per minute/2019JUN20-2019JUN27/419_Tag16_20JUN2019-1330_27JUN2019-1356.csv,0.397,,,,,,,,
raw_mcgill_complete,Summer 2019,accelerometer_icetag_raw_csv,.csv,Données completes/Données accelerometres/Summer 2019/Icetag/IceTags/Per minute/2019JUN20-2019JUN27/419_Tag16_20JUN2019-1330_27JUN2019-1356_LB.csv,0.019,,,,,,,,
raw_mcgill_complete,Summer 2019,accelerometer_icetag_raw_csv,.csv,Données completes/Données accelerometres/Summer 2019/Icetag/IceTags/Per minute/2019JUN20-2019JUN27/5169_Tag86_20JUN2019-1233_27JUN2019-1329.csv,0.396,,,,,,,,
raw_mcgill_complete,Summer 2019,accelerometer_icetag_raw_csv,.csv,Données completes/Données accelerometres/Summer 2019/Icetag/IceTags/Per minute/2019JUN20-2019JUN27/5169_Tag86_20JUN2019-1233_27JUN2019-1329_LB.csv,0.027,,,,,,,,
raw_mcgill_complete,Summer 2019,accelerometer_icetag_raw_csv,.csv,Données completes/Données accelerometres/Summer 2019/Icetag/IceTags/Per minute/2019JUN20-2019JUN27/5258_Tag92_20JUN2019-1330_27JUN2019-1356.csv,0.396,,,,,,,,
raw_mcgill_complete,Summer 2019,accelerometer_icetag_raw_csv,.csv,Données completes/Données accelerometres/Summer 2019/Icetag/IceTags/Per minute/2019JUN20-2019JUN27/5258_Tag92_20JUN2019-1330_27JUN2019-1356_LB.csv,0.066,,,,,,,,
raw_mcgill_complete,Summer 2019,accelerometer_icetag_raw_csv,.csv,Données completes/Données accelerometres/Summer 2019/Icetag/IceTags/Per minute/2019JUN20-2019JUN27/5313_Tag88_20JUN2019-1331_27JUN2019-1357.csv,0.396,,,,,,,,
raw_mcgill_complete,Summer 2019,accelerometer_icetag_raw_csv,.csv,Données completes/Données accelerometres/Summer 2019/Icetag/IceTags/Per minute/2019JUN20-2019JUN27/5313_Tag88_20JUN2019-1331_27JUN2019-1357_LB.csv,0.009,,,,,,,,
raw_mcgill_complete,Summer 2019,accelerometer_icetag_raw_csv,.csv,Données completes/Données accelerometres/Summer 2019/Icetag/IceTags/Per minute/2019JUN20-2019JUN27/5322_Tag25_20JUN2019-1300_27JUN2019-1330.csv,0.396,,,,,,,,
raw_mcgill_complete,Summer 2019,accelerometer_icetag_raw_csv,.csv,Données completes/Données accelerometres/Summer 2019/Icetag/IceTags/Per minute/2019JUN20-2019JUN27/5322_Tag25_20JUN2019-1300_27JUN2019-1330_LB.csv,0.013,,,,,,,,
raw_mcgill_complete,Summer 2019,accelerometer_icetag_raw_csv,.csv,Données completes/Données accelerometres/Summer 2019/Icetag/IceTags/Per minute/2019JUN20-2019JUN27/5330_Tag97_20JUN2019-1329_27JUN2019-1356.csv,0.396,,,,,,,,
raw_mcgill_complete,Summer 2019,accelerometer_icetag_raw_csv,.csv,Données completes/Données accelerometres/Summer 2019/Icetag/IceTags/Per minute/2019JUN20-2019JUN27/5330_Tag97_20JUN2019-1329_27JUN2019-1356_LB.csv,0.074,,,,,,,,
raw_mcgill_complete,Summer 2019,accelerometer_icetag_raw_csv,.csv,Données completes/Données accelerometres/Summer 2019/Icetag/IceTags/Per minute/2019JUN20-2019JUN27/5854_Tag20_20JUN2019-1302_27JUN2019-1331.csv,0.396,,,,,,,,
raw_mcgill_complete,Summer 2019,accelerometer_icetag_raw_csv,.csv,Données completes/Données accelerometres/Summer 2019/Icetag/IceTags/Per minute/2019JUN20-2019JUN27/5854_Tag20_20JUN2019-1302_27JUN2019-1331_LB.csv,0.011,,,,,,,,
raw_mcgill_complete,Summer 2019,accelerometer_icetag_raw_csv,.csv,Données completes/Données accelerometres/Summer 2019/Icetag/IceTags/Per minute/2019JUN20-2019JUN27/5857_Tag24_20JUN2019-1232_27JUN2019-1303.csv,0.276,,,,,,,,
raw_mcgill_complete,Summer 2019,accelerometer_icetag_raw_csv,.csv,Données completes/Données accelerometres/Summer 2019/Icetag/IceTags/Per minute/2019JUN20-2019JUN27/5857_Tag24_20JUN2019-1232_27JUN2019-1303_LB.csv,0.003,,,,,,,,
raw_mcgill_complete,Summer 2019,accelerometer_icetag_raw_csv,.csv,Données completes/Données accelerometres/Summer 2019/Icetag/IceTags/Per minute/2019JUN20-2019JUN27/5862_Tag85_20JUN2019-1302_27JUN2019-1330.csv,0.396,,,,,,,,
raw_mcgill_complete,Summer 2019,accelerometer_icetag_raw_csv,.csv,Données completes/Données accelerometres/Summer 2019/Icetag/IceTags/Per minute/2019JUN20-2019JUN27/5862_Tag85_20JUN2019-1302_27JUN2019-1330_LB.csv,0.181,,,,,,,,
raw_mcgill_complete,Summer 2019,accelerometer_icetag_raw_csv,.csv,Données completes/Données accelerometres/Summer 2019/Icetag/IceTags/Per minute/2019JUN20-2019JUN27/5865_Tag87_20JUN2019-1421_27JUN2019-1423.csv,0.396,,,,,,,,
raw_mcgill_complete,Summer 2019,accelerometer_icetag_raw_csv,.csv,Données completes/Données accelerometres/Summer 2019/Icetag/IceTags/Per minute/2019JUN20-2019JUN27/5865_Tag87_20JUN2019-1421_27JUN2019-1423_LB.csv,0.025,,,,,,,,
raw_mcgill_complete,Summer 2019,accelerometer_icetag_raw_csv,.csv,Données completes/Données accelerometres/Summer 2019/Icetag/IceTags/Per minute/2019JUN20-2019JUN27/5871_Tag96_20JUN2019-1331_27JUN2019-1356.csv,0.396,,,,,,,,
raw_mcgill_complete,Summer 2019,accelerometer_icetag_raw_csv,.csv,Données completes/Données accelerometres/Summer 2019/Icetag/IceTags/Per minute/2019JUN20-2019JUN27/5871_Tag96_20JUN2019-1331_27JUN2019-1356_LB.csv,0.048,,,,,,,,
raw_mcgill_complete,Summer 2019,accelerometer_icetag_raw_csv,.csv,Données completes/Données accelerometres/Summer 2019/Icetag/IceTags/Per minute/2019JUN20-2019JUN27/8515_Tag89_20JUN2019-1232_27JUN2019-1302.csv,0.397,,,,,,,,
raw_mcgill_complete,Summer 2019,accelerometer_icetag_raw_csv,.csv,Données completes/Données accelerometres/Summer 2019/Icetag/IceTags/Per minute/2019JUN20-2019JUN27/8515_Tag89_20JUN2019-1232_27JUN2019-1302_LB.csv,0.049,,,,,,,,
raw_mcgill_complete,Summer 2019,accelerometer_icetag_raw_csv,.csv,Données completes/Données accelerometres/Summer 2019/Icetag/IceTags/Per minute/2019JUN20-2019JUN27/8525_Tag21_20JUN2019-1303_27JUN2019-1331.csv,0.396,,,,,,,,
raw_mcgill_complete,Summer 2019,accelerometer_icetag_raw_csv,.csv,Données completes/Données accelerometres/Summer 2019/Icetag/IceTags/Per minute/2019JUN20-2019JUN27/8525_Tag21_20JUN2019-1303_27JUN2019-1331_LB.csv,0.057,,,,,,,,
raw_mcgill_complete,Summer 2019,accelerometer_icetag_raw_csv,.csv,Données completes/Données accelerometres/Summer 2019/Icetag/IceTags/Per minute/2019JUN20-2019JUN27/8536_Tag91_20JUN2019-1303_27JUN2019-1331.csv,0.396,,,,,,,,
raw_mcgill_complete,Summer 2019,accelerometer_icetag_raw_csv,.csv,Données completes/Données accelerometres/Summer 2019/Icetag/IceTags/Per minute/2019JUN20-2019JUN27/8536_Tag91_20JUN2019-1303_27JUN2019-1331_LB.csv,0.059,,,,,,,,
raw_mcgill_complete,Summer 2019,accelerometer_icetag_raw_csv,.csv,Données completes/Données accelerometres/Summer 2019/Icetag/IceTags/Per minute/2019JUN20-2019JUN27/REVERSED! 8520_Tag26_20JUN2019-1231_27JUN2019-1303.csv,0.397,,,,,,,,
raw_mcgill_complete,Summer 2019,accelerometer_icetag_raw_csv,.csv,Données completes/Données accelerometres/Summer 2019/Icetag/IceTags/Per minute/2019JUN20-2019JUN27/REVERSED! 8520_Tag26_20JUN2019-1231_27JUN2019-1303_LB.csv,0.009,,,,,,,,
raw_mcgill_complete,Summer 2019,accelerometer_icetag_raw_csv,.csv,Données completes/Données accelerometres/Summer 2019/Icetag/IceTags/Per minute/2019JUN27-2019JUL04/2062_Tag94_27JUN2019-1259_04JUL2019-1250.csv,0.395,,,,,,,,
raw_mcgill_complete,Summer 2019,accelerometer_icetag_raw_csv,.csv,Données completes/Données accelerometres/Summer 2019/Icetag/IceTags/Per minute/2019JUN27-2019JUL04/2062_Tag94_27JUN2019-1259_04JUL2019-1250_LB.csv,0.15,,,,,,,,
raw_mcgill_complete,Summer 2019,accelerometer_icetag_raw_csv,.csv,Données completes/Données accelerometres/Summer 2019/Icetag/IceTags/Per minute/2019JUN27-2019JUL04/419_Tag85_27JUN2019-1354_04JUL2019-1341.csv,0.395,,,,,,,,
raw_mcgill_complete,Summer 2019,accelerometer_icetag_raw_csv,.csv,Données completes/Données accelerometres/Summer 2019/Icetag/IceTags/Per minute/2019JUN27-2019JUL04/419_Tag85_27JUN2019-1354_04JUL2019-1341_LB.csv,0.112,,,,,,,,
raw_mcgill_complete,Summer 2019,accelerometer_icetag_raw_csv,.csv,Données completes/Données accelerometres/Summer 2019/Icetag/IceTags/Per minute/2019JUN27-2019JUL04/5169_Tag76_27JUN2019-1300_04JUL2019-1312.csv,0.396,,,,,,,,
raw_mcgill_complete,Summer 2019,accelerometer_icetag_raw_csv,.csv,Données completes/Données accelerometres/Summer 2019/Icetag/IceTags/Per minute/2019JUN27-2019JUL04/5169_Tag76_27JUN2019-1300_04JUL2019-1312_LB.csv,0.011,,,,,,,,
raw_mcgill_complete,Summer 2019,accelerometer_icetag_raw_csv,.csv,Données completes/Données accelerometres/Summer 2019/Icetag/IceTags/Per minute/2019JUN27-2019JUL04/5258_Tag21_27JUN2019-1354_04JUL2019-1341.csv,0.394,,,,,,,,
raw_mcgill_complete,Summer 2019,accelerometer_icetag_raw_csv,.csv,Données completes/Données accelerometres/Summer 2019/Icetag/IceTags/Per minute/2019JUN27-2019JUL04/5258_Tag21_27JUN2019-1354_04JUL2019-1341_LB.csv,0.013,,,,,,,,
raw_mcgill_complete,Summer 2019,accelerometer_icetag_raw_csv,.csv,Données completes/Données accelerometres/Summer 2019/Icetag/IceTags/Per minute/2019JUN27-2019JUL04/5313_Tag91_27JUN2019-1355_04JUL2019-1342.csv,0.395,,,,,,,,
raw_mcgill_complete,Summer 2019,accelerometer_icetag_raw_csv,.csv,Données completes/Données accelerometres/Summer 2019/Icetag/IceTags/Per minute/2019JUN27-2019JUL04/5313_Tag91_27JUN2019-1355_04JUL2019-1342_LB.csv,0.034,,,,,,,,
raw_mcgill_complete,Summer 2019,accelerometer_icetag_raw_csv,.csv,Données completes/Données accelerometres/Summer 2019/Icetag/IceTags/Per minute/2019JUN27-2019JUL04/5322_Tag26_27JUN2019-1327_04JUL2019-1250.csv,0.393,,,,,,,,
raw_mcgill_complete,Summer 2019,accelerometer_icetag_raw_csv,.csv,Données completes/Données accelerometres/Summer 2019/Icetag/IceTags/Per minute/2019JUN27-2019JUL04/5322_Tag26_27JUN2019-1327_04JUL2019-1250_LB.csv,0.007,,,,,,,,
raw_mcgill_complete,Summer 2019,accelerometer_icetag_raw_csv,.csv,Données completes/Données accelerometres/Summer 2019/Icetag/IceTags/Per minute/2019JUN27-2019JUL04/5330_Tag20_27JUN2019-1354_04JUL2019-1346.csv,0.394,,,,,,,,
raw_mcgill_complete,Summer 2019,accelerometer_icetag_raw_csv,.csv,Données completes/Données accelerometres/Summer 2019/Icetag/IceTags/Per minute/2019JUN27-2019JUL04/5330_Tag20_27JUN2019-1354_04JUL2019-1346_LB.csv,0.008,,,,,,,,
raw_mcgill_complete,Summer 2019,accelerometer_icetag_raw_csv,.csv,Données completes/Données accelerometres/Summer 2019/Icetag/IceTags/Per minute/2019JUN27-2019JUL04/5854_Tag22_27JUN2019-1329_04JUL2019-1316.csv,0.395,,,,,,,,
raw_mcgill_complete,Summer 2019,accelerometer_icetag_raw_csv,.csv,Données completes/Données accelerometres/Summer 2019/Icetag/IceTags/Per minute/2019JUN27-2019JUL04/5854_Tag22_27JUN2019-1329_04JUL2019-1316_LB.csv,0.009,,,,,,,,
raw_mcgill_complete,Summer 2019,accelerometer_icetag_raw_csv,.csv,Données completes/Données accelerometres/Summer 2019/Icetag/IceTags/Per minute/2019JUN27-2019JUL04/5857_Tag90_27JUN2019-1301_04JUL2019-1250.csv,0.395,,,,,,,,
raw_mcgill_complete,Summer 2019,accelerometer_icetag_raw_csv,.csv,Données completes/Données accelerometres/Summer 2019/Icetag/IceTags/Per minute/2019JUN27-2019JUL04/5857_Tag90_27JUN2019-1301_04JUL2019-1250_LB.csv,0.005,,,,,,,,
raw_mcgill_complete,Summer 2019,accelerometer_icetag_raw_csv,.csv,Données completes/Données accelerometres/Summer 2019/Icetag/IceTags/Per minute/2019JUN27-2019JUL04/5862_Tag89_27JUN2019-1328_04JUL2019-1315.csv,0.395,,,,,,,,
raw_mcgill_complete,Summer 2019,accelerometer_icetag_raw_csv,.csv,Données completes/Données accelerometres/Summer 2019/Icetag/IceTags/Per minute/2019JUN27-2019JUL04/5862_Tag89_27JUN2019-1328_04JUL2019-1315_LB.csv,0.107,,,,,,,,
raw_mcgill_complete,Summer 2019,accelerometer_icetag_raw_csv,.csv,Données completes/Données accelerometres/Summer 2019/Icetag/IceTags/Per minute/2019JUN27-2019JUL04/5865_Tag96_27JUN2019-1421_04JUL2019-1403.csv,0.394,,,,,,,,
raw_mcgill_complete,Summer 2019,accelerometer_icetag_raw_csv,.csv,Données completes/Données accelerometres/Summer 2019/Icetag/IceTags/Per minute/2019JUN27-2019JUL04/5865_Tag96_27JUN2019-1421_04JUL2019-1403_LB.csv,0.013,,,,,,,,
raw_mcgill_complete,Summer 2019,accelerometer_icetag_raw_csv,.csv,Données completes/Données accelerometres/Summer 2019/Icetag/IceTags/Per minute/2019JUN27-2019JUL04/5871_Tag25_27JUN2019-1355_04JUL2019-1342.csv,0.394,,,,,,,,
raw_mcgill_complete,Summer 2019,accelerometer_icetag_raw_csv,.csv,Données completes/Données accelerometres/Summer 2019/Icetag/IceTags/Per minute/2019JUN27-2019JUL04/5871_Tag25_27JUN2019-1355_04JUL2019-1342_LB.csv,0.122,,,,,,,,
raw_mcgill_complete,Summer 2019,accelerometer_icetag_raw_csv,.csv,Données completes/Données accelerometres/Summer 2019/Icetag/IceTags/Per minute/2019JUN27-2019JUL04/8515_Tag95_27JUN2019-1258_04JUL2019-1250.csv,0.395,,,,,,,,
raw_mcgill_complete,Summer 2019,accelerometer_icetag_raw_csv,.csv,Données completes/Données accelerometres/Summer 2019/Icetag/IceTags/Per minute/2019JUN27-2019JUL04/8515_Tag95_27JUN2019-1258_04JUL2019-1250_LB.csv,0.017,,,,,,,,
raw_mcgill_complete,Summer 2019,accelerometer_icetag_raw_csv,.csv,Données completes/Données accelerometres/Summer 2019/Icetag/IceTags/Per minute/2019JUN27-2019JUL04/8520_Tag93_27JUN2019-1254_04JUL2019-1249.csv,0.395,,,,,,,,
raw_mcgill_complete,Summer 2019,accelerometer_icetag_raw_csv,.csv,Données completes/Données accelerometres/Summer 2019/Icetag/IceTags/Per minute/2019JUN27-2019JUL04/8520_Tag93_27JUN2019-1254_04JUL2019-1249_LB.csv,0.008,,,,,,,,
raw_mcgill_complete,Summer 2019,accelerometer_icetag_raw_csv,.csv,Données completes/Données accelerometres/Summer 2019/Icetag/IceTags/Per minute/2019JUN27-2019JUL04/8525_Tag24_27JUN2019-1329_04JUL2019-1317.csv,0.214,,,,,,,,
raw_mcgill_complete,Summer 2019,accelerometer_icetag_raw_csv,.csv,Données completes/Données accelerometres/Summer 2019/Icetag/IceTags/Per minute/2019JUN27-2019JUL04/8525_Tag24_27JUN2019-1329_04JUL2019-1317_LB.csv,0.007,,,,,,,,
raw_mcgill_complete,Summer 2019,accelerometer_icetag_raw_csv,.csv,Données completes/Données accelerometres/Summer 2019/Icetag/IceTags/Per minute/2019JUN27-2019JUL04/8536_Tag86_27JUN2019-1329_04JUL2019-1317.csv,0.395,,,,,,,,
raw_mcgill_complete,Summer 2019,accelerometer_icetag_raw_csv,.csv,Données completes/Données accelerometres/Summer 2019/Icetag/IceTags/Per minute/2019JUN27-2019JUL04/8536_Tag86_27JUN2019-1329_04JUL2019-1317_LB.csv,0.011,,,,,,,,
raw_mcgill_complete,Summer 2019,accelerometer_icetag_raw_csv,.csv,Données completes/Données accelerometres/Summer 2019/Icetag/IceTags/Per second/2019AUG01-2019AUG08/419_Tag86_01AUG2019-1445_08AUG2019-1352.csv,23.536,,,,,,,,
raw_mcgill_complete,Summer 2019,accelerometer_icetag_raw_csv,.csv,Données completes/Données accelerometres/Summer 2019/Icetag/IceTags/Per second/2019AUG01-2019AUG08/419_Tag86_01AUG2019-1445_08AUG2019-1352_LB.csv,0.017,,,,,,,,
raw_mcgill_complete,Summer 2019,accelerometer_icetag_raw_csv,.csv,Données completes/Données accelerometres/Summer 2019/Icetag/IceTags/Per second/2019AUG01-2019AUG08/5258_Tag90_01AUG2019-1446_08AUG2019-1352.csv,23.54,,,,,,,,
raw_mcgill_complete,Summer 2019,accelerometer_icetag_raw_csv,.csv,Données completes/Données accelerometres/Summer 2019/Icetag/IceTags/Per second/2019AUG01-2019AUG08/5258_Tag90_01AUG2019-1446_08AUG2019-1352_LB.csv,0.012,,,,,,,,
raw_mcgill_complete,Summer 2019,accelerometer_icetag_raw_csv,.csv,Données completes/Données accelerometres/Summer 2019/Icetag/IceTags/Per second/2019AUG01-2019AUG08/5854_Tag95_01AUG2019-1416_08AUG2019-1333.csv,23.581,,,,,,,,
raw_mcgill_complete,Summer 2019,accelerometer_icetag_raw_csv,.csv,Données completes/Données accelerometres/Summer 2019/Icetag/IceTags/Per second/2019AUG01-2019AUG08/5854_Tag95_01AUG2019-1416_08AUG2019-1333_LB.csv,0.016,,,,,,,,
raw_mcgill_complete,Summer 2019,accelerometer_icetag_raw_csv,.csv,Données completes/Données accelerometres/Summer 2019/Icetag/IceTags/Per second/2019AUG01-2019AUG08/5857_Tag88_01AUG2019-1306_08AUG2019-1314.csv,23.696,,,,,,,,
raw_mcgill_complete,Summer 2019,accelerometer_icetag_raw_csv,.csv,Données completes/Données accelerometres/Summer 2019/Icetag/IceTags/Per second/2019AUG01-2019AUG08/5857_Tag88_01AUG2019-1306_08AUG2019-1314_LB.csv,0.007,,,,,,,,
raw_mcgill_complete,Summer 2019,accelerometer_icetag_raw_csv,.csv,Données completes/Données accelerometres/Summer 2019/Icetag/IceTags/Per second/2019AUG01-2019AUG08/5865_Tag97_01AUG2019-1515_08AUG2019-1412.csv,23.544,,,,,,,,
raw_mcgill_complete,Summer 2019,accelerometer_icetag_raw_csv,.csv,Données completes/Données accelerometres/Summer 2019/Icetag/IceTags/Per second/2019AUG01-2019AUG08/5865_Tag97_01AUG2019-1515_08AUG2019-1412_LB.csv,0.007,,,,,,,,
raw_mcgill_complete,Summer 2019,accelerometer_icetag_raw_csv,.csv,Données completes/Données accelerometres/Summer 2019/Icetag/IceTags/Per second/2019AUG01-2019AUG08/8520_Tag87_01AUG2019-1305_08AUG2019-1312.csv,23.701,,,,,,,,
raw_mcgill_complete,Summer 2019,accelerometer_icetag_raw_csv,.csv,Données completes/Données accelerometres/Summer 2019/Icetag/IceTags/Per second/2019AUG01-2019AUG08/8520_Tag87_01AUG2019-1305_08AUG2019-1312_LB.csv,0.021,,,,,,,,
raw_mcgill_complete,Summer 2019,accelerometer_icetag_raw_csv,.csv,Données completes/Données accelerometres/Summer 2019/Icetag/IceTags/Per second/2019AUG01-2019AUG08/8536_Tag22_01AUG2019-1416_08AUG2019-1334.csv,23.586,,,,,,,,
raw_mcgill_complete,Summer 2019,accelerometer_icetag_raw_csv,.csv,Données completes/Données accelerometres/Summer 2019/Icetag/IceTags/Per second/2019AUG01-2019AUG08/8536_Tag22_01AUG2019-1416_08AUG2019-1334_LB.csv,0.016,,,,,,,,
raw_mcgill_complete,Summer 2019,accelerometer_icetag_raw_csv,.csv,Données completes/Données accelerometres/Summer 2019/Icetag/IceTags/Per second/2019AUG08-2019AUG16/419_Tag26_08AUG2019-1351_16AUG2019-1356.csv,27.056,,,,,,,,
raw_mcgill_complete,Summer 2019,accelerometer_icetag_raw_csv,.csv,Données completes/Données accelerometres/Summer 2019/Icetag/IceTags/Per second/2019AUG08-2019AUG16/419_Tag26_08AUG2019-1351_16AUG2019-1356_LB.csv,0.149,,,,,,,,
raw_mcgill_complete,Summer 2019,accelerometer_icetag_raw_csv,.csv,Données completes/Données accelerometres/Summer 2019/Icetag/IceTags/Per second/2019AUG08-2019AUG16/5258_Tag22_08AUG2019-1352_16AUG2019-1357.csv,27.05,,,,,,,,
raw_mcgill_complete,Summer 2019,accelerometer_icetag_raw_csv,.csv,Données completes/Données accelerometres/Summer 2019/Icetag/IceTags/Per second/2019AUG08-2019AUG16/5258_Tag22_08AUG2019-1352_16AUG2019-1357_LB.csv,0.072,,,,,,,,
raw_mcgill_complete,Summer 2019,accelerometer_icetag_raw_csv,.csv,Données completes/Données accelerometres/Summer 2019/Icetag/IceTags/Per second/2019AUG08-2019AUG16/5854_Tag88_08AUG2019-1331_16AUG2019-1335.csv,27.046,,,,,,,,
raw_mcgill_complete,Summer 2019,accelerometer_icetag_raw_csv,.csv,Données completes/Données accelerometres/Summer 2019/Icetag/IceTags/Per second/2019AUG08-2019AUG16/5854_Tag88_08AUG2019-1331_16AUG2019-1335_LB.csv,0.01,,,,,,,,
raw_mcgill_complete,Summer 2019,accelerometer_icetag_raw_csv,.csv,Données completes/Données accelerometres/Summer 2019/Icetag/IceTags/Per second/2019AUG08-2019AUG16/5857_Tag92_08AUG2019-1311_16AUG2019-1314.csv,27.11,,,,,,,,
raw_mcgill_complete,Summer 2019,accelerometer_icetag_raw_csv,.csv,Données completes/Données accelerometres/Summer 2019/Icetag/IceTags/Per second/2019AUG08-2019AUG16/5857_Tag92_08AUG2019-1311_16AUG2019-1314_LB.csv,0.008,,,,,,,,
raw_mcgill_complete,Summer 2019,accelerometer_icetag_raw_csv,.csv,Données completes/Données accelerometres/Summer 2019/Icetag/IceTags/Per second/2019AUG08-2019AUG16/5865_Tag90_08AUG2019-1411_16AUG2019-1415.csv,27.049,,,,,,,,
raw_mcgill_complete,Summer 2019,accelerometer_icetag_raw_csv,.csv,Données completes/Données accelerometres/Summer 2019/Icetag/IceTags/Per second/2019AUG08-2019AUG16/5865_Tag90_08AUG2019-1411_16AUG2019-1415_LB.csv,0.025,,,,,,,,
raw_mcgill_complete,Summer 2019,accelerometer_icetag_raw_csv,.csv,Données completes/Données accelerometres/Summer 2019/Icetag/IceTags/Per second/2019AUG08-2019AUG16/8520_Tag25_08AUG2019-1310_16AUG2019-1313.csv,27.101,,,,,,,,
raw_mcgill_complete,Summer 2019,accelerometer_icetag_raw_csv,.csv,Données completes/Données accelerometres/Summer 2019/Icetag/IceTags/Per second/2019AUG08-2019AUG16/8520_Tag25_08AUG2019-1310_16AUG2019-1313_LB.csv,0.025,,,,,,,,
raw_mcgill_complete,Summer 2019,accelerometer_icetag_raw_csv,.csv,Données completes/Données accelerometres/Summer 2019/Icetag/IceTags/Per second/2019AUG08-2019AUG16/8536_Tag96_08AUG2019-1332_16AUG2019-1336.csv,27.054,,,,,,,,
raw_mcgill_complete,Summer 2019,accelerometer_icetag_raw_csv,.csv,Données completes/Données accelerometres/Summer 2019/Icetag/IceTags/Per second/2019AUG08-2019AUG16/8536_Tag96_08AUG2019-1332_16AUG2019-1336_LB.csv,0.016,,,,,,,,
raw_mcgill_complete,Summer 2019,accelerometer_icetag_raw_csv,.csv,Données completes/Données accelerometres/Summer 2019/Icetag/IceTags/Per second/2019AUG16-2019AUG22/419_Tag88_16AUG2019-1355_22AUG2019-1349.csv,20.28,,,,,,,,
raw_mcgill_complete,Summer 2019,accelerometer_icetag_raw_csv,.csv,Données completes/Données accelerometres/Summer 2019/Icetag/IceTags/Per second/2019AUG16-2019AUG22/419_Tag88_16AUG2019-1355_22AUG2019-1349_LB.csv,0.024,,,,,,,,
raw_mcgill_complete,Summer 2019,accelerometer_icetag_raw_csv,.csv,Données completes/Données accelerometres/Summer 2019/Icetag/IceTags/Per second/2019AUG16-2019AUG22/5258_Tag93_16AUG2019-1355_22AUG2019-1350.csv,20.276,,,,,,,,
raw_mcgill_complete,Summer 2019,accelerometer_icetag_raw_csv,.csv,Données completes/Données accelerometres/Summer 2019/Icetag/IceTags/Per second/2019AUG16-2019AUG22/5258_Tag93_16AUG2019-1355_22AUG2019-1350_LB.csv,0.034,,,,,,,,
raw_mcgill_complete,Summer 2019,accelerometer_icetag_raw_csv,.csv,Données completes/Données accelerometres/Summer 2019/Icetag/IceTags/Per second/2019AUG16-2019AUG22/5854_Tag25_16AUG2019-1333_22AUG2019-1332.csv,20.284,,,,,,,,
raw_mcgill_complete,Summer 2019,accelerometer_icetag_raw_csv,.csv,Données completes/Données accelerometres/Summer 2019/Icetag/IceTags/Per second/2019AUG16-2019AUG22/5854_Tag25_16AUG2019-1333_22AUG2019-1332_LB.csv,0.02,,,,,,,,
raw_mcgill_complete,Summer 2019,accelerometer_icetag_raw_csv,.csv,Données completes/Données accelerometres/Summer 2019/Icetag/IceTags/Per second/2019AUG16-2019AUG22/5857_Tag89_16AUG2019-1311_22AUG2019-1313.csv,20.29,,,,,,,,
raw_mcgill_complete,Summer 2019,accelerometer_icetag_raw_csv,.csv,Données completes/Données accelerometres/Summer 2019/Icetag/IceTags/Per second/2019AUG16-2019AUG22/5857_Tag89_16AUG2019-1311_22AUG2019-1313_LB.csv,0.005,,,,,,,,
raw_mcgill_complete,Summer 2019,accelerometer_icetag_raw_csv,.csv,Données completes/Données accelerometres/Summer 2019/Icetag/IceTags/Per second/2019AUG16-2019AUG22/5865_Tag26_16AUG2019-1412_22AUG2019-1413.csv,20.275,,,,,,,,
raw_mcgill_complete,Summer 2019,accelerometer_icetag_raw_csv,.csv,Données completes/Données accelerometres/Summer 2019/Icetag/IceTags/Per second/2019AUG16-2019AUG22/5865_Tag26_16AUG2019-1412_22AUG2019-1413_LB.csv,0.006,,,,,,,,
raw_mcgill_complete,Summer 2019,accelerometer_icetag_raw_csv,.csv,Données completes/Données accelerometres/Summer 2019/Icetag/IceTags/Per second/2019AUG16-2019AUG22/8520_Tag20_16AUG2019-1311_22AUG2019-1310.csv,20.294,,,,,,,,
raw_mcgill_complete,Summer 2019,accelerometer_icetag_raw_csv,.csv,Données completes/Données accelerometres/Summer 2019/Icetag/IceTags/Per second/2019AUG16-2019AUG22/8520_Tag20_16AUG2019-1311_22AUG2019-1310_LB.csv,0.092,,,,,,,,
raw_mcgill_complete,Summer 2019,accelerometer_icetag_raw_csv,.csv,Données completes/Données accelerometres/Summer 2019/Icetag/IceTags/Per second/2019AUG16-2019AUG22/8536_Tag76_16AUG2019-1334_22AUG2019-1333.csv,20.288,,,,,,,,
raw_mcgill_complete,Summer 2019,accelerometer_icetag_raw_csv,.csv,Données completes/Données accelerometres/Summer 2019/Icetag/IceTags/Per second/2019AUG16-2019AUG22/8536_Tag76_16AUG2019-1334_22AUG2019-1333_LB.csv,0.01,,,,,,,,
raw_mcgill_complete,Summer 2019,accelerometer_icetag_raw_csv,.csv,Données completes/Données accelerometres/Summer 2019/Icetag/IceTags/Per second/2019AUG22-2019SEPT06/419_Tag76_22AUG2019-1348_06SEP2019-1033.csv,50.304,,,,,,,,
raw_mcgill_complete,Summer 2019,accelerometer_icetag_raw_csv,.csv,Données completes/Données accelerometres/Summer 2019/Icetag/IceTags/Per second/2019AUG22-2019SEPT06/419_Tag76_22AUG2019-1348_06SEP2019-1033_LB.csv,0.252,,,,,,,,
raw_mcgill_complete,Summer 2019,accelerometer_icetag_raw_csv,.csv,Données completes/Données accelerometres/Summer 2019/Icetag/IceTags/Per second/2019AUG22-2019SEPT06/5854_Tag97_22AUG2019-1329_06SEP2019-1031.csv,50.397,,,,,,,,
raw_mcgill_complete,Summer 2019,accelerometer_icetag_raw_csv,.csv,Données completes/Données accelerometres/Summer 2019/Icetag/IceTags/Per second/2019AUG22-2019SEPT06/5854_Tag97_22AUG2019-1329_06SEP2019-1031_LB.csv,0.045,,,,,,,,
raw_mcgill_complete,Summer 2019,accelerometer_icetag_raw_csv,.csv,Données completes/Données accelerometres/Summer 2019/Icetag/IceTags/Per second/2019AUG22-2019SEPT06/5857_Tag85_22AUG2019-1309_06SEP2019-1026.csv,50.37,,,,,,,,
raw_mcgill_complete,Summer 2019,accelerometer_icetag_raw_csv,.csv,Données completes/Données accelerometres/Summer 2019/Icetag/IceTags/Per second/2019AUG22-2019SEPT06/5857_Tag85_22AUG2019-1309_06SEP2019-1026_LB.csv,0.016,,,,,,,,
raw_mcgill_complete,Summer 2019,accelerometer_icetag_raw_csv,.csv,Données completes/Données accelerometres/Summer 2019/Icetag/IceTags/Per second/2019AUG22-2019SEPT06/5865_Tag87_22AUG2019-1410_06SEP2019-1036.csv,50.285,,,,,,,,
raw_mcgill_complete,Summer 2019,accelerometer_icetag_raw_csv,.csv,Données completes/Données accelerometres/Summer 2019/Icetag/IceTags/Per second/2019AUG22-2019SEPT06/5865_Tag87_22AUG2019-1410_06SEP2019-1036_LB.csv,0.097,,,,,,,,
raw_mcgill_complete,Summer 2019,accelerometer_icetag_raw_csv,.csv,Données completes/Données accelerometres/Summer 2019/Icetag/IceTags/Per second/2019AUG22-2019SEPT06/8520_Tag90_22AUG2019-1308_06SEP2019-1025.csv,50.38,,,,,,,,
raw_mcgill_complete,Summer 2019,accelerometer_icetag_raw_csv,.csv,Données completes/Données accelerometres/Summer 2019/Icetag/IceTags/Per second/2019AUG22-2019SEPT06/8520_Tag90_22AUG2019-1308_06SEP2019-1025_LB.csv,0.03,,,,,,,,
raw_mcgill_complete,Summer 2019,accelerometer_icetag_raw_csv,.csv,Données completes/Données accelerometres/Summer 2019/Icetag/IceTags/Per second/2019AUG22-2019SEPT06/8536_Tag89_22AUG2019-1331_06SEP2019-1029.csv,50.356,,,,,,,,
raw_mcgill_complete,Summer 2019,accelerometer_icetag_raw_csv,.csv,Données completes/Données accelerometres/Summer 2019/Icetag/IceTags/Per second/2019AUG22-2019SEPT06/8536_Tag89_22AUG2019-1331_06SEP2019-1029_LB.csv,0.029,,,,,,,,
raw_mcgill_complete,Summer 2019,accelerometer_icetag_raw_csv,.csv,Données completes/Données accelerometres/Summer 2019/Icetag/IceTags/Per second/2019JUL04-2019JUL11/419_Tag24_04JUL2019-1338_11JUL2019-1026.csv,23.208,,,,,,,,
raw_mcgill_complete,Summer 2019,accelerometer_icetag_raw_csv,.csv,Données completes/Données accelerometres/Summer 2019/Icetag/IceTags/Per second/2019JUL04-2019JUL11/419_Tag24_04JUL2019-1338_11JUL2019-1026_LB.csv,0.012,,,,,,,,
raw_mcgill_complete,Summer 2019,accelerometer_icetag_raw_csv,.csv,Données completes/Données accelerometres/Summer 2019/Icetag/IceTags/Per second/2019JUL04-2019JUL11/5169_Tag90_04JUL2019-1312_11JUL2019-1058.csv,23.344,,,,,,,,
raw_mcgill_complete,Summer 2019,accelerometer_icetag_raw_csv,.csv,Données completes/Données accelerometres/Summer 2019/Icetag/IceTags/Per second/2019JUL04-2019JUL11/5169_Tag90_04JUL2019-1312_11JUL2019-1058_LB.csv,0.022,,,,,,,,
raw_mcgill_complete,Summer 2019,accelerometer_icetag_raw_csv,.csv,Données completes/Données accelerometres/Summer 2019/Icetag/IceTags/Per second/2019JUL04-2019JUL11/5214_Tag96_05JUL2019-831_11JUL2019-1006.csv,20.516,,,,,,,,
raw_mcgill_complete,Summer 2019,accelerometer_icetag_raw_csv,.csv,Données completes/Données accelerometres/Summer 2019/Icetag/IceTags/Per second/2019JUL04-2019JUL11/5214_Tag96_05JUL2019-831_11JUL2019-1006_LB.csv,0.075,,,,,,,,
raw_mcgill_complete,Summer 2019,accelerometer_icetag_raw_csv,.csv,Données completes/Données accelerometres/Summer 2019/Icetag/IceTags/Per second/2019JUL04-2019JUL11/5258_Tag22_04JUL2019-1338_11JUL2019-1041.csv,23.246,,,,,,,,
raw_mcgill_complete,Summer 2019,accelerometer_icetag_raw_csv,.csv,Données completes/Données accelerometres/Summer 2019/Icetag/IceTags/Per second/2019JUL04-2019JUL11/5258_Tag22_04JUL2019-1338_11JUL2019-1041_LB.csv,0.06,,,,,,,,
raw_mcgill_complete,Summer 2019,accelerometer_icetag_raw_csv,.csv,Données completes/Données accelerometres/Summer 2019/Icetag/IceTags/Per second/2019JUL04-2019JUL11/5854_Tag26_04JUL2019-1312_11JUL2019-1007.csv,23.23,,,,,,,,
raw_mcgill_complete,Summer 2019,accelerometer_icetag_raw_csv,.csv,Données completes/Données accelerometres/Summer 2019/Icetag/IceTags/Per second/2019JUL04-2019JUL11/5854_Tag26_04JUL2019-1312_11JUL2019-1007_LB.csv,0.007,,,,,,,,
raw_mcgill_complete,Summer 2019,accelerometer_icetag_raw_csv,.csv,Données completes/Données accelerometres/Summer 2019/Icetag/IceTags/Per second/2019JUL04-2019JUL11/5857_Tag88_04JUL2019-1247_11JUL2019-0949.csv,23.255,,,,,,,,
raw_mcgill_complete,Summer 2019,accelerometer_icetag_raw_csv,.csv,Données completes/Données accelerometres/Summer 2019/Icetag/IceTags/Per second/2019JUL04-2019JUL11/5857_Tag88_04JUL2019-1247_11JUL2019-0949_LB.csv,0.006,,,,,,,,
raw_mcgill_complete,Summer 2019,accelerometer_icetag_raw_csv,.csv,Données completes/Données accelerometres/Summer 2019/Icetag/IceTags/Per second/2019JUL04-2019JUL11/5865_Tag20_04JUL2019-1402_11JUL2019-1042.csv,23.191,,,,,,,,
raw_mcgill_complete,Summer 2019,accelerometer_icetag_raw_csv,.csv,Données completes/Données accelerometres/Summer 2019/Icetag/IceTags/Per second/2019JUL04-2019JUL11/5865_Tag20_04JUL2019-1402_11JUL2019-1042_LB.csv,0.014,,,,,,,,
raw_mcgill_complete,Summer 2019,accelerometer_icetag_raw_csv,.csv,Données completes/Données accelerometres/Summer 2019/Icetag/IceTags/Per second/2019JUL04-2019JUL11/8520_Tag16_04JUL2019-1244_11JUL2019-0948.csv,23.26,,,,,,,,
raw_mcgill_complete,Summer 2019,accelerometer_icetag_raw_csv,.csv,Données completes/Données accelerometres/Summer 2019/Icetag/IceTags/Per second/2019JUL04-2019JUL11/8520_Tag16_04JUL2019-1244_11JUL2019-0948_LB.csv,0.017,,,,,,,,
raw_mcgill_complete,Summer 2019,accelerometer_icetag_raw_csv,.csv,Données completes/Données accelerometres/Summer 2019/Icetag/IceTags/Per second/2019JUL04-2019JUL11/8536_Tag94_04JUL2019-1314_11JUL2019-1025.csv,23.277,,,,,,,,
raw_mcgill_complete,Summer 2019,accelerometer_icetag_raw_csv,.csv,Données completes/Données accelerometres/Summer 2019/Icetag/IceTags/Per second/2019JUL04-2019JUL11/8536_Tag94_04JUL2019-1314_11JUL2019-1025_LB.csv,0.044,,,,,,,,
raw_mcgill_complete,Summer 2019,accelerometer_icetag_raw_csv,.csv,Données completes/Données accelerometres/Summer 2019/Icetag/IceTags/Per second/2019JUL11-2019JUL18/419_Tag93_11JUL2019-1024_18JUL2019-1442.csv,24.288,,,,,,,,
raw_mcgill_complete,Summer 2019,accelerometer_icetag_raw_csv,.csv,Données completes/Données accelerometres/Summer 2019/Icetag/IceTags/Per second/2019JUL11-2019JUL18/419_Tag93_11JUL2019-1024_18JUL2019-1442_LB.csv,0.131,,,,,,,,
raw_mcgill_complete,Summer 2019,accelerometer_icetag_raw_csv,.csv,Données completes/Données accelerometres/Summer 2019/Icetag/IceTags/Per second/2019JUL11-2019JUL18/5169_Tag22_11JUL2019-1055_18JUL2019-1525.csv,24.29,,,,,,,,
raw_mcgill_complete,Summer 2019,accelerometer_icetag_raw_csv,.csv,Données completes/Données accelerometres/Summer 2019/Icetag/IceTags/Per second/2019JUL11-2019JUL18/5169_Tag22_11JUL2019-1055_18JUL2019-1525_LB.csv,0.01,,,,,,,,
raw_mcgill_complete,Summer 2019,accelerometer_icetag_raw_csv,.csv,Données completes/Données accelerometres/Summer 2019/Icetag/IceTags/Per second/2019JUL11-2019JUL18/5214_Tag16_11JUL2019-1002_18JUL2019-1414.csv,24.262,,,,,,,,
raw_mcgill_complete,Summer 2019,accelerometer_icetag_raw_csv,.csv,Données completes/Données accelerometres/Summer 2019/Icetag/IceTags/Per second/2019JUL11-2019JUL18/5214_Tag16_11JUL2019-1002_18JUL2019-1414_LB.csv,0.008,,,,,,,,
raw_mcgill_complete,Summer 2019,accelerometer_icetag_raw_csv,.csv,Données completes/Données accelerometres/Summer 2019/Icetag/IceTags/Per second/2019JUL11-2019JUL18/5258_Tag95_11JUL2019-1039_18JUL2019-1507.csv,24.293,,,,,,,,
raw_mcgill_complete,Summer 2019,accelerometer_icetag_raw_csv,.csv,Données completes/Données accelerometres/Summer 2019/Icetag/IceTags/Per second/2019JUL11-2019JUL18/5258_Tag95_11JUL2019-1039_18JUL2019-1507_LB.csv,0.007,,,,,,,,
raw_mcgill_complete,Summer 2019,accelerometer_icetag_raw_csv,.csv,Données completes/Données accelerometres/Summer 2019/Icetag/IceTags/Per second/2019JUL11-2019JUL18/5854_Tag92_11JUL2019-1005_18JUL2019-1417.csv,24.269,,,,,,,,
raw_mcgill_complete,Summer 2019,accelerometer_icetag_raw_csv,.csv,Données completes/Données accelerometres/Summer 2019/Icetag/IceTags/Per second/2019JUL11-2019JUL18/5854_Tag92_11JUL2019-1005_18JUL2019-1417_LB.csv,0.013,,,,,,,,
raw_mcgill_complete,Summer 2019,accelerometer_icetag_raw_csv,.csv,Données completes/Données accelerometres/Summer 2019/Icetag/IceTags/Per second/2019JUL11-2019JUL18/5857_Tag25_11JUL2019-0947_18JUL2019-1350.csv,24.243,,,,,,,,
raw_mcgill_complete,Summer 2019,accelerometer_icetag_raw_csv,.csv,Données completes/Données accelerometres/Summer 2019/Icetag/IceTags/Per second/2019JUL11-2019JUL18/5857_Tag25_11JUL2019-0947_18JUL2019-1350_LB.csv,0.007,,,,,,,,
raw_mcgill_complete,Summer 2019,accelerometer_icetag_raw_csv,.csv,Données completes/Données accelerometres/Summer 2019/Icetag/IceTags/Per second/2019JUL11-2019JUL18/5865_Tag24_11JUL2019-1040_18JUL2019-1507.csv,24.288,,,,,,,,
raw_mcgill_complete,Summer 2019,accelerometer_icetag_raw_csv,.csv,Données completes/Données accelerometres/Summer 2019/Icetag/IceTags/Per second/2019JUL11-2019JUL18/5865_Tag24_11JUL2019-1040_18JUL2019-1507_LB.csv,0.008,,,,,,,,
raw_mcgill_complete,Summer 2019,accelerometer_icetag_raw_csv,.csv,Données completes/Données accelerometres/Summer 2019/Icetag/IceTags/Per second/2019JUL11-2019JUL18/8520_Tag85_11JUL2019-0946_18JUL2019-1348.csv,24.239,,,,,,,,
raw_mcgill_complete,Summer 2019,accelerometer_icetag_raw_csv,.csv,Données completes/Données accelerometres/Summer 2019/Icetag/IceTags/Per second/2019JUL11-2019JUL18/8520_Tag85_11JUL2019-0946_18JUL2019-1348_LB.csv,0.021,,,,,,,,
raw_mcgill_complete,Summer 2019,accelerometer_icetag_raw_csv,.csv,Données completes/Données accelerometres/Summer 2019/Icetag/IceTags/Per second/2019JUL11-2019JUL18/8536_Tag26_11JUL2019-1019_18JUL2019-1440.csv,24.282,,,,,,,,
raw_mcgill_complete,Summer 2019,accelerometer_icetag_raw_csv,.csv,Données completes/Données accelerometres/Summer 2019/Icetag/IceTags/Per second/2019JUL11-2019JUL18/8536_Tag26_11JUL2019-1019_18JUL2019-1440_LB.csv,0.01,,,,,,,,
raw_mcgill_complete,Summer 2019,accelerometer_icetag_raw_csv,.csv,Données completes/Données accelerometres/Summer 2019/Icetag/IceTags/Per second/2019JUL18-2019JUL25/419_Tag88_18JUL2019-1439_25JUL2019-1404.csv,23.608,,,,,,,,
raw_mcgill_complete,Summer 2019,accelerometer_icetag_raw_csv,.csv,Données completes/Données accelerometres/Summer 2019/Icetag/IceTags/Per second/2019JUL18-2019JUL25/419_Tag88_18JUL2019-1439_25JUL2019-1404_LB.csv,0.049,,,,,,,,
raw_mcgill_complete,Summer 2019,accelerometer_icetag_raw_csv,.csv,Données completes/Données accelerometres/Summer 2019/Icetag/IceTags/Per second/2019JUL18-2019JUL25/5214_Tag85_18JUL2019-1410_25JUL2019-0835.csv,22.962,,,,,,,,
raw_mcgill_complete,Summer 2019,accelerometer_icetag_raw_csv,.csv,Données completes/Données accelerometres/Summer 2019/Icetag/IceTags/Per second/2019JUL18-2019JUL25/5214_Tag85_18JUL2019-1410_25JUL2019-0835_LB.csv,0.026,,,,,,,,
raw_mcgill_complete,Summer 2019,accelerometer_icetag_raw_csv,.csv,Données completes/Données accelerometres/Summer 2019/Icetag/IceTags/Per second/2019JUL18-2019JUL25/5258_Tag26_18JUL2019-1505_25JUL2019-1404.csv,23.544,,,,,,,,
raw_mcgill_complete,Summer 2019,accelerometer_icetag_raw_csv,.csv,Données completes/Données accelerometres/Summer 2019/Icetag/IceTags/Per second/2019JUL18-2019JUL25/5258_Tag26_18JUL2019-1505_25JUL2019-1404_LB.csv,0.028,,,,,,,,
raw_mcgill_complete,Summer 2019,accelerometer_icetag_raw_csv,.csv,Données completes/Données accelerometres/Summer 2019/Icetag/IceTags/Per second/2019JUL18-2019JUL25/5854_Tag91_18JUL2019-1416_25JUL2019-1340.csv,23.597,,,,,,,,
raw_mcgill_complete,Summer 2019,accelerometer_icetag_raw_csv,.csv,Données completes/Données accelerometres/Summer 2019/Icetag/IceTags/Per second/2019JUL18-2019JUL25/5854_Tag91_18JUL2019-1416_25JUL2019-1340_LB.csv,0.022,,,,,,,,
raw_mcgill_complete,Summer 2019,accelerometer_icetag_raw_csv,.csv,Données completes/Données accelerometres/Summer 2019/Icetag/IceTags/Per second/2019JUL18-2019JUL25/5857_Tag90_18JUL2019-1347_25JUL2019-1315.csv,23.601,,,,,,,,
raw_mcgill_complete,Summer 2019,accelerometer_icetag_raw_csv,.csv,Données completes/Données accelerometres/Summer 2019/Icetag/IceTags/Per second/2019JUL18-2019JUL25/5857_Tag90_18JUL2019-1347_25JUL2019-1315_LB.csv,0.005,,,,,,,,
raw_mcgill_complete,Summer 2019,accelerometer_icetag_raw_csv,.csv,Données completes/Données accelerometres/Summer 2019/Icetag/IceTags/Per second/2019JUL18-2019JUL25/5865_Tag87_18JUL2019-1504_25JUL2019-1406.csv,23.53,,,,,,,,
raw_mcgill_complete,Summer 2019,accelerometer_icetag_raw_csv,.csv,Données completes/Données accelerometres/Summer 2019/Icetag/IceTags/Per second/2019JUL18-2019JUL25/5865_Tag87_18JUL2019-1504_25JUL2019-1406_LB.csv,0.012,,,,,,,,
raw_mcgill_complete,Summer 2019,accelerometer_icetag_raw_csv,.csv,Données completes/Données accelerometres/Summer 2019/Icetag/IceTags/Per second/2019JUL18-2019JUL25/8520_Tag20_18JUL2019-1344_25JUL2019-1313.csv,23.592,,,,,,,,
raw_mcgill_complete,Summer 2019,accelerometer_icetag_raw_csv,.csv,Données completes/Données accelerometres/Summer 2019/Icetag/IceTags/Per second/2019JUL18-2019JUL25/8520_Tag20_18JUL2019-1344_25JUL2019-1313_LB.csv,0.011,,,,,,,,
raw_mcgill_complete,Summer 2019,accelerometer_icetag_raw_csv,.csv,Données completes/Données accelerometres/Summer 2019/Icetag/IceTags/Per second/2019JUL18-2019JUL25/8536_Tag92_18JUL2019-1437_25JUL2019-1341.csv,23.53,,,,,,,,
raw_mcgill_complete,Summer 2019,accelerometer_icetag_raw_csv,.csv,Données completes/Données accelerometres/Summer 2019/Icetag/IceTags/Per second/2019JUL18-2019JUL25/8536_Tag92_18JUL2019-1437_25JUL2019-1341_LB.csv,0.038,,,,,,,,
raw_mcgill_complete,Summer 2019,accelerometer_icetag_raw_csv,.csv,Données completes/Données accelerometres/Summer 2019/Icetag/IceTags/Per second/2019JUL25-2019AUG01/419_Tag91_25JUL2019-1401_01AUG2019-1447.csv,23.773,,,,,,,,
raw_mcgill_complete,Summer 2019,accelerometer_icetag_raw_csv,.csv,Données completes/Données accelerometres/Summer 2019/Icetag/IceTags/Per second/2019JUL25-2019AUG01/419_Tag91_25JUL2019-1401_01AUG2019-1447_LB.csv,0.126,,,,,,,,
raw_mcgill_complete,Summer 2019,accelerometer_icetag_raw_csv,.csv,Données completes/Données accelerometres/Summer 2019/Icetag/IceTags/Per second/2019JUL25-2019AUG01/5258_Tag97_25JUL2019-1402_01AUG2019-1448.csv,23.779,,,,,,,,
raw_mcgill_complete,Summer 2019,accelerometer_icetag_raw_csv,.csv,Données completes/Données accelerometres/Summer 2019/Icetag/IceTags/Per second/2019JUL25-2019AUG01/5258_Tag97_25JUL2019-1402_01AUG2019-1448_LB.csv,0.052,,,,,,,,
raw_mcgill_complete,Summer 2019,accelerometer_icetag_raw_csv,.csv,Données completes/Données accelerometres/Summer 2019/Icetag/IceTags/Per second/2019JUL25-2019AUG01/5854_Tag20_25JUL2019-1334_01AUG2019-1418.csv,23.781,,,,,,,,
raw_mcgill_complete,Summer 2019,accelerometer_icetag_raw_csv,.csv,Données completes/Données accelerometres/Summer 2019/Icetag/IceTags/Per second/2019JUL25-2019AUG01/5854_Tag20_25JUL2019-1334_01AUG2019-1418_LB.csv,0.008,,,,,,,,
raw_mcgill_complete,Summer 2019,accelerometer_icetag_raw_csv,.csv,Données completes/Données accelerometres/Summer 2019/Icetag/IceTags/Per second/2019JUL25-2019AUG01/5857_Tag24_25JUL2019-1312_01AUG2019-1309.csv,23.666,,,,,,,,
raw_mcgill_complete,Summer 2019,accelerometer_icetag_raw_csv,.csv,Données completes/Données accelerometres/Summer 2019/Icetag/IceTags/Per second/2019JUL25-2019AUG01/5857_Tag24_25JUL2019-1312_01AUG2019-1309_LB.csv,0.005,,,,,,,,
raw_mcgill_complete,Summer 2019,accelerometer_icetag_raw_csv,.csv,Données completes/Données accelerometres/Summer 2019/Icetag/IceTags/Per second/2019JUL25-2019AUG01/5865_Tag92_25JUL2019-1403_01AUG2019-1448.csv,23.833,,,,,,,,
raw_mcgill_complete,Summer 2019,accelerometer_icetag_raw_csv,.csv,Données completes/Données accelerometres/Summer 2019/Icetag/IceTags/Per second/2019JUL25-2019AUG01/5865_Tag92_25JUL2019-1403_01AUG2019-1448_LB.csv,0.015,,,,,,,,
raw_mcgill_complete,Summer 2019,accelerometer_icetag_raw_csv,.csv,Données completes/Données accelerometres/Summer 2019/Icetag/IceTags/Per second/2019JUL25-2019AUG01/8520_Tag22_25JUL2019-1310_01AUG2019-1307.csv,23.677,,,,,,,,
raw_mcgill_complete,Summer 2019,accelerometer_icetag_raw_csv,.csv,Données completes/Données accelerometres/Summer 2019/Icetag/IceTags/Per second/2019JUL25-2019AUG01/8520_Tag22_25JUL2019-1310_01AUG2019-1307_LB.csv,0.024,,,,,,,,
raw_mcgill_complete,Summer 2019,accelerometer_icetag_raw_csv,.csv,Données completes/Données accelerometres/Summer 2019/Icetag/IceTags/Per second/2019JUL25-2019AUG01/8536_Tag89_25JUL2019-1336_01AUG2019-1419.csv,23.789,,,,,,,,
raw_mcgill_complete,Summer 2019,accelerometer_icetag_raw_csv,.csv,Données completes/Données accelerometres/Summer 2019/Icetag/IceTags/Per second/2019JUL25-2019AUG01/8536_Tag89_25JUL2019-1336_01AUG2019-1419_LB.csv,0.012,,,,,,,,
raw_mcgill_complete,Summer 2019,accelerometer_icetag_raw_csv,.csv,Données completes/Données accelerometres/Summer 2019/Icetag/IceTags/Per second/2019JUN05-2019JUN11/2062_Tag92_05JUN2019-1304_11JUN2019-1408.csv,20.446,,,,,,,,
raw_mcgill_complete,Summer 2019,accelerometer_icetag_raw_csv,.csv,Données completes/Données accelerometres/Summer 2019/Icetag/IceTags/Per second/2019JUN05-2019JUN11/2062_Tag92_05JUN2019-1304_11JUN2019-1408_LB.csv,0.052,,,,,,,,
raw_mcgill_complete,Summer 2019,accelerometer_icetag_raw_csv,.csv,Données completes/Données accelerometres/Summer 2019/Icetag/IceTags/Per second/2019JUN05-2019JUN11/2067_Tag95_05JUN2019-1309_11JUN2019-1446.csv,20.534,,,,,,,,
raw_mcgill_complete,Summer 2019,accelerometer_icetag_raw_csv,.csv,Données completes/Données accelerometres/Summer 2019/Icetag/IceTags/Per second/2019JUN05-2019JUN11/2067_Tag95_05JUN2019-1309_11JUN2019-1446_LB.csv,0.02,,,,,,,,
raw_mcgill_complete,Summer 2019,accelerometer_icetag_raw_csv,.csv,Données completes/Données accelerometres/Summer 2019/Icetag/IceTags/Per second/2019JUN05-2019JUN11/419_Tag90_05JUN2019-1310_11JUN2019-1507.csv,20.596,,,,,,,,
raw_mcgill_complete,Summer 2019,accelerometer_icetag_raw_csv,.csv,Données completes/Données accelerometres/Summer 2019/Icetag/IceTags/Per second/2019JUN05-2019JUN11/419_Tag90_05JUN2019-1310_11JUN2019-1507_LB.csv,0.052,,,,,,,,
raw_mcgill_complete,Summer 2019,accelerometer_icetag_raw_csv,.csv,Données completes/Données accelerometres/Summer 2019/Icetag/IceTags/Per second/2019JUN05-2019JUN11/5169_Tag97_05JUN2019-1306_11JUN2019-1409.csv,20.45,,,,,,,,
raw_mcgill_complete,Summer 2019,accelerometer_icetag_raw_csv,.csv,Données completes/Données accelerometres/Summer 2019/Icetag/IceTags/Per second/2019JUN05-2019JUN11/5169_Tag97_05JUN2019-1306_11JUN2019-1409_LB.csv,0.006,,,,,,,,
raw_mcgill_complete,Summer 2019,accelerometer_icetag_raw_csv,.csv,Données completes/Données accelerometres/Summer 2019/Icetag/IceTags/Per second/2019JUN05-2019JUN11/5258_Tag26_05JUN2019-1311_11JUN2019-1508.csv,20.592,,,,,,,,
raw_mcgill_complete,Summer 2019,accelerometer_icetag_raw_csv,.csv,Données completes/Données accelerometres/Summer 2019/Icetag/IceTags/Per second/2019JUN05-2019JUN11/5258_Tag26_05JUN2019-1311_11JUN2019-1508_LB.csv,0.008,,,,,,,,
raw_mcgill_complete,Summer 2019,accelerometer_icetag_raw_csv,.csv,Données completes/Données accelerometres/Summer 2019/Icetag/IceTags/Per second/2019JUN05-2019JUN11/5313_Tag86_05JUN2019-1312_11JUN2019-1509.csv,20.583,,,,,,,,
raw_mcgill_complete,Summer 2019,accelerometer_icetag_raw_csv,.csv,Données completes/Données accelerometres/Summer 2019/Icetag/IceTags/Per second/2019JUN05-2019JUN11/5313_Tag86_05JUN2019-1312_11JUN2019-1509_LB.csv,0.006,,,,,,,,
raw_mcgill_complete,Summer 2019,accelerometer_icetag_raw_csv,.csv,Données completes/Données accelerometres/Summer 2019/Icetag/IceTags/Per second/2019JUN05-2019JUN11/5322_Tag76_05JUN2019-1306_11JUN2019-1445.csv,20.529,,,,,,,,
raw_mcgill_complete,Summer 2019,accelerometer_icetag_raw_csv,.csv,Données completes/Données accelerometres/Summer 2019/Icetag/IceTags/Per second/2019JUN05-2019JUN11/5322_Tag76_05JUN2019-1306_11JUN2019-1445_LB.csv,0.005,,,,,,,,
raw_mcgill_complete,Summer 2019,accelerometer_icetag_raw_csv,.csv,Données completes/Données accelerometres/Summer 2019/Icetag/IceTags/Per second/2019JUN05-2019JUN11/5330_Tag89_05JUN2019-1310_11JUN2019-1507.csv,20.586,,,,,,,,
raw_mcgill_complete,Summer 2019,accelerometer_icetag_raw_csv,.csv,Données completes/Données accelerometres/Summer 2019/Icetag/IceTags/Per second/2019JUN05-2019JUN11/5330_Tag89_05JUN2019-1310_11JUN2019-1507_LB.csv,0.183,,,,,,,,
raw_mcgill_complete,Summer 2019,accelerometer_icetag_raw_csv,.csv,Données completes/Données accelerometres/Summer 2019/Icetag/IceTags/Per second/2019JUN05-2019JUN11/5857_Tag96_05JUN2019-1305_11JUN2019-1409.csv,20.456,,,,,,,,
raw_mcgill_complete,Summer 2019,accelerometer_icetag_raw_csv,.csv,Données completes/Données accelerometres/Summer 2019/Icetag/IceTags/Per second/2019JUN05-2019JUN11/5857_Tag96_05JUN2019-1305_11JUN2019-1409_LB.csv,0.006,,,,,,,,
raw_mcgill_complete,Summer 2019,accelerometer_icetag_raw_csv,.csv,Données completes/Données accelerometres/Summer 2019/Icetag/IceTags/Per second/2019JUN05-2019JUN11/5862_Tag93_05JUN2019-1307_11JUN2019-1446.csv,20.541,,,,,,,,
raw_mcgill_complete,Summer 2019,accelerometer_icetag_raw_csv,.csv,Données completes/Données accelerometres/Summer 2019/Icetag/IceTags/Per second/2019JUN05-2019JUN11/5862_Tag93_05JUN2019-1307_11JUN2019-1446_LB.csv,0.109,,,,,,,,
raw_mcgill_complete,Summer 2019,accelerometer_icetag_raw_csv,.csv,Données completes/Données accelerometres/Summer 2019/Icetag/IceTags/Per second/2019JUN05-2019JUN11/5865_Tag22_05JUN2019-1313_11JUN2019-1524.csv,20.614,,,,,,,,
raw_mcgill_complete,Summer 2019,accelerometer_icetag_raw_csv,.csv,Données completes/Données accelerometres/Summer 2019/Icetag/IceTags/Per second/2019JUN05-2019JUN11/5865_Tag22_05JUN2019-1313_11JUN2019-1524_LB.csv,0.006,,,,,,,,
raw_mcgill_complete,Summer 2019,accelerometer_icetag_raw_csv,.csv,Données completes/Données accelerometres/Summer 2019/Icetag/IceTags/Per second/2019JUN05-2019JUN11/5871_Tag24_05JUN2019-1312_11JUN2019-1509.csv,20.589,,,,,,,,
raw_mcgill_complete,Summer 2019,accelerometer_icetag_raw_csv,.csv,Données completes/Données accelerometres/Summer 2019/Icetag/IceTags/Per second/2019JUN05-2019JUN11/5871_Tag24_05JUN2019-1312_11JUN2019-1509_LB.csv,0.105,,,,,,,,
raw_mcgill_complete,Summer 2019,accelerometer_icetag_raw_csv,.csv,Données completes/Données accelerometres/Summer 2019/Icetag/IceTags/Per second/2019JUN05-2019JUN11/8515_Tag16_05JUN2019-1302_11JUN2019-1408.csv,20.452,,,,,,,,
raw_mcgill_complete,Summer 2019,accelerometer_icetag_raw_csv,.csv,Données completes/Données accelerometres/Summer 2019/Icetag/IceTags/Per second/2019JUN05-2019JUN11/8515_Tag16_05JUN2019-1302_11JUN2019-1408_LB.csv,0.023,,,,,,,,
raw_mcgill_complete,Summer 2019,accelerometer_icetag_raw_csv,.csv,Données completes/Données accelerometres/Summer 2019/Icetag/IceTags/Per second/2019JUN05-2019JUN11/8520_Tag88_05JUN2019-1302_11JUN2019-1407.csv,20.441,,,,,,,,
raw_mcgill_complete,Summer 2019,accelerometer_icetag_raw_csv,.csv,Données completes/Données accelerometres/Summer 2019/Icetag/IceTags/Per second/2019JUN05-2019JUN11/8520_Tag88_05JUN2019-1302_11JUN2019-1407_LB.csv,0.156,,,,,,,,
raw_mcgill_complete,Summer 2019,accelerometer_icetag_raw_csv,.csv,Données completes/Données accelerometres/Summer 2019/Icetag/IceTags/Per second/2019JUN05-2019JUN11/8525_Tag94_05JUN2019-1309_11JUN2019-1447.csv,20.536,,,,,,,,
raw_mcgill_complete,Summer 2019,accelerometer_icetag_raw_csv,.csv,Données completes/Données accelerometres/Summer 2019/Icetag/IceTags/Per second/2019JUN05-2019JUN11/8525_Tag94_05JUN2019-1309_11JUN2019-1447_LB.csv,0.01,,,,,,,,
raw_mcgill_complete,Summer 2019,accelerometer_icetag_raw_csv,.csv,Données completes/Données accelerometres/Summer 2019/Icetag/IceTags/Per second/2019JUN05-2019JUN11/8536_Tag87_05JUN2019-1308_11JUN2019-1446.csv,20.545,,,,,,,,
raw_mcgill_complete,Summer 2019,accelerometer_icetag_raw_csv,.csv,Données completes/Données accelerometres/Summer 2019/Icetag/IceTags/Per second/2019JUN05-2019JUN11/8536_Tag87_05JUN2019-1308_11JUN2019-1446_LB.csv,0.048,,,,,,,,
raw_mcgill_complete,Summer 2019,accelerometer_icetag_raw_csv,.csv,Données completes/Données accelerometres/Summer 2019/Icetag/IceTags/Per second/2019JUN11-2019JUN20/2067_Tag96_11JUN2019-1443_20JUN2019-1304.csv,30.197,,,,,,,,
raw_mcgill_complete,Summer 2019,accelerometer_icetag_raw_csv,.csv,Données completes/Données accelerometres/Summer 2019/Icetag/IceTags/Per second/2019JUN11-2019JUN20/2067_Tag96_11JUN2019-1443_20JUN2019-1304_LB.csv,0.045,,,,,,,,
raw_mcgill_complete,Summer 2019,accelerometer_icetag_raw_csv,.csv,Données completes/Données accelerometres/Summer 2019/Icetag/IceTags/Per second/2019JUN11-2019JUN20/419_Tag93_11JUN2019-1503_20JUN2019-1332.csv,30.226,,,,,,,,
raw_mcgill_complete,Summer 2019,accelerometer_icetag_raw_csv,.csv,Données completes/Données accelerometres/Summer 2019/Icetag/IceTags/Per second/2019JUN11-2019JUN20/419_Tag93_11JUN2019-1503_20JUN2019-1332_LB.csv,0.095,,,,,,,,
raw_mcgill_complete,Summer 2019,accelerometer_icetag_raw_csv,.csv,Données completes/Données accelerometres/Summer 2019/Icetag/IceTags/Per second/2019JUN11-2019JUN20/5169_Tag85_11JUN2019-1407_20JUN2019-1236.csv,30.234,,,,,,,,
raw_mcgill_complete,Summer 2019,accelerometer_icetag_raw_csv,.csv,Données completes/Données accelerometres/Summer 2019/Icetag/IceTags/Per second/2019JUN11-2019JUN20/5169_Tag85_11JUN2019-1407_20JUN2019-1236_LB.csv,0.028,,,,,,,,
raw_mcgill_complete,Summer 2019,accelerometer_icetag_raw_csv,.csv,Données completes/Données accelerometres/Summer 2019/Icetag/IceTags/Per second/2019JUN11-2019JUN20/5258_Tag94_11JUN2019-1504_20JUN2019-1333.csv,30.221,,,,,,,,
raw_mcgill_complete,Summer 2019,accelerometer_icetag_raw_csv,.csv,Données completes/Données accelerometres/Summer 2019/Icetag/IceTags/Per second/2019JUN11-2019JUN20/5258_Tag94_11JUN2019-1504_20JUN2019-1333_LB.csv,0.075,,,,,,,,
raw_mcgill_complete,Summer 2019,accelerometer_icetag_raw_csv,.csv,Données completes/Données accelerometres/Summer 2019/Icetag/IceTags/Per second/2019JUN11-2019JUN20/5857_Tag20_11JUN2019-1407_20JUN2019-1236.csv,30.239,,,,,,,,
raw_mcgill_complete,Summer 2019,accelerometer_icetag_raw_csv,.csv,Données completes/Données accelerometres/Summer 2019/Icetag/IceTags/Per second/2019JUN11-2019JUN20/5857_Tag20_11JUN2019-1407_20JUN2019-1236_LB.csv,0.006,,,,,,,,
raw_mcgill_complete,Summer 2019,accelerometer_icetag_raw_csv,.csv,Données completes/Données accelerometres/Summer 2019/Icetag/IceTags/Per second/2019JUN11-2019JUN20/5865_Tag90_11JUN2019-1522_20JUN2019-1353.csv,30.202,,,,,,,,
raw_mcgill_complete,Summer 2019,accelerometer_icetag_raw_csv,.csv,Données completes/Données accelerometres/Summer 2019/Icetag/IceTags/Per second/2019JUN11-2019JUN20/5865_Tag90_11JUN2019-1522_20JUN2019-1353_LB.csv,0.012,,,,,,,,
raw_mcgill_complete,Summer 2019,accelerometer_icetag_raw_csv,.csv,Données completes/Données accelerometres/Summer 2019/Icetag/IceTags/Per second/2019JUN11-2019JUN20/8520_Tag91_11JUN2019-1405_20JUN2019-1233.csv,30.246,,,,,,,,
raw_mcgill_complete,Summer 2019,accelerometer_icetag_raw_csv,.csv,Données completes/Données accelerometres/Summer 2019/Icetag/IceTags/Per second/2019JUN11-2019JUN20/8520_Tag91_11JUN2019-1405_20JUN2019-1233_LB.csv,0.008,,,,,,,,
raw_mcgill_complete,Summer 2019,accelerometer_icetag_raw_csv,.csv,Données completes/Données accelerometres/Summer 2019/Icetag/IceTags/Per second/2019JUN11-2019JUN20/8536_Tag92_11JUN2019-1444_20JUN2019-1305.csv,30.186,,,,,,,,
raw_mcgill_complete,Summer 2019,accelerometer_icetag_raw_csv,.csv,Données completes/Données accelerometres/Summer 2019/Icetag/IceTags/Per second/2019JUN11-2019JUN20/8536_Tag92_11JUN2019-1444_20JUN2019-1305_LB.csv,0.019,,,,,,,,
raw_mcgill_complete,Summer 2019,accelerometer_icetag_raw_csv,.csv,Données completes/Données accelerometres/Summer 2019/Icetag/IceTags/Per second/2019JUN20-2019JUN27/419_Tag16_20JUN2019-1330_27JUN2019-1356.csv,23.742,,,,,,,,
raw_mcgill_complete,Summer 2019,accelerometer_icetag_raw_csv,.csv,Données completes/Données accelerometres/Summer 2019/Icetag/IceTags/Per second/2019JUN20-2019JUN27/419_Tag16_20JUN2019-1330_27JUN2019-1356_LB.csv,0.019,,,,,,,,
raw_mcgill_complete,Summer 2019,accelerometer_icetag_raw_csv,.csv,Données completes/Données accelerometres/Summer 2019/Icetag/IceTags/Per second/2019JUN20-2019JUN27/5169_Tag86_20JUN2019-1233_27JUN2019-1329.csv,23.742,,,,,,,,
raw_mcgill_complete,Summer 2019,accelerometer_icetag_raw_csv,.csv,Données completes/Données accelerometres/Summer 2019/Icetag/IceTags/Per second/2019JUN20-2019JUN27/5169_Tag86_20JUN2019-1233_27JUN2019-1329_LB.csv,0.027,,,,,,,,
raw_mcgill_complete,Summer 2019,accelerometer_icetag_raw_csv,.csv,Données completes/Données accelerometres/Summer 2019/Icetag/IceTags/Per second/2019JUN20-2019JUN27/5258_Tag92_20JUN2019-1330_27JUN2019-1356.csv,23.727,,,,,,,,
raw_mcgill_complete,Summer 2019,accelerometer_icetag_raw_csv,.csv,Données completes/Données accelerometres/Summer 2019/Icetag/IceTags/Per second/2019JUN20-2019JUN27/5258_Tag92_20JUN2019-1330_27JUN2019-1356_LB.csv,0.066,,,,,,,,
raw_mcgill_complete,Summer 2019,accelerometer_icetag_raw_csv,.csv,Données completes/Données accelerometres/Summer 2019/Icetag/IceTags/Per second/2019JUN20-2019JUN27/5854_Tag20_20JUN2019-1302_27JUN2019-1331.csv,23.751,,,,,,,,
raw_mcgill_complete,Summer 2019,accelerometer_icetag_raw_csv,.csv,Données completes/Données accelerometres/Summer 2019/Icetag/IceTags/Per second/2019JUN20-2019JUN27/5854_Tag20_20JUN2019-1302_27JUN2019-1331_LB.csv,0.011,,,,,,,,
raw_mcgill_complete,Summer 2019,accelerometer_icetag_raw_csv,.csv,Données completes/Données accelerometres/Summer 2019/Icetag/IceTags/Per second/2019JUN20-2019JUN27/5857_Tag24_20JUN2019-1232_27JUN2019-1303.csv,16.546,,,,,,,,
raw_mcgill_complete,Summer 2019,accelerometer_icetag_raw_csv,.csv,Données completes/Données accelerometres/Summer 2019/Icetag/IceTags/Per second/2019JUN20-2019JUN27/5857_Tag24_20JUN2019-1232_27JUN2019-1303_LB.csv,0.003,,,,,,,,
raw_mcgill_complete,Summer 2019,accelerometer_icetag_raw_csv,.csv,Données completes/Données accelerometres/Summer 2019/Icetag/IceTags/Per second/2019JUN20-2019JUN27/5865_Tag87_20JUN2019-1421_27JUN2019-1423.csv,23.732,,,,,,,,
raw_mcgill_complete,Summer 2019,accelerometer_icetag_raw_csv,.csv,Données completes/Données accelerometres/Summer 2019/Icetag/IceTags/Per second/2019JUN20-2019JUN27/5865_Tag87_20JUN2019-1421_27JUN2019-1423_LB.csv,0.025,,,,,,,,
raw_mcgill_complete,Summer 2019,accelerometer_icetag_raw_csv,.csv,Données completes/Données accelerometres/Summer 2019/Icetag/IceTags/Per second/2019JUN20-2019JUN27/8536_Tag91_20JUN2019-1303_27JUN2019-1331.csv,23.741,,,,,,,,
raw_mcgill_complete,Summer 2019,accelerometer_icetag_raw_csv,.csv,Données completes/Données accelerometres/Summer 2019/Icetag/IceTags/Per second/2019JUN20-2019JUN27/8536_Tag91_20JUN2019-1303_27JUN2019-1331_LB.csv,0.059,,,,,,,,
raw_mcgill_complete,Summer 2019,accelerometer_icetag_raw_csv,.csv,Données completes/Données accelerometres/Summer 2019/Icetag/IceTags/Per second/2019JUN20-2019JUN27/REVERSED! 8520_Tag26_20JUN2019-1231_27JUN2019-1303.csv,23.752,,,,,,,,
raw_mcgill_complete,Summer 2019,accelerometer_icetag_raw_csv,.csv,Données completes/Données accelerometres/Summer 2019/Icetag/IceTags/Per second/2019JUN20-2019JUN27/REVERSED! 8520_Tag26_20JUN2019-1231_27JUN2019-1303_LB.csv,0.009,,,,,,,,
raw_mcgill_complete,Summer 2019,accelerometer_icetag_raw_csv,.csv,Données completes/Données accelerometres/Summer 2019/Icetag/IceTags/Per second/2019JUN27-2019JUL04/419_Tag85_27JUN2019-1354_04JUL2019-1341.csv,23.648,,,,,,,,
raw_mcgill_complete,Summer 2019,accelerometer_icetag_raw_csv,.csv,Données completes/Données accelerometres/Summer 2019/Icetag/IceTags/Per second/2019JUN27-2019JUL04/419_Tag85_27JUN2019-1354_04JUL2019-1341_LB.csv,0.112,,,,,,,,
raw_mcgill_complete,Summer 2019,accelerometer_icetag_raw_csv,.csv,Données completes/Données accelerometres/Summer 2019/Icetag/IceTags/Per second/2019JUN27-2019JUL04/5169_Tag76_27JUN2019-1300_04JUL2019-1312.csv,23.745,,,,,,,,
raw_mcgill_complete,Summer 2019,accelerometer_icetag_raw_csv,.csv,Données completes/Données accelerometres/Summer 2019/Icetag/IceTags/Per second/2019JUN27-2019JUL04/5169_Tag76_27JUN2019-1300_04JUL2019-1312_LB.csv,0.011,,,,,,,,
raw_mcgill_complete,Summer 2019,accelerometer_icetag_raw_csv,.csv,Données completes/Données accelerometres/Summer 2019/Icetag/IceTags/Per second/2019JUN27-2019JUL04/5258_Tag21_27JUN2019-1354_04JUL2019-1341.csv,23.641,,,,,,,,
raw_mcgill_complete,Summer 2019,accelerometer_icetag_raw_csv,.csv,Données completes/Données accelerometres/Summer 2019/Icetag/IceTags/Per second/2019JUN27-2019JUL04/5258_Tag21_27JUN2019-1354_04JUL2019-1341_LB.csv,0.013,,,,,,,,
raw_mcgill_complete,Summer 2019,accelerometer_icetag_raw_csv,.csv,Données completes/Données accelerometres/Summer 2019/Icetag/IceTags/Per second/2019JUN27-2019JUL04/5854_Tag22_27JUN2019-1329_04JUL2019-1316.csv,23.656,,,,,,,,
raw_mcgill_complete,Summer 2019,accelerometer_icetag_raw_csv,.csv,Données completes/Données accelerometres/Summer 2019/Icetag/IceTags/Per second/2019JUN27-2019JUL04/5854_Tag22_27JUN2019-1329_04JUL2019-1316_LB.csv,0.009,,,,,,,,
raw_mcgill_complete,Summer 2019,accelerometer_icetag_raw_csv,.csv,Données completes/Données accelerometres/Summer 2019/Icetag/IceTags/Per second/2019JUN27-2019JUL04/5857_Tag90_27JUN2019-1301_04JUL2019-1250.csv,23.677,,,,,,,,
raw_mcgill_complete,Summer 2019,accelerometer_icetag_raw_csv,.csv,Données completes/Données accelerometres/Summer 2019/Icetag/IceTags/Per second/2019JUN27-2019JUL04/5857_Tag90_27JUN2019-1301_04JUL2019-1250_LB.csv,0.005,,,,,,,,
raw_mcgill_complete,Summer 2019,accelerometer_icetag_raw_csv,.csv,Données completes/Données accelerometres/Summer 2019/Icetag/IceTags/Per second/2019JUN27-2019JUL04/5865_Tag96_27JUN2019-1421_04JUL2019-1403.csv,23.617,,,,,,,,
raw_mcgill_complete,Summer 2019,accelerometer_icetag_raw_csv,.csv,Données completes/Données accelerometres/Summer 2019/Icetag/IceTags/Per second/2019JUN27-2019JUL04/5865_Tag96_27JUN2019-1421_04JUL2019-1403_LB.csv,0.013,,,,,,,,
raw_mcgill_complete,Summer 2019,accelerometer_icetag_raw_csv,.csv,Données completes/Données accelerometres/Summer 2019/Icetag/IceTags/Per second/2019JUN27-2019JUL04/8520_Tag93_27JUN2019-1254_04JUL2019-1249.csv,23.674,,,,,,,,
raw_mcgill_complete,Summer 2019,accelerometer_icetag_raw_csv,.csv,Données completes/Données accelerometres/Summer 2019/Icetag/IceTags/Per second/2019JUN27-2019JUL04/8520_Tag93_27JUN2019-1254_04JUL2019-1249_LB.csv,0.008,,,,,,,,
raw_mcgill_complete,Summer 2019,accelerometer_icetag_raw_csv,.csv,Données completes/Données accelerometres/Summer 2019/Icetag/IceTags/Per second/2019JUN27-2019JUL04/8536_Tag86_27JUN2019-1329_04JUL2019-1317.csv,23.643,,,,,,,,
raw_mcgill_complete,Summer 2019,accelerometer_icetag_raw_csv,.csv,Données completes/Données accelerometres/Summer 2019/Icetag/IceTags/Per second/2019JUN27-2019JUL04/8536_Tag86_27JUN2019-1329_04JUL2019-1317_LB.csv,0.011,,,,,,,,
raw_mcgill_complete,Summer 2019,accelerometer_icetag_raw_csv,.csv,Données completes/Données accelerometres/Summer 2019/Icetag/IceTags/Per second/IceTag 50001986 (P)_06-17-2019__12;39;32.csv,0.03,,,,,,,,
raw_mcgill_complete,Summer 2019,accelerometer_icetag_raw_csv,.csv,Données completes/Données accelerometres/Summer 2019/Icetag/IceTags/Per second/IceTag 50001986 (P)_06-17-2019__12;39;32_LB.csv,0.0,,,,,,,,
raw_mcgill_complete,Summer 2019,accelerometer_icetag_export_support,.ses,Données completes/Données accelerometres/Summer 2019/Icetag/IceTags/Session files/Summer Exercise Project/IceTag 50001516 (P)_06-05-2019__12;58;19.ses,0.298,,,,,,,,
raw_mcgill_complete,Summer 2019,accelerometer_icetag_export_support,.ses,Données completes/Données accelerometres/Summer 2019/Icetag/IceTags/Session files/Summer Exercise Project/IceTag 50001516 (P)_06-11-2019__14;40;38.ses,0.272,,,,,,,,
raw_mcgill_complete,Summer 2019,accelerometer_icetag_export_support,.ses,Données completes/Données accelerometres/Summer 2019/Icetag/IceTags/Session files/Summer Exercise Project/IceTag 50001516 (P)_06-20-2019__13;25;19.ses,0.268,,,,,,,,
raw_mcgill_complete,Summer 2019,accelerometer_icetag_export_support,.ses,Données completes/Données accelerometres/Summer 2019/Icetag/IceTags/Session files/Summer Exercise Project/IceTag 50001516 (P)_07-04-2019__12;42;13.ses,0.249,,,,,,,,
raw_mcgill_complete,Summer 2019,accelerometer_icetag_export_support,.ses,Données completes/Données accelerometres/Summer 2019/Icetag/IceTags/Session files/Summer Exercise Project/IceTag 50001516 (P)_07-11-2019__10;00;36.ses,0.175,,,,,,,,
raw_mcgill_complete,Summer 2019,accelerometer_icetag_export_support,.ses,Données completes/Données accelerometres/Summer 2019/Icetag/IceTags/Session files/Summer Exercise Project/IceTag 50001520 (P)_06-11-2019__13;56;07.ses,0.321,,,,,,,,
raw_mcgill_complete,Summer 2019,accelerometer_icetag_export_support,.ses,Données completes/Données accelerometres/Summer 2019/Icetag/IceTags/Session files/Summer Exercise Project/IceTag 50001520 (P)_06-20-2019__12;57;58.ses,0.218,,,,,,,,
raw_mcgill_complete,Summer 2019,accelerometer_icetag_export_support,.ses,Données completes/Données accelerometres/Summer 2019/Icetag/IceTags/Session files/Summer Exercise Project/IceTag 50001520 (P)_06-27-2019__13;51;22.ses,0.105,,,,,,,,
raw_mcgill_complete,Summer 2019,accelerometer_icetag_export_support,.ses,Données completes/Données accelerometres/Summer 2019/Icetag/IceTags/Session files/Summer Exercise Project/IceTag 50001520 (P)_07-04-2019__14;01;15.ses,0.204,,,,,,,,
raw_mcgill_complete,Summer 2019,accelerometer_icetag_export_support,.ses,Données completes/Données accelerometres/Summer 2019/Icetag/IceTags/Session files/Summer Exercise Project/IceTag 50001520 (P)_07-18-2019__13;41;56.ses,0.348,,,,,,,,
raw_mcgill_complete,Summer 2019,accelerometer_icetag_export_support,.ses,Données completes/Données accelerometres/Summer 2019/Icetag/IceTags/Session files/Summer Exercise Project/IceTag 50001520 (P)_08-01-2019__14;42;59.ses,0.244,,,,,,,,
raw_mcgill_complete,Summer 2019,accelerometer_icetag_export_support,.ses,Données completes/Données accelerometres/Summer 2019/Icetag/IceTags/Session files/Summer Exercise Project/IceTag 50001520 (P)_08-16-2019__13;06;46.ses,0.258,,,,,,,,
raw_mcgill_complete,Summer 2019,accelerometer_icetag_export_support,.ses,Données completes/Données accelerometres/Summer 2019/Icetag/IceTags/Session files/Summer Exercise Project/IceTag 50001520 (P)_08-22-2019__13;27;34.ses,0.47,,,,,,,,
raw_mcgill_complete,Summer 2019,accelerometer_icetag_export_support,.ses,Données completes/Données accelerometres/Summer 2019/Icetag/IceTags/Session files/Summer Exercise Project/IceTag 50001521 (P)_06-11-2019__13;55;57.ses,0.24,,,,,,,,
raw_mcgill_complete,Summer 2019,accelerometer_icetag_export_support,.ses,Données completes/Données accelerometres/Summer 2019/Icetag/IceTags/Session files/Summer Exercise Project/IceTag 50001521 (P)_06-20-2019__12;58;02.ses,0.28,,,,,,,,
raw_mcgill_complete,Summer 2019,accelerometer_icetag_export_support,.ses,Données completes/Données accelerometres/Summer 2019/Icetag/IceTags/Session files/Summer Exercise Project/IceTag 50001521 (P)_06-27-2019__13;51;14.ses,0.209,,,,,,,,
raw_mcgill_complete,Summer 2019,accelerometer_icetag_export_support,.ses,Données completes/Données accelerometres/Summer 2019/Icetag/IceTags/Session files/Summer Exercise Project/IceTag 50001521 (P)_07-11-2019__09;43;31.ses,0.233,,,,,,,,
raw_mcgill_complete,Summer 2019,accelerometer_icetag_export_support,.ses,Données completes/Données accelerometres/Summer 2019/Icetag/IceTags/Session files/Summer Exercise Project/IceTag 50001521 (P)_07-18-2019__14;08;27.ses,0.188,,,,,,,,
raw_mcgill_complete,Summer 2019,accelerometer_icetag_export_support,.ses,Données completes/Données accelerometres/Summer 2019/Icetag/IceTags/Session files/Summer Exercise Project/IceTag 50001521 (P)_08-08-2019__12;44;08.ses,0.2,,,,,,,,
raw_mcgill_complete,Summer 2019,accelerometer_icetag_export_support,.ses,Données completes/Données accelerometres/Summer 2019/Icetag/IceTags/Session files/Summer Exercise Project/IceTag 50001521 (P)_08-16-2019__13;27;58.ses,0.238,,,,,,,,
raw_mcgill_complete,Summer 2019,accelerometer_icetag_export_support,.ses,Données completes/Données accelerometres/Summer 2019/Icetag/IceTags/Session files/Summer Exercise Project/IceTag 50001521 (P)_08-22-2019__13;44;02.ses,0.234,,,,,,,,
raw_mcgill_complete,Summer 2019,accelerometer_icetag_export_support,.ses,Données completes/Données accelerometres/Summer 2019/Icetag/IceTags/Session files/Summer Exercise Project/IceTag 50001522 (P)_06-05-2019__12;58;09.ses,0.213,,,,,,,,
raw_mcgill_complete,Summer 2019,accelerometer_icetag_export_support,.ses,Données completes/Données accelerometres/Summer 2019/Icetag/IceTags/Session files/Summer Exercise Project/IceTag 50001522 (P)_06-20-2019__12;27;03.ses,0.219,,,,,,,,
raw_mcgill_complete,Summer 2019,accelerometer_icetag_export_support,.ses,Données completes/Données accelerometres/Summer 2019/Icetag/IceTags/Session files/Summer Exercise Project/IceTag 50001522 (P)_06-27-2019__13;23;21.ses,0.196,,,,,,,,
raw_mcgill_complete,Summer 2019,accelerometer_icetag_export_support,.ses,Données completes/Données accelerometres/Summer 2019/Icetag/IceTags/Session files/Summer Exercise Project/IceTag 50001522 (P)_07-04-2019__13;35;30.ses,0.356,,,,,,,,
raw_mcgill_complete,Summer 2019,accelerometer_icetag_export_support,.ses,Données completes/Données accelerometres/Summer 2019/Icetag/IceTags/Session files/Summer Exercise Project/IceTag 50001522 (P)_07-11-2019__10;53;30.ses,0.163,,,,,,,,
raw_mcgill_complete,Summer 2019,accelerometer_icetag_export_support,.ses,Données completes/Données accelerometres/Summer 2019/Icetag/IceTags/Session files/Summer Exercise Project/IceTag 50001522 (P)_07-25-2019__13;07;57.ses,0.243,,,,,,,,
raw_mcgill_complete,Summer 2019,accelerometer_icetag_export_support,.ses,Données completes/Données accelerometres/Summer 2019/Icetag/IceTags/Session files/Summer Exercise Project/IceTag 50001522 (P)_08-01-2019__14;04;26.ses,0.343,,,,,,,,
raw_mcgill_complete,Summer 2019,accelerometer_icetag_export_support,.ses,Données completes/Données accelerometres/Summer 2019/Icetag/IceTags/Session files/Summer Exercise Project/IceTag 50001522 (P)_08-08-2019__13;48;28.ses,0.296,,,,,,,,
raw_mcgill_complete,Summer 2019,accelerometer_icetag_export_support,.ses,Données completes/Données accelerometres/Summer 2019/Icetag/IceTags/Session files/Summer Exercise Project/IceTag 50001522 (P)_08-16-2019__14;11;33.ses,0.282,,,,,,,,
raw_mcgill_complete,Summer 2019,accelerometer_icetag_export_support,.ses,Données completes/Données accelerometres/Summer 2019/Icetag/IceTags/Session files/Summer Exercise Project/IceTag 50001524 (P)_06-05-2019__12;57;37.ses,0.213,,,,,,,,
raw_mcgill_complete,Summer 2019,accelerometer_icetag_export_support,.ses,Données completes/Données accelerometres/Summer 2019/Icetag/IceTags/Session files/Summer Exercise Project/IceTag 50001524 (P)_06-20-2019__12;26;56.ses,0.127,,,,,,,,
raw_mcgill_complete,Summer 2019,accelerometer_icetag_export_support,.ses,Données completes/Données accelerometres/Summer 2019/Icetag/IceTags/Session files/Summer Exercise Project/IceTag 50001524 (P)_06-27-2019__13;23;14.ses,0.095,,,,,,,,
raw_mcgill_complete,Summer 2019,accelerometer_icetag_export_support,.ses,Données completes/Données accelerometres/Summer 2019/Icetag/IceTags/Session files/Summer Exercise Project/IceTag 50001524 (P)_07-04-2019__13;35;36.ses,0.25,,,,,,,,
raw_mcgill_complete,Summer 2019,accelerometer_icetag_export_support,.ses,Données completes/Données accelerometres/Summer 2019/Icetag/IceTags/Session files/Summer Exercise Project/IceTag 50001524 (P)_07-11-2019__10;37;06.ses,0.26,,,,,,,,
raw_mcgill_complete,Summer 2019,accelerometer_icetag_export_support,.ses,Données completes/Données accelerometres/Summer 2019/Icetag/IceTags/Session files/Summer Exercise Project/IceTag 50001524 (P)_07-25-2019__13;07;59.ses,0.33,,,,,,,,
raw_mcgill_complete,Summer 2019,accelerometer_icetag_export_support,.ses,Données completes/Données accelerometres/Summer 2019/Icetag/IceTags/Session files/Summer Exercise Project/IceTag 50001525 (P)_06-11-2019__13;56;01.ses,0.306,,,,,,,,
raw_mcgill_complete,Summer 2019,accelerometer_icetag_export_support,.ses,Données completes/Données accelerometres/Summer 2019/Icetag/IceTags/Session files/Summer Exercise Project/IceTag 50001525 (P)_06-20-2019__12;58;06.ses,0.219,,,,,,,,
raw_mcgill_complete,Summer 2019,accelerometer_icetag_export_support,.ses,Données completes/Données accelerometres/Summer 2019/Icetag/IceTags/Session files/Summer Exercise Project/IceTag 50001525 (P)_06-27-2019__13;51;27.ses,0.275,,,,,,,,
raw_mcgill_complete,Summer 2019,accelerometer_icetag_export_support,.ses,Données completes/Données accelerometres/Summer 2019/Icetag/IceTags/Session files/Summer Exercise Project/IceTag 50001525 (P)_07-11-2019__09;43;35.ses,0.294,,,,,,,,
raw_mcgill_complete,Summer 2019,accelerometer_icetag_export_support,.ses,Données completes/Données accelerometres/Summer 2019/Icetag/IceTags/Session files/Summer Exercise Project/IceTag 50001525 (P)_07-18-2019__14;08;21.ses,0.227,,,,,,,,
raw_mcgill_complete,Summer 2019,accelerometer_icetag_export_support,.ses,Données completes/Données accelerometres/Summer 2019/Icetag/IceTags/Session files/Summer Exercise Project/IceTag 50001525 (P)_08-08-2019__12;44;14.ses,0.24,,,,,,,,
raw_mcgill_complete,Summer 2019,accelerometer_icetag_export_support,.ses,Données completes/Données accelerometres/Summer 2019/Icetag/IceTags/Session files/Summer Exercise Project/IceTag 50001525 (P)_08-16-2019__13;28;05.ses,0.198,,,,,,,,
raw_mcgill_complete,Summer 2019,accelerometer_icetag_export_support,.ses,Données completes/Données accelerometres/Summer 2019/Icetag/IceTags/Session files/Summer Exercise Project/IceTag 50001526 (P)_06-05-2019__12;57;52.ses,0.159,,,,,,,,
raw_mcgill_complete,Summer 2019,accelerometer_icetag_export_support,.ses,Données completes/Données accelerometres/Summer 2019/Icetag/IceTags/Session files/Summer Exercise Project/IceTag 50001526 (P)_06-20-2019__12;26;48.ses,0.23,,,,,,,,
raw_mcgill_complete,Summer 2019,accelerometer_icetag_export_support,.ses,Données completes/Données accelerometres/Summer 2019/Icetag/IceTags/Session files/Summer Exercise Project/IceTag 50001526 (P)_06-27-2019__13;22;45.ses,0.172,,,,,,,,
raw_mcgill_complete,Summer 2019,accelerometer_icetag_export_support,.ses,Données completes/Données accelerometres/Summer 2019/Icetag/IceTags/Session files/Summer Exercise Project/IceTag 50001526 (P)_07-04-2019__13;10;14.ses,0.194,,,,,,,,
raw_mcgill_complete,Summer 2019,accelerometer_icetag_export_support,.ses,Données completes/Données accelerometres/Summer 2019/Icetag/IceTags/Session files/Summer Exercise Project/IceTag 50001526 (P)_07-11-2019__10;18;19.ses,0.347,,,,,,,,
raw_mcgill_complete,Summer 2019,accelerometer_icetag_export_support,.ses,Données completes/Données accelerometres/Summer 2019/Icetag/IceTags/Session files/Summer Exercise Project/IceTag 50001526 (P)_07-18-2019__14;59;18.ses,0.323,,,,,,,,
raw_mcgill_complete,Summer 2019,accelerometer_icetag_export_support,.ses,Données completes/Données accelerometres/Summer 2019/Icetag/IceTags/Session files/Summer Exercise Project/IceTag 50001526 (P)_08-01-2019__12;58;31.ses,0.192,,,,,,,,
raw_mcgill_complete,Summer 2019,accelerometer_icetag_export_support,.ses,Données completes/Données accelerometres/Summer 2019/Icetag/IceTags/Session files/Summer Exercise Project/IceTag 50001526 (P)_08-08-2019__13;48;16.ses,0.501,,,,,,,,
raw_mcgill_complete,Summer 2019,accelerometer_icetag_export_support,.ses,Données completes/Données accelerometres/Summer 2019/Icetag/IceTags/Session files/Summer Exercise Project/IceTag 50001526 (P)_08-16-2019__14;11;28.ses,0.149,,,,,,,,
raw_mcgill_complete,Summer 2019,accelerometer_icetag_export_support,.ses,Données completes/Données accelerometres/Summer 2019/Icetag/IceTags/Session files/Summer Exercise Project/IceTag 50001576 (P)_06-05-2019__12;58;28.ses,0.17,,,,,,,,
raw_mcgill_complete,Summer 2019,accelerometer_icetag_export_support,.ses,Données completes/Données accelerometres/Summer 2019/Icetag/IceTags/Session files/Summer Exercise Project/IceTag 50001576 (P)_06-11-2019__14;59;24.ses,0.279,,,,,,,,
raw_mcgill_complete,Summer 2019,accelerometer_icetag_export_support,.ses,Données completes/Données accelerometres/Summer 2019/Icetag/IceTags/Session files/Summer Exercise Project/IceTag 50001576 (P)_06-27-2019__12;46;55.ses,0.188,,,,,,,,
raw_mcgill_complete,Summer 2019,accelerometer_icetag_export_support,.ses,Données completes/Données accelerometres/Summer 2019/Icetag/IceTags/Session files/Summer Exercise Project/IceTag 50001576 (P)_07-04-2019__13;35;40.ses,0.324,,,,,,,,
raw_mcgill_complete,Summer 2019,accelerometer_icetag_export_support,.ses,Données completes/Données accelerometres/Summer 2019/Icetag/IceTags/Session files/Summer Exercise Project/IceTag 50001576 (P)_07-11-2019__10;37;00.ses,0.318,,,,,,,,
raw_mcgill_complete,Summer 2019,accelerometer_icetag_export_support,.ses,Données completes/Données accelerometres/Summer 2019/Icetag/IceTags/Session files/Summer Exercise Project/IceTag 50001576 (P)_07-18-2019__15;22;50.ses,0.143,,,,,,,,
raw_mcgill_complete,Summer 2019,accelerometer_icetag_export_support,.ses,Données completes/Données accelerometres/Summer 2019/Icetag/IceTags/Session files/Summer Exercise Project/IceTag 50001576 (P)_08-08-2019__12;44;11.ses,0.196,,,,,,,,
raw_mcgill_complete,Summer 2019,accelerometer_icetag_export_support,.ses,Données completes/Données accelerometres/Summer 2019/Icetag/IceTags/Session files/Summer Exercise Project/IceTag 50001576 (P)_08-16-2019__13;28;05.ses,0.218,,,,,,,,
raw_mcgill_complete,Summer 2019,accelerometer_icetag_export_support,.ses,Données completes/Données accelerometres/Summer 2019/Icetag/IceTags/Session files/Summer Exercise Project/IceTag 50001576 (P)_08-22-2019__13;43;58.ses,0.74,,,,,,,,
raw_mcgill_complete,Summer 2019,accelerometer_icetag_export_support,.ses,Données completes/Données accelerometres/Summer 2019/Icetag/IceTags/Session files/Summer Exercise Project/IceTag 50001985 (P)_06-11-2019__13;56;14.ses,0.272,,,,,,,,
raw_mcgill_complete,Summer 2019,accelerometer_icetag_export_support,.ses,Données completes/Données accelerometres/Summer 2019/Icetag/IceTags/Session files/Summer Exercise Project/IceTag 50001985 (P)_06-20-2019__12;57;56.ses,0.291,,,,,,,,
raw_mcgill_complete,Summer 2019,accelerometer_icetag_export_support,.ses,Données completes/Données accelerometres/Summer 2019/Icetag/IceTags/Session files/Summer Exercise Project/IceTag 50001985 (P)_06-27-2019__13;51;40.ses,0.486,,,,,,,,
raw_mcgill_complete,Summer 2019,accelerometer_icetag_export_support,.ses,Données completes/Données accelerometres/Summer 2019/Icetag/IceTags/Session files/Summer Exercise Project/IceTag 50001985 (P)_07-11-2019__09;43;39.ses,0.249,,,,,,,,
raw_mcgill_complete,Summer 2019,accelerometer_icetag_export_support,.ses,Données completes/Données accelerometres/Summer 2019/Icetag/IceTags/Session files/Summer Exercise Project/IceTag 50001985 (P)_07-18-2019__14;08;16.ses,0.41,,,,,,,,
raw_mcgill_complete,Summer 2019,accelerometer_icetag_export_support,.ses,Données completes/Données accelerometres/Summer 2019/Icetag/IceTags/Session files/Summer Exercise Project/IceTag 50001985 (P)_07-25-2019__13;07;50.ses,0.206,,,,,,,,
raw_mcgill_complete,Summer 2019,accelerometer_icetag_export_support,.ses,Données completes/Données accelerometres/Summer 2019/Icetag/IceTags/Session files/Summer Exercise Project/IceTag 50001985 (P)_08-01-2019__14;04;29.ses,0.197,,,,,,,,
raw_mcgill_complete,Summer 2019,accelerometer_icetag_export_support,.ses,Données completes/Données accelerometres/Summer 2019/Icetag/IceTags/Session files/Summer Exercise Project/IceTag 50001985 (P)_08-16-2019__14;11;37.ses,0.002,,,,,,,,
raw_mcgill_complete,Summer 2019,accelerometer_icetag_export_support,.ses,Données completes/Données accelerometres/Summer 2019/Icetag/IceTags/Session files/Summer Exercise Project/IceTag 50001985 (P)_08-22-2019__13;05;54.ses,0.689,,,,,,,,
raw_mcgill_complete,Summer 2019,accelerometer_icetag_export_support,.ses,Données completes/Données accelerometres/Summer 2019/Icetag/IceTags/Session files/Summer Exercise Project/IceTag 50001986 (P)_06-05-2019__12;57;40.ses,0.251,,,,,,,,
raw_mcgill_complete,Summer 2019,accelerometer_icetag_export_support,.ses,Données completes/Données accelerometres/Summer 2019/Icetag/IceTags/Session files/Summer Exercise Project/IceTag 50001986 (P)_06-17-2019__12;39;32.ses,0.006,,,,,,,,
raw_mcgill_complete,Summer 2019,accelerometer_icetag_export_support,.ses,Données completes/Données accelerometres/Summer 2019/Icetag/IceTags/Session files/Summer Exercise Project/IceTag 50001986 (P)_06-20-2019__12;26;59.ses,0.254,,,,,,,,
raw_mcgill_complete,Summer 2019,accelerometer_icetag_export_support,.ses,Données completes/Données accelerometres/Summer 2019/Icetag/IceTags/Session files/Summer Exercise Project/IceTag 50001986 (P)_06-27-2019__13;23;06.ses,0.243,,,,,,,,
raw_mcgill_complete,Summer 2019,accelerometer_icetag_export_support,.ses,Données completes/Données accelerometres/Summer 2019/Icetag/IceTags/Session files/Summer Exercise Project/IceTag 50001986 (P)_07-04-2019__13;35;33.ses,0.33,,,,,,,,
raw_mcgill_complete,Summer 2019,accelerometer_icetag_export_support,.ses,Données completes/Données accelerometres/Summer 2019/Icetag/IceTags/Session files/Summer Exercise Project/IceTag 50001986 (P)_07-18-2019__13;41;45.ses,0.239,,,,,,,,
raw_mcgill_complete,Summer 2019,accelerometer_icetag_export_support,.ses,Données completes/Données accelerometres/Summer 2019/Icetag/IceTags/Session files/Summer Exercise Project/IceTag 50001986 (P)_08-01-2019__14;43;10.ses,0.262,,,,,,,,
raw_mcgill_complete,Summer 2019,accelerometer_icetag_export_support,.ses,Données completes/Données accelerometres/Summer 2019/Icetag/IceTags/Session files/Summer Exercise Project/IceTag 50001986 (P)_08-08-2019__14;08;35.ses,0.292,,,,,,,,
raw_mcgill_complete,Summer 2019,accelerometer_icetag_export_support,.ses,Données completes/Données accelerometres/Summer 2019/Icetag/IceTags/Session files/Summer Exercise Project/IceTag 50001986 (P)_08-22-2019__13;05;47.ses,0.402,,,,,,,,
raw_mcgill_complete,Summer 2019,accelerometer_icetag_export_support,.ses,Données completes/Données accelerometres/Summer 2019/Icetag/IceTags/Session files/Summer Exercise Project/IceTag 50001987 (P)_06-05-2019__12;57;46.ses,0.211,,,,,,,,
raw_mcgill_complete,Summer 2019,accelerometer_icetag_export_support,.ses,Données completes/Données accelerometres/Summer 2019/Icetag/IceTags/Session files/Summer Exercise Project/IceTag 50001987 (P)_06-11-2019__14;59;18.ses,0.393,,,,,,,,
raw_mcgill_complete,Summer 2019,accelerometer_icetag_export_support,.ses,Données completes/Données accelerometres/Summer 2019/Icetag/IceTags/Session files/Summer Exercise Project/IceTag 50001987 (P)_06-20-2019__13;51;37.ses,0.269,,,,,,,,
raw_mcgill_complete,Summer 2019,accelerometer_icetag_export_support,.ses,Données completes/Données accelerometres/Summer 2019/Icetag/IceTags/Session files/Summer Exercise Project/IceTag 50001987 (P)_07-04-2019__12;42;20.ses,0.17,,,,,,,,
raw_mcgill_complete,Summer 2019,accelerometer_icetag_export_support,.ses,Données completes/Données accelerometres/Summer 2019/Icetag/IceTags/Session files/Summer Exercise Project/IceTag 50001987 (P)_07-11-2019__10;18;08.ses,0.338,,,,,,,,
raw_mcgill_complete,Summer 2019,accelerometer_icetag_export_support,.ses,Données completes/Données accelerometres/Summer 2019/Icetag/IceTags/Session files/Summer Exercise Project/IceTag 50001987 (P)_07-18-2019__14;59;20.ses,0.261,,,,,,,,
raw_mcgill_complete,Summer 2019,accelerometer_icetag_export_support,.ses,Données completes/Données accelerometres/Summer 2019/Icetag/IceTags/Session files/Summer Exercise Project/IceTag 50001987 (P)_08-01-2019__12;58;26.ses,0.273,,,,,,,,
raw_mcgill_complete,Summer 2019,accelerometer_icetag_export_support,.ses,Données completes/Données accelerometres/Summer 2019/Icetag/IceTags/Session files/Summer Exercise Project/IceTag 50001987 (P)_08-08-2019__13;29;20.ses,0.378,,,,,,,,
raw_mcgill_complete,Summer 2019,accelerometer_icetag_export_support,.ses,Données completes/Données accelerometres/Summer 2019/Icetag/IceTags/Session files/Summer Exercise Project/IceTag 50001987 (P)_08-16-2019__13;51;55.ses,0.224,,,,,,,,
raw_mcgill_complete,Summer 2019,accelerometer_icetag_export_support,.ses,Données completes/Données accelerometres/Summer 2019/Icetag/IceTags/Session files/Summer Exercise Project/IceTag 50001987 (P)_08-22-2019__14;08;05.ses,0.578,,,,,,,,
raw_mcgill_complete,Summer 2019,accelerometer_icetag_export_support,.ses,Données completes/Données accelerometres/Summer 2019/Icetag/IceTags/Session files/Summer Exercise Project/IceTag 50001988 (P)_06-05-2019__12;58;31.ses,0.311,,,,,,,,
raw_mcgill_complete,Summer 2019,accelerometer_icetag_export_support,.ses,Données completes/Données accelerometres/Summer 2019/Icetag/IceTags/Session files/Summer Exercise Project/IceTag 50001988 (P)_06-11-2019__14;40;28.ses,0.334,,,,,,,,
raw_mcgill_complete,Summer 2019,accelerometer_icetag_export_support,.ses,Données completes/Données accelerometres/Summer 2019/Icetag/IceTags/Session files/Summer Exercise Project/IceTag 50001988 (P)_06-20-2019__13;25;09.ses,0.3,,,,,,,,
raw_mcgill_complete,Summer 2019,accelerometer_icetag_export_support,.ses,Données completes/Données accelerometres/Summer 2019/Icetag/IceTags/Session files/Summer Exercise Project/IceTag 50001988 (P)_07-04-2019__12;42;24.ses,0.174,,,,,,,,
raw_mcgill_complete,Summer 2019,accelerometer_icetag_export_support,.ses,Données completes/Données accelerometres/Summer 2019/Icetag/IceTags/Session files/Summer Exercise Project/IceTag 50001988 (P)_07-11-2019__10;00;39.ses,0.339,,,,,,,,
raw_mcgill_complete,Summer 2019,accelerometer_icetag_export_support,.ses,Données completes/Données accelerometres/Summer 2019/Icetag/IceTags/Session files/Summer Exercise Project/IceTag 50001988 (P)_07-18-2019__14;34;16.ses,0.289,,,,,,,,
raw_mcgill_complete,Summer 2019,accelerometer_icetag_export_support,.ses,Données completes/Données accelerometres/Summer 2019/Icetag/IceTags/Session files/Summer Exercise Project/IceTag 50001988 (P)_08-01-2019__12;58;50.ses,0.206,,,,,,,,
raw_mcgill_complete,Summer 2019,accelerometer_icetag_export_support,.ses,Données completes/Données accelerometres/Summer 2019/Icetag/IceTags/Session files/Summer Exercise Project/IceTag 50001988 (P)_08-08-2019__13;29;15.ses,0.187,,,,,,,,
raw_mcgill_complete,Summer 2019,accelerometer_icetag_export_support,.ses,Données completes/Données accelerometres/Summer 2019/Icetag/IceTags/Session files/Summer Exercise Project/IceTag 50001988 (P)_08-16-2019__13;52;03.ses,0.178,,,,,,,,
raw_mcgill_complete,Summer 2019,accelerometer_icetag_export_support,.ses,Données completes/Données accelerometres/Summer 2019/Icetag/IceTags/Session files/Summer Exercise Project/IceTag 50001988 (P)_08-22-2019__14;07;58.ses,0.389,,,,,,,,
raw_mcgill_complete,Summer 2019,accelerometer_icetag_export_support,.ses,Données completes/Données accelerometres/Summer 2019/Icetag/IceTags/Session files/Summer Exercise Project/IceTag 50001989 (P)_06-05-2019__12;57;55.ses,0.262,,,,,,,,
raw_mcgill_complete,Summer 2019,accelerometer_icetag_export_support,.ses,Données completes/Données accelerometres/Summer 2019/Icetag/IceTags/Session files/Summer Exercise Project/IceTag 50001989 (P)_06-20-2019__12;26;53.ses,0.307,,,,,,,,
raw_mcgill_complete,Summer 2019,accelerometer_icetag_export_support,.ses,Données completes/Données accelerometres/Summer 2019/Icetag/IceTags/Session files/Summer Exercise Project/IceTag 50001989 (P)_06-27-2019__13;22;55.ses,0.245,,,,,,,,
raw_mcgill_complete,Summer 2019,accelerometer_icetag_export_support,.ses,Données completes/Données accelerometres/Summer 2019/Icetag/IceTags/Session files/Summer Exercise Project/IceTag 50001989 (P)_07-04-2019__13;35;27.ses,0.256,,,,,,,,
raw_mcgill_complete,Summer 2019,accelerometer_icetag_export_support,.ses,Données completes/Données accelerometres/Summer 2019/Icetag/IceTags/Session files/Summer Exercise Project/IceTag 50001989 (P)_07-18-2019__13;41;50.ses,0.26,,,,,,,,
raw_mcgill_complete,Summer 2019,accelerometer_icetag_export_support,.ses,Données completes/Données accelerometres/Summer 2019/Icetag/IceTags/Session files/Summer Exercise Project/IceTag 50001989 (P)_08-01-2019__14;43;03.ses,0.4,,,,,,,,
raw_mcgill_complete,Summer 2019,accelerometer_icetag_export_support,.ses,Données completes/Données accelerometres/Summer 2019/Icetag/IceTags/Session files/Summer Exercise Project/IceTag 50001989 (P)_08-16-2019__13;06;43.ses,0.228,,,,,,,,
raw_mcgill_complete,Summer 2019,accelerometer_icetag_export_support,.ses,Données completes/Données accelerometres/Summer 2019/Icetag/IceTags/Session files/Summer Exercise Project/IceTag 50001989 (P)_08-22-2019__13;27;32.ses,0.552,,,,,,,,
raw_mcgill_complete,Summer 2019,accelerometer_icetag_export_support,.ses,Données completes/Données accelerometres/Summer 2019/Icetag/IceTags/Session files/Summer Exercise Project/IceTag 50001990 (P)_06-05-2019__12;57;48.ses,0.225,,,,,,,,
raw_mcgill_complete,Summer 2019,accelerometer_icetag_export_support,.ses,Données completes/Données accelerometres/Summer 2019/Icetag/IceTags/Session files/Summer Exercise Project/IceTag 50001990 (P)_06-11-2019__15;21;15.ses,0.283,,,,,,,,
raw_mcgill_complete,Summer 2019,accelerometer_icetag_export_support,.ses,Données completes/Données accelerometres/Summer 2019/Icetag/IceTags/Session files/Summer Exercise Project/IceTag 50001990 (P)_06-27-2019__12;46;58.ses,0.256,,,,,,,,
raw_mcgill_complete,Summer 2019,accelerometer_icetag_export_support,.ses,Données completes/Données accelerometres/Summer 2019/Icetag/IceTags/Session files/Summer Exercise Project/IceTag 50001990 (P)_07-04-2019__13;10;28.ses,0.148,,,,,,,,
raw_mcgill_complete,Summer 2019,accelerometer_icetag_export_support,.ses,Données completes/Données accelerometres/Summer 2019/Icetag/IceTags/Session files/Summer Exercise Project/IceTag 50001990 (P)_07-18-2019__13;41;41.ses,0.241,,,,,,,,
raw_mcgill_complete,Summer 2019,accelerometer_icetag_export_support,.ses,Données completes/Données accelerometres/Summer 2019/Icetag/IceTags/Session files/Summer Exercise Project/IceTag 50001990 (P)_08-01-2019__14;43;07.ses,0.216,,,,,,,,
raw_mcgill_complete,Summer 2019,accelerometer_icetag_export_support,.ses,Données completes/Données accelerometres/Summer 2019/Icetag/IceTags/Session files/Summer Exercise Project/IceTag 50001990 (P)_08-08-2019__14;08;32.ses,0.318,,,,,,,,
raw_mcgill_complete,Summer 2019,accelerometer_icetag_export_support,.ses,Données completes/Données accelerometres/Summer 2019/Icetag/IceTags/Session files/Summer Exercise Project/IceTag 50001990 (P)_08-22-2019__13;05;44.ses,0.41,,,,,,,,
raw_mcgill_complete,Summer 2019,accelerometer_icetag_export_support,.ses,Données completes/Données accelerometres/Summer 2019/Icetag/IceTags/Session files/Summer Exercise Project/IceTag 50001991 (P)_06-11-2019__13;55;53.ses,0.278,,,,,,,,
raw_mcgill_complete,Summer 2019,accelerometer_icetag_export_support,.ses,Données completes/Données accelerometres/Summer 2019/Icetag/IceTags/Session files/Summer Exercise Project/IceTag 50001991 (P)_06-20-2019__12;58;09.ses,0.277,,,,,,,,
raw_mcgill_complete,Summer 2019,accelerometer_icetag_export_support,.ses,Données completes/Données accelerometres/Summer 2019/Icetag/IceTags/Session files/Summer Exercise Project/IceTag 50001991 (P)_06-27-2019__13;51;32.ses,0.311,,,,,,,,
raw_mcgill_complete,Summer 2019,accelerometer_icetag_export_support,.ses,Données completes/Données accelerometres/Summer 2019/Icetag/IceTags/Session files/Summer Exercise Project/IceTag 50001991 (P)_07-11-2019__09;43;33.ses,0.229,,,,,,,,
raw_mcgill_complete,Summer 2019,accelerometer_icetag_export_support,.ses,Données completes/Données accelerometres/Summer 2019/Icetag/IceTags/Session files/Summer Exercise Project/IceTag 50001991 (P)_07-18-2019__14;08;11.ses,0.274,,,,,,,,
raw_mcgill_complete,Summer 2019,accelerometer_icetag_export_support,.ses,Données completes/Données accelerometres/Summer 2019/Icetag/IceTags/Session files/Summer Exercise Project/IceTag 50001991 (P)_08-01-2019__15;00;53.ses,0.275,,,,,,,,
raw_mcgill_complete,Summer 2019,accelerometer_icetag_export_support,.ses,Données completes/Données accelerometres/Summer 2019/Icetag/IceTags/Session files/Summer Exercise Project/IceTag 50001991 (P)_08-16-2019__13;06;40.ses,0.411,,,,,,,,
raw_mcgill_complete,Summer 2019,accelerometer_icetag_export_support,.ses,Données completes/Données accelerometres/Summer 2019/Icetag/IceTags/Session files/Summer Exercise Project/IceTag 50001992 (P)_06-05-2019__12;58;04.ses,0.207,,,,,,,,
raw_mcgill_complete,Summer 2019,accelerometer_icetag_export_support,.ses,Données completes/Données accelerometres/Summer 2019/Icetag/IceTags/Session files/Summer Exercise Project/IceTag 50001992 (P)_06-11-2019__14;40;25.ses,0.308,,,,,,,,
raw_mcgill_complete,Summer 2019,accelerometer_icetag_export_support,.ses,Données completes/Données accelerometres/Summer 2019/Icetag/IceTags/Session files/Summer Exercise Project/IceTag 50001992 (P)_06-20-2019__13;25;17.ses,0.253,,,,,,,,
raw_mcgill_complete,Summer 2019,accelerometer_icetag_export_support,.ses,Données completes/Données accelerometres/Summer 2019/Icetag/IceTags/Session files/Summer Exercise Project/IceTag 50001992 (P)_07-04-2019__12;42;33.ses,0.271,,,,,,,,
raw_mcgill_complete,Summer 2019,accelerometer_icetag_export_support,.ses,Données completes/Données accelerometres/Summer 2019/Icetag/IceTags/Session files/Summer Exercise Project/IceTag 50001992 (P)_07-11-2019__10;00;43.ses,0.226,,,,,,,,
raw_mcgill_complete,Summer 2019,accelerometer_icetag_export_support,.ses,Données completes/Données accelerometres/Summer 2019/Icetag/IceTags/Session files/Summer Exercise Project/IceTag 50001992 (P)_07-18-2019__14;34;25.ses,0.339,,,,,,,,
raw_mcgill_complete,Summer 2019,accelerometer_icetag_export_support,.ses,Données completes/Données accelerometres/Summer 2019/Icetag/IceTags/Session files/Summer Exercise Project/IceTag 50001992 (P)_08-08-2019__12;44;17.ses,0.31,,,,,,,,
raw_mcgill_complete,Summer 2019,accelerometer_icetag_export_support,.ses,Données completes/Données accelerometres/Summer 2019/Icetag/IceTags/Session files/Summer Exercise Project/IceTag 50001992 (P)_08-16-2019__13;27;57.ses,0.188,,,,,,,,
raw_mcgill_complete,Summer 2019,accelerometer_icetag_export_support,.ses,Données completes/Données accelerometres/Summer 2019/Icetag/IceTags/Session files/Summer Exercise Project/IceTag 50001992 (P)_08-22-2019__13;44;06.ses,0.139,,,,,,,,
raw_mcgill_complete,Summer 2019,accelerometer_icetag_export_support,.ses,Données completes/Données accelerometres/Summer 2019/Icetag/IceTags/Session files/Summer Exercise Project/IceTag 50001993 (P)_06-05-2019__12;58;16.ses,0.212,,,,,,,,
raw_mcgill_complete,Summer 2019,accelerometer_icetag_export_support,.ses,Données completes/Données accelerometres/Summer 2019/Icetag/IceTags/Session files/Summer Exercise Project/IceTag 50001993 (P)_06-11-2019__14;59;31.ses,0.473,,,,,,,,
raw_mcgill_complete,Summer 2019,accelerometer_icetag_export_support,.ses,Données completes/Données accelerometres/Summer 2019/Icetag/IceTags/Session files/Summer Exercise Project/IceTag 50001993 (P)_06-27-2019__12;46;50.ses,0.22,,,,,,,,
raw_mcgill_complete,Summer 2019,accelerometer_icetag_export_support,.ses,Données completes/Données accelerometres/Summer 2019/Icetag/IceTags/Session files/Summer Exercise Project/IceTag 50001993 (P)_07-04-2019__13;10;26.ses,0.183,,,,,,,,
raw_mcgill_complete,Summer 2019,accelerometer_icetag_export_support,.ses,Données completes/Données accelerometres/Summer 2019/Icetag/IceTags/Session files/Summer Exercise Project/IceTag 50001993 (P)_07-11-2019__10;18;29.ses,0.476,,,,,,,,
raw_mcgill_complete,Summer 2019,accelerometer_icetag_export_support,.ses,Données completes/Données accelerometres/Summer 2019/Icetag/IceTags/Session files/Summer Exercise Project/IceTag 50001993 (P)_07-18-2019__14;59;23.ses,0.342,,,,,,,,
raw_mcgill_complete,Summer 2019,accelerometer_icetag_export_support,.ses,Données completes/Données accelerometres/Summer 2019/Icetag/IceTags/Session files/Summer Exercise Project/IceTag 50001993 (P)_08-01-2019__12;58;39.ses,0.227,,,,,,,,
raw_mcgill_complete,Summer 2019,accelerometer_icetag_export_support,.ses,Données completes/Données accelerometres/Summer 2019/Icetag/IceTags/Session files/Summer Exercise Project/IceTag 50001993 (P)_08-08-2019__13;29;12.ses,0.348,,,,,,,,
raw_mcgill_complete,Summer 2019,accelerometer_icetag_export_support,.ses,Données completes/Données accelerometres/Summer 2019/Icetag/IceTags/Session files/Summer Exercise Project/IceTag 50001993 (P)_08-16-2019__13;52;05.ses,0.199,,,,,,,,
raw_mcgill_complete,Summer 2019,accelerometer_icetag_export_support,.ses,Données completes/Données accelerometres/Summer 2019/Icetag/IceTags/Session files/Summer Exercise Project/IceTag 50001993 (P)_08-22-2019__14;07;59.ses,0.497,,,,,,,,
raw_mcgill_complete,Summer 2019,accelerometer_icetag_export_support,.ses,Données completes/Données accelerometres/Summer 2019/Icetag/IceTags/Session files/Summer Exercise Project/IceTag 50001994 (P)_06-05-2019__12;58;33.ses,0.209,,,,,,,,
raw_mcgill_complete,Summer 2019,accelerometer_icetag_export_support,.ses,Données completes/Données accelerometres/Summer 2019/Icetag/IceTags/Session files/Summer Exercise Project/IceTag 50001994 (P)_06-11-2019__14;59;25.ses,0.282,,,,,,,,
raw_mcgill_complete,Summer 2019,accelerometer_icetag_export_support,.ses,Données completes/Données accelerometres/Summer 2019/Icetag/IceTags/Session files/Summer Exercise Project/IceTag 50001994 (P)_06-27-2019__12;47;05.ses,0.276,,,,,,,,
raw_mcgill_complete,Summer 2019,accelerometer_icetag_export_support,.ses,Données completes/Données accelerometres/Summer 2019/Icetag/IceTags/Session files/Summer Exercise Project/IceTag 50001994 (P)_07-04-2019__13;10;21.ses,0.259,,,,,,,,
raw_mcgill_complete,Summer 2019,accelerometer_icetag_export_support,.ses,Données completes/Données accelerometres/Summer 2019/Icetag/IceTags/Session files/Summer Exercise Project/IceTag 50001994 (P)_07-11-2019__10;37;17.ses,0.277,,,,,,,,
raw_mcgill_complete,Summer 2019,accelerometer_icetag_export_support,.ses,Données completes/Données accelerometres/Summer 2019/Icetag/IceTags/Session files/Summer Exercise Project/IceTag 50001994 (P)_07-25-2019__13;07;54.ses,0.236,,,,,,,,
raw_mcgill_complete,Summer 2019,accelerometer_icetag_export_support,.ses,Données completes/Données accelerometres/Summer 2019/Icetag/IceTags/Session files/Summer Exercise Project/IceTag 50001994 (P)_08-01-2019__14;04;34.ses,0.294,,,,,,,,
raw_mcgill_complete,Summer 2019,accelerometer_icetag_export_support,.ses,Données completes/Données accelerometres/Summer 2019/Icetag/IceTags/Session files/Summer Exercise Project/IceTag 50001994 (P)_08-08-2019__14;08;40.ses,0.256,,,,,,,,
raw_mcgill_complete,Summer 2019,accelerometer_icetag_export_support,.ses,Données completes/Données accelerometres/Summer 2019/Icetag/IceTags/Session files/Summer Exercise Project/IceTag 50001994 (P)_08-22-2019__13;05;51.ses,0.311,,,,,,,,
raw_mcgill_complete,Summer 2019,accelerometer_icetag_export_support,.ses,Données completes/Données accelerometres/Summer 2019/Icetag/IceTags/Session files/Summer Exercise Project/IceTag 50001995 (P)_06-05-2019__12;57;58.ses,0.222,,,,,,,,
raw_mcgill_complete,Summer 2019,accelerometer_icetag_export_support,.ses,Données completes/Données accelerometres/Summer 2019/Icetag/IceTags/Session files/Summer Exercise Project/IceTag 50001995 (P)_06-11-2019__14;59;35.ses,0.089,,,,,,,,
raw_mcgill_complete,Summer 2019,accelerometer_icetag_export_support,.ses,Données completes/Données accelerometres/Summer 2019/Icetag/IceTags/Session files/Summer Exercise Project/IceTag 50001995 (P)_06-27-2019__12;47;02.ses,0.2,,,,,,,,
raw_mcgill_complete,Summer 2019,accelerometer_icetag_export_support,.ses,Données completes/Données accelerometres/Summer 2019/Icetag/IceTags/Session files/Summer Exercise Project/IceTag 50001995 (P)_07-04-2019__13;10;09.ses,0.257,,,,,,,,
raw_mcgill_complete,Summer 2019,accelerometer_icetag_export_support,.ses,Données completes/Données accelerometres/Summer 2019/Icetag/IceTags/Session files/Summer Exercise Project/IceTag 50001995 (P)_07-11-2019__10;37;09.ses,0.346,,,,,,,,
raw_mcgill_complete,Summer 2019,accelerometer_icetag_export_support,.ses,Données completes/Données accelerometres/Summer 2019/Icetag/IceTags/Session files/Summer Exercise Project/IceTag 50001995 (P)_07-25-2019__13;08;02.ses,0.171,,,,,,,,
raw_mcgill_complete,Summer 2019,accelerometer_icetag_export_support,.ses,Données completes/Données accelerometres/Summer 2019/Icetag/IceTags/Session files/Summer Exercise Project/IceTag 50001995 (P)_08-01-2019__14;04;32.ses,0.252,,,,,,,,
raw_mcgill_complete,Summer 2019,accelerometer_icetag_export_support,.ses,Données completes/Données accelerometres/Summer 2019/Icetag/IceTags/Session files/Summer Exercise Project/IceTag 50001995 (P)_08-08-2019__13;48;22.ses,0.079,,,,,,,,
raw_mcgill_complete,Summer 2019,accelerometer_icetag_export_support,.ses,Données completes/Données accelerometres/Summer 2019/Icetag/IceTags/Session files/Summer Exercise Project/IceTag 50001995 (P)_08-16-2019__14;11;27.ses,0.268,,,,,,,,
raw_mcgill_complete,Summer 2019,accelerometer_icetag_export_support,.ses,Données completes/Données accelerometres/Summer 2019/Icetag/IceTags/Session files/Summer Exercise Project/IceTag 50001995 (P)_08-29-2019__09;56;11.ses,0.291,,,,,,,,
raw_mcgill_complete,Summer 2019,accelerometer_icetag_export_support,.ses,Données completes/Données accelerometres/Summer 2019/Icetag/IceTags/Session files/Summer Exercise Project/IceTag 50001996 (P)_06-05-2019__12;58;24.ses,0.188,,,,,,,,
raw_mcgill_complete,Summer 2019,accelerometer_icetag_export_support,.ses,Données completes/Données accelerometres/Summer 2019/Icetag/IceTags/Session files/Summer Exercise Project/IceTag 50001996 (P)_06-11-2019__14;40;31.ses,0.28,,,,,,,,
raw_mcgill_complete,Summer 2019,accelerometer_icetag_export_support,.ses,Données completes/Données accelerometres/Summer 2019/Icetag/IceTags/Session files/Summer Exercise Project/IceTag 50001996 (P)_06-20-2019__13;25;14.ses,0.243,,,,,,,,
raw_mcgill_complete,Summer 2019,accelerometer_icetag_export_support,.ses,Données completes/Données accelerometres/Summer 2019/Icetag/IceTags/Session files/Summer Exercise Project/IceTag 50001996 (P)_06-27-2019__14;19;17.ses,0.264,,,,,,,,
raw_mcgill_complete,Summer 2019,accelerometer_icetag_export_support,.ses,Données completes/Données accelerometres/Summer 2019/Icetag/IceTags/Session files/Summer Exercise Project/IceTag 50001996 (P)_07-05-2019__08;29;20.ses,0.328,,,,,,,,
raw_mcgill_complete,Summer 2019,accelerometer_icetag_export_support,.ses,Données completes/Données accelerometres/Summer 2019/Icetag/IceTags/Session files/Summer Exercise Project/IceTag 50001996 (P)_07-11-2019__10;18;25.ses,0.102,,,,,,,,
raw_mcgill_complete,Summer 2019,accelerometer_icetag_export_support,.ses,Données completes/Données accelerometres/Summer 2019/Icetag/IceTags/Session files/Summer Exercise Project/IceTag 50001996 (P)_07-18-2019__14;59;25.ses,0.421,,,,,,,,
raw_mcgill_complete,Summer 2019,accelerometer_icetag_export_support,.ses,Données completes/Données accelerometres/Summer 2019/Icetag/IceTags/Session files/Summer Exercise Project/IceTag 50001996 (P)_08-01-2019__12;58;44.ses,0.24,,,,,,,,
raw_mcgill_complete,Summer 2019,accelerometer_icetag_export_support,.ses,Données completes/Données accelerometres/Summer 2019/Icetag/IceTags/Session files/Summer Exercise Project/IceTag 50001996 (P)_08-08-2019__13;29;23.ses,0.322,,,,,,,,
raw_mcgill_complete,Summer 2019,accelerometer_icetag_export_support,.ses,Données completes/Données accelerometres/Summer 2019/Icetag/IceTags/Session files/Summer Exercise Project/IceTag 50001996 (P)_08-16-2019__13;51;56.ses,0.247,,,,,,,,
raw_mcgill_complete,Summer 2019,accelerometer_icetag_export_support,.ses,Données completes/Données accelerometres/Summer 2019/Icetag/IceTags/Session files/Summer Exercise Project/IceTag 50001997 (P)_06-05-2019__12;57;50.ses,0.139,,,,,,,,
raw_mcgill_complete,Summer 2019,accelerometer_icetag_export_support,.ses,Données completes/Données accelerometres/Summer 2019/Icetag/IceTags/Session files/Summer Exercise Project/IceTag 50001997 (P)_06-11-2019__14;40;35.ses,0.204,,,,,,,,
raw_mcgill_complete,Summer 2019,accelerometer_icetag_export_support,.ses,Données completes/Données accelerometres/Summer 2019/Icetag/IceTags/Session files/Summer Exercise Project/IceTag 50001997 (P)_06-20-2019__13;25;11.ses,0.191,,,,,,,,
raw_mcgill_complete,Summer 2019,accelerometer_icetag_export_support,.ses,Données completes/Données accelerometres/Summer 2019/Icetag/IceTags/Session files/Summer Exercise Project/IceTag 50001997 (P)_07-04-2019__12;42;27.ses,0.189,,,,,,,,
raw_mcgill_complete,Summer 2019,accelerometer_icetag_export_support,.ses,Données completes/Données accelerometres/Summer 2019/Icetag/IceTags/Session files/Summer Exercise Project/IceTag 50001997 (P)_07-11-2019__10;00;32.ses,0.283,,,,,,,,
raw_mcgill_complete,Summer 2019,accelerometer_icetag_export_support,.ses,Données completes/Données accelerometres/Summer 2019/Icetag/IceTags/Session files/Summer Exercise Project/IceTag 50001997 (P)_07-18-2019__14;34;12.ses,0.222,,,,,,,,
raw_mcgill_complete,Summer 2019,accelerometer_icetag_export_support,.ses,Données completes/Données accelerometres/Summer 2019/Icetag/IceTags/Session files/Summer Exercise Project/IceTag 50001997 (P)_08-01-2019__15;00;49.ses,0.209,,,,,,,,
raw_mcgill_complete,Summer 2019,accelerometer_icetag_export_support,.ses,Données completes/Données accelerometres/Summer 2019/Icetag/IceTags/Session files/Summer Exercise Project/IceTag 50001997 (P)_08-16-2019__13;06;53.ses,0.186,,,,,,,,
raw_mcgill_complete,Summer 2019,accelerometer_icetag_export_support,.ses,Données completes/Données accelerometres/Summer 2019/Icetag/IceTags/Session files/Summer Exercise Project/IceTag 50001997 (P)_08-22-2019__13;27;28.ses,0.35,,,,,,,,
raw_mcgill_complete,Summer 2019,accelerometer_icetag_workbook_or_mapping,.xlsx,Données completes/Données accelerometres/Summer 2019/Icetag/IceTags/Steps-Trajet_Data_icetag_summer_SEH.xlsx,0.031,111,13,,,,3,"Pas totaux, Pas par allure, Comparaison","Cow_ID, Date, Motion_Index_Trip_Go, Steps_Trip_Go, Steps_Video, % difference, Motion_Index_Trip_Back, Steps_Trip_Back, Steps_Video, % difference, , "
raw_mcgill_complete,Winter 2019,accelerometer_icetag_raw_csv,.csv,Données completes/Données accelerometres/Winter 2019/Icetag/IceTags_Data/1 day trip IceTags (per second)/Habituation/2019FEB04/2056_Tag1989_04FEB2019.csv,0.013,,,,,,,,
raw_mcgill_complete,Winter 2019,accelerometer_icetag_raw_csv,.csv,Données completes/Données accelerometres/Winter 2019/Icetag/IceTags_Data/1 day trip IceTags (per second)/Habituation/2019FEB04/2056_Tag1989_04FEB2019_LB.csv,0.0,,,,,,,,
raw_mcgill_complete,Winter 2019,accelerometer_icetag_raw_csv,.csv,Données completes/Données accelerometres/Winter 2019/Icetag/IceTags_Data/1 day trip IceTags (per second)/Habituation/2019FEB04/2081_Tag1997_04FEB2019.csv,0.013,,,,,,,,
raw_mcgill_complete,Winter 2019,accelerometer_icetag_raw_csv,.csv,Données completes/Données accelerometres/Winter 2019/Icetag/IceTags_Data/1 day trip IceTags (per second)/Habituation/2019FEB04/2081_Tag1997_04FEB2019_LB.csv,0.001,,,,,,,,
raw_mcgill_complete,Winter 2019,accelerometer_icetag_raw_csv,.csv,Données completes/Données accelerometres/Winter 2019/Icetag/IceTags_Data/1 day trip IceTags (per second)/Habituation/2019FEB04/3437_Tag1518_04FEB2019.csv,0.012,,,,,,,,
raw_mcgill_complete,Winter 2019,accelerometer_icetag_raw_csv,.csv,Données completes/Données accelerometres/Winter 2019/Icetag/IceTags_Data/1 day trip IceTags (per second)/Habituation/2019FEB04/3437_Tag1518_04FEB2019_LB.csv,0.002,,,,,,,,
raw_mcgill_complete,Winter 2019,accelerometer_icetag_raw_csv,.csv,Données completes/Données accelerometres/Winter 2019/Icetag/IceTags_Data/1 day trip IceTags (per second)/Habituation/2019FEB04/5246_Tag1526_04FEB2019.csv,0.013,,,,,,,,
raw_mcgill_complete,Winter 2019,accelerometer_icetag_raw_csv,.csv,Données completes/Données accelerometres/Winter 2019/Icetag/IceTags_Data/1 day trip IceTags (per second)/Habituation/2019FEB04/5246_Tag1526_04FEB2019_LB.csv,0.01,,,,,,,,
raw_mcgill_complete,Winter 2019,accelerometer_icetag_raw_csv,.csv,Données completes/Données accelerometres/Winter 2019/Icetag/IceTags_Data/1 day trip IceTags (per second)/Habituation/2019FEB04/5250_Tag1521_04FEB2019.csv,0.013,,,,,,,,
raw_mcgill_complete,Winter 2019,accelerometer_icetag_raw_csv,.csv,Données completes/Données accelerometres/Winter 2019/Icetag/IceTags_Data/1 day trip IceTags (per second)/Habituation/2019FEB04/5250_Tag1521_04FEB2019_LB.csv,0.001,,,,,,,,
raw_mcgill_complete,Winter 2019,accelerometer_icetag_raw_csv,.csv,Données completes/Données accelerometres/Winter 2019/Icetag/IceTags_Data/1 day trip IceTags (per second)/Habituation/2019FEB04/8508_Tag1992_04FEB2019.csv,0.013,,,,,,,,
raw_mcgill_complete,Winter 2019,accelerometer_icetag_raw_csv,.csv,Données completes/Données accelerometres/Winter 2019/Icetag/IceTags_Data/1 day trip IceTags (per second)/Habituation/2019FEB04/8508_Tag1992_04FEB2019_LB.csv,0.002,,,,,,,,
raw_mcgill_complete,Winter 2019,accelerometer_icetag_raw_csv,.csv,Données completes/Données accelerometres/Winter 2019/Icetag/IceTags_Data/1 day trip IceTags (per second)/Habituation/2019FEB04/8510_Tag1520_04FEB2019.csv,0.013,,,,,,,,
raw_mcgill_complete,Winter 2019,accelerometer_icetag_raw_csv,.csv,Données completes/Données accelerometres/Winter 2019/Icetag/IceTags_Data/1 day trip IceTags (per second)/Habituation/2019FEB04/8510_Tag1520_04FEB2019_LB.csv,0.001,,,,,,,,
raw_mcgill_complete,Winter 2019,accelerometer_icetag_raw_csv,.csv,Données completes/Données accelerometres/Winter 2019/Icetag/IceTags_Data/1 day trip IceTags (per second)/Habituation/2019FEB05/2056_Tag1526_05FEB2019.csv,0.748,,,,,,,,
raw_mcgill_complete,Winter 2019,accelerometer_icetag_raw_csv,.csv,Données completes/Données accelerometres/Winter 2019/Icetag/IceTags_Data/1 day trip IceTags (per second)/Habituation/2019FEB05/2056_Tag1526_05FEB2019_LB.csv,0.002,,,,,,,,
raw_mcgill_complete,Winter 2019,accelerometer_icetag_raw_csv,.csv,Données completes/Données accelerometres/Winter 2019/Icetag/IceTags_Data/1 day trip IceTags (per second)/Habituation/2019FEB05/2081_Tag1997_05FEB2019.csv,0.743,,,,,,,,
raw_mcgill_complete,Winter 2019,accelerometer_icetag_raw_csv,.csv,Données completes/Données accelerometres/Winter 2019/Icetag/IceTags_Data/1 day trip IceTags (per second)/Habituation/2019FEB05/2081_Tag1997_05FEB2019_LB.csv,0.005,,,,,,,,
raw_mcgill_complete,Winter 2019,accelerometer_icetag_raw_csv,.csv,Données completes/Données accelerometres/Winter 2019/Icetag/IceTags_Data/1 day trip IceTags (per second)/Habituation/2019FEB05/3437_Tag1521_05FEB2019.csv,0.762,,,,,,,,
raw_mcgill_complete,Winter 2019,accelerometer_icetag_raw_csv,.csv,Données completes/Données accelerometres/Winter 2019/Icetag/IceTags_Data/1 day trip IceTags (per second)/Habituation/2019FEB05/3437_Tag1521_05FEB2019_LB.csv,0.001,,,,,,,,
raw_mcgill_complete,Winter 2019,accelerometer_icetag_raw_csv,.csv,Données completes/Données accelerometres/Winter 2019/Icetag/IceTags_Data/1 day trip IceTags (per second)/Habituation/2019FEB05/5246_Tag1992_05FEB2019.csv,0.736,,,,,,,,
raw_mcgill_complete,Winter 2019,accelerometer_icetag_raw_csv,.csv,Données completes/Données accelerometres/Winter 2019/Icetag/IceTags_Data/1 day trip IceTags (per second)/Habituation/2019FEB05/5246_Tag1992_05FEB2019_LB.csv,0.004,,,,,,,,
raw_mcgill_complete,Winter 2019,accelerometer_icetag_raw_csv,.csv,Données completes/Données accelerometres/Winter 2019/Icetag/IceTags_Data/1 day trip IceTags (per second)/Habituation/2019FEB05/5250_Tag1989_05FEB2019.csv,0.746,,,,,,,,
raw_mcgill_complete,Winter 2019,accelerometer_icetag_raw_csv,.csv,Données completes/Données accelerometres/Winter 2019/Icetag/IceTags_Data/1 day trip IceTags (per second)/Habituation/2019FEB05/5250_Tag1989_05FEB2019_LB.csv,0.001,,,,,,,,
raw_mcgill_complete,Winter 2019,accelerometer_icetag_raw_csv,.csv,Données completes/Données accelerometres/Winter 2019/Icetag/IceTags_Data/1 day trip IceTags (per second)/Habituation/2019FEB05/8508_Tag1520_05FEB2019.csv,0.759,,,,,,,,
raw_mcgill_complete,Winter 2019,accelerometer_icetag_raw_csv,.csv,Données completes/Données accelerometres/Winter 2019/Icetag/IceTags_Data/1 day trip IceTags (per second)/Habituation/2019FEB05/8508_Tag1520_05FEB2019_LB.csv,0.002,,,,,,,,
raw_mcgill_complete,Winter 2019,accelerometer_icetag_raw_csv,.csv,Données completes/Données accelerometres/Winter 2019/Icetag/IceTags_Data/1 day trip IceTags (per second)/Habituation/2019FEB05/8510_Tag1518_05FEB2019.csv,0.752,,,,,,,,
raw_mcgill_complete,Winter 2019,accelerometer_icetag_raw_csv,.csv,Données completes/Données accelerometres/Winter 2019/Icetag/IceTags_Data/1 day trip IceTags (per second)/Habituation/2019FEB05/8510_Tag1518_05FEB2019_LB.csv,0.001,,,,,,,,
raw_mcgill_complete,Winter 2019,accelerometer_icetag_raw_csv,.csv,Données completes/Données accelerometres/Winter 2019/Icetag/IceTags_Data/1 day trip IceTags (per second)/Habituation/2019FEB06/2056Tag20_06FEB2019.csv,0.22,,,,,,,,
raw_mcgill_complete,Winter 2019,accelerometer_icetag_raw_csv,.csv,Données completes/Données accelerometres/Winter 2019/Icetag/IceTags_Data/1 day trip IceTags (per second)/Habituation/2019FEB06/2056Tag20_06FEB2019_LB.csv,0.0,,,,,,,,
raw_mcgill_complete,Winter 2019,accelerometer_icetag_raw_csv,.csv,Données completes/Données accelerometres/Winter 2019/Icetag/IceTags_Data/1 day trip IceTags (per second)/Habituation/2019FEB06/2081Ta21_06FEB2019_LB.csv,0.0,,,,,,,,
raw_mcgill_complete,Winter 2019,accelerometer_icetag_raw_csv,.csv,Données completes/Données accelerometres/Winter 2019/Icetag/IceTags_Data/1 day trip IceTags (per second)/Habituation/2019FEB06/2081Tag21_06FEB2019.csv,0.221,,,,,,,,
raw_mcgill_complete,Winter 2019,accelerometer_icetag_raw_csv,.csv,Données completes/Données accelerometres/Winter 2019/Icetag/IceTags_Data/1 day trip IceTags (per second)/Habituation/2019FEB06/3437Tag97_06FEB2019.csv,0.225,,,,,,,,
raw_mcgill_complete,Winter 2019,accelerometer_icetag_raw_csv,.csv,Données completes/Données accelerometres/Winter 2019/Icetag/IceTags_Data/1 day trip IceTags (per second)/Habituation/2019FEB06/3437Tag97_06FEB2019_LB.csv,0.001,,,,,,,,
raw_mcgill_complete,Winter 2019,accelerometer_icetag_raw_csv,.csv,Données completes/Données accelerometres/Winter 2019/Icetag/IceTags_Data/1 day trip IceTags (per second)/Habituation/2019FEB06/3443Tag92_06FEB2019.csv,0.225,,,,,,,,
raw_mcgill_complete,Winter 2019,accelerometer_icetag_raw_csv,.csv,Données completes/Données accelerometres/Winter 2019/Icetag/IceTags_Data/1 day trip IceTags (per second)/Habituation/2019FEB06/3443Tag92_06FEB2019_LB.csv,0.001,,,,,,,,
raw_mcgill_complete,Winter 2019,accelerometer_icetag_raw_csv,.csv,Données completes/Données accelerometres/Winter 2019/Icetag/IceTags_Data/1 day trip IceTags (per second)/Habituation/2019FEB06/5246Tag26_06FEB2019.csv,0.226,,,,,,,,
raw_mcgill_complete,Winter 2019,accelerometer_icetag_raw_csv,.csv,Données completes/Données accelerometres/Winter 2019/Icetag/IceTags_Data/1 day trip IceTags (per second)/Habituation/2019FEB06/5246Tag26_06FEB2019_LB.csv,0.0,,,,,,,,
raw_mcgill_complete,Winter 2019,accelerometer_icetag_raw_csv,.csv,Données completes/Données accelerometres/Winter 2019/Icetag/IceTags_Data/1 day trip IceTags (per second)/Habituation/2019FEB06/5250Tag89_06FEB2019.csv,0.217,,,,,,,,
raw_mcgill_complete,Winter 2019,accelerometer_icetag_raw_csv,.csv,Données completes/Données accelerometres/Winter 2019/Icetag/IceTags_Data/1 day trip IceTags (per second)/Habituation/2019FEB06/5250Tag89_06FEB2019_LB.csv,0.0,,,,,,,,
raw_mcgill_complete,Winter 2019,accelerometer_icetag_raw_csv,.csv,Données completes/Données accelerometres/Winter 2019/Icetag/IceTags_Data/1 day trip IceTags (per second)/Habituation/2019FEB06/8510Tag18_06FEB2019.csv,0.223,,,,,,,,
raw_mcgill_complete,Winter 2019,accelerometer_icetag_raw_csv,.csv,Données completes/Données accelerometres/Winter 2019/Icetag/IceTags_Data/1 day trip IceTags (per second)/Habituation/2019FEB06/8510Tag18_06FEB2019_LB.csv,0.0,,,,,,,,
raw_mcgill_complete,Winter 2019,accelerometer_icetag_raw_csv,.csv,Données completes/Données accelerometres/Winter 2019/Icetag/IceTags_Data/1 day trip IceTags (per second)/Habituation/2019FEB07/2056Tag26_07FEB2019.csv,0.703,,,,,,,,
raw_mcgill_complete,Winter 2019,accelerometer_icetag_raw_csv,.csv,Données completes/Données accelerometres/Winter 2019/Icetag/IceTags_Data/1 day trip IceTags (per second)/Habituation/2019FEB07/2056Tag26_07FEB2019_LB.csv,0.001,,,,,,,,
raw_mcgill_complete,Winter 2019,accelerometer_icetag_raw_csv,.csv,Données completes/Données accelerometres/Winter 2019/Icetag/IceTags_Data/1 day trip IceTags (per second)/Habituation/2019FEB07/2081Tag20_07FEB2019.csv,0.702,,,,,,,,
raw_mcgill_complete,Winter 2019,accelerometer_icetag_raw_csv,.csv,Données completes/Données accelerometres/Winter 2019/Icetag/IceTags_Data/1 day trip IceTags (per second)/Habituation/2019FEB07/2081Tag20_07FEB2019_LB.csv,0.002,,,,,,,,
raw_mcgill_complete,Winter 2019,accelerometer_icetag_raw_csv,.csv,Données completes/Données accelerometres/Winter 2019/Icetag/IceTags_Data/1 day trip IceTags (per second)/Habituation/2019FEB07/3437Tag18_07FEB2019.csv,0.7,,,,,,,,
raw_mcgill_complete,Winter 2019,accelerometer_icetag_raw_csv,.csv,Données completes/Données accelerometres/Winter 2019/Icetag/IceTags_Data/1 day trip IceTags (per second)/Habituation/2019FEB07/3437Tag18_07FEB2019_LB.csv,0.001,,,,,,,,
raw_mcgill_complete,Winter 2019,accelerometer_icetag_raw_csv,.csv,Données completes/Données accelerometres/Winter 2019/Icetag/IceTags_Data/1 day trip IceTags (per second)/Habituation/2019FEB07/3443Tag21_07FEB2019.csv,0.699,,,,,,,,
raw_mcgill_complete,Winter 2019,accelerometer_icetag_raw_csv,.csv,Données completes/Données accelerometres/Winter 2019/Icetag/IceTags_Data/1 day trip IceTags (per second)/Habituation/2019FEB07/3443Tag21_07FEB2019_LB.csv,0.002,,,,,,,,
raw_mcgill_complete,Winter 2019,accelerometer_icetag_raw_csv,.csv,Données completes/Données accelerometres/Winter 2019/Icetag/IceTags_Data/1 day trip IceTags (per second)/Habituation/2019FEB07/5246Tag89_07FEB2019.csv,0.697,,,,,,,,
raw_mcgill_complete,Winter 2019,accelerometer_icetag_raw_csv,.csv,Données completes/Données accelerometres/Winter 2019/Icetag/IceTags_Data/1 day trip IceTags (per second)/Habituation/2019FEB07/5246Tag89_07FEB2019_LB.csv,0.001,,,,,,,,
raw_mcgill_complete,Winter 2019,accelerometer_icetag_raw_csv,.csv,Données completes/Données accelerometres/Winter 2019/Icetag/IceTags_Data/1 day trip IceTags (per second)/Habituation/2019FEB07/8508_Tag97_07FEB2019.csv,0.693,,,,,,,,
raw_mcgill_complete,Winter 2019,accelerometer_icetag_raw_csv,.csv,Données completes/Données accelerometres/Winter 2019/Icetag/IceTags_Data/1 day trip IceTags (per second)/Habituation/2019FEB07/8508_Tag97_07FEB2019_LB.csv,0.001,,,,,,,,
raw_mcgill_complete,Winter 2019,accelerometer_icetag_raw_csv,.csv,Données completes/Données accelerometres/Winter 2019/Icetag/IceTags_Data/1 day trip IceTags (per second)/Habituation/2019FEB07/8510Tag92_07FEB2019;43.csv,0.723,,,,,,,,
raw_mcgill_complete,Winter 2019,accelerometer_icetag_raw_csv,.csv,Données completes/Données accelerometres/Winter 2019/Icetag/IceTags_Data/1 day trip IceTags (per second)/Habituation/2019FEB07/8510Tag92_07FEB2019_LB.csv,0.001,,,,,,,,
raw_mcgill_complete,Winter 2019,accelerometer_icetag_raw_csv,.csv,Données completes/Données accelerometres/Winter 2019/Icetag/IceTags_Data/1 day trip IceTags (per second)/Habituation/2019FEB08/2056_Tag92_08FEB2019.csv,0.691,,,,,,,,
raw_mcgill_complete,Winter 2019,accelerometer_icetag_raw_csv,.csv,Données completes/Données accelerometres/Winter 2019/Icetag/IceTags_Data/1 day trip IceTags (per second)/Habituation/2019FEB08/2056_Tag92_08FEB2019_LB.csv,0.001,,,,,,,,
raw_mcgill_complete,Winter 2019,accelerometer_icetag_raw_csv,.csv,Données completes/Données accelerometres/Winter 2019/Icetag/IceTags_Data/1 day trip IceTags (per second)/Habituation/2019FEB08/2081_Tag97_08FEB2019.csv,0.688,,,,,,,,
raw_mcgill_complete,Winter 2019,accelerometer_icetag_raw_csv,.csv,Données completes/Données accelerometres/Winter 2019/Icetag/IceTags_Data/1 day trip IceTags (per second)/Habituation/2019FEB08/2081_Tag97_08FEB2019_LB.csv,0.002,,,,,,,,
raw_mcgill_complete,Winter 2019,accelerometer_icetag_raw_csv,.csv,Données completes/Données accelerometres/Winter 2019/Icetag/IceTags_Data/1 day trip IceTags (per second)/Habituation/2019FEB08/3437_Tag21_08FEB2019.csv,0.684,,,,,,,,
raw_mcgill_complete,Winter 2019,accelerometer_icetag_raw_csv,.csv,Données completes/Données accelerometres/Winter 2019/Icetag/IceTags_Data/1 day trip IceTags (per second)/Habituation/2019FEB08/3437_Tag21_08FEB2019_LB.csv,0.001,,,,,,,,
raw_mcgill_complete,Winter 2019,accelerometer_icetag_raw_csv,.csv,Données completes/Données accelerometres/Winter 2019/Icetag/IceTags_Data/1 day trip IceTags (per second)/Habituation/2019FEB08/3443_Tag26_08FEB2019.csv,0.678,,,,,,,,
raw_mcgill_complete,Winter 2019,accelerometer_icetag_raw_csv,.csv,Données completes/Données accelerometres/Winter 2019/Icetag/IceTags_Data/1 day trip IceTags (per second)/Habituation/2019FEB08/3443_Tag26_08FEB2019_LB.csv,0.002,,,,,,,,
raw_mcgill_complete,Winter 2019,accelerometer_icetag_raw_csv,.csv,Données completes/Données accelerometres/Winter 2019/Icetag/IceTags_Data/1 day trip IceTags (per second)/Habituation/2019FEB08/5250_Tag18_08FEB2019.csv,0.674,,,,,,,,
raw_mcgill_complete,Winter 2019,accelerometer_icetag_raw_csv,.csv,Données completes/Données accelerometres/Winter 2019/Icetag/IceTags_Data/1 day trip IceTags (per second)/Habituation/2019FEB08/5250_Tag18_08FEB2019_LB.csv,0.001,,,,,,,,
raw_mcgill_complete,Winter 2019,accelerometer_icetag_raw_csv,.csv,Données completes/Données accelerometres/Winter 2019/Icetag/IceTags_Data/1 day trip IceTags (per second)/Habituation/2019FEB08/8508_Tag20_08FEB2019.csv,0.68,,,,,,,,
raw_mcgill_complete,Winter 2019,accelerometer_icetag_raw_csv,.csv,Données completes/Données accelerometres/Winter 2019/Icetag/IceTags_Data/1 day trip IceTags (per second)/Habituation/2019FEB08/8508_Tag20_08FEB2019_LB.csv,0.003,,,,,,,,
raw_mcgill_complete,Winter 2019,accelerometer_icetag_raw_csv,.csv,Données completes/Données accelerometres/Winter 2019/Icetag/IceTags_Data/1 day trip IceTags (per second)/Habituation/2019FEB08/8510_Tag89_08FEB2019.csv,0.686,,,,,,,,
raw_mcgill_complete,Winter 2019,accelerometer_icetag_raw_csv,.csv,Données completes/Données accelerometres/Winter 2019/Icetag/IceTags_Data/1 day trip IceTags (per second)/Habituation/2019FEB08/8510_Tag89_08FEB2019_LB.csv,0.003,,,,,,,,
raw_mcgill_complete,Winter 2019,accelerometer_icetag_raw_csv,.csv,Données completes/Données accelerometres/Winter 2019/Icetag/IceTags_Data/1 day trip IceTags (per second)/Habituation/2019JAN17/IceTag 50001992 (P)_01-17-2019__08;23;39.csv,1.19,,,,,,,,
raw_mcgill_complete,Winter 2019,accelerometer_icetag_raw_csv,.csv,Données completes/Données accelerometres/Winter 2019/Icetag/IceTags_Data/1 day trip IceTags (per second)/Habituation/2019JAN17/IceTag 50001992 (P)_01-17-2019__08;23;39_LB.csv,0.001,,,,,,,,
raw_mcgill_complete,Winter 2019,accelerometer_icetag_raw_csv,.csv,Données completes/Données accelerometres/Winter 2019/Icetag/IceTags_Data/1 day trip IceTags (per second)/Habituation/2019JAN18/2056_Tag21_18JAN2019.csv,0.672,,,,,,,,
raw_mcgill_complete,Winter 2019,accelerometer_icetag_raw_csv,.csv,Données completes/Données accelerometres/Winter 2019/Icetag/IceTags_Data/1 day trip IceTags (per second)/Habituation/2019JAN18/2056_Tag21_18JAN2019_LB.csv,0.001,,,,,,,,
raw_mcgill_complete,Winter 2019,accelerometer_icetag_raw_csv,.csv,Données completes/Données accelerometres/Winter 2019/Icetag/IceTags_Data/1 day trip IceTags (per second)/Habituation/2019JAN18/2081_Tag96_18JAN2019.csv,0.68,,,,,,,,
raw_mcgill_complete,Winter 2019,accelerometer_icetag_raw_csv,.csv,Données completes/Données accelerometres/Winter 2019/Icetag/IceTags_Data/1 day trip IceTags (per second)/Habituation/2019JAN18/2081_Tag96_18JAN2019_LB.csv,0.001,,,,,,,,
raw_mcgill_complete,Winter 2019,accelerometer_icetag_raw_csv,.csv,Données completes/Données accelerometres/Winter 2019/Icetag/IceTags_Data/1 day trip IceTags (per second)/Habituation/2019JAN18/3437_Tag86_18JAN2019.csv,0.675,,,,,,,,
raw_mcgill_complete,Winter 2019,accelerometer_icetag_raw_csv,.csv,Données completes/Données accelerometres/Winter 2019/Icetag/IceTags_Data/1 day trip IceTags (per second)/Habituation/2019JAN18/3437_Tag86_18JAN2019_LB.csv,0.001,,,,,,,,
raw_mcgill_complete,Winter 2019,accelerometer_icetag_raw_csv,.csv,Données completes/Données accelerometres/Winter 2019/Icetag/IceTags_Data/1 day trip IceTags (per second)/Habituation/2019JAN18/3443_Tag87_18JAN2019.csv,0.684,,,,,,,,
raw_mcgill_complete,Winter 2019,accelerometer_icetag_raw_csv,.csv,Données completes/Données accelerometres/Winter 2019/Icetag/IceTags_Data/1 day trip IceTags (per second)/Habituation/2019JAN18/3443_Tag87_18JAN2019_LB.csv,0.009,,,,,,,,
raw_mcgill_complete,Winter 2019,accelerometer_icetag_raw_csv,.csv,Données completes/Données accelerometres/Winter 2019/Icetag/IceTags_Data/1 day trip IceTags (per second)/Habituation/2019JAN18/5246_Tag92_18JAN2019.csv,0.687,,,,,,,,
raw_mcgill_complete,Winter 2019,accelerometer_icetag_raw_csv,.csv,Données completes/Données accelerometres/Winter 2019/Icetag/IceTags_Data/1 day trip IceTags (per second)/Habituation/2019JAN18/5246_Tag92_18JAN2019_LB.csv,0.001,,,,,,,,
raw_mcgill_complete,Winter 2019,accelerometer_icetag_raw_csv,.csv,Données completes/Données accelerometres/Winter 2019/Icetag/IceTags_Data/1 day trip IceTags (per second)/Habituation/2019JAN18/5250_Tag97_18JAN2019.csv,0.685,,,,,,,,
raw_mcgill_complete,Winter 2019,accelerometer_icetag_raw_csv,.csv,Données completes/Données accelerometres/Winter 2019/Icetag/IceTags_Data/1 day trip IceTags (per second)/Habituation/2019JAN18/5250_Tag97_18JAN2019_LB.csv,0.001,,,,,,,,
raw_mcgill_complete,Winter 2019,accelerometer_icetag_raw_csv,.csv,Données completes/Données accelerometres/Winter 2019/Icetag/IceTags_Data/1 day trip IceTags (per second)/Habituation/2019JAN18/8508_Tag89_18JAN2019.csv,0.68,,,,,,,,
raw_mcgill_complete,Winter 2019,accelerometer_icetag_raw_csv,.csv,Données completes/Données accelerometres/Winter 2019/Icetag/IceTags_Data/1 day trip IceTags (per second)/Habituation/2019JAN18/8508_Tag89_18JAN2019_LB.csv,0.001,,,,,,,,
raw_mcgill_complete,Winter 2019,accelerometer_icetag_raw_csv,.csv,Données completes/Données accelerometres/Winter 2019/Icetag/IceTags_Data/1 day trip IceTags (per second)/Habituation/2019JAN23/2056_Tag87_23JAN2019.csv,0.601,,,,,,,,
raw_mcgill_complete,Winter 2019,accelerometer_icetag_raw_csv,.csv,Données completes/Données accelerometres/Winter 2019/Icetag/IceTags_Data/1 day trip IceTags (per second)/Habituation/2019JAN23/2056_Tag87_23JAN2019_LB.csv,0.001,,,,,,,,
raw_mcgill_complete,Winter 2019,accelerometer_icetag_raw_csv,.csv,Données completes/Données accelerometres/Winter 2019/Icetag/IceTags_Data/1 day trip IceTags (per second)/Habituation/2019JAN23/2081_Tag97_23JAN2019.csv,0.6,,,,,,,,
raw_mcgill_complete,Winter 2019,accelerometer_icetag_raw_csv,.csv,Données completes/Données accelerometres/Winter 2019/Icetag/IceTags_Data/1 day trip IceTags (per second)/Habituation/2019JAN23/2081_Tag97_23JAN2019_LB.csv,0.001,,,,,,,,
raw_mcgill_complete,Winter 2019,accelerometer_icetag_raw_csv,.csv,Données completes/Données accelerometres/Winter 2019/Icetag/IceTags_Data/1 day trip IceTags (per second)/Habituation/2019JAN23/3437_Tag89_23JAN2019.csv,0.598,,,,,,,,
raw_mcgill_complete,Winter 2019,accelerometer_icetag_raw_csv,.csv,Données completes/Données accelerometres/Winter 2019/Icetag/IceTags_Data/1 day trip IceTags (per second)/Habituation/2019JAN23/3437_Tag89_23JAN2019_LB.csv,0.002,,,,,,,,
raw_mcgill_complete,Winter 2019,accelerometer_icetag_raw_csv,.csv,Données completes/Données accelerometres/Winter 2019/Icetag/IceTags_Data/1 day trip IceTags (per second)/Habituation/2019JAN23/3443_Tag96_23JAN2019.csv,0.597,,,,,,,,
raw_mcgill_complete,Winter 2019,accelerometer_icetag_raw_csv,.csv,Données completes/Données accelerometres/Winter 2019/Icetag/IceTags_Data/1 day trip IceTags (per second)/Habituation/2019JAN23/3443_Tag96_23JAN2019_LB.csv,0.002,,,,,,,,
raw_mcgill_complete,Winter 2019,accelerometer_icetag_raw_csv,.csv,Données completes/Données accelerometres/Winter 2019/Icetag/IceTags_Data/1 day trip IceTags (per second)/Habituation/2019JAN23/5246_Tag92_23JAN2019.csv,0.6,,,,,,,,
raw_mcgill_complete,Winter 2019,accelerometer_icetag_raw_csv,.csv,Données completes/Données accelerometres/Winter 2019/Icetag/IceTags_Data/1 day trip IceTags (per second)/Habituation/2019JAN23/5246_Tag92_23JAN2019_LB.csv,0.0,,,,,,,,
raw_mcgill_complete,Winter 2019,accelerometer_icetag_raw_csv,.csv,Données completes/Données accelerometres/Winter 2019/Icetag/IceTags_Data/1 day trip IceTags (per second)/Habituation/2019JAN23/5250_Tag86_23JAN2019.csv,0.597,,,,,,,,
raw_mcgill_complete,Winter 2019,accelerometer_icetag_raw_csv,.csv,Données completes/Données accelerometres/Winter 2019/Icetag/IceTags_Data/1 day trip IceTags (per second)/Habituation/2019JAN23/5250_Tag86_23JAN2019_LB.csv,0.0,,,,,,,,
raw_mcgill_complete,Winter 2019,accelerometer_icetag_raw_csv,.csv,Données completes/Données accelerometres/Winter 2019/Icetag/IceTags_Data/1 day trip IceTags (per second)/Habituation/2019JAN23/8508_Tag21_23JAN2019.csv,0.595,,,,,,,,
raw_mcgill_complete,Winter 2019,accelerometer_icetag_raw_csv,.csv,Données completes/Données accelerometres/Winter 2019/Icetag/IceTags_Data/1 day trip IceTags (per second)/Habituation/2019JAN23/8508_Tag21_23JAN2019_LB.csv,0.001,,,,,,,,
raw_mcgill_complete,Winter 2019,accelerometer_icetag_raw_csv,.csv,Données completes/Données accelerometres/Winter 2019/Icetag/IceTags_Data/1 day trip IceTags (per second)/Habituation/2019JAN25/2081_Tag90_25JAN2019.csv,0.657,,,,,,,,
raw_mcgill_complete,Winter 2019,accelerometer_icetag_raw_csv,.csv,Données completes/Données accelerometres/Winter 2019/Icetag/IceTags_Data/1 day trip IceTags (per second)/Habituation/2019JAN25/2081_Tag90_25JAN2019_LB.csv,0.001,,,,,,,,
raw_mcgill_complete,Winter 2019,accelerometer_icetag_raw_csv,.csv,Données completes/Données accelerometres/Winter 2019/Icetag/IceTags_Data/1 day trip IceTags (per second)/Habituation/2019JAN25/3437_Tag88_25JAN2019.csv,0.654,,,,,,,,
raw_mcgill_complete,Winter 2019,accelerometer_icetag_raw_csv,.csv,Données completes/Données accelerometres/Winter 2019/Icetag/IceTags_Data/1 day trip IceTags (per second)/Habituation/2019JAN25/3437_Tag88_25JAN2019_LB.csv,0.002,,,,,,,,
raw_mcgill_complete,Winter 2019,accelerometer_icetag_raw_csv,.csv,Données completes/Données accelerometres/Winter 2019/Icetag/IceTags_Data/1 day trip IceTags (per second)/Habituation/2019JAN25/3443_Tag85_25JAN2019.csv,0.655,,,,,,,,
raw_mcgill_complete,Winter 2019,accelerometer_icetag_raw_csv,.csv,Données completes/Données accelerometres/Winter 2019/Icetag/IceTags_Data/1 day trip IceTags (per second)/Habituation/2019JAN25/3443_Tag85_25JAN2019_LB.csv,0.001,,,,,,,,
raw_mcgill_complete,Winter 2019,accelerometer_icetag_raw_csv,.csv,Données completes/Données accelerometres/Winter 2019/Icetag/IceTags_Data/1 day trip IceTags (per second)/Habituation/2019JAN25/5246_Tag95_25JAN2019.csv,0.655,,,,,,,,
raw_mcgill_complete,Winter 2019,accelerometer_icetag_raw_csv,.csv,Données completes/Données accelerometres/Winter 2019/Icetag/IceTags_Data/1 day trip IceTags (per second)/Habituation/2019JAN25/5246_Tag95_25JAN2019_LB.csv,0.001,,,,,,,,
raw_mcgill_complete,Winter 2019,accelerometer_icetag_raw_csv,.csv,Données completes/Données accelerometres/Winter 2019/Icetag/IceTags_Data/1 day trip IceTags (per second)/Habituation/2019JAN25/5250_Tag76_25JAN2019.csv,0.615,,,,,,,,
raw_mcgill_complete,Winter 2019,accelerometer_icetag_raw_csv,.csv,Données completes/Données accelerometres/Winter 2019/Icetag/IceTags_Data/1 day trip IceTags (per second)/Habituation/2019JAN25/5250_Tag76_25JAN2019_LB.csv,0.001,,,,,,,,
raw_mcgill_complete,Winter 2019,accelerometer_icetag_raw_csv,.csv,Données completes/Données accelerometres/Winter 2019/Icetag/IceTags_Data/1 day trip IceTags (per second)/Habituation/2019JAN25/8508_Tag24_25JAN2019.csv,0.654,,,,,,,,
raw_mcgill_complete,Winter 2019,accelerometer_icetag_raw_csv,.csv,Données completes/Données accelerometres/Winter 2019/Icetag/IceTags_Data/1 day trip IceTags (per second)/Habituation/2019JAN25/8508_Tag24_25JAN2019_LB.csv,0.001,,,,,,,,
raw_mcgill_complete,Winter 2019,accelerometer_icetag_raw_csv,.csv,Données completes/Données accelerometres/Winter 2019/Icetag/IceTags_Data/1 day trip IceTags (per second)/Habituation/2019JAN25/8510_Tag91_25JAN2019.csv,0.657,,,,,,,,
raw_mcgill_complete,Winter 2019,accelerometer_icetag_raw_csv,.csv,Données completes/Données accelerometres/Winter 2019/Icetag/IceTags_Data/1 day trip IceTags (per second)/Habituation/2019JAN25/8510_Tag91_25JAN2019_LB.csv,0.002,,,,,,,,
raw_mcgill_complete,Winter 2019,accelerometer_icetag_raw_csv,.csv,Données completes/Données accelerometres/Winter 2019/Icetag/IceTags_Data/1 day trip IceTags (per second)/Habituation/2019JAN28/IceTag 50001524 (P)_01-28-2019__08;01;48.csv,0.004,,,,,,,,
raw_mcgill_complete,Winter 2019,accelerometer_icetag_export_support,.raw_bin,Données completes/Données accelerometres/Winter 2019/Icetag/IceTags_Data/1 day trip IceTags (per second)/Habituation/2019JAN28/IceTag 50001524 (P)_01-28-2019__08;01;48.raw_bin,0.008,,,,,,,,
raw_mcgill_complete,Winter 2019,accelerometer_icetag_export_support,.ses,Données completes/Données accelerometres/Winter 2019/Icetag/IceTags_Data/1 day trip IceTags (per second)/Habituation/2019JAN28/IceTag 50001524 (P)_01-28-2019__08;01;48.ses,0.003,,,,,,,,
raw_mcgill_complete,Winter 2019,accelerometer_icetag_raw_csv,.csv,Données completes/Données accelerometres/Winter 2019/Icetag/IceTags_Data/1 day trip IceTags (per second)/Habituation/2019JAN28/IceTag 50001524 (P)_01-28-2019__08;01;48_LB.csv,0.0,,,,,,,,
raw_mcgill_complete,Winter 2019,accelerometer_icetag_raw_csv,.csv,Données completes/Données accelerometres/Winter 2019/Icetag/IceTags_Data/1 day trip IceTags (per second)/Habituation/2019JAN28/IceTag 50001576 (P)_01-28-2019__08;01;52.csv,0.004,,,,,,,,
raw_mcgill_complete,Winter 2019,accelerometer_icetag_export_support,.raw_bin,Données completes/Données accelerometres/Winter 2019/Icetag/IceTags_Data/1 day trip IceTags (per second)/Habituation/2019JAN28/IceTag 50001576 (P)_01-28-2019__08;01;52.raw_bin,0.009,,,,,,,,
raw_mcgill_complete,Winter 2019,accelerometer_icetag_export_support,.ses,Données completes/Données accelerometres/Winter 2019/Icetag/IceTags_Data/1 day trip IceTags (per second)/Habituation/2019JAN28/IceTag 50001576 (P)_01-28-2019__08;01;52.ses,0.004,,,,,,,,
raw_mcgill_complete,Winter 2019,accelerometer_icetag_raw_csv,.csv,Données completes/Données accelerometres/Winter 2019/Icetag/IceTags_Data/1 day trip IceTags (per second)/Habituation/2019JAN28/IceTag 50001576 (P)_01-28-2019__08;01;52_LB.csv,0.001,,,,,,,,
raw_mcgill_complete,Winter 2019,accelerometer_icetag_raw_csv,.csv,Données completes/Données accelerometres/Winter 2019/Icetag/IceTags_Data/1 day trip IceTags (per second)/Habituation/2019JAN28/IceTag 50001985 (P)_01-28-2019__08;01;39.csv,0.004,,,,,,,,
raw_mcgill_complete,Winter 2019,accelerometer_icetag_export_support,.raw_bin,Données completes/Données accelerometres/Winter 2019/Icetag/IceTags_Data/1 day trip IceTags (per second)/Habituation/2019JAN28/IceTag 50001985 (P)_01-28-2019__08;01;39.raw_bin,0.009,,,,,,,,
raw_mcgill_complete,Winter 2019,accelerometer_icetag_export_support,.ses,Données completes/Données accelerometres/Winter 2019/Icetag/IceTags_Data/1 day trip IceTags (per second)/Habituation/2019JAN28/IceTag 50001985 (P)_01-28-2019__08;01;39.ses,0.005,,,,,,,,
raw_mcgill_complete,Winter 2019,accelerometer_icetag_raw_csv,.csv,Données completes/Données accelerometres/Winter 2019/Icetag/IceTags_Data/1 day trip IceTags (per second)/Habituation/2019JAN28/IceTag 50001985 (P)_01-28-2019__08;01;39_LB.csv,0.001,,,,,,,,
raw_mcgill_complete,Winter 2019,accelerometer_icetag_raw_csv,.csv,Données completes/Données accelerometres/Winter 2019/Icetag/IceTags_Data/1 day trip IceTags (per second)/Habituation/2019JAN28/IceTag 50001988 (P)_01-28-2019__08;01;42.csv,0.004,,,,,,,,
raw_mcgill_complete,Winter 2019,accelerometer_icetag_export_support,.raw_bin,Données completes/Données accelerometres/Winter 2019/Icetag/IceTags_Data/1 day trip IceTags (per second)/Habituation/2019JAN28/IceTag 50001988 (P)_01-28-2019__08;01;42.raw_bin,0.007,,,,,,,,
raw_mcgill_complete,Winter 2019,accelerometer_icetag_export_support,.ses,Données completes/Données accelerometres/Winter 2019/Icetag/IceTags_Data/1 day trip IceTags (per second)/Habituation/2019JAN28/IceTag 50001988 (P)_01-28-2019__08;01;42.ses,0.003,,,,,,,,
raw_mcgill_complete,Winter 2019,accelerometer_icetag_raw_csv,.csv,Données completes/Données accelerometres/Winter 2019/Icetag/IceTags_Data/1 day trip IceTags (per second)/Habituation/2019JAN28/IceTag 50001988 (P)_01-28-2019__08;01;42_LB.csv,0.001,,,,,,,,
raw_mcgill_complete,Winter 2019,accelerometer_icetag_raw_csv,.csv,Données completes/Données accelerometres/Winter 2019/Icetag/IceTags_Data/1 day trip IceTags (per second)/Habituation/2019JAN28/IceTag 50001990 (P)_01-28-2019__08;01;35.csv,0.004,,,,,,,,
raw_mcgill_complete,Winter 2019,accelerometer_icetag_export_support,.raw_bin,Données completes/Données accelerometres/Winter 2019/Icetag/IceTags_Data/1 day trip IceTags (per second)/Habituation/2019JAN28/IceTag 50001990 (P)_01-28-2019__08;01;35.raw_bin,0.007,,,,,,,,
raw_mcgill_complete,Winter 2019,accelerometer_icetag_export_support,.ses,Données completes/Données accelerometres/Winter 2019/Icetag/IceTags_Data/1 day trip IceTags (per second)/Habituation/2019JAN28/IceTag 50001990 (P)_01-28-2019__08;01;35.ses,0.003,,,,,,,,
raw_mcgill_complete,Winter 2019,accelerometer_icetag_raw_csv,.csv,Données completes/Données accelerometres/Winter 2019/Icetag/IceTags_Data/1 day trip IceTags (per second)/Habituation/2019JAN28/IceTag 50001990 (P)_01-28-2019__08;01;35_LB.csv,0.0,,,,,,,,
raw_mcgill_complete,Winter 2019,accelerometer_icetag_raw_csv,.csv,Données completes/Données accelerometres/Winter 2019/Icetag/IceTags_Data/1 day trip IceTags (per second)/Habituation/2019JAN28/IceTag 50001991 (P)_01-28-2019__08;01;59.csv,0.004,,,,,,,,
raw_mcgill_complete,Winter 2019,accelerometer_icetag_export_support,.raw_bin,Données completes/Données accelerometres/Winter 2019/Icetag/IceTags_Data/1 day trip IceTags (per second)/Habituation/2019JAN28/IceTag 50001991 (P)_01-28-2019__08;01;59.raw_bin,0.011,,,,,,,,
raw_mcgill_complete,Winter 2019,accelerometer_icetag_export_support,.ses,Données completes/Données accelerometres/Winter 2019/Icetag/IceTags_Data/1 day trip IceTags (per second)/Habituation/2019JAN28/IceTag 50001991 (P)_01-28-2019__08;01;59.ses,0.005,,,,,,,,
raw_mcgill_complete,Winter 2019,accelerometer_icetag_raw_csv,.csv,Données completes/Données accelerometres/Winter 2019/Icetag/IceTags_Data/1 day trip IceTags (per second)/Habituation/2019JAN28/IceTag 50001991 (P)_01-28-2019__08;01;59_LB.csv,0.001,,,,,,,,
raw_mcgill_complete,Winter 2019,accelerometer_icetag_raw_csv,.csv,Données completes/Données accelerometres/Winter 2019/Icetag/IceTags_Data/1 day trip IceTags (per second)/Habituation/2019JAN28/IceTag 50001995 (P)_01-28-2019__08;01;55.csv,0.004,,,,,,,,
raw_mcgill_complete,Winter 2019,accelerometer_icetag_export_support,.raw_bin,Données completes/Données accelerometres/Winter 2019/Icetag/IceTags_Data/1 day trip IceTags (per second)/Habituation/2019JAN28/IceTag 50001995 (P)_01-28-2019__08;01;55.raw_bin,0.007,,,,,,,,
raw_mcgill_complete,Winter 2019,accelerometer_icetag_export_support,.ses,Données completes/Données accelerometres/Winter 2019/Icetag/IceTags_Data/1 day trip IceTags (per second)/Habituation/2019JAN28/IceTag 50001995 (P)_01-28-2019__08;01;55.ses,0.003,,,,,,,,
raw_mcgill_complete,Winter 2019,accelerometer_icetag_raw_csv,.csv,Données completes/Données accelerometres/Winter 2019/Icetag/IceTags_Data/1 day trip IceTags (per second)/Habituation/2019JAN28/IceTag 50001995 (P)_01-28-2019__08;01;55_LB.csv,0.001,,,,,,,,
raw_mcgill_complete,Winter 2019,accelerometer_icetag_raw_csv,.csv,Données completes/Données accelerometres/Winter 2019/Icetag/IceTags_Data/1 day trip IceTags (per second)/Habituation/2019JAN29/2056_Tag85_29JAN2019.csv,0.831,,,,,,,,
raw_mcgill_complete,Winter 2019,accelerometer_icetag_raw_csv,.csv,Données completes/Données accelerometres/Winter 2019/Icetag/IceTags_Data/1 day trip IceTags (per second)/Habituation/2019JAN29/2056_Tag85_29JAN2019_LB.csv,0.002,,,,,,,,
raw_mcgill_complete,Winter 2019,accelerometer_icetag_raw_csv,.csv,Données completes/Données accelerometres/Winter 2019/Icetag/IceTags_Data/1 day trip IceTags (per second)/Habituation/2019JAN29/2081_Tag90_29JAN2019.csv,0.831,,,,,,,,
raw_mcgill_complete,Winter 2019,accelerometer_icetag_raw_csv,.csv,Données completes/Données accelerometres/Winter 2019/Icetag/IceTags_Data/1 day trip IceTags (per second)/Habituation/2019JAN29/2081_Tag90_29JAN2019_LB.csv,0.004,,,,,,,,
raw_mcgill_complete,Winter 2019,accelerometer_icetag_raw_csv,.csv,Données completes/Données accelerometres/Winter 2019/Icetag/IceTags_Data/1 day trip IceTags (per second)/Habituation/2019JAN29/3437_Tag24_29JAN2019.csv,0.835,,,,,,,,
raw_mcgill_complete,Winter 2019,accelerometer_icetag_raw_csv,.csv,Données completes/Données accelerometres/Winter 2019/Icetag/IceTags_Data/1 day trip IceTags (per second)/Habituation/2019JAN29/3437_Tag24_29JAN2019_LB.csv,0.001,,,,,,,,
raw_mcgill_complete,Winter 2019,accelerometer_icetag_raw_csv,.csv,Données completes/Données accelerometres/Winter 2019/Icetag/IceTags_Data/1 day trip IceTags (per second)/Habituation/2019JAN29/3443_Tag88_29JAN2019.csv,0.83,,,,,,,,
raw_mcgill_complete,Winter 2019,accelerometer_icetag_raw_csv,.csv,Données completes/Données accelerometres/Winter 2019/Icetag/IceTags_Data/1 day trip IceTags (per second)/Habituation/2019JAN29/3443_Tag88_29JAN2019_LB.csv,0.002,,,,,,,,
raw_mcgill_complete,Winter 2019,accelerometer_icetag_raw_csv,.csv,Données completes/Données accelerometres/Winter 2019/Icetag/IceTags_Data/1 day trip IceTags (per second)/Habituation/2019JAN29/5246_Tag76_29JAN2019.csv,0.832,,,,,,,,
raw_mcgill_complete,Winter 2019,accelerometer_icetag_raw_csv,.csv,Données completes/Données accelerometres/Winter 2019/Icetag/IceTags_Data/1 day trip IceTags (per second)/Habituation/2019JAN29/5246_Tag76_29JAN2019_LB.csv,0.001,,,,,,,,
raw_mcgill_complete,Winter 2019,accelerometer_icetag_raw_csv,.csv,Données completes/Données accelerometres/Winter 2019/Icetag/IceTags_Data/1 day trip IceTags (per second)/Habituation/2019JAN29/5250_Tag95_29JAN2019.csv,0.829,,,,,,,,
raw_mcgill_complete,Winter 2019,accelerometer_icetag_raw_csv,.csv,Données completes/Données accelerometres/Winter 2019/Icetag/IceTags_Data/1 day trip IceTags (per second)/Habituation/2019JAN29/5250_Tag95_29JAN2019_LB.csv,0.002,,,,,,,,
raw_mcgill_complete,Winter 2019,accelerometer_icetag_raw_csv,.csv,Données completes/Données accelerometres/Winter 2019/Icetag/IceTags_Data/1 day trip IceTags (per second)/Habituation/2019JAN29/8510_Tag91_29JAN2019.csv,0.83,,,,,,,,
raw_mcgill_complete,Winter 2019,accelerometer_icetag_raw_csv,.csv,Données completes/Données accelerometres/Winter 2019/Icetag/IceTags_Data/1 day trip IceTags (per second)/Habituation/2019JAN29/8510_Tag91_29JAN2019_LB.csv,0.002,,,,,,,,
raw_mcgill_complete,Winter 2019,accelerometer_icetag_raw_csv,.csv,Données completes/Données accelerometres/Winter 2019/Icetag/IceTags_Data/1 day trip IceTags (per second)/Habituation/2019JAN30/2056_Tag24_30JAN2019.csv,0.726,,,,,,,,
raw_mcgill_complete,Winter 2019,accelerometer_icetag_raw_csv,.csv,Données completes/Données accelerometres/Winter 2019/Icetag/IceTags_Data/1 day trip IceTags (per second)/Habituation/2019JAN30/2056_Tag24_30JAN2019_LB.csv,0.005,,,,,,,,
raw_mcgill_complete,Winter 2019,accelerometer_icetag_raw_csv,.csv,Données completes/Données accelerometres/Winter 2019/Icetag/IceTags_Data/1 day trip IceTags (per second)/Habituation/2019JAN30/2081_Tag90_30JAN2019.csv,0.727,,,,,,,,
raw_mcgill_complete,Winter 2019,accelerometer_icetag_raw_csv,.csv,Données completes/Données accelerometres/Winter 2019/Icetag/IceTags_Data/1 day trip IceTags (per second)/Habituation/2019JAN30/2081_Tag90_30JAN2019_LB.csv,0.001,,,,,,,,
raw_mcgill_complete,Winter 2019,accelerometer_icetag_raw_csv,.csv,Données completes/Données accelerometres/Winter 2019/Icetag/IceTags_Data/1 day trip IceTags (per second)/Habituation/2019JAN30/3443_Tag95_30JAN2019.csv,0.723,,,,,,,,
raw_mcgill_complete,Winter 2019,accelerometer_icetag_raw_csv,.csv,Données completes/Données accelerometres/Winter 2019/Icetag/IceTags_Data/1 day trip IceTags (per second)/Habituation/2019JAN30/3443_Tag95_30JAN2019_LB.csv,0.001,,,,,,,,
raw_mcgill_complete,Winter 2019,accelerometer_icetag_raw_csv,.csv,Données completes/Données accelerometres/Winter 2019/Icetag/IceTags_Data/1 day trip IceTags (per second)/Habituation/2019JAN30/5246_Tag88_30JAN2019.csv,0.728,,,,,,,,
raw_mcgill_complete,Winter 2019,accelerometer_icetag_raw_csv,.csv,Données completes/Données accelerometres/Winter 2019/Icetag/IceTags_Data/1 day trip IceTags (per second)/Habituation/2019JAN30/5246_Tag88_30JAN2019_LB.csv,0.001,,,,,,,,
raw_mcgill_complete,Winter 2019,accelerometer_icetag_raw_csv,.csv,Données completes/Données accelerometres/Winter 2019/Icetag/IceTags_Data/1 day trip IceTags (per second)/Habituation/2019JAN30/5250_Tag85_30JAN2019.csv,0.722,,,,,,,,
raw_mcgill_complete,Winter 2019,accelerometer_icetag_raw_csv,.csv,Données completes/Données accelerometres/Winter 2019/Icetag/IceTags_Data/1 day trip IceTags (per second)/Habituation/2019JAN30/5250_Tag85_30JAN2019_LB.csv,0.002,,,,,,,,
raw_mcgill_complete,Winter 2019,accelerometer_icetag_raw_csv,.csv,Données completes/Données accelerometres/Winter 2019/Icetag/IceTags_Data/1 day trip IceTags (per second)/Habituation/2019JAN30/8508_Tag91_30JAN2019.csv,0.727,,,,,,,,
raw_mcgill_complete,Winter 2019,accelerometer_icetag_raw_csv,.csv,Données completes/Données accelerometres/Winter 2019/Icetag/IceTags_Data/1 day trip IceTags (per second)/Habituation/2019JAN30/8508_Tag91_30JAN2019_LB.csv,0.003,,,,,,,,
raw_mcgill_complete,Winter 2019,accelerometer_icetag_raw_csv,.csv,Données completes/Données accelerometres/Winter 2019/Icetag/IceTags_Data/1 day trip IceTags (per second)/Habituation/2019JAN30/8510_Tag76_30JAN2019.csv,0.723,,,,,,,,
raw_mcgill_complete,Winter 2019,accelerometer_icetag_raw_csv,.csv,Données completes/Données accelerometres/Winter 2019/Icetag/IceTags_Data/1 day trip IceTags (per second)/Habituation/2019JAN30/8510_Tag76_30JAN2019_LB.csv,0.002,,,,,,,,
raw_mcgill_complete,Winter 2019,accelerometer_icetag_raw_csv,.csv,Données completes/Données accelerometres/Winter 2019/Icetag/IceTags_Data/1 day trip IceTags (per second)/Treatment/2019FEB14/2056_Tag76_14FEB2019.csv,0.89,,,,,,,,
raw_mcgill_complete,Winter 2019,accelerometer_icetag_raw_csv,.csv,Données completes/Données accelerometres/Winter 2019/Icetag/IceTags_Data/1 day trip IceTags (per second)/Treatment/2019FEB14/2056_Tag76_14FEB2019_LB.csv,0.004,,,,,,,,
raw_mcgill_complete,Winter 2019,accelerometer_icetag_raw_csv,.csv,Données completes/Données accelerometres/Winter 2019/Icetag/IceTags_Data/1 day trip IceTags (per second)/Treatment/2019FEB14/2081_Tag96_14FEB2019.csv,0.915,,,,,,,,
raw_mcgill_complete,Winter 2019,accelerometer_icetag_raw_csv,.csv,Données completes/Données accelerometres/Winter 2019/Icetag/IceTags_Data/1 day trip IceTags (per second)/Treatment/2019FEB14/2081_Tag96_14FEB2019_LB.csv,0.004,,,,,,,,
raw_mcgill_complete,Winter 2019,accelerometer_icetag_raw_csv,.csv,Données completes/Données accelerometres/Winter 2019/Icetag/IceTags_Data/1 day trip IceTags (per second)/Treatment/2019FEB14/3437_Tag24_14FEB2019.csv,0.887,,,,,,,,
raw_mcgill_complete,Winter 2019,accelerometer_icetag_raw_csv,.csv,Données completes/Données accelerometres/Winter 2019/Icetag/IceTags_Data/1 day trip IceTags (per second)/Treatment/2019FEB14/3437_Tag24_14FEB2019_LB.csv,0.006,,,,,,,,
raw_mcgill_complete,Winter 2019,accelerometer_icetag_raw_csv,.csv,Données completes/Données accelerometres/Winter 2019/Icetag/IceTags_Data/1 day trip IceTags (per second)/Treatment/2019FEB14/3443_Tag85_14FEB2019.csv,0.885,,,,,,,,
raw_mcgill_complete,Winter 2019,accelerometer_icetag_raw_csv,.csv,Données completes/Données accelerometres/Winter 2019/Icetag/IceTags_Data/1 day trip IceTags (per second)/Treatment/2019FEB14/3443_Tag85_14FEB2019_LB.csv,0.001,,,,,,,,
raw_mcgill_complete,Winter 2019,accelerometer_icetag_raw_csv,.csv,Données completes/Données accelerometres/Winter 2019/Icetag/IceTags_Data/1 day trip IceTags (per second)/Treatment/2019FEB14/5250_Tag88_14FEB2019.csv,0.874,,,,,,,,
raw_mcgill_complete,Winter 2019,accelerometer_icetag_raw_csv,.csv,Données completes/Données accelerometres/Winter 2019/Icetag/IceTags_Data/1 day trip IceTags (per second)/Treatment/2019FEB14/5250_Tag88_14FEB2019_LB.csv,0.003,,,,,,,,
raw_mcgill_complete,Winter 2019,accelerometer_icetag_raw_csv,.csv,Données completes/Données accelerometres/Winter 2019/Icetag/IceTags_Data/1 day trip IceTags (per second)/Treatment/2019FEB14/8508_Tag90_14FEB2019.csv,0.882,,,,,,,,
raw_mcgill_complete,Winter 2019,accelerometer_icetag_raw_csv,.csv,Données completes/Données accelerometres/Winter 2019/Icetag/IceTags_Data/1 day trip IceTags (per second)/Treatment/2019FEB14/8508_Tag90_14FEB2019_LB.csv,0.006,,,,,,,,
raw_mcgill_complete,Winter 2019,accelerometer_icetag_raw_csv,.csv,Données completes/Données accelerometres/Winter 2019/Icetag/IceTags_Data/1 day trip IceTags (per second)/Treatment/2019FEB14/8510_Tag95_14FEB2019.csv,0.884,,,,,,,,
raw_mcgill_complete,Winter 2019,accelerometer_icetag_raw_csv,.csv,Données completes/Données accelerometres/Winter 2019/Icetag/IceTags_Data/1 day trip IceTags (per second)/Treatment/2019FEB14/8510_Tag95_14FEB2019_LB.csv,0.004,,,,,,,,
raw_mcgill_complete,Winter 2019,accelerometer_icetag_raw_csv,.csv,Données completes/Données accelerometres/Winter 2019/Icetag/IceTags_Data/1 day trip IceTags (per second)/Treatment/2019FEB15/2056_Tag76_15FEB2019.csv,0.678,,,,,,,,
raw_mcgill_complete,Winter 2019,accelerometer_icetag_raw_csv,.csv,Données completes/Données accelerometres/Winter 2019/Icetag/IceTags_Data/1 day trip IceTags (per second)/Treatment/2019FEB15/2056_Tag76_15FEB2019_LB.csv,0.002,,,,,,,,
raw_mcgill_complete,Winter 2019,accelerometer_icetag_raw_csv,.csv,Données completes/Données accelerometres/Winter 2019/Icetag/IceTags_Data/1 day trip IceTags (per second)/Treatment/2019FEB15/2081_Tag96_15FEB2019.csv,0.681,,,,,,,,
raw_mcgill_complete,Winter 2019,accelerometer_icetag_raw_csv,.csv,Données completes/Données accelerometres/Winter 2019/Icetag/IceTags_Data/1 day trip IceTags (per second)/Treatment/2019FEB15/2081_Tag96_15FEB2019_LB.csv,0.004,,,,,,,,
raw_mcgill_complete,Winter 2019,accelerometer_icetag_raw_csv,.csv,Données completes/Données accelerometres/Winter 2019/Icetag/IceTags_Data/1 day trip IceTags (per second)/Treatment/2019FEB15/3437_Tag24_15FEB2019.csv,0.677,,,,,,,,
raw_mcgill_complete,Winter 2019,accelerometer_icetag_raw_csv,.csv,Données completes/Données accelerometres/Winter 2019/Icetag/IceTags_Data/1 day trip IceTags (per second)/Treatment/2019FEB15/3437_Tag24_15FEB2019_LB.csv,0.003,,,,,,,,
raw_mcgill_complete,Winter 2019,accelerometer_icetag_raw_csv,.csv,Données completes/Données accelerometres/Winter 2019/Icetag/IceTags_Data/1 day trip IceTags (per second)/Treatment/2019FEB15/3443_Tag85_15FEB2019.csv,0.68,,,,,,,,
raw_mcgill_complete,Winter 2019,accelerometer_icetag_raw_csv,.csv,Données completes/Données accelerometres/Winter 2019/Icetag/IceTags_Data/1 day trip IceTags (per second)/Treatment/2019FEB15/3443_Tag85_15FEB2019_LB.csv,0.001,,,,,,,,
raw_mcgill_complete,Winter 2019,accelerometer_icetag_raw_csv,.csv,Données completes/Données accelerometres/Winter 2019/Icetag/IceTags_Data/1 day trip IceTags (per second)/Treatment/2019FEB15/5250_Tag95_15FEB2019.csv,0.677,,,,,,,,
raw_mcgill_complete,Winter 2019,accelerometer_icetag_raw_csv,.csv,Données completes/Données accelerometres/Winter 2019/Icetag/IceTags_Data/1 day trip IceTags (per second)/Treatment/2019FEB15/5250_Tag95_15FEB2019_LB.csv,0.001,,,,,,,,
raw_mcgill_complete,Winter 2019,accelerometer_icetag_raw_csv,.csv,Données completes/Données accelerometres/Winter 2019/Icetag/IceTags_Data/1 day trip IceTags (per second)/Treatment/2019FEB15/8508_Tag90_15FEB2019.csv,0.676,,,,,,,,
raw_mcgill_complete,Winter 2019,accelerometer_icetag_raw_csv,.csv,Données completes/Données accelerometres/Winter 2019/Icetag/IceTags_Data/1 day trip IceTags (per second)/Treatment/2019FEB15/8508_Tag90_15FEB2019_LB.csv,0.001,,,,,,,,
raw_mcgill_complete,Winter 2019,accelerometer_icetag_raw_csv,.csv,Données completes/Données accelerometres/Winter 2019/Icetag/IceTags_Data/1 day trip IceTags (per second)/Treatment/2019FEB15/8510_Tag88_15FEB2019.csv,0.677,,,,,,,,
raw_mcgill_complete,Winter 2019,accelerometer_icetag_raw_csv,.csv,Données completes/Données accelerometres/Winter 2019/Icetag/IceTags_Data/1 day trip IceTags (per second)/Treatment/2019FEB15/8510_Tag88_15FEB2019_LB.csv,0.002,,,,,,,,
raw_mcgill_complete,Winter 2019,accelerometer_icetag_raw_csv,.csv,Données completes/Données accelerometres/Winter 2019/Icetag/IceTags_Data/1 day trip IceTags (per second)/Treatment/2019FEB22/2056_Tag25_22FEB2019.csv,0.725,,,,,,,,
raw_mcgill_complete,Winter 2019,accelerometer_icetag_raw_csv,.csv,Données completes/Données accelerometres/Winter 2019/Icetag/IceTags_Data/1 day trip IceTags (per second)/Treatment/2019FEB22/2056_Tag25_22FEB2019_LB.csv,0.004,,,,,,,,
raw_mcgill_complete,Winter 2019,accelerometer_icetag_raw_csv,.csv,Données completes/Données accelerometres/Winter 2019/Icetag/IceTags_Data/1 day trip IceTags (per second)/Treatment/2019FEB22/2081_Tag86_22FEB2019.csv,0.723,,,,,,,,
raw_mcgill_complete,Winter 2019,accelerometer_icetag_raw_csv,.csv,Données completes/Données accelerometres/Winter 2019/Icetag/IceTags_Data/1 day trip IceTags (per second)/Treatment/2019FEB22/2081_Tag86_22FEB2019_LB.csv,0.001,,,,,,,,
raw_mcgill_complete,Winter 2019,accelerometer_icetag_raw_csv,.csv,Données completes/Données accelerometres/Winter 2019/Icetag/IceTags_Data/1 day trip IceTags (per second)/Treatment/2019FEB22/3437_Tag16_22FEB2019.csv,0.724,,,,,,,,
raw_mcgill_complete,Winter 2019,accelerometer_icetag_raw_csv,.csv,Données completes/Données accelerometres/Winter 2019/Icetag/IceTags_Data/1 day trip IceTags (per second)/Treatment/2019FEB22/3437_Tag16_22FEB2019_LB.csv,0.001,,,,,,,,
raw_mcgill_complete,Winter 2019,accelerometer_icetag_raw_csv,.csv,Données completes/Données accelerometres/Winter 2019/Icetag/IceTags_Data/1 day trip IceTags (per second)/Treatment/2019FEB22/3443_Tag22_22FEB2019.csv,0.723,,,,,,,,
raw_mcgill_complete,Winter 2019,accelerometer_icetag_raw_csv,.csv,Données completes/Données accelerometres/Winter 2019/Icetag/IceTags_Data/1 day trip IceTags (per second)/Treatment/2019FEB22/3443_Tag22_22FEB2019_LB.csv,0.001,,,,,,,,
raw_mcgill_complete,Winter 2019,accelerometer_icetag_raw_csv,.csv,Données completes/Données accelerometres/Winter 2019/Icetag/IceTags_Data/1 day trip IceTags (per second)/Treatment/2019FEB22/5250_Tag91_22FEB2019.csv,0.724,,,,,,,,
raw_mcgill_complete,Winter 2019,accelerometer_icetag_raw_csv,.csv,Données completes/Données accelerometres/Winter 2019/Icetag/IceTags_Data/1 day trip IceTags (per second)/Treatment/2019FEB22/5250_Tag91_22FEB2019_LB.csv,0.002,,,,,,,,
raw_mcgill_complete,Winter 2019,accelerometer_icetag_raw_csv,.csv,Données completes/Données accelerometres/Winter 2019/Icetag/IceTags_Data/1 day trip IceTags (per second)/Treatment/2019FEB22/8510_tag93_22FEB2019.csv,0.723,,,,,,,,
raw_mcgill_complete,Winter 2019,accelerometer_icetag_raw_csv,.csv,Données completes/Données accelerometres/Winter 2019/Icetag/IceTags_Data/1 day trip IceTags (per second)/Treatment/2019FEB22/8510_tag93_22FEB2019_LB.csv,0.002,,,,,,,,
raw_mcgill_complete,Winter 2019,accelerometer_icetag_export_support,.raw_bin,Données completes/Données accelerometres/Winter 2019/Icetag/IceTags_Data/1 day trip IceTags (per second)/Treatment/2019FEB22/IceTag 50001989 (P)_02-15-2019__14;40;19bis.raw_bin,0.611,,,,,,,,
raw_mcgill_complete,Winter 2019,accelerometer_icetag_raw_csv,.csv,Données completes/Données accelerometres/Winter 2019/Icetag/IceTags_Data/1 day trip IceTags (per second)/Treatment/2019MAR01/2056_Tag96 _01MAR2019.csv,0.647,,,,,,,,
raw_mcgill_complete,Winter 2019,accelerometer_icetag_raw_csv,.csv,Données completes/Données accelerometres/Winter 2019/Icetag/IceTags_Data/1 day trip IceTags (per second)/Treatment/2019MAR01/2056_Tag96 _01MAR2019_LB.csv,0.003,,,,,,,,
raw_mcgill_complete,Winter 2019,accelerometer_icetag_raw_csv,.csv,Données completes/Données accelerometres/Winter 2019/Icetag/IceTags_Data/1 day trip IceTags (per second)/Treatment/2019MAR01/2081_Tag95 _01MAR2019.csv,0.648,,,,,,,,
raw_mcgill_complete,Winter 2019,accelerometer_icetag_raw_csv,.csv,Données completes/Données accelerometres/Winter 2019/Icetag/IceTags_Data/1 day trip IceTags (per second)/Treatment/2019MAR01/2081_Tag95 _01MAR2019_LB.csv,0.006,,,,,,,,
raw_mcgill_complete,Winter 2019,accelerometer_icetag_raw_csv,.csv,Données completes/Données accelerometres/Winter 2019/Icetag/IceTags_Data/1 day trip IceTags (per second)/Treatment/2019MAR01/3437_Tag76 _01MAR2019_LB.csv,0.001,,,,,,,,
raw_mcgill_complete,Winter 2019,accelerometer_icetag_raw_csv,.csv,Données completes/Données accelerometres/Winter 2019/Icetag/IceTags_Data/1 day trip IceTags (per second)/Treatment/2019MAR01/3437_Tag76_01MAR2019.csv,0.649,,,,,,,,
raw_mcgill_complete,Winter 2019,accelerometer_icetag_raw_csv,.csv,Données completes/Données accelerometres/Winter 2019/Icetag/IceTags_Data/1 day trip IceTags (per second)/Treatment/2019MAR01/3443_Tag87 _01MAR2019.csv,0.649,,,,,,,,
raw_mcgill_complete,Winter 2019,accelerometer_icetag_raw_csv,.csv,Données completes/Données accelerometres/Winter 2019/Icetag/IceTags_Data/1 day trip IceTags (per second)/Treatment/2019MAR01/3443_Tag87 _01MAR2019_LB.csv,0.005,,,,,,,,
raw_mcgill_complete,Winter 2019,accelerometer_icetag_raw_csv,.csv,Données completes/Données accelerometres/Winter 2019/Icetag/IceTags_Data/1 day trip IceTags (per second)/Treatment/2019MAR01/5246_Tag85 _01MAR2019.csv,0.648,,,,,,,,
raw_mcgill_complete,Winter 2019,accelerometer_icetag_raw_csv,.csv,Données completes/Données accelerometres/Winter 2019/Icetag/IceTags_Data/1 day trip IceTags (per second)/Treatment/2019MAR01/5246_Tag85 _01MAR2019_LB.csv,0.001,,,,,,,,
raw_mcgill_complete,Winter 2019,accelerometer_icetag_raw_csv,.csv,Données completes/Données accelerometres/Winter 2019/Icetag/IceTags_Data/1 day trip IceTags (per second)/Treatment/2019MAR01/5250_Tag88 _01MAR2019.csv,0.65,,,,,,,,
raw_mcgill_complete,Winter 2019,accelerometer_icetag_raw_csv,.csv,Données completes/Données accelerometres/Winter 2019/Icetag/IceTags_Data/1 day trip IceTags (per second)/Treatment/2019MAR01/5250_Tag88 _01MAR2019_LB.csv,0.003,,,,,,,,
raw_mcgill_complete,Winter 2019,accelerometer_icetag_raw_csv,.csv,Données completes/Données accelerometres/Winter 2019/Icetag/IceTags_Data/1 day trip IceTags (per second)/Treatment/2019MAR01/8510_Tag90 _01MAR2019.csv,0.649,,,,,,,,
raw_mcgill_complete,Winter 2019,accelerometer_icetag_raw_csv,.csv,Données completes/Données accelerometres/Winter 2019/Icetag/IceTags_Data/1 day trip IceTags (per second)/Treatment/2019MAR01/8510_Tag90 _01MAR2019_LB.csv,0.002,,,,,,,,
raw_mcgill_complete,Winter 2019,accelerometer_icetag_raw_csv,.csv,Données completes/Données accelerometres/Winter 2019/Icetag/IceTags_Data/1 day trip IceTags (per second)/Treatment/2019MAR08/2056_Tag26_08MAR2019.csv,0.536,,,,,,,,
raw_mcgill_complete,Winter 2019,accelerometer_icetag_raw_csv,.csv,Données completes/Données accelerometres/Winter 2019/Icetag/IceTags_Data/1 day trip IceTags (per second)/Treatment/2019MAR08/2056_Tag26_08MAR2019_LB.csv,0.002,,,,,,,,
raw_mcgill_complete,Winter 2019,accelerometer_icetag_raw_csv,.csv,Données completes/Données accelerometres/Winter 2019/Icetag/IceTags_Data/1 day trip IceTags (per second)/Treatment/2019MAR08/2081_Tag97_08MAR2019.csv,0.535,,,,,,,,
raw_mcgill_complete,Winter 2019,accelerometer_icetag_raw_csv,.csv,Données completes/Données accelerometres/Winter 2019/Icetag/IceTags_Data/1 day trip IceTags (per second)/Treatment/2019MAR08/2081_Tag97_08MAR2019_LB.csv,0.001,,,,,,,,
raw_mcgill_complete,Winter 2019,accelerometer_icetag_raw_csv,.csv,Données completes/Données accelerometres/Winter 2019/Icetag/IceTags_Data/1 day trip IceTags (per second)/Treatment/2019MAR08/3437_Tag89_08MAR2019.csv,0.532,,,,,,,,
raw_mcgill_complete,Winter 2019,accelerometer_icetag_raw_csv,.csv,Données completes/Données accelerometres/Winter 2019/Icetag/IceTags_Data/1 day trip IceTags (per second)/Treatment/2019MAR08/3437_Tag89_08MAR2019_LB.csv,0.003,,,,,,,,
raw_mcgill_complete,Winter 2019,accelerometer_icetag_raw_csv,.csv,Données completes/Données accelerometres/Winter 2019/Icetag/IceTags_Data/1 day trip IceTags (per second)/Treatment/2019MAR08/3443_Tag18_08MAR2019.csv,0.534,,,,,,,,
raw_mcgill_complete,Winter 2019,accelerometer_icetag_raw_csv,.csv,Données completes/Données accelerometres/Winter 2019/Icetag/IceTags_Data/1 day trip IceTags (per second)/Treatment/2019MAR08/3443_Tag18_08MAR2019_LB.csv,0.003,,,,,,,,
raw_mcgill_complete,Winter 2019,accelerometer_icetag_raw_csv,.csv,Données completes/Données accelerometres/Winter 2019/Icetag/IceTags_Data/1 day trip IceTags (per second)/Treatment/2019MAR08/5246_Tag92_08MAR2019.csv,0.532,,,,,,,,
raw_mcgill_complete,Winter 2019,accelerometer_icetag_raw_csv,.csv,Données completes/Données accelerometres/Winter 2019/Icetag/IceTags_Data/1 day trip IceTags (per second)/Treatment/2019MAR08/5246_Tag92_08MAR2019_LB.csv,0.001,,,,,,,,
raw_mcgill_complete,Winter 2019,accelerometer_icetag_raw_csv,.csv,Données completes/Données accelerometres/Winter 2019/Icetag/IceTags_Data/1 day trip IceTags (per second)/Treatment/2019MAR08/8508_Tag24_08MAR2019.csv,0.536,,,,,,,,
raw_mcgill_complete,Winter 2019,accelerometer_icetag_raw_csv,.csv,Données completes/Données accelerometres/Winter 2019/Icetag/IceTags_Data/1 day trip IceTags (per second)/Treatment/2019MAR08/8508_Tag24_08MAR2019_LB.csv,0.001,,,,,,,,
raw_mcgill_complete,Winter 2019,accelerometer_icetag_raw_csv,.csv,Données completes/Données accelerometres/Winter 2019/Icetag/IceTags_Data/1 day trip IceTags (per second)/Treatment/2019MAR08/8510_Tag21_08MAR2019.csv,0.534,,,,,,,,
raw_mcgill_complete,Winter 2019,accelerometer_icetag_raw_csv,.csv,Données completes/Données accelerometres/Winter 2019/Icetag/IceTags_Data/1 day trip IceTags (per second)/Treatment/2019MAR08/8510_Tag21_08MAR2019_LB.csv,0.001,,,,,,,,
raw_mcgill_complete,Winter 2019,accelerometer_icetag_raw_csv,.csv,Données completes/Données accelerometres/Winter 2019/Icetag/IceTags_Data/1 day trip IceTags (per second)/Treatment/2019MAR15/2056_Tag16_15MAR2019.csv,23.616,,,,,,,,
raw_mcgill_complete,Winter 2019,accelerometer_icetag_raw_csv,.csv,Données completes/Données accelerometres/Winter 2019/Icetag/IceTags_Data/1 day trip IceTags (per second)/Treatment/2019MAR15/2056_Tag16_15MAR2019_LB.csv,0.013,,,,,,,,
raw_mcgill_complete,Winter 2019,accelerometer_icetag_raw_csv,.csv,Données completes/Données accelerometres/Winter 2019/Icetag/IceTags_Data/1 day trip IceTags (per second)/Treatment/2019MAR15/3437_Tag21_15MAR2019.csv,23.667,,,,,,,,
raw_mcgill_complete,Winter 2019,accelerometer_icetag_raw_csv,.csv,Données completes/Données accelerometres/Winter 2019/Icetag/IceTags_Data/1 day trip IceTags (per second)/Treatment/2019MAR15/3437_Tag21_15MAR2019_LB.csv,0.015,,,,,,,,
raw_mcgill_complete,Winter 2019,accelerometer_icetag_raw_csv,.csv,Données completes/Données accelerometres/Winter 2019/Icetag/IceTags_Data/1 day trip IceTags (per second)/Treatment/2019MAR15/3443_Tag24_15MAR2019.csv,23.671,,,,,,,,
raw_mcgill_complete,Winter 2019,accelerometer_icetag_raw_csv,.csv,Données completes/Données accelerometres/Winter 2019/Icetag/IceTags_Data/1 day trip IceTags (per second)/Treatment/2019MAR15/3443_Tag24_15MAR2019_LB.csv,0.039,,,,,,,,
raw_mcgill_complete,Winter 2019,accelerometer_icetag_raw_csv,.csv,Données completes/Données accelerometres/Winter 2019/Icetag/IceTags_Data/1 day trip IceTags (per second)/Treatment/2019MAR15/8508_Tag97_15MAR2019.csv,23.679,,,,,,,,
raw_mcgill_complete,Winter 2019,accelerometer_icetag_raw_csv,.csv,Données completes/Données accelerometres/Winter 2019/Icetag/IceTags_Data/1 day trip IceTags (per second)/Treatment/2019MAR15/8508_Tag97_15MAR2019_LB.csv,0.016,,,,,,,,
raw_mcgill_complete,Winter 2019,accelerometer_icetag_raw_csv,.csv,Données completes/Données accelerometres/Winter 2019/Icetag/IceTags_Data/1 day trip IceTags (per second)/Treatment/2019MAR15/8510_Tag26_15MAR2019.csv,23.69,,,,,,,,
raw_mcgill_complete,Winter 2019,accelerometer_icetag_raw_csv,.csv,Données completes/Données accelerometres/Winter 2019/Icetag/IceTags_Data/1 day trip IceTags (per second)/Treatment/2019MAR15/8510_Tag26_15MAR2019_LB.csv,0.011,,,,,,,,
raw_mcgill_complete,Winter 2019,accelerometer_icetag_raw_csv,.csv,Données completes/Données accelerometres/Winter 2019/Icetag/IceTags_Data/1 day trip IceTags (per second)/Treatment/2019MAR29/2056_Tag86_29MAR2019.csv,24.217,,,,,,,,
raw_mcgill_complete,Winter 2019,accelerometer_icetag_raw_csv,.csv,Données completes/Données accelerometres/Winter 2019/Icetag/IceTags_Data/1 day trip IceTags (per second)/Treatment/2019MAR29/2056_Tag86_29MAR2019_LB.csv,0.02,,,,,,,,
raw_mcgill_complete,Winter 2019,accelerometer_icetag_raw_csv,.csv,Données completes/Données accelerometres/Winter 2019/Icetag/IceTags_Data/1 day trip IceTags (per second)/Treatment/2019MAR29/2081_Tag21_29MAR2019.csv,24.153,,,,,,,,
raw_mcgill_complete,Winter 2019,accelerometer_icetag_raw_csv,.csv,Données completes/Données accelerometres/Winter 2019/Icetag/IceTags_Data/1 day trip IceTags (per second)/Treatment/2019MAR29/2081_Tag21_29MAR2019_LB.csv,0.013,,,,,,,,
raw_mcgill_complete,Winter 2019,accelerometer_icetag_raw_csv,.csv,Données completes/Données accelerometres/Winter 2019/Icetag/IceTags_Data/1 day trip IceTags (per second)/Treatment/2019MAR29/3437_Tag93_29MAR2019.csv,24.095,,,,,,,,
raw_mcgill_complete,Winter 2019,accelerometer_icetag_raw_csv,.csv,Données completes/Données accelerometres/Winter 2019/Icetag/IceTags_Data/1 day trip IceTags (per second)/Treatment/2019MAR29/3437_Tag93_29MAR2019_LB.csv,0.022,,,,,,,,
raw_mcgill_complete,Winter 2019,accelerometer_icetag_raw_csv,.csv,Données completes/Données accelerometres/Winter 2019/Icetag/IceTags_Data/1 day trip IceTags (per second)/Treatment/2019MAR29/3443_Tag20_29MAR2019.csv,24.214,,,,,,,,
raw_mcgill_complete,Winter 2019,accelerometer_icetag_raw_csv,.csv,Données completes/Données accelerometres/Winter 2019/Icetag/IceTags_Data/1 day trip IceTags (per second)/Treatment/2019MAR29/3443_Tag20_29MAR2019_LB.csv,0.008,,,,,,,,
raw_mcgill_complete,Winter 2019,accelerometer_icetag_raw_csv,.csv,Données completes/Données accelerometres/Winter 2019/Icetag/IceTags_Data/1 day trip IceTags (per second)/Treatment/2019MAR29/5246_Tag92_29MAR2019.csv,24.221,,,,,,,,
raw_mcgill_complete,Winter 2019,accelerometer_icetag_raw_csv,.csv,Données completes/Données accelerometres/Winter 2019/Icetag/IceTags_Data/1 day trip IceTags (per second)/Treatment/2019MAR29/5246_Tag92_29MAR2019_LB.csv,0.081,,,,,,,,
raw_mcgill_complete,Winter 2019,accelerometer_icetag_raw_csv,.csv,Données completes/Données accelerometres/Winter 2019/Icetag/IceTags_Data/1 day trip IceTags (per second)/Treatment/2019MAR29/5250_Tag91_29MAR2019.csv,24.233,,,,,,,,
raw_mcgill_complete,Winter 2019,accelerometer_icetag_raw_csv,.csv,Données completes/Données accelerometres/Winter 2019/Icetag/IceTags_Data/1 day trip IceTags (per second)/Treatment/2019MAR29/5250_Tag91_29MAR2019_LB.csv,0.009,,,,,,,,
raw_mcgill_complete,Winter 2019,accelerometer_icetag_raw_csv,.csv,Données completes/Données accelerometres/Winter 2019/Icetag/IceTags_Data/1 day trip IceTags (per second)/Treatment/2019MAR29/8508_Tag97_29MAR2019.csv,24.084,,,,,,,,
raw_mcgill_complete,Winter 2019,accelerometer_icetag_raw_csv,.csv,Données completes/Données accelerometres/Winter 2019/Icetag/IceTags_Data/1 day trip IceTags (per second)/Treatment/2019MAR29/8508_Tag97_29MAR2019_LB.csv,0.055,,,,,,,,
raw_mcgill_complete,Winter 2019,accelerometer_icetag_raw_csv,.csv,Données completes/Données accelerometres/Winter 2019/Icetag/IceTags_Data/1 day trip IceTags (per second)/Treatment/2019MAR29/8510_Tag26_29MAR2019.csv,24.08,,,,,,,,
raw_mcgill_complete,Winter 2019,accelerometer_icetag_raw_csv,.csv,Données completes/Données accelerometres/Winter 2019/Icetag/IceTags_Data/1 day trip IceTags (per second)/Treatment/2019MAR29/8510_Tag26_29MAR2019_LB.csv,0.009,,,,,,,,
raw_mcgill_complete,Winter 2019,accelerometer_icetag_raw_csv,.csv,Données completes/Données accelerometres/Winter 2019/Icetag/IceTags_Data/1 week IceTags (per minute)/01FEB2019-08FEB2019/2047_Tag91_01FEB2019-0950_08FEB2019-1351.csv,24.268,,,,,,,,
raw_mcgill_complete,Winter 2019,accelerometer_icetag_raw_csv,.csv,Données completes/Données accelerometres/Winter 2019/Icetag/IceTags_Data/1 week IceTags (per minute)/01FEB2019-08FEB2019/2047_Tag91_01FEB2019-0950_08FEB2019-1351_LB.csv,0.078,,,,,,,,
raw_mcgill_complete,Winter 2019,accelerometer_icetag_raw_csv,.csv,Données completes/Données accelerometres/Winter 2019/Icetag/IceTags_Data/1 week IceTags (per minute)/01FEB2019-08FEB2019/2056_Tag24_01FEB2019-0950_08FEB2019-1412.csv,24.297,,,,,,,,
raw_mcgill_complete,Winter 2019,accelerometer_icetag_raw_csv,.csv,Données completes/Données accelerometres/Winter 2019/Icetag/IceTags_Data/1 week IceTags (per minute)/01FEB2019-08FEB2019/2056_Tag24_01FEB2019-0950_08FEB2019-1412_LB.csv,0.047,,,,,,,,
raw_mcgill_complete,Winter 2019,accelerometer_icetag_raw_csv,.csv,Données completes/Données accelerometres/Winter 2019/Icetag/IceTags_Data/1 week IceTags (per minute)/01FEB2019-08FEB2019/2063_Tag88_01FEB2019-0950_08FEB2019-1350.csv,24.247,,,,,,,,
raw_mcgill_complete,Winter 2019,accelerometer_icetag_raw_csv,.csv,Données completes/Données accelerometres/Winter 2019/Icetag/IceTags_Data/1 week IceTags (per minute)/01FEB2019-08FEB2019/2063_Tag88_01FEB2019-0950_08FEB2019-1350_LB.csv,0.061,,,,,,,,
raw_mcgill_complete,Winter 2019,accelerometer_icetag_raw_csv,.csv,Données completes/Données accelerometres/Winter 2019/Icetag/IceTags_Data/1 week IceTags (per minute)/01FEB2019-08FEB2019/2069_Tag76_01FEB2019-0950_08FEB2019-1349.csv,24.255,,,,,,,,
raw_mcgill_complete,Winter 2019,accelerometer_icetag_raw_csv,.csv,Données completes/Données accelerometres/Winter 2019/Icetag/IceTags_Data/1 week IceTags (per minute)/01FEB2019-08FEB2019/2069_Tag76_01FEB2019-0950_08FEB2019-1349_LB.csv,0.108,,,,,,,,
raw_mcgill_complete,Winter 2019,accelerometer_icetag_raw_csv,.csv,Données completes/Données accelerometres/Winter 2019/Icetag/IceTags_Data/1 week IceTags (per minute)/01FEB2019-08FEB2019/2081_Tag85_01FEB2019-0950_08FEB2019-1350.csv,24.264,,,,,,,,
raw_mcgill_complete,Winter 2019,accelerometer_icetag_raw_csv,.csv,Données completes/Données accelerometres/Winter 2019/Icetag/IceTags_Data/1 week IceTags (per minute)/01FEB2019-08FEB2019/2081_Tag85_01FEB2019-0950_08FEB2019-1350_LB.csv,0.016,,,,,,,,
raw_mcgill_complete,Winter 2019,accelerometer_icetag_raw_csv,.csv,Données completes/Données accelerometres/Winter 2019/Icetag/IceTags_Data/1 week IceTags (per minute)/01FEB2019-08FEB2019/3437_Tag93_01FEB2019-1037_08FEB2019-1314.csv,24.07,,,,,,,,
raw_mcgill_complete,Winter 2019,accelerometer_icetag_raw_csv,.csv,Données completes/Données accelerometres/Winter 2019/Icetag/IceTags_Data/1 week IceTags (per minute)/01FEB2019-08FEB2019/3437_Tag93_01FEB2019-1037_08FEB2019-1314_LB.csv,0.03,,,,,,,,
raw_mcgill_complete,Winter 2019,accelerometer_icetag_raw_csv,.csv,Données completes/Données accelerometres/Winter 2019/Icetag/IceTags_Data/1 week IceTags (per minute)/01FEB2019-08FEB2019/3443_Tag87_01FEB2019-1035_08FEB2019-1313.csv,24.057,,,,,,,,
raw_mcgill_complete,Winter 2019,accelerometer_icetag_raw_csv,.csv,Données completes/Données accelerometres/Winter 2019/Icetag/IceTags_Data/1 week IceTags (per minute)/01FEB2019-08FEB2019/3443_Tag87_01FEB2019-1035_08FEB2019-1313_LB.csv,0.057,,,,,,,,
raw_mcgill_complete,Winter 2019,accelerometer_icetag_raw_csv,.csv,Données completes/Données accelerometres/Winter 2019/Icetag/IceTags_Data/1 week IceTags (per minute)/01FEB2019-08FEB2019/5221_Tag90_01FEB2019-0950_08FEB2019-1410.csv,24.294,,,,,,,,
raw_mcgill_complete,Winter 2019,accelerometer_icetag_raw_csv,.csv,Données completes/Données accelerometres/Winter 2019/Icetag/IceTags_Data/1 week IceTags (per minute)/01FEB2019-08FEB2019/5221_Tag90_01FEB2019-0950_08FEB2019-1410_LB.csv,0.02,,,,,,,,
raw_mcgill_complete,Winter 2019,accelerometer_icetag_raw_csv,.csv,Données completes/Données accelerometres/Winter 2019/Icetag/IceTags_Data/1 week IceTags (per minute)/01FEB2019-08FEB2019/5246_Tag95_01FEB2019-0950_08FEB2019-1351.csv,24.25,,,,,,,,
raw_mcgill_complete,Winter 2019,accelerometer_icetag_raw_csv,.csv,Données completes/Données accelerometres/Winter 2019/Icetag/IceTags_Data/1 week IceTags (per minute)/01FEB2019-08FEB2019/5246_Tag95_01FEB2019-0950_08FEB2019-1351_LB.csv,0.012,,,,,,,,
raw_mcgill_complete,Winter 2019,accelerometer_icetag_raw_csv,.csv,Données completes/Données accelerometres/Winter 2019/Icetag/IceTags_Data/1 week IceTags (per minute)/01FEB2019-08FEB2019/5250_Tag96_01FEB2019-1038_08FEB2019-1352.csv,24.147,,,,,,,,
raw_mcgill_complete,Winter 2019,accelerometer_icetag_raw_csv,.csv,Données completes/Données accelerometres/Winter 2019/Icetag/IceTags_Data/1 week IceTags (per minute)/01FEB2019-08FEB2019/5250_Tag96_01FEB2019-1038_08FEB2019-1352_LB.csv,0.038,,,,,,,,
raw_mcgill_complete,Winter 2019,accelerometer_icetag_raw_csv,.csv,Données completes/Données accelerometres/Winter 2019/Icetag/IceTags_Data/1 week IceTags (per minute)/01FEB2019-08FEB2019/8500_Tag86_01FEB2019-1036_08FEB2019-1314.csv,24.048,,,,,,,,
raw_mcgill_complete,Winter 2019,accelerometer_icetag_raw_csv,.csv,Données completes/Données accelerometres/Winter 2019/Icetag/IceTags_Data/1 week IceTags (per minute)/01FEB2019-08FEB2019/8500_Tag86_01FEB2019-1036_08FEB2019-1314_LB.csv,0.123,,,,,,,,
raw_mcgill_complete,Winter 2019,accelerometer_icetag_raw_csv,.csv,Données completes/Données accelerometres/Winter 2019/Icetag/IceTags_Data/1 week IceTags (per minute)/01FEB2019-08FEB2019/8505_Tag25_01FEB2019-1041_08FEB2019-1315.csv,24.061,,,,,,,,
raw_mcgill_complete,Winter 2019,accelerometer_icetag_raw_csv,.csv,Données completes/Données accelerometres/Winter 2019/Icetag/IceTags_Data/1 week IceTags (per minute)/01FEB2019-08FEB2019/8505_Tag25_01FEB2019-1041_08FEB2019-1315_LB.csv,0.012,,,,,,,,
raw_mcgill_complete,Winter 2019,accelerometer_icetag_raw_csv,.csv,Données completes/Données accelerometres/Winter 2019/Icetag/IceTags_Data/1 week IceTags (per minute)/01FEB2019-08FEB2019/8506_Tag94_01FEB2019-1039_08FEB2019-1315.csv,24.051,,,,,,,,
raw_mcgill_complete,Winter 2019,accelerometer_icetag_raw_csv,.csv,Données completes/Données accelerometres/Winter 2019/Icetag/IceTags_Data/1 week IceTags (per minute)/01FEB2019-08FEB2019/8506_Tag94_01FEB2019-1039_08FEB2019-1315_LB.csv,0.125,,,,,,,,
raw_mcgill_complete,Winter 2019,accelerometer_icetag_raw_csv,.csv,Données completes/Données accelerometres/Winter 2019/Icetag/IceTags_Data/1 week IceTags (per minute)/01FEB2019-08FEB2019/8508_Tag16_01FEB2019-1120_08FEB2019-1315.csv,23.945,,,,,,,,
raw_mcgill_complete,Winter 2019,accelerometer_icetag_raw_csv,.csv,Données completes/Données accelerometres/Winter 2019/Icetag/IceTags_Data/1 week IceTags (per minute)/01FEB2019-08FEB2019/8508_Tag16_01FEB2019-1120_08FEB2019-1315_LB.csv,0.01,,,,,,,,
raw_mcgill_complete,Winter 2019,accelerometer_icetag_raw_csv,.csv,Données completes/Données accelerometres/Winter 2019/Icetag/IceTags_Data/1 week IceTags (per minute)/01FEB2019-08FEB2019/8510_Tag22_01FEB2019-TT_07FEB2019-1301.csv,0.345,,,,,,,,
raw_mcgill_complete,Winter 2019,accelerometer_icetag_raw_csv,.csv,Données completes/Données accelerometres/Winter 2019/Icetag/IceTags_Data/1 week IceTags (per minute)/01FEB2019-08FEB2019/8510_Tag22_01FEB2019-TT_07FEB2019-1301_LB.csv,0.009,,,,,,,,
raw_mcgill_complete,Winter 2019,accelerometer_icetag_raw_csv,.csv,Données completes/Données accelerometres/Winter 2019/Icetag/IceTags_Data/1 week IceTags (per minute)/01FEB2019-08FEB2019/8510_Tag22_07FEB2019-1323_08FEB2019-1315.csv,3.405,,,,,,,,
raw_mcgill_complete,Winter 2019,accelerometer_icetag_raw_csv,.csv,Données completes/Données accelerometres/Winter 2019/Icetag/IceTags_Data/1 week IceTags (per minute)/01FEB2019-08FEB2019/8510_Tag22_07FEB2019-1323_08FEB2019-1315_LB.csv,0.001,,,,,,,,
raw_mcgill_complete,Winter 2019,accelerometer_icetag_raw_csv,.csv,Données completes/Données accelerometres/Winter 2019/Icetag/IceTags_Data/1 week IceTags (per minute)/01FEB2019-08FEB2019/per minute/2047_Tag91_01FEB2019-0950_08FEB2019-1351.csv,0.405,,,,,,,,
raw_mcgill_complete,Winter 2019,accelerometer_icetag_raw_csv,.csv,Données completes/Données accelerometres/Winter 2019/Icetag/IceTags_Data/1 week IceTags (per minute)/01FEB2019-08FEB2019/per minute/2047_Tag91_01FEB2019-0950_08FEB2019-1351_LB.csv,0.078,,,,,,,,
raw_mcgill_complete,Winter 2019,accelerometer_icetag_raw_csv,.csv,Données completes/Données accelerometres/Winter 2019/Icetag/IceTags_Data/1 week IceTags (per minute)/01FEB2019-08FEB2019/per minute/2056_Tag24_01FEB2019-0950_08FEB2019-1412.csv,0.406,,,,,,,,
raw_mcgill_complete,Winter 2019,accelerometer_icetag_raw_csv,.csv,Données completes/Données accelerometres/Winter 2019/Icetag/IceTags_Data/1 week IceTags (per minute)/01FEB2019-08FEB2019/per minute/2056_Tag24_01FEB2019-0950_08FEB2019-1412_LB.csv,0.047,,,,,,,,
raw_mcgill_complete,Winter 2019,accelerometer_icetag_raw_csv,.csv,Données completes/Données accelerometres/Winter 2019/Icetag/IceTags_Data/1 week IceTags (per minute)/01FEB2019-08FEB2019/per minute/2063_Tag88_01FEB2019-0950_08FEB2019-1350.csv,0.405,,,,,,,,
raw_mcgill_complete,Winter 2019,accelerometer_icetag_raw_csv,.csv,Données completes/Données accelerometres/Winter 2019/Icetag/IceTags_Data/1 week IceTags (per minute)/01FEB2019-08FEB2019/per minute/2063_Tag88_01FEB2019-0950_08FEB2019-1350_LB.csv,0.061,,,,,,,,
raw_mcgill_complete,Winter 2019,accelerometer_icetag_raw_csv,.csv,Données completes/Données accelerometres/Winter 2019/Icetag/IceTags_Data/1 week IceTags (per minute)/01FEB2019-08FEB2019/per minute/2069_Tag76_01FEB2019-0950_08FEB2019-1349.csv,0.405,,,,,,,,
raw_mcgill_complete,Winter 2019,accelerometer_icetag_raw_csv,.csv,Données completes/Données accelerometres/Winter 2019/Icetag/IceTags_Data/1 week IceTags (per minute)/01FEB2019-08FEB2019/per minute/2069_Tag76_01FEB2019-0950_08FEB2019-1349_LB.csv,0.108,,,,,,,,
raw_mcgill_complete,Winter 2019,accelerometer_icetag_raw_csv,.csv,Données completes/Données accelerometres/Winter 2019/Icetag/IceTags_Data/1 week IceTags (per minute)/01FEB2019-08FEB2019/per minute/2081_Tag85_01FEB2019-0950_08FEB2019-1350.csv,0.405,,,,,,,,
raw_mcgill_complete,Winter 2019,accelerometer_icetag_raw_csv,.csv,Données completes/Données accelerometres/Winter 2019/Icetag/IceTags_Data/1 week IceTags (per minute)/01FEB2019-08FEB2019/per minute/2081_Tag85_01FEB2019-0950_08FEB2019-1350_LB.csv,0.016,,,,,,,,
raw_mcgill_complete,Winter 2019,accelerometer_icetag_raw_csv,.csv,Données completes/Données accelerometres/Winter 2019/Icetag/IceTags_Data/1 week IceTags (per minute)/01FEB2019-08FEB2019/per minute/3437_Tag93_01FEB2019-1037_08FEB2019-1314.csv,0.402,,,,,,,,
raw_mcgill_complete,Winter 2019,accelerometer_icetag_raw_csv,.csv,Données completes/Données accelerometres/Winter 2019/Icetag/IceTags_Data/1 week IceTags (per minute)/01FEB2019-08FEB2019/per minute/3437_Tag93_01FEB2019-1037_08FEB2019-1314_LB.csv,0.03,,,,,,,,
raw_mcgill_complete,Winter 2019,accelerometer_icetag_raw_csv,.csv,Données completes/Données accelerometres/Winter 2019/Icetag/IceTags_Data/1 week IceTags (per minute)/01FEB2019-08FEB2019/per minute/3443_Tag87_01FEB2019-1035_08FEB2019-1313.csv,0.402,,,,,,,,
raw_mcgill_complete,Winter 2019,accelerometer_icetag_raw_csv,.csv,Données completes/Données accelerometres/Winter 2019/Icetag/IceTags_Data/1 week IceTags (per minute)/01FEB2019-08FEB2019/per minute/3443_Tag87_01FEB2019-1035_08FEB2019-1313_LB.csv,0.057,,,,,,,,
raw_mcgill_complete,Winter 2019,accelerometer_icetag_raw_csv,.csv,Données completes/Données accelerometres/Winter 2019/Icetag/IceTags_Data/1 week IceTags (per minute)/01FEB2019-08FEB2019/per minute/5221_Tag90_01FEB2019-0950_08FEB2019-1410.csv,0.405,,,,,,,,
raw_mcgill_complete,Winter 2019,accelerometer_icetag_raw_csv,.csv,Données completes/Données accelerometres/Winter 2019/Icetag/IceTags_Data/1 week IceTags (per minute)/01FEB2019-08FEB2019/per minute/5221_Tag90_01FEB2019-0950_08FEB2019-1410_LB.csv,0.02,,,,,,,,
raw_mcgill_complete,Winter 2019,accelerometer_icetag_raw_csv,.csv,Données completes/Données accelerometres/Winter 2019/Icetag/IceTags_Data/1 week IceTags (per minute)/01FEB2019-08FEB2019/per minute/5246_Tag95_01FEB2019-0950_08FEB2019-1351.csv,0.405,,,,,,,,
raw_mcgill_complete,Winter 2019,accelerometer_icetag_raw_csv,.csv,Données completes/Données accelerometres/Winter 2019/Icetag/IceTags_Data/1 week IceTags (per minute)/01FEB2019-08FEB2019/per minute/5246_Tag95_01FEB2019-0950_08FEB2019-1351_LB.csv,0.012,,,,,,,,
raw_mcgill_complete,Winter 2019,accelerometer_icetag_raw_csv,.csv,Données completes/Données accelerometres/Winter 2019/Icetag/IceTags_Data/1 week IceTags (per minute)/01FEB2019-08FEB2019/per minute/5250_Tag96_01FEB2019-1038_08FEB2019-1352.csv,0.403,,,,,,,,
raw_mcgill_complete,Winter 2019,accelerometer_icetag_raw_csv,.csv,Données completes/Données accelerometres/Winter 2019/Icetag/IceTags_Data/1 week IceTags (per minute)/01FEB2019-08FEB2019/per minute/5250_Tag96_01FEB2019-1038_08FEB2019-1352_LB.csv,0.038,,,,,,,,
raw_mcgill_complete,Winter 2019,accelerometer_icetag_raw_csv,.csv,Données completes/Données accelerometres/Winter 2019/Icetag/IceTags_Data/1 week IceTags (per minute)/01FEB2019-08FEB2019/per minute/8500_Tag86_01FEB2019-1036_08FEB2019-1314.csv,0.401,,,,,,,,
raw_mcgill_complete,Winter 2019,accelerometer_icetag_raw_csv,.csv,Données completes/Données accelerometres/Winter 2019/Icetag/IceTags_Data/1 week IceTags (per minute)/01FEB2019-08FEB2019/per minute/8500_Tag86_01FEB2019-1036_08FEB2019-1314_LB.csv,0.123,,,,,,,,
raw_mcgill_complete,Winter 2019,accelerometer_icetag_raw_csv,.csv,Données completes/Données accelerometres/Winter 2019/Icetag/IceTags_Data/1 week IceTags (per minute)/01FEB2019-08FEB2019/per minute/8505_Tag25_01FEB2019-1041_08FEB2019-1315.csv,0.402,,,,,,,,
raw_mcgill_complete,Winter 2019,accelerometer_icetag_raw_csv,.csv,Données completes/Données accelerometres/Winter 2019/Icetag/IceTags_Data/1 week IceTags (per minute)/01FEB2019-08FEB2019/per minute/8505_Tag25_01FEB2019-1041_08FEB2019-1315_LB.csv,0.012,,,,,,,,
raw_mcgill_complete,Winter 2019,accelerometer_icetag_raw_csv,.csv,Données completes/Données accelerometres/Winter 2019/Icetag/IceTags_Data/1 week IceTags (per minute)/01FEB2019-08FEB2019/per minute/8506_Tag94_01FEB2019-1039_08FEB2019-1315.csv,0.401,,,,,,,,
raw_mcgill_complete,Winter 2019,accelerometer_icetag_raw_csv,.csv,Données completes/Données accelerometres/Winter 2019/Icetag/IceTags_Data/1 week IceTags (per minute)/01FEB2019-08FEB2019/per minute/8506_Tag94_01FEB2019-1039_08FEB2019-1315_LB.csv,0.125,,,,,,,,
raw_mcgill_complete,Winter 2019,accelerometer_icetag_raw_csv,.csv,Données completes/Données accelerometres/Winter 2019/Icetag/IceTags_Data/1 week IceTags (per minute)/01FEB2019-08FEB2019/per minute/8508_Tag16_01FEB2019-1120_08FEB2019-1315.csv,0.4,,,,,,,,
raw_mcgill_complete,Winter 2019,accelerometer_icetag_raw_csv,.csv,Données completes/Données accelerometres/Winter 2019/Icetag/IceTags_Data/1 week IceTags (per minute)/01FEB2019-08FEB2019/per minute/8508_Tag16_01FEB2019-1120_08FEB2019-1315_LB.csv,0.01,,,,,,,,
raw_mcgill_complete,Winter 2019,accelerometer_icetag_raw_csv,.csv,Données completes/Données accelerometres/Winter 2019/Icetag/IceTags_Data/1 week IceTags (per minute)/01FEB2019-08FEB2019/per minute/8510_Tag22_01FEB2019-TT_07FEB2019-1301.csv,0.345,,,,,,,,
raw_mcgill_complete,Winter 2019,accelerometer_icetag_raw_csv,.csv,Données completes/Données accelerometres/Winter 2019/Icetag/IceTags_Data/1 week IceTags (per minute)/01FEB2019-08FEB2019/per minute/8510_Tag22_01FEB2019-TT_07FEB2019-1301_LB.csv,0.009,,,,,,,,
raw_mcgill_complete,Winter 2019,accelerometer_icetag_raw_csv,.csv,Données completes/Données accelerometres/Winter 2019/Icetag/IceTags_Data/1 week IceTags (per minute)/01FEB2019-08FEB2019/per minute/8510_Tag22_07FEB2019-1323_08FEB2019-1315.csv,0.057,,,,,,,,
raw_mcgill_complete,Winter 2019,accelerometer_icetag_raw_csv,.csv,Données completes/Données accelerometres/Winter 2019/Icetag/IceTags_Data/1 week IceTags (per minute)/01FEB2019-08FEB2019/per minute/8510_Tag22_07FEB2019-1323_08FEB2019-1315_LB.csv,0.001,,,,,,,,
raw_mcgill_complete,Winter 2019,accelerometer_icetag_raw_csv,.csv,"Données completes/Données accelerometres/Winter 2019/Icetag/IceTags_Data/1 week IceTags (per minute)/01MAR2019-08MAR2019 (Careful! On excel sheet, reverse order between month and days)/2047_Tag93_01MAR2019-1349_08MAR2019-1400.csv",0.396,,,,,,,,
raw_mcgill_complete,Winter 2019,accelerometer_icetag_raw_csv,.csv,"Données completes/Données accelerometres/Winter 2019/Icetag/IceTags_Data/1 week IceTags (per minute)/01MAR2019-08MAR2019 (Careful! On excel sheet, reverse order between month and days)/2047_Tag93_01MAR2019-1349_08MAR2019-1400_LB.csv",0.1,,,,,,,,
raw_mcgill_complete,Winter 2019,accelerometer_icetag_raw_csv,.csv,"Données completes/Données accelerometres/Winter 2019/Icetag/IceTags_Data/1 week IceTags (per minute)/01MAR2019-08MAR2019 (Careful! On excel sheet, reverse order between month and days)/2056_Tag20_01MAR2019-1412_08MAR2019-1443.csv",0.396,,,,,,,,
raw_mcgill_complete,Winter 2019,accelerometer_icetag_raw_csv,.csv,"Données completes/Données accelerometres/Winter 2019/Icetag/IceTags_Data/1 week IceTags (per minute)/01MAR2019-08MAR2019 (Careful! On excel sheet, reverse order between month and days)/2056_Tag20_01MAR2019-1412_08MAR2019-1443_LB.csv",0.018,,,,,,,,
raw_mcgill_complete,Winter 2019,accelerometer_icetag_raw_csv,.csv,"Données completes/Données accelerometres/Winter 2019/Icetag/IceTags_Data/1 week IceTags (per minute)/01MAR2019-08MAR2019 (Careful! On excel sheet, reverse order between month and days)/2063_Tag16_01MAR2019-1351_08MAR2019-1401.csv",0.396,,,,,,,,
raw_mcgill_complete,Winter 2019,accelerometer_icetag_raw_csv,.csv,"Données completes/Données accelerometres/Winter 2019/Icetag/IceTags_Data/1 week IceTags (per minute)/01MAR2019-08MAR2019 (Careful! On excel sheet, reverse order between month and days)/2063_Tag16_01MAR2019-1351_08MAR2019-1401_LB.csv",0.066,,,,,,,,
raw_mcgill_complete,Winter 2019,accelerometer_icetag_raw_csv,.csv,"Données completes/Données accelerometres/Winter 2019/Icetag/IceTags_Data/1 week IceTags (per minute)/01MAR2019-08MAR2019 (Careful! On excel sheet, reverse order between month and days)/2069_Tag25_01MAR2019-1356_08MAR2019-1402.csv",0.791,,,,,,,,
raw_mcgill_complete,Winter 2019,accelerometer_icetag_raw_csv,.csv,"Données completes/Données accelerometres/Winter 2019/Icetag/IceTags_Data/1 week IceTags (per minute)/01MAR2019-08MAR2019 (Careful! On excel sheet, reverse order between month and days)/2069_Tag25_01MAR2019-1356_08MAR2019-1402_LB.csv",0.026,,,,,,,,
raw_mcgill_complete,Winter 2019,accelerometer_icetag_raw_csv,.csv,"Données completes/Données accelerometres/Winter 2019/Icetag/IceTags_Data/1 week IceTags (per minute)/01MAR2019-08MAR2019 (Careful! On excel sheet, reverse order between month and days)/2081_Tag22_01MAR2019-1350_08MAR2019-1401.csv",0.396,,,,,,,,
raw_mcgill_complete,Winter 2019,accelerometer_icetag_raw_csv,.csv,"Données completes/Données accelerometres/Winter 2019/Icetag/IceTags_Data/1 week IceTags (per minute)/01MAR2019-08MAR2019 (Careful! On excel sheet, reverse order between month and days)/2081_Tag22_01MAR2019-1350_08MAR2019-1401_LB.csv",0.017,,,,,,,,
raw_mcgill_complete,Winter 2019,accelerometer_icetag_raw_csv,.csv,"Données completes/Données accelerometres/Winter 2019/Icetag/IceTags_Data/1 week IceTags (per minute)/01MAR2019-08MAR2019 (Careful! On excel sheet, reverse order between month and days)/3437_Tag88_01MAR2019-1301_08MAR2019-1302.csv",0.395,,,,,,,,
raw_mcgill_complete,Winter 2019,accelerometer_icetag_raw_csv,.csv,"Données completes/Données accelerometres/Winter 2019/Icetag/IceTags_Data/1 week IceTags (per minute)/01MAR2019-08MAR2019 (Careful! On excel sheet, reverse order between month and days)/3437_Tag88_01MAR2019-1301_08MAR2019-1302_LB.csv",0.053,,,,,,,,
raw_mcgill_complete,Winter 2019,accelerometer_icetag_raw_csv,.csv,"Données completes/Données accelerometres/Winter 2019/Icetag/IceTags_Data/1 week IceTags (per minute)/01MAR2019-08MAR2019 (Careful! On excel sheet, reverse order between month and days)/3443_Tag85_01MAR2019-1303_08MAR2019-1305.csv",0.396,,,,,,,,
raw_mcgill_complete,Winter 2019,accelerometer_icetag_raw_csv,.csv,"Données completes/Données accelerometres/Winter 2019/Icetag/IceTags_Data/1 week IceTags (per minute)/01MAR2019-08MAR2019 (Careful! On excel sheet, reverse order between month and days)/3443_Tag85_01MAR2019-1303_08MAR2019-1305_LB.csv",0.013,,,,,,,,
raw_mcgill_complete,Winter 2019,accelerometer_icetag_raw_csv,.csv,"Données completes/Données accelerometres/Winter 2019/Icetag/IceTags_Data/1 week IceTags (per minute)/01MAR2019-08MAR2019 (Careful! On excel sheet, reverse order between month and days)/5221_Tag94_01MAR2019-1348_08MAR2019-1359.csv",0.395,,,,,,,,
raw_mcgill_complete,Winter 2019,accelerometer_icetag_raw_csv,.csv,"Données completes/Données accelerometres/Winter 2019/Icetag/IceTags_Data/1 week IceTags (per minute)/01MAR2019-08MAR2019 (Careful! On excel sheet, reverse order between month and days)/5221_Tag94_01MAR2019-1348_08MAR2019-1359_LB.csv",0.008,,,,,,,,
raw_mcgill_complete,Winter 2019,accelerometer_icetag_raw_csv,.csv,"Données completes/Données accelerometres/Winter 2019/Icetag/IceTags_Data/1 week IceTags (per minute)/01MAR2019-08MAR2019 (Careful! On excel sheet, reverse order between month and days)/5246_Tag91_01MAR2019-1350_08MAR2019-1400.csv",0.396,,,,,,,,
raw_mcgill_complete,Winter 2019,accelerometer_icetag_raw_csv,.csv,"Données completes/Données accelerometres/Winter 2019/Icetag/IceTags_Data/1 week IceTags (per minute)/01MAR2019-08MAR2019 (Careful! On excel sheet, reverse order between month and days)/5246_Tag91_01MAR2019-1350_08MAR2019-1400_LB.csv",0.014,,,,,,,,
raw_mcgill_complete,Winter 2019,accelerometer_icetag_raw_csv,.csv,"Données completes/Données accelerometres/Winter 2019/Icetag/IceTags_Data/1 week IceTags (per minute)/01MAR2019-08MAR2019 (Careful! On excel sheet, reverse order between month and days)/5250_Tag86_01MAR2019-1347_08MAR2019-1358.csv",0.396,,,,,,,,
raw_mcgill_complete,Winter 2019,accelerometer_icetag_raw_csv,.csv,"Données completes/Données accelerometres/Winter 2019/Icetag/IceTags_Data/1 week IceTags (per minute)/01MAR2019-08MAR2019 (Careful! On excel sheet, reverse order between month and days)/5250_Tag86_01MAR2019-1347_08MAR2019-1358_LB.csv",0.021,,,,,,,,
raw_mcgill_complete,Winter 2019,accelerometer_icetag_raw_csv,.csv,"Données completes/Données accelerometres/Winter 2019/Icetag/IceTags_Data/1 week IceTags (per minute)/01MAR2019-08MAR2019 (Careful! On excel sheet, reverse order between month and days)/8500_Tag95_01MAR2019-1302_08MAR2019-1305.csv",0.395,,,,,,,,
raw_mcgill_complete,Winter 2019,accelerometer_icetag_raw_csv,.csv,"Données completes/Données accelerometres/Winter 2019/Icetag/IceTags_Data/1 week IceTags (per minute)/01MAR2019-08MAR2019 (Careful! On excel sheet, reverse order between month and days)/8500_Tag95_01MAR2019-1302_08MAR2019-1305_LB.csv",0.066,,,,,,,,
raw_mcgill_complete,Winter 2019,accelerometer_icetag_raw_csv,.csv,"Données completes/Données accelerometres/Winter 2019/Icetag/IceTags_Data/1 week IceTags (per minute)/01MAR2019-08MAR2019 (Careful! On excel sheet, reverse order between month and days)/8505_Tag87_01MAR2019-1300_08MAR2019-1300.csv",0.395,,,,,,,,
raw_mcgill_complete,Winter 2019,accelerometer_icetag_raw_csv,.csv,"Données completes/Données accelerometres/Winter 2019/Icetag/IceTags_Data/1 week IceTags (per minute)/01MAR2019-08MAR2019 (Careful! On excel sheet, reverse order between month and days)/8505_Tag87_01MAR2019-1300_08MAR2019-1300_LB.csv",0.066,,,,,,,,
raw_mcgill_complete,Winter 2019,accelerometer_icetag_raw_csv,.csv,"Données completes/Données accelerometres/Winter 2019/Icetag/IceTags_Data/1 week IceTags (per minute)/01MAR2019-08MAR2019 (Careful! On excel sheet, reverse order between month and days)/8506_Tag96_01MAR2019-1300_08MAR2019-1301.csv",0.395,,,,,,,,
raw_mcgill_complete,Winter 2019,accelerometer_icetag_raw_csv,.csv,"Données completes/Données accelerometres/Winter 2019/Icetag/IceTags_Data/1 week IceTags (per minute)/01MAR2019-08MAR2019 (Careful! On excel sheet, reverse order between month and days)/8506_Tag96_01MAR2019-1300_08MAR2019-1301_LB.csv",0.024,,,,,,,,
raw_mcgill_complete,Winter 2019,accelerometer_icetag_raw_csv,.csv,"Données completes/Données accelerometres/Winter 2019/Icetag/IceTags_Data/1 week IceTags (per minute)/01MAR2019-08MAR2019 (Careful! On excel sheet, reverse order between month and days)/8508_Tag76_01MAR2019-1300_08MAR2019-1300.csv",0.395,,,,,,,,
raw_mcgill_complete,Winter 2019,accelerometer_icetag_raw_csv,.csv,"Données completes/Données accelerometres/Winter 2019/Icetag/IceTags_Data/1 week IceTags (per minute)/01MAR2019-08MAR2019 (Careful! On excel sheet, reverse order between month and days)/8508_Tag76_01MAR2019-1300_08MAR2019-1300_LB.csv",0.018,,,,,,,,
raw_mcgill_complete,Winter 2019,accelerometer_icetag_raw_csv,.csv,"Données completes/Données accelerometres/Winter 2019/Icetag/IceTags_Data/1 week IceTags (per minute)/01MAR2019-08MAR2019 (Careful! On excel sheet, reverse order between month and days)/8510_Tag90_01MAR2019-1301_08MAR2019-1301.csv",0.395,,,,,,,,
raw_mcgill_complete,Winter 2019,accelerometer_icetag_raw_csv,.csv,"Données completes/Données accelerometres/Winter 2019/Icetag/IceTags_Data/1 week IceTags (per minute)/01MAR2019-08MAR2019 (Careful! On excel sheet, reverse order between month and days)/8510_Tag90_01MAR2019-1301_08MAR2019-1301_LB.csv",0.017,,,,,,,,
raw_mcgill_complete,Winter 2019,accelerometer_icetag_raw_csv,.csv,Données completes/Données accelerometres/Winter 2019/Icetag/IceTags_Data/1 week IceTags (per minute)/05APR2019-12APR2019/2056_Tag85_05APR2019-1411_12APR2019-1201.csv,0.39,,,,,,,,
raw_mcgill_complete,Winter 2019,accelerometer_icetag_raw_csv,.csv,Données completes/Données accelerometres/Winter 2019/Icetag/IceTags_Data/1 week IceTags (per minute)/05APR2019-12APR2019/2056_Tag85_05APR2019-1411_12APR2019-1201_LB.csv,0.008,,,,,,,,
raw_mcgill_complete,Winter 2019,accelerometer_icetag_raw_csv,.csv,Données completes/Données accelerometres/Winter 2019/Icetag/IceTags_Data/1 week IceTags (per minute)/05APR2019-12APR2019/2063_Tag25_05APR2019-1333_12APR2019-1144.csv,0.391,,,,,,,,
raw_mcgill_complete,Winter 2019,accelerometer_icetag_raw_csv,.csv,Données completes/Données accelerometres/Winter 2019/Icetag/IceTags_Data/1 week IceTags (per minute)/05APR2019-12APR2019/2063_Tag25_05APR2019-1333_12APR2019-1144_LB.csv,0.121,,,,,,,,
raw_mcgill_complete,Winter 2019,accelerometer_icetag_raw_csv,.csv,Données completes/Données accelerometres/Winter 2019/Icetag/IceTags_Data/1 week IceTags (per minute)/05APR2019-12APR2019/2069_Tag16_05APR2019-1333_12APR2019-1145.csv,0.391,,,,,,,,
raw_mcgill_complete,Winter 2019,accelerometer_icetag_raw_csv,.csv,Données completes/Données accelerometres/Winter 2019/Icetag/IceTags_Data/1 week IceTags (per minute)/05APR2019-12APR2019/2069_Tag16_05APR2019-1333_12APR2019-1145_LB.csv,0.028,,,,,,,,
raw_mcgill_complete,Winter 2019,accelerometer_icetag_raw_csv,.csv,Données completes/Données accelerometres/Winter 2019/Icetag/IceTags_Data/1 week IceTags (per minute)/05APR2019-12APR2019/2081_Tag24_05APR2019-1332_12APR2019-1144.csv,0.391,,,,,,,,
raw_mcgill_complete,Winter 2019,accelerometer_icetag_raw_csv,.csv,Données completes/Données accelerometres/Winter 2019/Icetag/IceTags_Data/1 week IceTags (per minute)/05APR2019-12APR2019/2081_Tag24_05APR2019-1332_12APR2019-1144_LB.csv,0.012,,,,,,,,
raw_mcgill_complete,Winter 2019,accelerometer_icetag_raw_csv,.csv,Données completes/Données accelerometres/Winter 2019/Icetag/IceTags_Data/1 week IceTags (per minute)/05APR2019-12APR2019/3437_Tag21_05APR2019-1305_12APR2019-1117.csv,0.392,,,,,,,,
raw_mcgill_complete,Winter 2019,accelerometer_icetag_raw_csv,.csv,Données completes/Données accelerometres/Winter 2019/Icetag/IceTags_Data/1 week IceTags (per minute)/05APR2019-12APR2019/3437_Tag21_05APR2019-1305_12APR2019-1117_LB.csv,0.013,,,,,,,,
raw_mcgill_complete,Winter 2019,accelerometer_icetag_raw_csv,.csv,Données completes/Données accelerometres/Winter 2019/Icetag/IceTags_Data/1 week IceTags (per minute)/05APR2019-12APR2019/5221_Tag95_05APR2019-1331_12APR2019-1143.csv,0.391,,,,,,,,
raw_mcgill_complete,Winter 2019,accelerometer_icetag_raw_csv,.csv,Données completes/Données accelerometres/Winter 2019/Icetag/IceTags_Data/1 week IceTags (per minute)/05APR2019-12APR2019/5221_Tag95_05APR2019-1331_12APR2019-1143_LB.csv,0.005,,,,,,,,
raw_mcgill_complete,Winter 2019,accelerometer_icetag_raw_csv,.csv,Données completes/Données accelerometres/Winter 2019/Icetag/IceTags_Data/1 week IceTags (per minute)/05APR2019-12APR2019/5246_Tag89_05APR2019-1303_12APR2019-1143.csv,0.393,,,,,,,,
raw_mcgill_complete,Winter 2019,accelerometer_icetag_raw_csv,.csv,Données completes/Données accelerometres/Winter 2019/Icetag/IceTags_Data/1 week IceTags (per minute)/05APR2019-12APR2019/5246_Tag89_05APR2019-1303_12APR2019-1143_LB.csv,0.04,,,,,,,,
raw_mcgill_complete,Winter 2019,accelerometer_icetag_raw_csv,.csv,Données completes/Données accelerometres/Winter 2019/Icetag/IceTags_Data/1 week IceTags (per minute)/05APR2019-12APR2019/5250_Tag94_05APR2019-1331_12APR2019-1142.csv,0.391,,,,,,,,
raw_mcgill_complete,Winter 2019,accelerometer_icetag_raw_csv,.csv,Données completes/Données accelerometres/Winter 2019/Icetag/IceTags_Data/1 week IceTags (per minute)/05APR2019-12APR2019/5250_Tag94_05APR2019-1331_12APR2019-1142_LB.csv,0.005,,,,,,,,
raw_mcgill_complete,Winter 2019,accelerometer_icetag_raw_csv,.csv,Données completes/Données accelerometres/Winter 2019/Icetag/IceTags_Data/1 week IceTags (per minute)/05APR2019-12APR2019/8500_Tag90_05APR2019-1329_12APR2019-1118.csv,0.389,,,,,,,,
raw_mcgill_complete,Winter 2019,accelerometer_icetag_raw_csv,.csv,Données completes/Données accelerometres/Winter 2019/Icetag/IceTags_Data/1 week IceTags (per minute)/05APR2019-12APR2019/8500_Tag90_05APR2019-1329_12APR2019-1118_LB.csv,0.146,,,,,,,,
raw_mcgill_complete,Winter 2019,accelerometer_icetag_raw_csv,.csv,Données completes/Données accelerometres/Winter 2019/Icetag/IceTags_Data/1 week IceTags (per minute)/05APR2019-12APR2019/8502_Tag87_05APR2019-1306_12APR2019-1117.csv,0.392,,,,,,,,
raw_mcgill_complete,Winter 2019,accelerometer_icetag_raw_csv,.csv,Données completes/Données accelerometres/Winter 2019/Icetag/IceTags_Data/1 week IceTags (per minute)/05APR2019-12APR2019/8502_Tag87_05APR2019-1306_12APR2019-1117_LB.csv,0.016,,,,,,,,
raw_mcgill_complete,Winter 2019,accelerometer_icetag_raw_csv,.csv,Données completes/Données accelerometres/Winter 2019/Icetag/IceTags_Data/1 week IceTags (per minute)/05APR2019-12APR2019/8505_Tag92_05APR2019-1304_12APR2019-1114.csv,0.392,,,,,,,,
raw_mcgill_complete,Winter 2019,accelerometer_icetag_raw_csv,.csv,Données completes/Données accelerometres/Winter 2019/Icetag/IceTags_Data/1 week IceTags (per minute)/05APR2019-12APR2019/8505_Tag92_05APR2019-1304_12APR2019-1114_LB.csv,0.007,,,,,,,,
raw_mcgill_complete,Winter 2019,accelerometer_icetag_raw_csv,.csv,Données completes/Données accelerometres/Winter 2019/Icetag/IceTags_Data/1 week IceTags (per minute)/05APR2019-12APR2019/8506_Tag86_05APR2019-1304_12APR2019-1115.csv,0.392,,,,,,,,
raw_mcgill_complete,Winter 2019,accelerometer_icetag_raw_csv,.csv,Données completes/Données accelerometres/Winter 2019/Icetag/IceTags_Data/1 week IceTags (per minute)/05APR2019-12APR2019/8506_Tag86_05APR2019-1304_12APR2019-1115_LB.csv,0.009,,,,,,,,
raw_mcgill_complete,Winter 2019,accelerometer_icetag_raw_csv,.csv,Données completes/Données accelerometres/Winter 2019/Icetag/IceTags_Data/1 week IceTags (per minute)/05APR2019-12APR2019/8508_Tag20_05APR2019-1259_12APR2019-1113.csv,0.392,,,,,,,,
raw_mcgill_complete,Winter 2019,accelerometer_icetag_raw_csv,.csv,Données completes/Données accelerometres/Winter 2019/Icetag/IceTags_Data/1 week IceTags (per minute)/05APR2019-12APR2019/8508_Tag20_05APR2019-1259_12APR2019-1113_LB.csv,0.011,,,,,,,,
raw_mcgill_complete,Winter 2019,accelerometer_icetag_raw_csv,.csv,Données completes/Données accelerometres/Winter 2019/Icetag/IceTags_Data/1 week IceTags (per minute)/05APR2019-12APR2019/8510_Tag91_05APR2019-1302_12APR2019-1116.csv,0.392,,,,,,,,
raw_mcgill_complete,Winter 2019,accelerometer_icetag_raw_csv,.csv,Données completes/Données accelerometres/Winter 2019/Icetag/IceTags_Data/1 week IceTags (per minute)/05APR2019-12APR2019/8510_Tag91_05APR2019-1302_12APR2019-1116_LB.csv,0.015,,,,,,,,
raw_mcgill_complete,Winter 2019,accelerometer_icetag_raw_csv,.csv,Données completes/Données accelerometres/Winter 2019/Icetag/IceTags_Data/1 week IceTags (per minute)/08FEB2019-15FEB2019/2047_Tag94_08FEB2019-1345_15FEB2019-1502.csv,0.398,,,,,,,,
raw_mcgill_complete,Winter 2019,accelerometer_icetag_raw_csv,.csv,Données completes/Données accelerometres/Winter 2019/Icetag/IceTags_Data/1 week IceTags (per minute)/08FEB2019-15FEB2019/2047_Tag94_08FEB2019-1345_15FEB2019-1502_LB.csv,0.127,,,,,,,,
raw_mcgill_complete,Winter 2019,accelerometer_icetag_raw_csv,.csv,Données completes/Données accelerometres/Winter 2019/Icetag/IceTags_Data/1 week IceTags (per minute)/08FEB2019-15FEB2019/2056_Tag91_08FEB2019-1411_15FEB2019-1523.csv,0.398,,,,,,,,
raw_mcgill_complete,Winter 2019,accelerometer_icetag_raw_csv,.csv,Données completes/Données accelerometres/Winter 2019/Icetag/IceTags_Data/1 week IceTags (per minute)/08FEB2019-15FEB2019/2056_Tag91_08FEB2019-1411_15FEB2019-1523_LB.csv,0.013,,,,,,,,
raw_mcgill_complete,Winter 2019,accelerometer_icetag_raw_csv,.csv,Données completes/Données accelerometres/Winter 2019/Icetag/IceTags_Data/1 week IceTags (per minute)/08FEB2019-15FEB2019/2063_Tag22_08FEB2019-1347_15FEB2019-1504.csv,0.398,,,,,,,,
raw_mcgill_complete,Winter 2019,accelerometer_icetag_raw_csv,.csv,Données completes/Données accelerometres/Winter 2019/Icetag/IceTags_Data/1 week IceTags (per minute)/08FEB2019-15FEB2019/2063_Tag22_08FEB2019-1347_15FEB2019-1504_LB.csv,0.118,,,,,,,,
raw_mcgill_complete,Winter 2019,accelerometer_icetag_raw_csv,.csv,Données completes/Données accelerometres/Winter 2019/Icetag/IceTags_Data/1 week IceTags (per minute)/08FEB2019-15FEB2019/2069_Tag25_08FEB2019-1347_15FEB2019-1505.csv,0.398,,,,,,,,
raw_mcgill_complete,Winter 2019,accelerometer_icetag_raw_csv,.csv,Données completes/Données accelerometres/Winter 2019/Icetag/IceTags_Data/1 week IceTags (per minute)/08FEB2019-15FEB2019/2069_Tag25_08FEB2019-1347_15FEB2019-1505_LB.csv,0.054,,,,,,,,
raw_mcgill_complete,Winter 2019,accelerometer_icetag_raw_csv,.csv,Données completes/Données accelerometres/Winter 2019/Icetag/IceTags_Data/1 week IceTags (per minute)/08FEB2019-15FEB2019/2081_Tag86_14FEB2019-1347_15FEB2019-1503.csv,0.058,,,,,,,,
raw_mcgill_complete,Winter 2019,accelerometer_icetag_raw_csv,.csv,Données completes/Données accelerometres/Winter 2019/Icetag/IceTags_Data/1 week IceTags (per minute)/08FEB2019-15FEB2019/2081_Tag86_14FEB2019-1347_15FEB2019-1503_LB.csv,0.005,,,,,,,,
raw_mcgill_complete,Winter 2019,accelerometer_icetag_raw_csv,.csv,Données completes/Données accelerometres/Winter 2019/Icetag/IceTags_Data/1 week IceTags (per minute)/08FEB2019-15FEB2019/2081_Tag86__08FEB2019-14FEB2019.csv,0.34,,,,,,,,
raw_mcgill_complete,Winter 2019,accelerometer_icetag_raw_csv,.csv,Données completes/Données accelerometres/Winter 2019/Icetag/IceTags_Data/1 week IceTags (per minute)/08FEB2019-15FEB2019/2081_Tag86__08FEB2019-14FEB2019_LB.csv,0.009,,,,,,,,
raw_mcgill_complete,Winter 2019,accelerometer_icetag_raw_csv,.csv,Données completes/Données accelerometres/Winter 2019/Icetag/IceTags_Data/1 week IceTags (per minute)/08FEB2019-15FEB2019/3437_Tag20_08FEB2019-1310_15FEB2019-1342.csv,0.397,,,,,,,,
raw_mcgill_complete,Winter 2019,accelerometer_icetag_raw_csv,.csv,Données completes/Données accelerometres/Winter 2019/Icetag/IceTags_Data/1 week IceTags (per minute)/08FEB2019-15FEB2019/3437_Tag20_08FEB2019-1310_15FEB2019-1342_LB.csv,0.01,,,,,,,,
raw_mcgill_complete,Winter 2019,accelerometer_icetag_raw_csv,.csv,Données completes/Données accelerometres/Winter 2019/Icetag/IceTags_Data/1 week IceTags (per minute)/08FEB2019-15FEB2019/3437_Tag24_15FEB2019-1335_15FEB2019-1451.csv,0.004,,,,,,,,
raw_mcgill_complete,Winter 2019,accelerometer_icetag_raw_csv,.csv,Données completes/Données accelerometres/Winter 2019/Icetag/IceTags_Data/1 week IceTags (per minute)/08FEB2019-15FEB2019/3437_Tag24_15FEB2019-1335_15FEB2019-1451_LB.csv,0.0,,,,,,,,
raw_mcgill_complete,Winter 2019,accelerometer_icetag_raw_csv,.csv,Données completes/Données accelerometres/Winter 2019/Icetag/IceTags_Data/1 week IceTags (per minute)/08FEB2019-15FEB2019/3443_Tag26_08FEB2019-1312_15FEB2019-1343.csv,0.397,,,,,,,,
raw_mcgill_complete,Winter 2019,accelerometer_icetag_raw_csv,.csv,Données completes/Données accelerometres/Winter 2019/Icetag/IceTags_Data/1 week IceTags (per minute)/08FEB2019-15FEB2019/3443_Tag26_08FEB2019-1312_15FEB2019-1343_LB.csv,0.017,,,,,,,,
raw_mcgill_complete,Winter 2019,accelerometer_icetag_raw_csv,.csv,Données completes/Données accelerometres/Winter 2019/Icetag/IceTags_Data/1 week IceTags (per minute)/08FEB2019-15FEB2019/3443_Tag96_15FEB2019-1337_15FEB2019-1452.csv,0.004,,,,,,,,
raw_mcgill_complete,Winter 2019,accelerometer_icetag_raw_csv,.csv,Données completes/Données accelerometres/Winter 2019/Icetag/IceTags_Data/1 week IceTags (per minute)/08FEB2019-15FEB2019/3443_Tag96_15FEB2019-1337_15FEB2019-1452_LB.csv,0.0,,,,,,,,
raw_mcgill_complete,Winter 2019,accelerometer_icetag_raw_csv,.csv,Données completes/Données accelerometres/Winter 2019/Icetag/IceTags_Data/1 week IceTags (per minute)/08FEB2019-15FEB2019/5221_Tag93_08FEB2019-1409_15FEB2019-1502.csv,0.397,,,,,,,,
raw_mcgill_complete,Winter 2019,accelerometer_icetag_raw_csv,.csv,Données completes/Données accelerometres/Winter 2019/Icetag/IceTags_Data/1 week IceTags (per minute)/08FEB2019-15FEB2019/5221_Tag93_08FEB2019-1409_15FEB2019-1502_LB.csv,0.007,,,,,,,,
raw_mcgill_complete,Winter 2019,accelerometer_icetag_raw_csv,.csv,Données completes/Données accelerometres/Winter 2019/Icetag/IceTags_Data/1 week IceTags (per minute)/08FEB2019-15FEB2019/5246_Tag16_08FEB2019-1346_15FEB2019-1503.csv,0.398,,,,,,,,
raw_mcgill_complete,Winter 2019,accelerometer_icetag_raw_csv,.csv,Données completes/Données accelerometres/Winter 2019/Icetag/IceTags_Data/1 week IceTags (per minute)/08FEB2019-15FEB2019/5246_Tag16_08FEB2019-1346_15FEB2019-1503_LB.csv,0.091,,,,,,,,
raw_mcgill_complete,Winter 2019,accelerometer_icetag_raw_csv,.csv,Données completes/Données accelerometres/Winter 2019/Icetag/IceTags_Data/1 week IceTags (per minute)/08FEB2019-15FEB2019/5250_Tag87_08FEB2019-1345_15FEB2019-1501.csv,0.398,,,,,,,,
raw_mcgill_complete,Winter 2019,accelerometer_icetag_raw_csv,.csv,Données completes/Données accelerometres/Winter 2019/Icetag/IceTags_Data/1 week IceTags (per minute)/08FEB2019-15FEB2019/5250_Tag87_08FEB2019-1345_15FEB2019-1501_LB.csv,0.006,,,,,,,,
raw_mcgill_complete,Winter 2019,accelerometer_icetag_raw_csv,.csv,Données completes/Données accelerometres/Winter 2019/Icetag/IceTags_Data/1 week IceTags (per minute)/08FEB2019-15FEB2019/8500_Tag21_08FEB2019-1311_15FEB2019-1342.csv,0.396,,,,,,,,
raw_mcgill_complete,Winter 2019,accelerometer_icetag_raw_csv,.csv,Données completes/Données accelerometres/Winter 2019/Icetag/IceTags_Data/1 week IceTags (per minute)/08FEB2019-15FEB2019/8500_Tag21_08FEB2019-1311_15FEB2019-1342_LB.csv,0.01,,,,,,,,
raw_mcgill_complete,Winter 2019,accelerometer_icetag_raw_csv,.csv,Données completes/Données accelerometres/Winter 2019/Icetag/IceTags_Data/1 week IceTags (per minute)/08FEB2019-15FEB2019/8500_Tag76_15FEB2019-1337_15FEB2019-1451.csv,0.004,,,,,,,,
raw_mcgill_complete,Winter 2019,accelerometer_icetag_raw_csv,.csv,Données completes/Données accelerometres/Winter 2019/Icetag/IceTags_Data/1 week IceTags (per minute)/08FEB2019-15FEB2019/8500_Tag76_15FEB2019-1337_15FEB2019-1451_LB.csv,0.001,,,,,,,,
raw_mcgill_complete,Winter 2019,accelerometer_icetag_raw_csv,.csv,Données completes/Données accelerometres/Winter 2019/Icetag/IceTags_Data/1 week IceTags (per minute)/08FEB2019-15FEB2019/8505_Tag18_08FEB2019-1307_15FEB2019-1339.csv,0.397,,,,,,,,
raw_mcgill_complete,Winter 2019,accelerometer_icetag_raw_csv,.csv,Données completes/Données accelerometres/Winter 2019/Icetag/IceTags_Data/1 week IceTags (per minute)/08FEB2019-15FEB2019/8505_Tag18_08FEB2019-1307_15FEB2019-1339_LB.csv,0.04,,,,,,,,
raw_mcgill_complete,Winter 2019,accelerometer_icetag_raw_csv,.csv,Données completes/Données accelerometres/Winter 2019/Icetag/IceTags_Data/1 week IceTags (per minute)/08FEB2019-15FEB2019/8505_Tag88_15FEB2019-1333_15FEB2019-1449.csv,0.004,,,,,,,,
raw_mcgill_complete,Winter 2019,accelerometer_icetag_raw_csv,.csv,Données completes/Données accelerometres/Winter 2019/Icetag/IceTags_Data/1 week IceTags (per minute)/08FEB2019-15FEB2019/8505_Tag88_15FEB2019-1333_15FEB2019-1449_LB.csv,0.0,,,,,,,,
raw_mcgill_complete,Winter 2019,accelerometer_icetag_raw_csv,.csv,Données completes/Données accelerometres/Winter 2019/Icetag/IceTags_Data/1 week IceTags (per minute)/08FEB2019-15FEB2019/8506_Tag92_08FEB2019-1309_15FEB2019-1340.csv,0.396,,,,,,,,
raw_mcgill_complete,Winter 2019,accelerometer_icetag_raw_csv,.csv,Données completes/Données accelerometres/Winter 2019/Icetag/IceTags_Data/1 week IceTags (per minute)/08FEB2019-15FEB2019/8506_Tag92_08FEB2019-1309_15FEB2019-1340_LB.csv,0.018,,,,,,,,
raw_mcgill_complete,Winter 2019,accelerometer_icetag_raw_csv,.csv,Données completes/Données accelerometres/Winter 2019/Icetag/IceTags_Data/1 week IceTags (per minute)/08FEB2019-15FEB2019/8506_Tag95_15FEB2019-1333_15FEB2019-1449.csv,0.004,,,,,,,,
raw_mcgill_complete,Winter 2019,accelerometer_icetag_raw_csv,.csv,Données completes/Données accelerometres/Winter 2019/Icetag/IceTags_Data/1 week IceTags (per minute)/08FEB2019-15FEB2019/8506_Tag95_15FEB2019-1333_15FEB2019-1449_LB.csv,0.001,,,,,,,,
raw_mcgill_complete,Winter 2019,accelerometer_icetag_raw_csv,.csv,Données completes/Données accelerometres/Winter 2019/Icetag/IceTags_Data/1 week IceTags (per minute)/08FEB2019-15FEB2019/8508_Tag90_15FEB2019-1332_15FEB2019-1449.csv,0.004,,,,,,,,
raw_mcgill_complete,Winter 2019,accelerometer_icetag_raw_csv,.csv,Données completes/Données accelerometres/Winter 2019/Icetag/IceTags_Data/1 week IceTags (per minute)/08FEB2019-15FEB2019/8508_Tag90_15FEB2019-1332_15FEB2019-1449_LB.csv,0.0,,,,,,,,
raw_mcgill_complete,Winter 2019,accelerometer_icetag_raw_csv,.csv,Données completes/Données accelerometres/Winter 2019/Icetag/IceTags_Data/1 week IceTags (per minute)/08FEB2019-15FEB2019/8508_Tag_08FEB2019-1308_15FEB2019-1338.csv,0.396,,,,,,,,
raw_mcgill_complete,Winter 2019,accelerometer_icetag_raw_csv,.csv,Données completes/Données accelerometres/Winter 2019/Icetag/IceTags_Data/1 week IceTags (per minute)/08FEB2019-15FEB2019/8508_Tag_08FEB2019-1308_15FEB2019-1338_LB.csv,0.08,,,,,,,,
raw_mcgill_complete,Winter 2019,accelerometer_icetag_raw_csv,.csv,Données completes/Données accelerometres/Winter 2019/Icetag/IceTags_Data/1 week IceTags (per minute)/08FEB2019-15FEB2019/8510_Tag85_15FEB2019-1334_15FEB2019-1450.csv,0.004,,,,,,,,
raw_mcgill_complete,Winter 2019,accelerometer_icetag_raw_csv,.csv,Données completes/Données accelerometres/Winter 2019/Icetag/IceTags_Data/1 week IceTags (per minute)/08FEB2019-15FEB2019/8510_Tag85_15FEB2019-1334_15FEB2019-1450_LB.csv,0.0,,,,,,,,
raw_mcgill_complete,Winter 2019,accelerometer_icetag_raw_csv,.csv,Données completes/Données accelerometres/Winter 2019/Icetag/IceTags_Data/1 week IceTags (per minute)/08FEB2019-15FEB2019/8510_Tag89_08FEB2019-1309_15FEB2019-1341.csv,0.397,,,,,,,,
raw_mcgill_complete,Winter 2019,accelerometer_icetag_raw_csv,.csv,Données completes/Données accelerometres/Winter 2019/Icetag/IceTags_Data/1 week IceTags (per minute)/08FEB2019-15FEB2019/8510_Tag89_08FEB2019-1309_15FEB2019-1341_LB.csv,0.014,,,,,,,,
raw_mcgill_complete,Winter 2019,accelerometer_icetag_raw_csv,.csv,Données completes/Données accelerometres/Winter 2019/Icetag/IceTags_Data/1 week IceTags (per minute)/08MAR2019-15MAR2019/2047_Tag76_08MAR2019-1355_15MAR2019-1450.csv,0.395,,,,,,,,
raw_mcgill_complete,Winter 2019,accelerometer_icetag_raw_csv,.csv,Données completes/Données accelerometres/Winter 2019/Icetag/IceTags_Data/1 week IceTags (per minute)/08MAR2019-15MAR2019/2047_Tag76_08MAR2019-1355_15MAR2019-1450_LB.csv,0.034,,,,,,,,
raw_mcgill_complete,Winter 2019,accelerometer_icetag_raw_csv,.csv,Données completes/Données accelerometres/Winter 2019/Icetag/IceTags_Data/1 week IceTags (per minute)/08MAR2019-15MAR2019/2056_Tag16_08MAR2019-1442_15MAR2019-1524.csv,0.394,,,,,,,,
raw_mcgill_complete,Winter 2019,accelerometer_icetag_raw_csv,.csv,Données completes/Données accelerometres/Winter 2019/Icetag/IceTags_Data/1 week IceTags (per minute)/08MAR2019-15MAR2019/2056_Tag16_08MAR2019-1442_15MAR2019-1524_LB.csv,0.013,,,,,,,,
raw_mcgill_complete,Winter 2019,accelerometer_icetag_raw_csv,.csv,Données completes/Données accelerometres/Winter 2019/Icetag/IceTags_Data/1 week IceTags (per minute)/08MAR2019-15MAR2019/2063_Tag96_08MAR2019-1357_15MAR2019-1452.csv,0.395,,,,,,,,
raw_mcgill_complete,Winter 2019,accelerometer_icetag_raw_csv,.csv,Données completes/Données accelerometres/Winter 2019/Icetag/IceTags_Data/1 week IceTags (per minute)/08MAR2019-15MAR2019/2063_Tag96_08MAR2019-1357_15MAR2019-1452_LB.csv,0.073,,,,,,,,
raw_mcgill_complete,Winter 2019,accelerometer_icetag_raw_csv,.csv,Données completes/Données accelerometres/Winter 2019/Icetag/IceTags_Data/1 week IceTags (per minute)/08MAR2019-15MAR2019/2069_Tag95_08MAR2019-1357_15MAR2019-1453.csv,0.395,,,,,,,,
raw_mcgill_complete,Winter 2019,accelerometer_icetag_raw_csv,.csv,Données completes/Données accelerometres/Winter 2019/Icetag/IceTags_Data/1 week IceTags (per minute)/08MAR2019-15MAR2019/2069_Tag95_08MAR2019-1357_15MAR2019-1453_LB.csv,0.009,,,,,,,,
raw_mcgill_complete,Winter 2019,accelerometer_icetag_raw_csv,.csv,Données completes/Données accelerometres/Winter 2019/Icetag/IceTags_Data/1 week IceTags (per minute)/08MAR2019-15MAR2019/2081_Tag88_08MAR2019-1356_15MAR2019-1451.csv,0.395,,,,,,,,
raw_mcgill_complete,Winter 2019,accelerometer_icetag_raw_csv,.csv,Données completes/Données accelerometres/Winter 2019/Icetag/IceTags_Data/1 week IceTags (per minute)/08MAR2019-15MAR2019/2081_Tag88_08MAR2019-1356_15MAR2019-1451_LB.csv,0.043,,,,,,,,
raw_mcgill_complete,Winter 2019,accelerometer_icetag_raw_csv,.csv,Données completes/Données accelerometres/Winter 2019/Icetag/IceTags_Data/1 week IceTags (per minute)/08MAR2019-15MAR2019/3437_Tag21_08MAR2019-1258_15MAR2019-1359.csv,0.395,,,,,,,,
raw_mcgill_complete,Winter 2019,accelerometer_icetag_raw_csv,.csv,Données completes/Données accelerometres/Winter 2019/Icetag/IceTags_Data/1 week IceTags (per minute)/08MAR2019-15MAR2019/3437_Tag21_08MAR2019-1258_15MAR2019-1359_LB.csv,0.015,,,,,,,,
raw_mcgill_complete,Winter 2019,accelerometer_icetag_raw_csv,.csv,Données completes/Données accelerometres/Winter 2019/Icetag/IceTags_Data/1 week IceTags (per minute)/08MAR2019-15MAR2019/3443_Tag24_08MAR2019-1304_15MAR2019-1359.csv,0.395,,,,,,,,
raw_mcgill_complete,Winter 2019,accelerometer_icetag_raw_csv,.csv,Données completes/Données accelerometres/Winter 2019/Icetag/IceTags_Data/1 week IceTags (per minute)/08MAR2019-15MAR2019/3443_Tag24_08MAR2019-1304_15MAR2019-1359_LB.csv,0.039,,,,,,,,
raw_mcgill_complete,Winter 2019,accelerometer_icetag_raw_csv,.csv,Données completes/Données accelerometres/Winter 2019/Icetag/IceTags_Data/1 week IceTags (per minute)/08MAR2019-15MAR2019/5221_Tag90_08MAR2019-1354_15MAR2019-1449.csv,0.395,,,,,,,,
raw_mcgill_complete,Winter 2019,accelerometer_icetag_raw_csv,.csv,Données completes/Données accelerometres/Winter 2019/Icetag/IceTags_Data/1 week IceTags (per minute)/08MAR2019-15MAR2019/5221_Tag90_08MAR2019-1354_15MAR2019-1449_LB.csv,0.006,,,,,,,,
raw_mcgill_complete,Winter 2019,accelerometer_icetag_raw_csv,.csv,Données completes/Données accelerometres/Winter 2019/Icetag/IceTags_Data/1 week IceTags (per minute)/08MAR2019-15MAR2019/5246_Tag87_08MAR2019-1355_15MAR2019-1450.csv,0.395,,,,,,,,
raw_mcgill_complete,Winter 2019,accelerometer_icetag_raw_csv,.csv,Données completes/Données accelerometres/Winter 2019/Icetag/IceTags_Data/1 week IceTags (per minute)/08MAR2019-15MAR2019/5246_Tag87_08MAR2019-1355_15MAR2019-1450_LB.csv,0.01,,,,,,,,
raw_mcgill_complete,Winter 2019,accelerometer_icetag_raw_csv,.csv,Données completes/Données accelerometres/Winter 2019/Icetag/IceTags_Data/1 week IceTags (per minute)/08MAR2019-15MAR2019/5250_Tag85_08MAR2019-1354_15MAR2019-1448.csv,0.395,,,,,,,,
raw_mcgill_complete,Winter 2019,accelerometer_icetag_raw_csv,.csv,Données completes/Données accelerometres/Winter 2019/Icetag/IceTags_Data/1 week IceTags (per minute)/08MAR2019-15MAR2019/5250_Tag85_08MAR2019-1354_15MAR2019-1448_LB.csv,0.007,,,,,,,,
raw_mcgill_complete,Winter 2019,accelerometer_icetag_raw_csv,.csv,Données completes/Données accelerometres/Winter 2019/Icetag/IceTags_Data/1 week IceTags (per minute)/08MAR2019-15MAR2019/8500_Tag18_08MAR2019-1259_15MAR2019-1359.csv,0.396,,,,,,,,
raw_mcgill_complete,Winter 2019,accelerometer_icetag_raw_csv,.csv,Données completes/Données accelerometres/Winter 2019/Icetag/IceTags_Data/1 week IceTags (per minute)/08MAR2019-15MAR2019/8500_Tag18_08MAR2019-1259_15MAR2019-1359_LB.csv,0.114,,,,,,,,
raw_mcgill_complete,Winter 2019,accelerometer_icetag_raw_csv,.csv,Données completes/Données accelerometres/Winter 2019/Icetag/IceTags_Data/1 week IceTags (per minute)/08MAR2019-15MAR2019/8505_Tag92_08MAR2019-1256_15MAR2019-1357.csv,0.396,,,,,,,,
raw_mcgill_complete,Winter 2019,accelerometer_icetag_raw_csv,.csv,Données completes/Données accelerometres/Winter 2019/Icetag/IceTags_Data/1 week IceTags (per minute)/08MAR2019-15MAR2019/8505_Tag92_08MAR2019-1256_15MAR2019-1357_LB.csv,0.01,,,,,,,,
raw_mcgill_complete,Winter 2019,accelerometer_icetag_raw_csv,.csv,Données completes/Données accelerometres/Winter 2019/Icetag/IceTags_Data/1 week IceTags (per minute)/08MAR2019-15MAR2019/8506_Tag89_08MAR2019-1256_15MAR2019-1358.csv,0.395,,,,,,,,
raw_mcgill_complete,Winter 2019,accelerometer_icetag_raw_csv,.csv,Données completes/Données accelerometres/Winter 2019/Icetag/IceTags_Data/1 week IceTags (per minute)/08MAR2019-15MAR2019/8506_Tag89_08MAR2019-1256_15MAR2019-1358_LB.csv,0.008,,,,,,,,
raw_mcgill_complete,Winter 2019,accelerometer_icetag_raw_csv,.csv,Données completes/Données accelerometres/Winter 2019/Icetag/IceTags_Data/1 week IceTags (per minute)/08MAR2019-15MAR2019/8508_Tag97_08MAR2019-1256_15MAR2019-1357.csv,0.395,,,,,,,,
raw_mcgill_complete,Winter 2019,accelerometer_icetag_raw_csv,.csv,Données completes/Données accelerometres/Winter 2019/Icetag/IceTags_Data/1 week IceTags (per minute)/08MAR2019-15MAR2019/8508_Tag97_08MAR2019-1256_15MAR2019-1357_LB.csv,0.016,,,,,,,,
raw_mcgill_complete,Winter 2019,accelerometer_icetag_raw_csv,.csv,Données completes/Données accelerometres/Winter 2019/Icetag/IceTags_Data/1 week IceTags (per minute)/08MAR2019-15MAR2019/8510_Tag26_08MAR2019-1257_15MAR2019-1358.csv,0.395,,,,,,,,
raw_mcgill_complete,Winter 2019,accelerometer_icetag_raw_csv,.csv,Données completes/Données accelerometres/Winter 2019/Icetag/IceTags_Data/1 week IceTags (per minute)/08MAR2019-15MAR2019/8510_Tag26_08MAR2019-1257_15MAR2019-1358_LB.csv,0.011,,,,,,,,
raw_mcgill_complete,Winter 2019,accelerometer_icetag_raw_csv,.csv,Données completes/Données accelerometres/Winter 2019/Icetag/IceTags_Data/1 week IceTags (per minute)/12APR2019-17APR2019/2056_Tag24_12APR2019-1200_17APR2019-1033.csv,0.279,,,,,,,,
raw_mcgill_complete,Winter 2019,accelerometer_icetag_raw_csv,.csv,Données completes/Données accelerometres/Winter 2019/Icetag/IceTags_Data/1 week IceTags (per minute)/12APR2019-17APR2019/2056_Tag24_12APR2019-1200_17APR2019-1033_LB.csv,0.028,,,,,,,,
raw_mcgill_complete,Winter 2019,accelerometer_icetag_raw_csv,.csv,Données completes/Données accelerometres/Winter 2019/Icetag/IceTags_Data/1 week IceTags (per minute)/12APR2019-17APR2019/2063_Tag21_12APR2019-1140_17APR2019-1033.csv,0.28,,,,,,,,
raw_mcgill_complete,Winter 2019,accelerometer_icetag_raw_csv,.csv,Données completes/Données accelerometres/Winter 2019/Icetag/IceTags_Data/1 week IceTags (per minute)/12APR2019-17APR2019/2063_Tag21_12APR2019-1140_17APR2019-1033_LB.csv,0.018,,,,,,,,
raw_mcgill_complete,Winter 2019,accelerometer_icetag_raw_csv,.csv,Données completes/Données accelerometres/Winter 2019/Icetag/IceTags_Data/1 week IceTags (per minute)/12APR2019-17APR2019/2069_Tag86_12APR2019-1141_17APR2019-1033.csv,0.28,,,,,,,,
raw_mcgill_complete,Winter 2019,accelerometer_icetag_raw_csv,.csv,Données completes/Données accelerometres/Winter 2019/Icetag/IceTags_Data/1 week IceTags (per minute)/12APR2019-17APR2019/2069_Tag86_12APR2019-1141_17APR2019-1033_LB.csv,0.009,,,,,,,,
raw_mcgill_complete,Winter 2019,accelerometer_icetag_raw_csv,.csv,Données completes/Données accelerometres/Winter 2019/Icetag/IceTags_Data/1 week IceTags (per minute)/12APR2019-17APR2019/2081_Tag91_12APR2019-1140_17APR2019-1032.csv,0.283,,,,,,,,
raw_mcgill_complete,Winter 2019,accelerometer_icetag_raw_csv,.csv,Données completes/Données accelerometres/Winter 2019/Icetag/IceTags_Data/1 week IceTags (per minute)/12APR2019-17APR2019/2081_Tag91_12APR2019-1140_17APR2019-1032_LB.csv,0.02,,,,,,,,
raw_mcgill_complete,Winter 2019,accelerometer_icetag_raw_csv,.csv,Données completes/Données accelerometres/Winter 2019/Icetag/IceTags_Data/1 week IceTags (per minute)/12APR2019-17APR2019/3437_Tag93_12APR2019-1108_17APR2019-1029.csv,0.282,,,,,,,,
raw_mcgill_complete,Winter 2019,accelerometer_icetag_raw_csv,.csv,Données completes/Données accelerometres/Winter 2019/Icetag/IceTags_Data/1 week IceTags (per minute)/12APR2019-17APR2019/3437_Tag93_12APR2019-1108_17APR2019-1029_LB.csv,0.023,,,,,,,,
raw_mcgill_complete,Winter 2019,accelerometer_icetag_raw_csv,.csv,Données completes/Données accelerometres/Winter 2019/Icetag/IceTags_Data/1 week IceTags (per minute)/12APR2019-17APR2019/3443_Tag90_12APR2019-1137_17APR2019-1030.csv,0.28,,,,,,,,
raw_mcgill_complete,Winter 2019,accelerometer_icetag_raw_csv,.csv,Données completes/Données accelerometres/Winter 2019/Icetag/IceTags_Data/1 week IceTags (per minute)/12APR2019-17APR2019/3443_Tag90_12APR2019-1137_17APR2019-1030_LB.csv,0.022,,,,,,,,
raw_mcgill_complete,Winter 2019,accelerometer_icetag_raw_csv,.csv,Données completes/Données accelerometres/Winter 2019/Icetag/IceTags_Data/1 week IceTags (per minute)/12APR2019-17APR2019/5221_Tag87_12APR2019-1138_17APR2019-1031.csv,0.28,,,,,,,,
raw_mcgill_complete,Winter 2019,accelerometer_icetag_raw_csv,.csv,Données completes/Données accelerometres/Winter 2019/Icetag/IceTags_Data/1 week IceTags (per minute)/12APR2019-17APR2019/5221_Tag87_12APR2019-1138_17APR2019-1031_LB.csv,0.005,,,,,,,,
raw_mcgill_complete,Winter 2019,accelerometer_icetag_raw_csv,.csv,Données completes/Données accelerometres/Winter 2019/Icetag/IceTags_Data/1 week IceTags (per minute)/12APR2019-17APR2019/5246_Tag20_12APR2019-1139_17APR2019-1032.csv,0.28,,,,,,,,
raw_mcgill_complete,Winter 2019,accelerometer_icetag_raw_csv,.csv,Données completes/Données accelerometres/Winter 2019/Icetag/IceTags_Data/1 week IceTags (per minute)/12APR2019-17APR2019/5246_Tag20_12APR2019-1139_17APR2019-1032_LB.csv,0.008,,,,,,,,
raw_mcgill_complete,Winter 2019,accelerometer_icetag_raw_csv,.csv,Données completes/Données accelerometres/Winter 2019/Icetag/IceTags_Data/1 week IceTags (per minute)/12APR2019-17APR2019/5250_Tag92_12APR2019-1137_17APR2019-1031.csv,0.28,,,,,,,,
raw_mcgill_complete,Winter 2019,accelerometer_icetag_raw_csv,.csv,Données completes/Données accelerometres/Winter 2019/Icetag/IceTags_Data/1 week IceTags (per minute)/12APR2019-17APR2019/5250_Tag92_12APR2019-1137_17APR2019-1031_LB.csv,0.022,,,,,,,,
raw_mcgill_complete,Winter 2019,accelerometer_icetag_raw_csv,.csv,Données completes/Données accelerometres/Winter 2019/Icetag/IceTags_Data/1 week IceTags (per minute)/12APR2019-17APR2019/8500_Tag76_12APR2019-1111_17APR2019-1031.csv,0.282,,,,,,,,
raw_mcgill_complete,Winter 2019,accelerometer_icetag_raw_csv,.csv,Données completes/Données accelerometres/Winter 2019/Icetag/IceTags_Data/1 week IceTags (per minute)/12APR2019-17APR2019/8500_Tag76_12APR2019-1111_17APR2019-1031_LB.csv,0.046,,,,,,,,
raw_mcgill_complete,Winter 2019,accelerometer_icetag_raw_csv,.csv,Données completes/Données accelerometres/Winter 2019/Icetag/IceTags_Data/1 week IceTags (per minute)/12APR2019-17APR2019/8502_Tag22_12APR2019-1109_17APR2019-1029.csv,0.282,,,,,,,,
raw_mcgill_complete,Winter 2019,accelerometer_icetag_raw_csv,.csv,Données completes/Données accelerometres/Winter 2019/Icetag/IceTags_Data/1 week IceTags (per minute)/12APR2019-17APR2019/8502_Tag22_12APR2019-1109_17APR2019-1029_LB.csv,0.014,,,,,,,,
raw_mcgill_complete,Winter 2019,accelerometer_icetag_raw_csv,.csv,Données completes/Données accelerometres/Winter 2019/Icetag/IceTags_Data/1 week IceTags (per minute)/12APR2019-17APR2019/8505_Tag88_12APR2019-1104_17APR2019-1027.csv,0.282,,,,,,,,
raw_mcgill_complete,Winter 2019,accelerometer_icetag_raw_csv,.csv,Données completes/Données accelerometres/Winter 2019/Icetag/IceTags_Data/1 week IceTags (per minute)/12APR2019-17APR2019/8505_Tag88_12APR2019-1104_17APR2019-1027_LB.csv,0.036,,,,,,,,
raw_mcgill_complete,Winter 2019,accelerometer_icetag_raw_csv,.csv,Données completes/Données accelerometres/Winter 2019/Icetag/IceTags_Data/1 week IceTags (per minute)/12APR2019-17APR2019/8506_Tag97_12APR2019-1105_17APR2019-1028.csv,0.282,,,,,,,,
raw_mcgill_complete,Winter 2019,accelerometer_icetag_raw_csv,.csv,Données completes/Données accelerometres/Winter 2019/Icetag/IceTags_Data/1 week IceTags (per minute)/12APR2019-17APR2019/8506_Tag97_12APR2019-1105_17APR2019-1028_LB.csv,0.017,,,,,,,,
raw_mcgill_complete,Winter 2019,accelerometer_icetag_raw_csv,.csv,Données completes/Données accelerometres/Winter 2019/Icetag/IceTags_Data/1 week IceTags (per minute)/12APR2019-17APR2019/8508_Tag26_12APR2019-1104_17APR2019-1027.csv,0.282,,,,,,,,
raw_mcgill_complete,Winter 2019,accelerometer_icetag_raw_csv,.csv,Données completes/Données accelerometres/Winter 2019/Icetag/IceTags_Data/1 week IceTags (per minute)/12APR2019-17APR2019/8508_Tag26_12APR2019-1104_17APR2019-1027_LB.csv,0.009,,,,,,,,
raw_mcgill_complete,Winter 2019,accelerometer_icetag_raw_csv,.csv,Données completes/Données accelerometres/Winter 2019/Icetag/IceTags_Data/1 week IceTags (per minute)/12APR2019-17APR2019/8510_Tag96_12APR2019-1105_17APR2019-1028.csv,0.281,,,,,,,,
raw_mcgill_complete,Winter 2019,accelerometer_icetag_raw_csv,.csv,Données completes/Données accelerometres/Winter 2019/Icetag/IceTags_Data/1 week IceTags (per minute)/12APR2019-17APR2019/8510_Tag96_12APR2019-1105_17APR2019-1028_LB.csv,0.006,,,,,,,,
raw_mcgill_complete,Winter 2019,accelerometer_icetag_raw_csv,.csv,Données completes/Données accelerometres/Winter 2019/Icetag/IceTags_Data/1 week IceTags (per minute)/15FEB2019-22FEB2019/2047_Tag24_15FEB2019-XX_22FEB2019-XX.csv,0.393,,,,,,,,
raw_mcgill_complete,Winter 2019,accelerometer_icetag_raw_csv,.csv,Données completes/Données accelerometres/Winter 2019/Icetag/IceTags_Data/1 week IceTags (per minute)/15FEB2019-22FEB2019/2047_Tag24_15FEB2019-XX_22FEB2019-XX_LB.csv,0.078,,,,,,,,
raw_mcgill_complete,Winter 2019,accelerometer_icetag_raw_csv,.csv,Données completes/Données accelerometres/Winter 2019/Icetag/IceTags_Data/1 week IceTags (per minute)/15FEB2019-22FEB2019/2056_Tag87_15FEB2019-XX_22FEB2019-1426.csv,0.393,,,,,,,,
raw_mcgill_complete,Winter 2019,accelerometer_icetag_raw_csv,.csv,Données completes/Données accelerometres/Winter 2019/Icetag/IceTags_Data/1 week IceTags (per minute)/15FEB2019-22FEB2019/2056_Tag87_15FEB2019-XX_22FEB2019-1426_LB.csv,0.152,,,,,,,,
raw_mcgill_complete,Winter 2019,accelerometer_icetag_raw_csv,.csv,Données completes/Données accelerometres/Winter 2019/Icetag/IceTags_Data/1 week IceTags (per minute)/15FEB2019-22FEB2019/2063_Tag96_15FEB2019-XX_22FEB2019-1357.csv,0.393,,,,,,,,
raw_mcgill_complete,Winter 2019,accelerometer_icetag_raw_csv,.csv,Données completes/Données accelerometres/Winter 2019/Icetag/IceTags_Data/1 week IceTags (per minute)/15FEB2019-22FEB2019/2063_Tag96_15FEB2019-XX_22FEB2019-1357_LB.csv,0.016,,,,,,,,
raw_mcgill_complete,Winter 2019,accelerometer_icetag_raw_csv,.csv,Données completes/Données accelerometres/Winter 2019/Icetag/IceTags_Data/1 week IceTags (per minute)/15FEB2019-22FEB2019/2069_Tag85_15FEB2019-XX_22FEB2019-1358.csv,0.393,,,,,,,,
raw_mcgill_complete,Winter 2019,accelerometer_icetag_raw_csv,.csv,Données completes/Données accelerometres/Winter 2019/Icetag/IceTags_Data/1 week IceTags (per minute)/15FEB2019-22FEB2019/2069_Tag85_15FEB2019-XX_22FEB2019-1358_LB.csv,0.054,,,,,,,,
raw_mcgill_complete,Winter 2019,accelerometer_icetag_raw_csv,.csv,Données completes/Données accelerometres/Winter 2019/Icetag/IceTags_Data/1 week IceTags (per minute)/15FEB2019-22FEB2019/2081_Tag90_15FEB2019-XX_22FEB2019-1357.csv,0.393,,,,,,,,
raw_mcgill_complete,Winter 2019,accelerometer_icetag_raw_csv,.csv,Données completes/Données accelerometres/Winter 2019/Icetag/IceTags_Data/1 week IceTags (per minute)/15FEB2019-22FEB2019/2081_Tag90_15FEB2019-XX_22FEB2019-1357_LB.csv,0.013,,,,,,,,
raw_mcgill_complete,Winter 2019,accelerometer_icetag_raw_csv,.csv,Données completes/Données accelerometres/Winter 2019/Icetag/IceTags_Data/1 week IceTags (per minute)/15FEB2019-22FEB2019/2083_Tag24_15FEB2019-XX_22FEB2019-1356.csv,0.393,,,,,,,,
raw_mcgill_complete,Winter 2019,accelerometer_icetag_raw_csv,.csv,Données completes/Données accelerometres/Winter 2019/Icetag/IceTags_Data/1 week IceTags (per minute)/15FEB2019-22FEB2019/2083_Tag24_15FEB2019-XX_22FEB2019-1356_LB.csv,0.078,,,,,,,,
raw_mcgill_complete,Winter 2019,accelerometer_icetag_raw_csv,.csv,Données completes/Données accelerometres/Winter 2019/Icetag/IceTags_Data/1 week IceTags (per minute)/15FEB2019-22FEB2019/3437_Tag18_15FEB2019-XX_22FEB2019-1327.csv,0.392,,,,,,,,
raw_mcgill_complete,Winter 2019,accelerometer_icetag_raw_csv,.csv,Données completes/Données accelerometres/Winter 2019/Icetag/IceTags_Data/1 week IceTags (per minute)/15FEB2019-22FEB2019/3437_Tag18_15FEB2019-XX_22FEB2019-1327_LB.csv,0.016,,,,,,,,
raw_mcgill_complete,Winter 2019,accelerometer_icetag_raw_csv,.csv,Données completes/Données accelerometres/Winter 2019/Icetag/IceTags_Data/1 week IceTags (per minute)/15FEB2019-22FEB2019/3443_Tag89_15FEB2019-XX_22FEB2019-1329.csv,0.392,,,,,,,,
raw_mcgill_complete,Winter 2019,accelerometer_icetag_raw_csv,.csv,Données completes/Données accelerometres/Winter 2019/Icetag/IceTags_Data/1 week IceTags (per minute)/15FEB2019-22FEB2019/3443_Tag89_15FEB2019-XX_22FEB2019-1329_LB.csv,0.15,,,,,,,,
raw_mcgill_complete,Winter 2019,accelerometer_icetag_raw_csv,.csv,Données completes/Données accelerometres/Winter 2019/Icetag/IceTags_Data/1 week IceTags (per minute)/15FEB2019-22FEB2019/5221_Tag95_15FEB2019-XX_22FEB2019-1355.csv,0.393,,,,,,,,
raw_mcgill_complete,Winter 2019,accelerometer_icetag_raw_csv,.csv,Données completes/Données accelerometres/Winter 2019/Icetag/IceTags_Data/1 week IceTags (per minute)/15FEB2019-22FEB2019/5221_Tag95_15FEB2019-XX_22FEB2019-1355_LB.csv,0.086,,,,,,,,
raw_mcgill_complete,Winter 2019,accelerometer_icetag_raw_csv,.csv,Données completes/Données accelerometres/Winter 2019/Icetag/IceTags_Data/1 week IceTags (per minute)/15FEB2019-22FEB2019/5246_Tag76_15FEB2019-XX_22FEB2019-1357.csv,0.393,,,,,,,,
raw_mcgill_complete,Winter 2019,accelerometer_icetag_raw_csv,.csv,Données completes/Données accelerometres/Winter 2019/Icetag/IceTags_Data/1 week IceTags (per minute)/15FEB2019-22FEB2019/5246_Tag76_15FEB2019-XX_22FEB2019-1357_LB.csv,0.039,,,,,,,,
raw_mcgill_complete,Winter 2019,accelerometer_icetag_raw_csv,.csv,Données completes/Données accelerometres/Winter 2019/Icetag/IceTags_Data/1 week IceTags (per minute)/15FEB2019-22FEB2019/5250_Tag88_15FEB2019-XX_22FEB2019-1355.csv,0.393,,,,,,,,
raw_mcgill_complete,Winter 2019,accelerometer_icetag_raw_csv,.csv,Données completes/Données accelerometres/Winter 2019/Icetag/IceTags_Data/1 week IceTags (per minute)/15FEB2019-22FEB2019/5250_Tag88_15FEB2019-XX_22FEB2019-1355_LB.csv,0.038,,,,,,,,
raw_mcgill_complete,Winter 2019,accelerometer_icetag_raw_csv,.csv,Données completes/Données accelerometres/Winter 2019/Icetag/IceTags_Data/1 week IceTags (per minute)/15FEB2019-22FEB2019/8500_Tag21_15FEB2019-XX_22FEB2019-1328.csv,0.392,,,,,,,,
raw_mcgill_complete,Winter 2019,accelerometer_icetag_raw_csv,.csv,Données completes/Données accelerometres/Winter 2019/Icetag/IceTags_Data/1 week IceTags (per minute)/15FEB2019-22FEB2019/8500_Tag21_15FEB2019-XX_22FEB2019-1328_LB.csv,0.121,,,,,,,,
raw_mcgill_complete,Winter 2019,accelerometer_icetag_raw_csv,.csv,Données completes/Données accelerometres/Winter 2019/Icetag/IceTags_Data/1 week IceTags (per minute)/15FEB2019-22FEB2019/8505_Tag92_15FEB2019-XX_22FEB2019-1327.csv,0.392,,,,,,,,
raw_mcgill_complete,Winter 2019,accelerometer_icetag_raw_csv,.csv,Données completes/Données accelerometres/Winter 2019/Icetag/IceTags_Data/1 week IceTags (per minute)/15FEB2019-22FEB2019/8505_Tag92_15FEB2019-XX_22FEB2019-1327_LB.csv,0.013,,,,,,,,
raw_mcgill_complete,Winter 2019,accelerometer_icetag_raw_csv,.csv,Données completes/Données accelerometres/Winter 2019/Icetag/IceTags_Data/1 week IceTags (per minute)/15FEB2019-22FEB2019/8506_Tag26_15FEB2019-XX_22FEB2019-1327.csv,0.392,,,,,,,,
raw_mcgill_complete,Winter 2019,accelerometer_icetag_raw_csv,.csv,Données completes/Données accelerometres/Winter 2019/Icetag/IceTags_Data/1 week IceTags (per minute)/15FEB2019-22FEB2019/8506_Tag26_15FEB2019-XX_22FEB2019-1327_LB.csv,0.01,,,,,,,,
raw_mcgill_complete,Winter 2019,accelerometer_icetag_raw_csv,.csv,Données completes/Données accelerometres/Winter 2019/Icetag/IceTags_Data/1 week IceTags (per minute)/15FEB2019-22FEB2019/8508_Tag20_15FEB2019-XX_22FEB2019-1326.csv,0.392,,,,,,,,
raw_mcgill_complete,Winter 2019,accelerometer_icetag_raw_csv,.csv,Données completes/Données accelerometres/Winter 2019/Icetag/IceTags_Data/1 week IceTags (per minute)/15FEB2019-22FEB2019/8508_Tag20_15FEB2019-XX_22FEB2019-1326_LB.csv,0.013,,,,,,,,
raw_mcgill_complete,Winter 2019,accelerometer_icetag_raw_csv,.csv,Données completes/Données accelerometres/Winter 2019/Icetag/IceTags_Data/1 week IceTags (per minute)/15FEB2019-22FEB2019/8510_Tag97_15FEB2019-XX_22FEB2019-1327.csv,0.392,,,,,,,,
raw_mcgill_complete,Winter 2019,accelerometer_icetag_raw_csv,.csv,Données completes/Données accelerometres/Winter 2019/Icetag/IceTags_Data/1 week IceTags (per minute)/15FEB2019-22FEB2019/8510_Tag97_15FEB2019-XX_22FEB2019-1327_LB.csv,0.022,,,,,,,,
raw_mcgill_complete,Winter 2019,accelerometer_icetag_raw_csv,.csv,Données completes/Données accelerometres/Winter 2019/Icetag/IceTags_Data/1 week IceTags (per minute)/15MAR2019-22MAR2019/2047_Tag97_15MAR2019-1445_19MAR2019-0823.csv,0.268,,,,,,,,
raw_mcgill_complete,Winter 2019,accelerometer_icetag_raw_csv,.csv,Données completes/Données accelerometres/Winter 2019/Icetag/IceTags_Data/1 week IceTags (per minute)/15MAR2019-22MAR2019/2047_Tag97_15MAR2019-1445_22MAR2019-0952.csv,0.116,,,,,,,,
raw_mcgill_complete,Winter 2019,accelerometer_icetag_raw_csv,.csv,Données completes/Données accelerometres/Winter 2019/Icetag/IceTags_Data/1 week IceTags (per minute)/15MAR2019-22MAR2019/2047_Tag97_15MAR2019-1445_22MAR2019-0952_LB.csv,0.005,,,,,,,,
raw_mcgill_complete,Winter 2019,accelerometer_icetag_raw_csv,.csv,Données completes/Données accelerometres/Winter 2019/Icetag/IceTags_Data/1 week IceTags (per minute)/15MAR2019-22MAR2019/2047_Tag97_15MAR2019-19MAR2019-0823_LB.csv,0.007,,,,,,,,
raw_mcgill_complete,Winter 2019,accelerometer_icetag_raw_csv,.csv,Données completes/Données accelerometres/Winter 2019/Icetag/IceTags_Data/1 week IceTags (per minute)/15MAR2019-22MAR2019/2056_Tag95_15MAR2019-1514_22MAR2019-1050.csv,0.384,,,,,,,,
raw_mcgill_complete,Winter 2019,accelerometer_icetag_raw_csv,.csv,Données completes/Données accelerometres/Winter 2019/Icetag/IceTags_Data/1 week IceTags (per minute)/15MAR2019-22MAR2019/2056_Tag95_15MAR2019-1514_22MAR2019-1050_LB.csv,0.013,,,,,,,,
raw_mcgill_complete,Winter 2019,accelerometer_icetag_raw_csv,.csv,Données completes/Données accelerometres/Winter 2019/Icetag/IceTags_Data/1 week IceTags (per minute)/15MAR2019-22MAR2019/2063_Tag26_15MAR2019-1447_22MAR2019-0953.csv,0.383,,,,,,,,
raw_mcgill_complete,Winter 2019,accelerometer_icetag_raw_csv,.csv,Données completes/Données accelerometres/Winter 2019/Icetag/IceTags_Data/1 week IceTags (per minute)/15MAR2019-22MAR2019/2063_Tag26_15MAR2019-1447_22MAR2019-0953_LB.csv,0.007,,,,,,,,
raw_mcgill_complete,Winter 2019,accelerometer_icetag_raw_csv,.csv,Données completes/Données accelerometres/Winter 2019/Icetag/IceTags_Data/1 week IceTags (per minute)/15MAR2019-22MAR2019/2081_Tag18_15MAR2019-1446_22MAR2019-1049.csv,0.386,,,,,,,,
raw_mcgill_complete,Winter 2019,accelerometer_icetag_raw_csv,.csv,Données completes/Données accelerometres/Winter 2019/Icetag/IceTags_Data/1 week IceTags (per minute)/15MAR2019-22MAR2019/2081_Tag18_15MAR2019-1446_22MAR2019-1049_LB.csv,0.011,,,,,,,,
raw_mcgill_complete,Winter 2019,accelerometer_icetag_raw_csv,.csv,Données completes/Données accelerometres/Winter 2019/Icetag/IceTags_Data/1 week IceTags (per minute)/15MAR2019-22MAR2019/3437_Tag86_15MAR2019-1353_22MAR2019-1029.csv,0.387,,,,,,,,
raw_mcgill_complete,Winter 2019,accelerometer_icetag_raw_csv,.csv,Données completes/Données accelerometres/Winter 2019/Icetag/IceTags_Data/1 week IceTags (per minute)/15MAR2019-22MAR2019/3437_Tag86_15MAR2019-1353_22MAR2019-1029_LB.csv,0.015,,,,,,,,
raw_mcgill_complete,Winter 2019,accelerometer_icetag_raw_csv,.csv,Données completes/Données accelerometres/Winter 2019/Icetag/IceTags_Data/1 week IceTags (per minute)/15MAR2019-22MAR2019/3443_Tag22_15MAR2019-1355_22MAR2019-1030.csv,0.387,,,,,,,,
raw_mcgill_complete,Winter 2019,accelerometer_icetag_raw_csv,.csv,Données completes/Données accelerometres/Winter 2019/Icetag/IceTags_Data/1 week IceTags (per minute)/15MAR2019-22MAR2019/3443_Tag22_15MAR2019-1355_22MAR2019-1030_LB.csv,0.158,,,,,,,,
raw_mcgill_complete,Winter 2019,accelerometer_icetag_raw_csv,.csv,Données completes/Données accelerometres/Winter 2019/Icetag/IceTags_Data/1 week IceTags (per minute)/15MAR2019-22MAR2019/5221_Tag92_15MAR2019-1445_22MAR2019-0951.csv,0.383,,,,,,,,
raw_mcgill_complete,Winter 2019,accelerometer_icetag_raw_csv,.csv,Données completes/Données accelerometres/Winter 2019/Icetag/IceTags_Data/1 week IceTags (per minute)/15MAR2019-22MAR2019/5221_Tag92_15MAR2019-1445_22MAR2019-0951_LB.csv,0.008,,,,,,,,
raw_mcgill_complete,Winter 2019,accelerometer_icetag_raw_csv,.csv,Données completes/Données accelerometres/Winter 2019/Icetag/IceTags_Data/1 week IceTags (per minute)/15MAR2019-22MAR2019/5246_Tag21_15MAR2019-1446_22MAR2019-1030.csv,0.385,,,,,,,,
raw_mcgill_complete,Winter 2019,accelerometer_icetag_raw_csv,.csv,Données completes/Données accelerometres/Winter 2019/Icetag/IceTags_Data/1 week IceTags (per minute)/15MAR2019-22MAR2019/5246_Tag21_15MAR2019-1446_22MAR2019-1030_LB.csv,0.019,,,,,,,,
raw_mcgill_complete,Winter 2019,accelerometer_icetag_raw_csv,.csv,Données completes/Données accelerometres/Winter 2019/Icetag/IceTags_Data/1 week IceTags (per minute)/15MAR2019-22MAR2019/5250_Tag24_15MAR2019-1444_22MAR2019-1031.csv,0.385,,,,,,,,
raw_mcgill_complete,Winter 2019,accelerometer_icetag_raw_csv,.csv,Données completes/Données accelerometres/Winter 2019/Icetag/IceTags_Data/1 week IceTags (per minute)/15MAR2019-22MAR2019/5250_Tag24_15MAR2019-1444_22MAR2019-1031_LB.csv,0.022,,,,,,,,
raw_mcgill_complete,Winter 2019,accelerometer_icetag_raw_csv,.csv,Données completes/Données accelerometres/Winter 2019/Icetag/IceTags_Data/1 week IceTags (per minute)/15MAR2019-22MAR2019/8500_Tag20_15MAR2019-1354_22MAR2019-0950.csv,0.386,,,,,,,,
raw_mcgill_complete,Winter 2019,accelerometer_icetag_raw_csv,.csv,Données completes/Données accelerometres/Winter 2019/Icetag/IceTags_Data/1 week IceTags (per minute)/15MAR2019-22MAR2019/8500_Tag20_15MAR2019-1354_22MAR2019-0950_LB.csv,0.037,,,,,,,,
raw_mcgill_complete,Winter 2019,accelerometer_icetag_raw_csv,.csv,Données completes/Données accelerometres/Winter 2019/Icetag/IceTags_Data/1 week IceTags (per minute)/15MAR2019-22MAR2019/8505_Tag93_15MAR2019-1351_22MAR2019-0948.csv,0.386,,,,,,,,
raw_mcgill_complete,Winter 2019,accelerometer_icetag_raw_csv,.csv,Données completes/Données accelerometres/Winter 2019/Icetag/IceTags_Data/1 week IceTags (per minute)/15MAR2019-22MAR2019/8505_Tag93_15MAR2019-1351_22MAR2019-0948_LB.csv,0.02,,,,,,,,
raw_mcgill_complete,Winter 2019,accelerometer_icetag_raw_csv,.csv,Données completes/Données accelerometres/Winter 2019/Icetag/IceTags_Data/1 week IceTags (per minute)/15MAR2019-22MAR2019/8506_Tag91_15MAR2019-1351_22MAR2019-0949.csv,0.386,,,,,,,,
raw_mcgill_complete,Winter 2019,accelerometer_icetag_raw_csv,.csv,Données completes/Données accelerometres/Winter 2019/Icetag/IceTags_Data/1 week IceTags (per minute)/15MAR2019-22MAR2019/8506_Tag91_15MAR2019-1351_22MAR2019-0949_LB.csv,0.029,,,,,,,,
raw_mcgill_complete,Winter 2019,accelerometer_icetag_raw_csv,.csv,Données completes/Données accelerometres/Winter 2019/Icetag/IceTags_Data/1 week IceTags (per minute)/15MAR2019-22MAR2019/8508_Tag94_15MAR2019-1351_22MAR2019-1045.csv,0.388,,,,,,,,
raw_mcgill_complete,Winter 2019,accelerometer_icetag_raw_csv,.csv,Données completes/Données accelerometres/Winter 2019/Icetag/IceTags_Data/1 week IceTags (per minute)/15MAR2019-22MAR2019/8508_Tag94_15MAR2019-1351_22MAR2019-1045_LB.csv,0.049,,,,,,,,
raw_mcgill_complete,Winter 2019,accelerometer_icetag_raw_csv,.csv,Données completes/Données accelerometres/Winter 2019/Icetag/IceTags_Data/1 week IceTags (per minute)/15MAR2019-22MAR2019/8510_Tag25_15MAR2019-1352_22MAR2019-1028.csv,0.387,,,,,,,,
raw_mcgill_complete,Winter 2019,accelerometer_icetag_raw_csv,.csv,Données completes/Données accelerometres/Winter 2019/Icetag/IceTags_Data/1 week IceTags (per minute)/15MAR2019-22MAR2019/8510_Tag25_15MAR2019-1352_22MAR2019-1028_LB.csv,0.022,,,,,,,,
raw_mcgill_complete,Winter 2019,accelerometer_icetag_raw_csv,.csv,Données completes/Données accelerometres/Winter 2019/Icetag/IceTags_Data/1 week IceTags (per minute)/16JAN2019-23JAN2019/01-23-19 (Jordan will fix this)/IceTag 50001516 (P)_01-16-2019__15;12;15.csv,23.421,,,,,,,,
raw_mcgill_complete,Winter 2019,accelerometer_icetag_raw_csv,.csv,Données completes/Données accelerometres/Winter 2019/Icetag/IceTags_Data/1 week IceTags (per minute)/16JAN2019-23JAN2019/01-23-19 (Jordan will fix this)/IceTag 50001516 (P)_01-16-2019__15;12;15_LB.csv,0.013,,,,,,,,
raw_mcgill_complete,Winter 2019,accelerometer_icetag_raw_csv,.csv,Données completes/Données accelerometres/Winter 2019/Icetag/IceTags_Data/1 week IceTags (per minute)/16JAN2019-23JAN2019/01-23-19 (Jordan will fix this)/IceTag 50001516 (P)_01-23-2019__13;39;31.csv,0.062,,,,,,,,
raw_mcgill_complete,Winter 2019,accelerometer_icetag_raw_csv,.csv,Données completes/Données accelerometres/Winter 2019/Icetag/IceTags_Data/1 week IceTags (per minute)/16JAN2019-23JAN2019/01-23-19 (Jordan will fix this)/IceTag 50001516 (P)_01-23-2019__13;39;31_LB.csv,0.001,,,,,,,,
raw_mcgill_complete,Winter 2019,accelerometer_icetag_raw_csv,.csv,Données completes/Données accelerometres/Winter 2019/Icetag/IceTags_Data/1 week IceTags (per minute)/16JAN2019-23JAN2019/01-23-19 (Jordan will fix this)/IceTag 50001518 (P)_01-16-2019__15;17;25.csv,23.396,,,,,,,,
raw_mcgill_complete,Winter 2019,accelerometer_icetag_raw_csv,.csv,Données completes/Données accelerometres/Winter 2019/Icetag/IceTags_Data/1 week IceTags (per minute)/16JAN2019-23JAN2019/01-23-19 (Jordan will fix this)/IceTag 50001518 (P)_01-16-2019__15;17;25_LB.csv,0.028,,,,,,,,
raw_mcgill_complete,Winter 2019,accelerometer_icetag_raw_csv,.csv,Données completes/Données accelerometres/Winter 2019/Icetag/IceTags_Data/1 week IceTags (per minute)/16JAN2019-23JAN2019/01-23-19 (Jordan will fix this)/IceTag 50001520 (P)_01-16-2019__15;16;30.csv,23.403,,,,,,,,
raw_mcgill_complete,Winter 2019,accelerometer_icetag_raw_csv,.csv,Données completes/Données accelerometres/Winter 2019/Icetag/IceTags_Data/1 week IceTags (per minute)/16JAN2019-23JAN2019/01-23-19 (Jordan will fix this)/IceTag 50001520 (P)_01-16-2019__15;16;30_LB.csv,0.011,,,,,,,,
raw_mcgill_complete,Winter 2019,accelerometer_icetag_raw_csv,.csv,Données completes/Données accelerometres/Winter 2019/Icetag/IceTags_Data/1 week IceTags (per minute)/16JAN2019-23JAN2019/01-23-19 (Jordan will fix this)/IceTag 50001522 (P)_01-16-2019__15;11;06.csv,23.476,,,,,,,,
raw_mcgill_complete,Winter 2019,accelerometer_icetag_raw_csv,.csv,Données completes/Données accelerometres/Winter 2019/Icetag/IceTags_Data/1 week IceTags (per minute)/16JAN2019-23JAN2019/01-23-19 (Jordan will fix this)/IceTag 50001522 (P)_01-16-2019__15;11;06_LB.csv,0.015,,,,,,,,
raw_mcgill_complete,Winter 2019,accelerometer_icetag_raw_csv,.csv,Données completes/Données accelerometres/Winter 2019/Icetag/IceTags_Data/1 week IceTags (per minute)/16JAN2019-23JAN2019/01-23-19 (Jordan will fix this)/IceTag 50001524 (P)_01-16-2019__15;12;42.csv,23.509,,,,,,,,
raw_mcgill_complete,Winter 2019,accelerometer_icetag_raw_csv,.csv,Données completes/Données accelerometres/Winter 2019/Icetag/IceTags_Data/1 week IceTags (per minute)/16JAN2019-23JAN2019/01-23-19 (Jordan will fix this)/IceTag 50001524 (P)_01-16-2019__15;12;42_LB.csv,0.008,,,,,,,,
raw_mcgill_complete,Winter 2019,accelerometer_icetag_raw_csv,.csv,Données completes/Données accelerometres/Winter 2019/Icetag/IceTags_Data/1 week IceTags (per minute)/16JAN2019-23JAN2019/01-23-19 (Jordan will fix this)/IceTag 50001525 (P)_01-16-2019__15;12;17.csv,23.47,,,,,,,,
raw_mcgill_complete,Winter 2019,accelerometer_icetag_raw_csv,.csv,Données completes/Données accelerometres/Winter 2019/Icetag/IceTags_Data/1 week IceTags (per minute)/16JAN2019-23JAN2019/01-23-19 (Jordan will fix this)/IceTag 50001525 (P)_01-16-2019__15;12;17_LB.csv,0.016,,,,,,,,
raw_mcgill_complete,Winter 2019,accelerometer_icetag_raw_csv,.csv,Données completes/Données accelerometres/Winter 2019/Icetag/IceTags_Data/1 week IceTags (per minute)/16JAN2019-23JAN2019/01-23-19 (Jordan will fix this)/IceTag 50001526 (P)_01-16-2019__15;17;04.csv,23.406,,,,,,,,
raw_mcgill_complete,Winter 2019,accelerometer_icetag_raw_csv,.csv,Données completes/Données accelerometres/Winter 2019/Icetag/IceTags_Data/1 week IceTags (per minute)/16JAN2019-23JAN2019/01-23-19 (Jordan will fix this)/IceTag 50001526 (P)_01-16-2019__15;17;04_LB.csv,0.015,,,,,,,,
raw_mcgill_complete,Winter 2019,accelerometer_icetag_raw_csv,.csv,Données completes/Données accelerometres/Winter 2019/Icetag/IceTags_Data/1 week IceTags (per minute)/16JAN2019-23JAN2019/01-23-19 (Jordan will fix this)/IceTag 50001576 (P)_01-16-2019__15;16;05.csv,23.487,,,,,,,,
raw_mcgill_complete,Winter 2019,accelerometer_icetag_raw_csv,.csv,Données completes/Données accelerometres/Winter 2019/Icetag/IceTags_Data/1 week IceTags (per minute)/16JAN2019-23JAN2019/01-23-19 (Jordan will fix this)/IceTag 50001576 (P)_01-16-2019__15;16;05_LB.csv,0.02,,,,,,,,
raw_mcgill_complete,Winter 2019,accelerometer_icetag_raw_csv,.csv,Données completes/Données accelerometres/Winter 2019/Icetag/IceTags_Data/1 week IceTags (per minute)/16JAN2019-23JAN2019/01-23-19 (Jordan will fix this)/IceTag 50001985 (P)_01-16-2019__15;17;50.csv,23.487,,,,,,,,
raw_mcgill_complete,Winter 2019,accelerometer_icetag_raw_csv,.csv,Données completes/Données accelerometres/Winter 2019/Icetag/IceTags_Data/1 week IceTags (per minute)/16JAN2019-23JAN2019/01-23-19 (Jordan will fix this)/IceTag 50001985 (P)_01-16-2019__15;17;50_LB.csv,0.041,,,,,,,,
raw_mcgill_complete,Winter 2019,accelerometer_icetag_raw_csv,.csv,Données completes/Données accelerometres/Winter 2019/Icetag/IceTags_Data/1 week IceTags (per minute)/16JAN2019-23JAN2019/01-23-19 (Jordan will fix this)/IceTag 50001988 (P)_01-16-2019__15;18;19.csv,23.492,,,,,,,,
raw_mcgill_complete,Winter 2019,accelerometer_icetag_raw_csv,.csv,Données completes/Données accelerometres/Winter 2019/Icetag/IceTags_Data/1 week IceTags (per minute)/16JAN2019-23JAN2019/01-23-19 (Jordan will fix this)/IceTag 50001988 (P)_01-16-2019__15;18;19_LB.csv,0.013,,,,,,,,
raw_mcgill_complete,Winter 2019,accelerometer_icetag_raw_csv,.csv,Données completes/Données accelerometres/Winter 2019/Icetag/IceTags_Data/1 week IceTags (per minute)/16JAN2019-23JAN2019/01-23-19 (Jordan will fix this)/IceTag 50001990 (P)_01-16-2019__15;18;08.csv,23.509,,,,,,,,
raw_mcgill_complete,Winter 2019,accelerometer_icetag_raw_csv,.csv,Données completes/Données accelerometres/Winter 2019/Icetag/IceTags_Data/1 week IceTags (per minute)/16JAN2019-23JAN2019/01-23-19 (Jordan will fix this)/IceTag 50001990 (P)_01-16-2019__15;18;08_LB.csv,0.155,,,,,,,,
raw_mcgill_complete,Winter 2019,accelerometer_icetag_raw_csv,.csv,Données completes/Données accelerometres/Winter 2019/Icetag/IceTags_Data/1 week IceTags (per minute)/16JAN2019-23JAN2019/01-23-19 (Jordan will fix this)/IceTag 50001991 (P)_01-17-2019__08;23;47.csv,21.114,,,,,,,,
raw_mcgill_complete,Winter 2019,accelerometer_icetag_raw_csv,.csv,Données completes/Données accelerometres/Winter 2019/Icetag/IceTags_Data/1 week IceTags (per minute)/16JAN2019-23JAN2019/01-23-19 (Jordan will fix this)/IceTag 50001991 (P)_01-17-2019__08;23;47_LB.csv,0.014,,,,,,,,
raw_mcgill_complete,Winter 2019,accelerometer_icetag_raw_csv,.csv,Données completes/Données accelerometres/Winter 2019/Icetag/IceTags_Data/1 week IceTags (per minute)/16JAN2019-23JAN2019/01-23-19 (Jordan will fix this)/IceTag 50001993 (P)_01-16-2019__15;18;06.csv,23.411,,,,,,,,
raw_mcgill_complete,Winter 2019,accelerometer_icetag_raw_csv,.csv,Données completes/Données accelerometres/Winter 2019/Icetag/IceTags_Data/1 week IceTags (per minute)/16JAN2019-23JAN2019/01-23-19 (Jordan will fix this)/IceTag 50001993 (P)_01-16-2019__15;18;06_LB.csv,0.038,,,,,,,,
raw_mcgill_complete,Winter 2019,accelerometer_icetag_raw_csv,.csv,Données completes/Données accelerometres/Winter 2019/Icetag/IceTags_Data/1 week IceTags (per minute)/16JAN2019-23JAN2019/01-23-19 (Jordan will fix this)/IceTag 50001994 (P)_01-16-2019__15;07;23.csv,23.397,,,,,,,,
raw_mcgill_complete,Winter 2019,accelerometer_icetag_raw_csv,.csv,Données completes/Données accelerometres/Winter 2019/Icetag/IceTags_Data/1 week IceTags (per minute)/16JAN2019-23JAN2019/01-23-19 (Jordan will fix this)/IceTag 50001994 (P)_01-16-2019__15;07;23_LB.csv,0.047,,,,,,,,
raw_mcgill_complete,Winter 2019,accelerometer_icetag_raw_csv,.csv,Données completes/Données accelerometres/Winter 2019/Icetag/IceTags_Data/1 week IceTags (per minute)/16JAN2019-23JAN2019/01-23-19 (Jordan will fix this)/IceTag 50001995 (P)_01-16-2019__15;18;13.csv,23.5,,,,,,,,
raw_mcgill_complete,Winter 2019,accelerometer_icetag_raw_csv,.csv,Données completes/Données accelerometres/Winter 2019/Icetag/IceTags_Data/1 week IceTags (per minute)/16JAN2019-23JAN2019/01-23-19 (Jordan will fix this)/IceTag 50001995 (P)_01-16-2019__15;18;13_LB.csv,0.015,,,,,,,,
raw_mcgill_complete,Winter 2019,accelerometer_icetag_raw_csv,.csv,Données completes/Données accelerometres/Winter 2019/Icetag/IceTags_Data/1 week IceTags (per minute)/16JAN2019-23JAN2019/2047_Tag1985_16JAN2019-XXXX_23JAN2019-1401.csv,0.392,,,,,,,,
raw_mcgill_complete,Winter 2019,accelerometer_icetag_raw_csv,.csv,Données completes/Données accelerometres/Winter 2019/Icetag/IceTags_Data/1 week IceTags (per minute)/16JAN2019-23JAN2019/2047_Tag1985_16JAN2019-XXXX_23JAN2019-1401_LB.csv,0.041,,,,,,,,
raw_mcgill_complete,Winter 2019,accelerometer_icetag_raw_csv,.csv,Données completes/Données accelerometres/Winter 2019/Icetag/IceTags_Data/1 week IceTags (per minute)/16JAN2019-23JAN2019/2056_Tag1518_16JAN2019-XXXX_23JAN2019-1308.csv,0.39,,,,,,,,
raw_mcgill_complete,Winter 2019,accelerometer_icetag_raw_csv,.csv,Données completes/Données accelerometres/Winter 2019/Icetag/IceTags_Data/1 week IceTags (per minute)/16JAN2019-23JAN2019/2056_Tag1518_16JAN2019-XXXX_23JAN2019-1308_LB.csv,0.028,,,,,,,,
raw_mcgill_complete,Winter 2019,accelerometer_icetag_raw_csv,.csv,Données completes/Données accelerometres/Winter 2019/Icetag/IceTags_Data/1 week IceTags (per minute)/16JAN2019-23JAN2019/2063_Tag1995_16JAN2019-XXXX_23JAN2019-1402.csv,0.392,,,,,,,,
raw_mcgill_complete,Winter 2019,accelerometer_icetag_raw_csv,.csv,Données completes/Données accelerometres/Winter 2019/Icetag/IceTags_Data/1 week IceTags (per minute)/16JAN2019-23JAN2019/2063_Tag1995_16JAN2019-XXXX_23JAN2019-1402_LB.csv,0.015,,,,,,,,
raw_mcgill_complete,Winter 2019,accelerometer_icetag_raw_csv,.csv,Données completes/Données accelerometres/Winter 2019/Icetag/IceTags_Data/1 week IceTags (per minute)/16JAN2019-23JAN2019/2069_Tag1524_16JAN2019-XXXX_23JAN2019-1403.csv,0.392,,,,,,,,
raw_mcgill_complete,Winter 2019,accelerometer_icetag_raw_csv,.csv,Données completes/Données accelerometres/Winter 2019/Icetag/IceTags_Data/1 week IceTags (per minute)/16JAN2019-23JAN2019/2069_Tag1524_16JAN2019-XXXX_23JAN2019-1403_LB.csv,0.008,,,,,,,,
raw_mcgill_complete,Winter 2019,accelerometer_icetag_raw_csv,.csv,Données completes/Données accelerometres/Winter 2019/Icetag/IceTags_Data/1 week IceTags (per minute)/16JAN2019-23JAN2019/2081_Tag1994_16JAN2019-XXXX_23JAN2019-1307.csv,0.39,,,,,,,,
raw_mcgill_complete,Winter 2019,accelerometer_icetag_raw_csv,.csv,Données completes/Données accelerometres/Winter 2019/Icetag/IceTags_Data/1 week IceTags (per minute)/16JAN2019-23JAN2019/2081_Tag1994_16JAN2019-XXXX_23JAN2019-1307_LB.csv,0.047,,,,,,,,
raw_mcgill_complete,Winter 2019,accelerometer_icetag_raw_csv,.csv,Données completes/Données accelerometres/Winter 2019/Icetag/IceTags_Data/1 week IceTags (per minute)/16JAN2019-23JAN2019/3437_Tag1526_16JAN2019-XXXX_23JAN2019-1301.csv,0.391,,,,,,,,
raw_mcgill_complete,Winter 2019,accelerometer_icetag_raw_csv,.csv,Données completes/Données accelerometres/Winter 2019/Icetag/IceTags_Data/1 week IceTags (per minute)/16JAN2019-23JAN2019/3437_Tag1526_16JAN2019-XXXX_23JAN2019-1301_LB.csv,0.015,,,,,,,,
raw_mcgill_complete,Winter 2019,accelerometer_icetag_raw_csv,.csv,Données completes/Données accelerometres/Winter 2019/Icetag/IceTags_Data/1 week IceTags (per minute)/16JAN2019-23JAN2019/3443_Tag1993_16JAN2019-XXXX_23JAN2019-1302.csv,0.391,,,,,,,,
raw_mcgill_complete,Winter 2019,accelerometer_icetag_raw_csv,.csv,Données completes/Données accelerometres/Winter 2019/Icetag/IceTags_Data/1 week IceTags (per minute)/16JAN2019-23JAN2019/3443_Tag1993_16JAN2019-XXXX_23JAN2019-1302_LB.csv,0.038,,,,,,,,
raw_mcgill_complete,Winter 2019,accelerometer_icetag_raw_csv,.csv,Données completes/Données accelerometres/Winter 2019/Icetag/IceTags_Data/1 week IceTags (per minute)/16JAN2019-23JAN2019/5221_Tag1576_16JAN2019-XXXX_23JAN2019-1359.csv,0.392,,,,,,,,
raw_mcgill_complete,Winter 2019,accelerometer_icetag_raw_csv,.csv,Données completes/Données accelerometres/Winter 2019/Icetag/IceTags_Data/1 week IceTags (per minute)/16JAN2019-23JAN2019/5221_Tag1576_16JAN2019-XXXX_23JAN2019-1359_LB.csv,0.02,,,,,,,,
raw_mcgill_complete,Winter 2019,accelerometer_icetag_raw_csv,.csv,Données completes/Données accelerometres/Winter 2019/Icetag/IceTags_Data/1 week IceTags (per minute)/16JAN2019-23JAN2019/5250_Tag1520_16JAN2019-XXXX_23JAN2019-1303.csv,0.391,,,,,,,,
raw_mcgill_complete,Winter 2019,accelerometer_icetag_raw_csv,.csv,Données completes/Données accelerometres/Winter 2019/Icetag/IceTags_Data/1 week IceTags (per minute)/16JAN2019-23JAN2019/5250_Tag1520_16JAN2019-XXXX_23JAN2019-1303_LB.csv,0.011,,,,,,,,
raw_mcgill_complete,Winter 2019,accelerometer_icetag_raw_csv,.csv,Données completes/Données accelerometres/Winter 2019/Icetag/IceTags_Data/1 week IceTags (per minute)/16JAN2019-23JAN2019/8500_Tag1990_16JAN2019-XXXX_23JAN2019-1346.csv,0.392,,,,,,,,
raw_mcgill_complete,Winter 2019,accelerometer_icetag_raw_csv,.csv,Données completes/Données accelerometres/Winter 2019/Icetag/IceTags_Data/1 week IceTags (per minute)/16JAN2019-23JAN2019/8500_Tag1990_16JAN2019-XXXX_23JAN2019-1346_LB.csv,0.155,,,,,,,,
raw_mcgill_complete,Winter 2019,accelerometer_icetag_raw_csv,.csv,Données completes/Données accelerometres/Winter 2019/Icetag/IceTags_Data/1 week IceTags (per minute)/16JAN2019-23JAN2019/8502_Tag1988_16JAN2019-XXXX_23JAN2019-XXXX.csv,0.392,,,,,,,,
raw_mcgill_complete,Winter 2019,accelerometer_icetag_raw_csv,.csv,Données completes/Données accelerometres/Winter 2019/Icetag/IceTags_Data/1 week IceTags (per minute)/16JAN2019-23JAN2019/8502_Tag1988_16JAN2019-XXXX_23JAN2019-XXXX_LB.csv,0.013,,,,,,,,
raw_mcgill_complete,Winter 2019,accelerometer_icetag_raw_csv,.csv,Données completes/Données accelerometres/Winter 2019/Icetag/IceTags_Data/1 week IceTags (per minute)/16JAN2019-23JAN2019/8505_Tag1522_16JAN2019-XXXX_23JAN2019-1351.csv,0.392,,,,,,,,
raw_mcgill_complete,Winter 2019,accelerometer_icetag_raw_csv,.csv,Données completes/Données accelerometres/Winter 2019/Icetag/IceTags_Data/1 week IceTags (per minute)/16JAN2019-23JAN2019/8505_Tag1522_16JAN2019-XXXX_23JAN2019-1351_LB.csv,0.015,,,,,,,,
raw_mcgill_complete,Winter 2019,accelerometer_icetag_raw_csv,.csv,Données completes/Données accelerometres/Winter 2019/Icetag/IceTags_Data/1 week IceTags (per minute)/16JAN2019-23JAN2019/8506_Tag1525_17JAN2019-0845_23JAN2019-1349.csv,0.392,,,,,,,,
raw_mcgill_complete,Winter 2019,accelerometer_icetag_raw_csv,.csv,Données completes/Données accelerometres/Winter 2019/Icetag/IceTags_Data/1 week IceTags (per minute)/16JAN2019-23JAN2019/8506_Tag1525_17JAN2019-0845_23JAN2019-1349_LB.csv,0.016,,,,,,,,
raw_mcgill_complete,Winter 2019,accelerometer_icetag_raw_csv,.csv,Données completes/Données accelerometres/Winter 2019/Icetag/IceTags_Data/1 week IceTags (per minute)/16JAN2019-23JAN2019/8508_Tag1516_16JAN2019-XXXX_23JAN2019-1300.csv,0.391,,,,,,,,
raw_mcgill_complete,Winter 2019,accelerometer_icetag_raw_csv,.csv,Données completes/Données accelerometres/Winter 2019/Icetag/IceTags_Data/1 week IceTags (per minute)/16JAN2019-23JAN2019/8508_Tag1516_16JAN2019-XXXX_23JAN2019-1300_LB.csv,0.013,,,,,,,,
raw_mcgill_complete,Winter 2019,accelerometer_icetag_raw_csv,.csv,Données completes/Données accelerometres/Winter 2019/Icetag/IceTags_Data/1 week IceTags (per minute)/16JAN2019-23JAN2019/8510_Tag1991_17JAN2019-XXXX_23JAN2019-XXXX.csv,0.352,,,,,,,,
raw_mcgill_complete,Winter 2019,accelerometer_icetag_raw_csv,.csv,Données completes/Données accelerometres/Winter 2019/Icetag/IceTags_Data/1 week IceTags (per minute)/16JAN2019-23JAN2019/8510_Tag1991_17JAN2019-XXXX_23JAN2019-XXXX_LB.csv,0.014,,,,,,,,
raw_mcgill_complete,Winter 2019,accelerometer_icetag_raw_csv,.csv,Données completes/Données accelerometres/Winter 2019/Icetag/IceTags_Data/1 week IceTags (per minute)/22FEB2019-01MAR2019/2047_Tag26_22FEB2019-1351_01MAR2019-1353.csv,0.395,,,,,,,,
raw_mcgill_complete,Winter 2019,accelerometer_icetag_raw_csv,.csv,Données completes/Données accelerometres/Winter 2019/Icetag/IceTags_Data/1 week IceTags (per minute)/22FEB2019-01MAR2019/2047_Tag26_22FEB2019-1351_01MAR2019-1353_LB.csv,0.111,,,,,,,,
raw_mcgill_complete,Winter 2019,accelerometer_icetag_raw_csv,.csv,Données completes/Données accelerometres/Winter 2019/Icetag/IceTags_Data/1 week IceTags (per minute)/22FEB2019-01MAR2019/2056_Tag24_22FEB2019-1422_01MAR2019-1413.csv,0.395,,,,,,,,
raw_mcgill_complete,Winter 2019,accelerometer_icetag_raw_csv,.csv,Données completes/Données accelerometres/Winter 2019/Icetag/IceTags_Data/1 week IceTags (per minute)/22FEB2019-01MAR2019/2056_Tag24_22FEB2019-1422_01MAR2019-1413_LB.csv,0.021,,,,,,,,
raw_mcgill_complete,Winter 2019,accelerometer_icetag_raw_csv,.csv,Données completes/Données accelerometres/Winter 2019/Icetag/IceTags_Data/1 week IceTags (per minute)/22FEB2019-01MAR2019/2063_Tag20_22FEB2019-1353_01MAR2019-1355.csv,0.395,,,,,,,,
raw_mcgill_complete,Winter 2019,accelerometer_icetag_raw_csv,.csv,Données completes/Données accelerometres/Winter 2019/Icetag/IceTags_Data/1 week IceTags (per minute)/22FEB2019-01MAR2019/2063_Tag20_22FEB2019-1353_01MAR2019-1355_LB.csv,0.032,,,,,,,,
raw_mcgill_complete,Winter 2019,accelerometer_icetag_raw_csv,.csv,Données completes/Données accelerometres/Winter 2019/Icetag/IceTags_Data/1 week IceTags (per minute)/22FEB2019-01MAR2019/2069_Tag21_22FEB2019-1353_01MAR2019-1413.csv,0.396,,,,,,,,
raw_mcgill_complete,Winter 2019,accelerometer_icetag_raw_csv,.csv,Données completes/Données accelerometres/Winter 2019/Icetag/IceTags_Data/1 week IceTags (per minute)/22FEB2019-01MAR2019/2069_Tag21_22FEB2019-1353_01MAR2019-1413_LB.csv,0.011,,,,,,,,
raw_mcgill_complete,Winter 2019,accelerometer_icetag_raw_csv,.csv,Données completes/Données accelerometres/Winter 2019/Icetag/IceTags_Data/1 week IceTags (per minute)/22FEB2019-01MAR2019/2081_Tag18_22FEB2019-1353_01MAR2019-1355.csv,0.395,,,,,,,,
raw_mcgill_complete,Winter 2019,accelerometer_icetag_raw_csv,.csv,Données completes/Données accelerometres/Winter 2019/Icetag/IceTags_Data/1 week IceTags (per minute)/22FEB2019-01MAR2019/2081_Tag18_22FEB2019-1353_01MAR2019-1355_LB.csv,0.011,,,,,,,,
raw_mcgill_complete,Winter 2019,accelerometer_icetag_raw_csv,.csv,Données completes/Données accelerometres/Winter 2019/Icetag/IceTags_Data/1 week IceTags (per minute)/22FEB2019-01MAR2019/3443_Tag22_22FEB2019-1325_01MAR2019-1312.csv,0.395,,,,,,,,
raw_mcgill_complete,Winter 2019,accelerometer_icetag_raw_csv,.csv,Données completes/Données accelerometres/Winter 2019/Icetag/IceTags_Data/1 week IceTags (per minute)/22FEB2019-01MAR2019/3443_Tag22_22FEB2019-1325_01MAR2019-1312_LB.csv,0.012,,,,,,,,
raw_mcgill_complete,Winter 2019,accelerometer_icetag_raw_csv,.csv,Données completes/Données accelerometres/Winter 2019/Icetag/IceTags_Data/1 week IceTags (per minute)/22FEB2019-01MAR2019/5221_Tag89_22FEB2019-1350_01MAR2019-1353.csv,0.395,,,,,,,,
raw_mcgill_complete,Winter 2019,accelerometer_icetag_raw_csv,.csv,Données completes/Données accelerometres/Winter 2019/Icetag/IceTags_Data/1 week IceTags (per minute)/22FEB2019-01MAR2019/5221_Tag89_22FEB2019-1350_01MAR2019-1353_LB.csv,0.007,,,,,,,,
raw_mcgill_complete,Winter 2019,accelerometer_icetag_raw_csv,.csv,Données completes/Données accelerometres/Winter 2019/Icetag/IceTags_Data/1 week IceTags (per minute)/22FEB2019-01MAR2019/5246_Tag92_22FEB2019-1352_01MAR2019-1354.csv,0.395,,,,,,,,
raw_mcgill_complete,Winter 2019,accelerometer_icetag_raw_csv,.csv,Données completes/Données accelerometres/Winter 2019/Icetag/IceTags_Data/1 week IceTags (per minute)/22FEB2019-01MAR2019/5246_Tag92_22FEB2019-1352_01MAR2019-1354_LB.csv,0.064,,,,,,,,
raw_mcgill_complete,Winter 2019,accelerometer_icetag_raw_csv,.csv,Données completes/Données accelerometres/Winter 2019/Icetag/IceTags_Data/1 week IceTags (per minute)/22FEB2019-01MAR2019/5250_Tag97_22FEB2019-1350_01MAR2019-1351.csv,0.395,,,,,,,,
raw_mcgill_complete,Winter 2019,accelerometer_icetag_raw_csv,.csv,Données completes/Données accelerometres/Winter 2019/Icetag/IceTags_Data/1 week IceTags (per minute)/22FEB2019-01MAR2019/5250_Tag97_22FEB2019-1350_01MAR2019-1351_LB.csv,0.011,,,,,,,,
raw_mcgill_complete,Winter 2019,accelerometer_icetag_raw_csv,.csv,Données completes/Données accelerometres/Winter 2019/Icetag/IceTags_Data/1 week IceTags (per minute)/22FEB2019-01MAR2019/8500_Tag93_22FEB2019-1324_01MAR2019-1311.csv,0.395,,,,,,,,
raw_mcgill_complete,Winter 2019,accelerometer_icetag_raw_csv,.csv,Données completes/Données accelerometres/Winter 2019/Icetag/IceTags_Data/1 week IceTags (per minute)/22FEB2019-01MAR2019/8500_Tag93_22FEB2019-1324_01MAR2019-1311_LB.csv,0.144,,,,,,,,
raw_mcgill_complete,Winter 2019,accelerometer_icetag_raw_csv,.csv,Données completes/Données accelerometres/Winter 2019/Icetag/IceTags_Data/1 week IceTags (per minute)/22FEB2019-01MAR2019/8505_Tag91_22FEB2019-1322_01MAR2019-1306.csv,0.395,,,,,,,,
raw_mcgill_complete,Winter 2019,accelerometer_icetag_raw_csv,.csv,Données completes/Données accelerometres/Winter 2019/Icetag/IceTags_Data/1 week IceTags (per minute)/22FEB2019-01MAR2019/8505_Tag91_22FEB2019-1322_01MAR2019-1306_LB.csv,0.01,,,,,,,,
raw_mcgill_complete,Winter 2019,accelerometer_icetag_raw_csv,.csv,Données completes/Données accelerometres/Winter 2019/Icetag/IceTags_Data/1 week IceTags (per minute)/22FEB2019-01MAR2019/8506_Tag94_22FEB2019-1322_01MAR2019-1307.csv,0.394,,,,,,,,
raw_mcgill_complete,Winter 2019,accelerometer_icetag_raw_csv,.csv,Données completes/Données accelerometres/Winter 2019/Icetag/IceTags_Data/1 week IceTags (per minute)/22FEB2019-01MAR2019/8506_Tag94_22FEB2019-1322_01MAR2019-1307_LB.csv,0.038,,,,,,,,
raw_mcgill_complete,Winter 2019,accelerometer_icetag_raw_csv,.csv,Données completes/Données accelerometres/Winter 2019/Icetag/IceTags_Data/1 week IceTags (per minute)/22FEB2019-01MAR2019/8508_Tag16_22FEB2019-1321_01MAR2019-1306.csv,0.395,,,,,,,,
raw_mcgill_complete,Winter 2019,accelerometer_icetag_raw_csv,.csv,Données completes/Données accelerometres/Winter 2019/Icetag/IceTags_Data/1 week IceTags (per minute)/22FEB2019-01MAR2019/8508_Tag16_22FEB2019-1321_01MAR2019-1306_LB.csv,0.009,,,,,,,,
raw_mcgill_complete,Winter 2019,accelerometer_icetag_raw_csv,.csv,Données completes/Données accelerometres/Winter 2019/Icetag/IceTags_Data/1 week IceTags (per minute)/22FEB2019-01MAR2019/8510_Tag86_22FEB2019-1322_01MAR2019-1308.csv,0.395,,,,,,,,
raw_mcgill_complete,Winter 2019,accelerometer_icetag_raw_csv,.csv,Données completes/Données accelerometres/Winter 2019/Icetag/IceTags_Data/1 week IceTags (per minute)/22FEB2019-01MAR2019/8510_Tag86_22FEB2019-1322_01MAR2019-1308_LB.csv,0.017,,,,,,,,
raw_mcgill_complete,Winter 2019,accelerometer_icetag_raw_csv,.csv,Données completes/Données accelerometres/Winter 2019/Icetag/IceTags_Data/1 week IceTags (per minute)/22MAR2019-29MAR2019/2056_Tag86_22MAR2019-1047_29MAR2019-1442.csv,0.404,,,,,,,,
raw_mcgill_complete,Winter 2019,accelerometer_icetag_raw_csv,.csv,Données completes/Données accelerometres/Winter 2019/Icetag/IceTags_Data/1 week IceTags (per minute)/22MAR2019-29MAR2019/2056_Tag86_22MAR2019-1047_29MAR2019-1442_LB.csv,0.02,,,,,,,,
raw_mcgill_complete,Winter 2019,accelerometer_icetag_raw_csv,.csv,Données completes/Données accelerometres/Winter 2019/Icetag/IceTags_Data/1 week IceTags (per minute)/22MAR2019-29MAR2019/2063_Tag87_22MAR2019-0947_29MAR2019-1415.csv,0.406,,,,,,,,
raw_mcgill_complete,Winter 2019,accelerometer_icetag_raw_csv,.csv,Données completes/Données accelerometres/Winter 2019/Icetag/IceTags_Data/1 week IceTags (per minute)/22MAR2019-29MAR2019/2063_Tag87_22MAR2019-0947_29MAR2019-1415_LB.csv,0.183,,,,,,,,
raw_mcgill_complete,Winter 2019,accelerometer_icetag_raw_csv,.csv,Données completes/Données accelerometres/Winter 2019/Icetag/IceTags_Data/1 week IceTags (per minute)/22MAR2019-29MAR2019/2069_Tag89_22MAR2019-1050_29MAR2019-1442.csv,0.788,,,,,,,,
raw_mcgill_complete,Winter 2019,accelerometer_icetag_raw_csv,.csv,Données completes/Données accelerometres/Winter 2019/Icetag/IceTags_Data/1 week IceTags (per minute)/22MAR2019-29MAR2019/2069_Tag89_22MAR2019-1050_29MAR2019-1442_LB.csv,0.015,,,,,,,,
raw_mcgill_complete,Winter 2019,accelerometer_icetag_raw_csv,.csv,Données completes/Données accelerometres/Winter 2019/Icetag/IceTags_Data/1 week IceTags (per minute)/22MAR2019-29MAR2019/2081_Tag21_22MAR2019-1046_29MAR2019-1415.csv,0.403,,,,,,,,
raw_mcgill_complete,Winter 2019,accelerometer_icetag_raw_csv,.csv,Données completes/Données accelerometres/Winter 2019/Icetag/IceTags_Data/1 week IceTags (per minute)/22MAR2019-29MAR2019/2081_Tag21_22MAR2019-1046_29MAR2019-1415_LB.csv,0.013,,,,,,,,
raw_mcgill_complete,Winter 2019,accelerometer_icetag_raw_csv,.csv,Données completes/Données accelerometres/Winter 2019/Icetag/IceTags_Data/1 week IceTags (per minute)/22MAR2019-29MAR2019/3437_Tag93_22MAR2019-1027_29MAR2019-1317.csv,0.403,,,,,,,,
raw_mcgill_complete,Winter 2019,accelerometer_icetag_raw_csv,.csv,Données completes/Données accelerometres/Winter 2019/Icetag/IceTags_Data/1 week IceTags (per minute)/22MAR2019-29MAR2019/3437_Tag93_22MAR2019-1027_29MAR2019-1317_LB.csv,0.022,,,,,,,,
raw_mcgill_complete,Winter 2019,accelerometer_icetag_raw_csv,.csv,Données completes/Données accelerometres/Winter 2019/Icetag/IceTags_Data/1 week IceTags (per minute)/22MAR2019-29MAR2019/3443_Tag20_22MAR2019-1024_29MAR2019-1409.csv,0.404,,,,,,,,
raw_mcgill_complete,Winter 2019,accelerometer_icetag_raw_csv,.csv,Données completes/Données accelerometres/Winter 2019/Icetag/IceTags_Data/1 week IceTags (per minute)/22MAR2019-29MAR2019/3443_Tag20_22MAR2019-1024_29MAR2019-1409_LB.csv,0.008,,,,,,,,
raw_mcgill_complete,Winter 2019,accelerometer_icetag_raw_csv,.csv,Données completes/Données accelerometres/Winter 2019/Icetag/IceTags_Data/1 week IceTags (per minute)/22MAR2019-29MAR2019/5221_Tag96_22MAR2019-0945_29MAR2019-1410.csv,0.406,,,,,,,,
raw_mcgill_complete,Winter 2019,accelerometer_icetag_raw_csv,.csv,Données completes/Données accelerometres/Winter 2019/Icetag/IceTags_Data/1 week IceTags (per minute)/22MAR2019-29MAR2019/5221_Tag96_22MAR2019-0945_29MAR2019-1410_LB.csv,0.01,,,,,,,,
raw_mcgill_complete,Winter 2019,accelerometer_icetag_raw_csv,.csv,Données completes/Données accelerometres/Winter 2019/Icetag/IceTags_Data/1 week IceTags (per minute)/22MAR2019-29MAR2019/5246_Tag92_22MAR2019-1026_29MAR2019-1411.csv,0.404,,,,,,,,
raw_mcgill_complete,Winter 2019,accelerometer_icetag_raw_csv,.csv,Données completes/Données accelerometres/Winter 2019/Icetag/IceTags_Data/1 week IceTags (per minute)/22MAR2019-29MAR2019/5246_Tag92_22MAR2019-1026_29MAR2019-1411_LB.csv,0.081,,,,,,,,
raw_mcgill_complete,Winter 2019,accelerometer_icetag_raw_csv,.csv,Données completes/Données accelerometres/Winter 2019/Icetag/IceTags_Data/1 week IceTags (per minute)/22MAR2019-29MAR2019/5250_Tag91_22MAR2019-1025_29MAR2019-1409.csv,0.405,,,,,,,,
raw_mcgill_complete,Winter 2019,accelerometer_icetag_raw_csv,.csv,Données completes/Données accelerometres/Winter 2019/Icetag/IceTags_Data/1 week IceTags (per minute)/22MAR2019-29MAR2019/5250_Tag91_22MAR2019-1025_29MAR2019-1409_LB.csv,0.009,,,,,,,,
raw_mcgill_complete,Winter 2019,accelerometer_icetag_raw_csv,.csv,Données completes/Données accelerometres/Winter 2019/Icetag/IceTags_Data/1 week IceTags (per minute)/22MAR2019-29MAR2019/8500_Tag85_22MAR2019-0944_29MAR2019-1318.csv,0.403,,,,,,,,
raw_mcgill_complete,Winter 2019,accelerometer_icetag_raw_csv,.csv,Données completes/Données accelerometres/Winter 2019/Icetag/IceTags_Data/1 week IceTags (per minute)/22MAR2019-29MAR2019/8500_Tag85_22MAR2019-0944_29MAR2019-1318_LB.csv,0.189,,,,,,,,
raw_mcgill_complete,Winter 2019,accelerometer_icetag_raw_csv,.csv,Données completes/Données accelerometres/Winter 2019/Icetag/IceTags_Data/1 week IceTags (per minute)/22MAR2019-29MAR2019/8502_Tag90_22MAR2019-0944_29MAR2019-1318.csv,0.404,,,,,,,,
raw_mcgill_complete,Winter 2019,accelerometer_icetag_raw_csv,.csv,Données completes/Données accelerometres/Winter 2019/Icetag/IceTags_Data/1 week IceTags (per minute)/22MAR2019-29MAR2019/8502_Tag90_22MAR2019-0944_29MAR2019-1318_LB.csv,0.011,,,,,,,,
raw_mcgill_complete,Winter 2019,accelerometer_icetag_raw_csv,.csv,Données completes/Données accelerometres/Winter 2019/Icetag/IceTags_Data/1 week IceTags (per minute)/22MAR2019-29MAR2019/8505_Tag88_22MAR2019-0942_29MAR2019-1315.csv,0.403,,,,,,,,
raw_mcgill_complete,Winter 2019,accelerometer_icetag_raw_csv,.csv,Données completes/Données accelerometres/Winter 2019/Icetag/IceTags_Data/1 week IceTags (per minute)/22MAR2019-29MAR2019/8505_Tag88_22MAR2019-0942_29MAR2019-1315_LB.csv,0.01,,,,,,,,
raw_mcgill_complete,Winter 2019,accelerometer_icetag_raw_csv,.csv,Données completes/Données accelerometres/Winter 2019/Icetag/IceTags_Data/1 week IceTags (per minute)/22MAR2019-29MAR2019/8506_Tag76_22MAR2019-0942_29MAR2019-1316.csv,0.404,,,,,,,,
raw_mcgill_complete,Winter 2019,accelerometer_icetag_raw_csv,.csv,Données completes/Données accelerometres/Winter 2019/Icetag/IceTags_Data/1 week IceTags (per minute)/22MAR2019-29MAR2019/8506_Tag76_22MAR2019-0942_29MAR2019-1316_LB.csv,0.007,,,,,,,,
raw_mcgill_complete,Winter 2019,accelerometer_icetag_raw_csv,.csv,Données completes/Données accelerometres/Winter 2019/Icetag/IceTags_Data/1 week IceTags (per minute)/22MAR2019-29MAR2019/8508_Tag97_22MAR2019-1023_29MAR2019-1315.csv,0.402,,,,,,,,
raw_mcgill_complete,Winter 2019,accelerometer_icetag_raw_csv,.csv,Données completes/Données accelerometres/Winter 2019/Icetag/IceTags_Data/1 week IceTags (per minute)/22MAR2019-29MAR2019/8508_Tag97_22MAR2019-1023_29MAR2019-1315_LB.csv,0.055,,,,,,,,
raw_mcgill_complete,Winter 2019,accelerometer_icetag_raw_csv,.csv,Données completes/Données accelerometres/Winter 2019/Icetag/IceTags_Data/1 week IceTags (per minute)/22MAR2019-29MAR2019/8510_Tag26_22MAR2019-1022_29MAR2019-1316.csv,0.402,,,,,,,,
raw_mcgill_complete,Winter 2019,accelerometer_icetag_raw_csv,.csv,Données completes/Données accelerometres/Winter 2019/Icetag/IceTags_Data/1 week IceTags (per minute)/22MAR2019-29MAR2019/8510_Tag26_22MAR2019-1022_29MAR2019-1316_LB.csv,0.009,,,,,,,,
raw_mcgill_complete,Winter 2019,accelerometer_icetag_raw_csv,.csv,Données completes/Données accelerometres/Winter 2019/Icetag/IceTags_Data/1 week IceTags (per minute)/23JAN2019-01FEB2019/2047_Tag1994_23JAN2019-1401_01FEB2019-0957.csv,0.499,,,,,,,,
raw_mcgill_complete,Winter 2019,accelerometer_icetag_raw_csv,.csv,Données completes/Données accelerometres/Winter 2019/Icetag/IceTags_Data/1 week IceTags (per minute)/23JAN2019-01FEB2019/2047_Tag1994_23JAN2019-1401_01FEB2019-0957_LB.csv,0.261,,,,,,,,
raw_mcgill_complete,Winter 2019,accelerometer_icetag_raw_csv,.csv,Données completes/Données accelerometres/Winter 2019/Icetag/IceTags_Data/1 week IceTags (per minute)/23JAN2019-01FEB2019/2056_Tag1996_23JAN2019-1308_01FEB2019-0952.csv,0.501,,,,,,,,
raw_mcgill_complete,Winter 2019,accelerometer_icetag_raw_csv,.csv,Données completes/Données accelerometres/Winter 2019/Icetag/IceTags_Data/1 week IceTags (per minute)/23JAN2019-01FEB2019/2056_Tag1996_23JAN2019-1308_01FEB2019-0952_LB.csv,0.013,,,,,,,,
raw_mcgill_complete,Winter 2019,accelerometer_icetag_raw_csv,.csv,Données completes/Données accelerometres/Winter 2019/Icetag/IceTags_Data/1 week IceTags (per minute)/23JAN2019-01FEB2019/2063_Tag25_23JAN2019-1402_01FEB2019-0955.csv,0.498,,,,,,,,
raw_mcgill_complete,Winter 2019,accelerometer_icetag_raw_csv,.csv,Données completes/Données accelerometres/Winter 2019/Icetag/IceTags_Data/1 week IceTags (per minute)/23JAN2019-01FEB2019/2063_Tag25_23JAN2019-1402_01FEB2019-0955_LB.csv,0.203,,,,,,,,
raw_mcgill_complete,Winter 2019,accelerometer_icetag_raw_csv,.csv,Données completes/Données accelerometres/Winter 2019/Icetag/IceTags_Data/1 week IceTags (per minute)/23JAN2019-01FEB2019/2069_Tag22_23JAN2019-1403_01FEB2019-0954.csv,0.498,,,,,,,,
raw_mcgill_complete,Winter 2019,accelerometer_icetag_raw_csv,.csv,Données completes/Données accelerometres/Winter 2019/Icetag/IceTags_Data/1 week IceTags (per minute)/23JAN2019-01FEB2019/2069_Tag22_23JAN2019-1403_01FEB2019-0954_LB.csv,0.039,,,,,,,,
raw_mcgill_complete,Winter 2019,accelerometer_icetag_raw_csv,.csv,Données completes/Données accelerometres/Winter 2019/Icetag/IceTags_Data/1 week IceTags (per minute)/23JAN2019-01FEB2019/2081_Tag1986_23JAN2019-1307_01FEB2019-0956.csv,0.501,,,,,,,,
raw_mcgill_complete,Winter 2019,accelerometer_icetag_raw_csv,.csv,Données completes/Données accelerometres/Winter 2019/Icetag/IceTags_Data/1 week IceTags (per minute)/23JAN2019-01FEB2019/2081_Tag1986_23JAN2019-1307_01FEB2019-0956_LB.csv,0.065,,,,,,,,
raw_mcgill_complete,Winter 2019,accelerometer_icetag_raw_csv,.csv,Données completes/Données accelerometres/Winter 2019/Icetag/IceTags_Data/1 week IceTags (per minute)/23JAN2019-01FEB2019/3437_Tag1989_23JAN2019-1302_01FEB2019-1049.csv,0.508,,,,,,,,
raw_mcgill_complete,Winter 2019,accelerometer_icetag_raw_csv,.csv,Données completes/Données accelerometres/Winter 2019/Icetag/IceTags_Data/1 week IceTags (per minute)/23JAN2019-01FEB2019/3437_Tag1989_23JAN2019-1302_01FEB2019-1049_LB.csv,0.015,,,,,,,,
raw_mcgill_complete,Winter 2019,accelerometer_icetag_raw_csv,.csv,Données completes/Données accelerometres/Winter 2019/Icetag/IceTags_Data/1 week IceTags (per minute)/23JAN2019-01FEB2019/3443_Tag21_23JAN2019-1302_01FEB2019-1049.csv,0.503,,,,,,,,
raw_mcgill_complete,Winter 2019,accelerometer_icetag_raw_csv,.csv,Données completes/Données accelerometres/Winter 2019/Icetag/IceTags_Data/1 week IceTags (per minute)/23JAN2019-01FEB2019/3443_Tag21_23JAN2019-1302_01FEB2019-1049_LB.csv,0.016,,,,,,,,
raw_mcgill_complete,Winter 2019,accelerometer_icetag_raw_csv,.csv,Données completes/Données accelerometres/Winter 2019/Icetag/IceTags_Data/1 week IceTags (per minute)/23JAN2019-01FEB2019/5221_Tag1993_23JAN2019-1359_01FEB2019-0957.csv,0.499,,,,,,,,
raw_mcgill_complete,Winter 2019,accelerometer_icetag_raw_csv,.csv,Données completes/Données accelerometres/Winter 2019/Icetag/IceTags_Data/1 week IceTags (per minute)/23JAN2019-01FEB2019/5221_Tag1993_23JAN2019-1359_01FEB2019-0957_LB.csv,0.008,,,,,,,,
raw_mcgill_complete,Winter 2019,accelerometer_icetag_raw_csv,.csv,Données completes/Données accelerometres/Winter 2019/Icetag/IceTags_Data/1 week IceTags (per minute)/23JAN2019-01FEB2019/5246_Tag1987_23JAN2019-1304_01FEB2019-0956.csv,0.501,,,,,,,,
raw_mcgill_complete,Winter 2019,accelerometer_icetag_raw_csv,.csv,Données completes/Données accelerometres/Winter 2019/Icetag/IceTags_Data/1 week IceTags (per minute)/23JAN2019-01FEB2019/5246_Tag1987_23JAN2019-1304_01FEB2019-0956_LB.csv,0.026,,,,,,,,
raw_mcgill_complete,Winter 2019,accelerometer_icetag_raw_csv,.csv,Données completes/Données accelerometres/Winter 2019/Icetag/IceTags_Data/1 week IceTags (per minute)/23JAN2019-01FEB2019/5250_Tag1997_23JAN2019-1303_01FEB2019-1048.csv,0.503,,,,,,,,
raw_mcgill_complete,Winter 2019,accelerometer_icetag_raw_csv,.csv,Données completes/Données accelerometres/Winter 2019/Icetag/IceTags_Data/1 week IceTags (per minute)/23JAN2019-01FEB2019/5250_Tag1997_23JAN2019-1303_01FEB2019-1048_LB.csv,0.009,,,,,,,,
raw_mcgill_complete,Winter 2019,accelerometer_icetag_raw_csv,.csv,Données completes/Données accelerometres/Winter 2019/Icetag/IceTags_Data/1 week IceTags (per minute)/23JAN2019-01FEB2019/8500_Tag20_23JAN2019-1346_01FEB2019-1046.csv,0.501,,,,,,,,
raw_mcgill_complete,Winter 2019,accelerometer_icetag_raw_csv,.csv,Données completes/Données accelerometres/Winter 2019/Icetag/IceTags_Data/1 week IceTags (per minute)/23JAN2019-01FEB2019/8500_Tag20_23JAN2019-1346_01FEB2019-1046_LB.csv,0.108,,,,,,,,
raw_mcgill_complete,Winter 2019,accelerometer_icetag_raw_csv,.csv,Données completes/Données accelerometres/Winter 2019/Icetag/IceTags_Data/1 week IceTags (per minute)/23JAN2019-01FEB2019/8505_Tag26_23JAN2019-1351_01FEB2019-1052.csv,0.501,,,,,,,,
raw_mcgill_complete,Winter 2019,accelerometer_icetag_raw_csv,.csv,Données completes/Données accelerometres/Winter 2019/Icetag/IceTags_Data/1 week IceTags (per minute)/23JAN2019-01FEB2019/8505_Tag26_23JAN2019-1351_01FEB2019-1052_LB.csv,0.015,,,,,,,,
raw_mcgill_complete,Winter 2019,accelerometer_icetag_raw_csv,.csv,Données completes/Données accelerometres/Winter 2019/Icetag/IceTags_Data/1 week IceTags (per minute)/23JAN2019-01FEB2019/8506_Tag18_23JAN2019-1349_01FEB2019-1051.csv,0.501,,,,,,,,
raw_mcgill_complete,Winter 2019,accelerometer_icetag_raw_csv,.csv,Données completes/Données accelerometres/Winter 2019/Icetag/IceTags_Data/1 week IceTags (per minute)/23JAN2019-01FEB2019/8506_Tag18_23JAN2019-1349_01FEB2019-1051_LB.csv,0.012,,,,,,,,
raw_mcgill_complete,Winter 2019,accelerometer_icetag_raw_csv,.csv,Données completes/Données accelerometres/Winter 2019/Icetag/IceTags_Data/1 week IceTags (per minute)/23JAN2019-01FEB2019/8508_Tag1992_23JAN2019-1300_01FEB2019-1123.csv,0.504,,,,,,,,
raw_mcgill_complete,Winter 2019,accelerometer_icetag_raw_csv,.csv,Données completes/Données accelerometres/Winter 2019/Icetag/IceTags_Data/1 week IceTags (per minute)/23JAN2019-01FEB2019/8508_Tag1992_23JAN2019-1300_01FEB2019-1123_LB.csv,0.015,,,,,,,,
raw_mcgill_complete,Winter 2019,accelerometer_icetag_raw_csv,.csv,Données completes/Données accelerometres/Winter 2019/Icetag/IceTags_Data/1 week IceTags (per minute)/23JAN2019-01FEB2019/8510_Tag16_23JAN2019-1301_01FEB2019-1051.csv,0.5,,,,,,,,
raw_mcgill_complete,Winter 2019,accelerometer_icetag_raw_csv,.csv,Données completes/Données accelerometres/Winter 2019/Icetag/IceTags_Data/1 week IceTags (per minute)/23JAN2019-01FEB2019/8510_Tag16_23JAN2019-1301_01FEB2019-1051_LB.csv,0.023,,,,,,,,
raw_mcgill_complete,Winter 2019,accelerometer_icetag_export_support,.raw_bin,Données completes/Données accelerometres/Winter 2019/Icetag/IceTags_Data/1 week IceTags (per minute)/23JAN2019-01FEB2019/IceTag 50001516 (P)_01-23-2019__14;06;43.raw_bin,0.527,,,,,,,,
raw_mcgill_complete,Winter 2019,accelerometer_icetag_export_support,.ses,Données completes/Données accelerometres/Winter 2019/Icetag/IceTags_Data/1 week IceTags (per minute)/23JAN2019-01FEB2019/IceTag 50001516 (P)_01-23-2019__14;06;43.ses,0.169,,,,,,,,
raw_mcgill_complete,Winter 2019,accelerometer_icetag_export_support,.raw_bin,Données completes/Données accelerometres/Winter 2019/Icetag/IceTags_Data/1 week IceTags (per minute)/23JAN2019-01FEB2019/IceTag 50001518 (P)_01-23-2019__13;39;13.raw_bin,0.834,,,,,,,,
raw_mcgill_complete,Winter 2019,accelerometer_icetag_export_support,.ses,Données completes/Données accelerometres/Winter 2019/Icetag/IceTags_Data/1 week IceTags (per minute)/23JAN2019-01FEB2019/IceTag 50001518 (P)_01-23-2019__13;39;13.ses,0.289,,,,,,,,
raw_mcgill_complete,Winter 2019,accelerometer_icetag_export_support,.raw_bin,Données completes/Données accelerometres/Winter 2019/Icetag/IceTags_Data/1 week IceTags (per minute)/23JAN2019-01FEB2019/IceTag 50001520 (P)_01-23-2019__13;39;25.raw_bin,0.617,,,,,,,,
raw_mcgill_complete,Winter 2019,accelerometer_icetag_export_support,.ses,Données completes/Données accelerometres/Winter 2019/Icetag/IceTags_Data/1 week IceTags (per minute)/23JAN2019-01FEB2019/IceTag 50001520 (P)_01-23-2019__13;39;25.ses,0.246,,,,,,,,
raw_mcgill_complete,Winter 2019,accelerometer_icetag_export_support,.raw_bin,Données completes/Données accelerometres/Winter 2019/Icetag/IceTags_Data/1 week IceTags (per minute)/23JAN2019-01FEB2019/IceTag 50001521 (P)_01-23-2019__12;57;48.raw_bin,0.731,,,,,,,,
raw_mcgill_complete,Winter 2019,accelerometer_icetag_export_support,.ses,Données completes/Données accelerometres/Winter 2019/Icetag/IceTags_Data/1 week IceTags (per minute)/23JAN2019-01FEB2019/IceTag 50001521 (P)_01-23-2019__12;57;48.ses,0.272,,,,,,,,
raw_mcgill_complete,Winter 2019,accelerometer_icetag_export_support,.raw_bin,Données completes/Données accelerometres/Winter 2019/Icetag/IceTags_Data/1 week IceTags (per minute)/23JAN2019-01FEB2019/IceTag 50001522 (P)_01-23-2019__14;00;02.raw_bin,0.752,,,,,,,,
raw_mcgill_complete,Winter 2019,accelerometer_icetag_export_support,.ses,Données completes/Données accelerometres/Winter 2019/Icetag/IceTags_Data/1 week IceTags (per minute)/23JAN2019-01FEB2019/IceTag 50001522 (P)_01-23-2019__14;00;02.ses,0.289,,,,,,,,
raw_mcgill_complete,Winter 2019,accelerometer_icetag_export_support,.raw_bin,Données completes/Données accelerometres/Winter 2019/Icetag/IceTags_Data/1 week IceTags (per minute)/23JAN2019-01FEB2019/IceTag 50001525 (P)_01-23-2019__14;00;07.raw_bin,0.681,,,,,,,,
raw_mcgill_complete,Winter 2019,accelerometer_icetag_export_support,.ses,Données completes/Données accelerometres/Winter 2019/Icetag/IceTags_Data/1 week IceTags (per minute)/23JAN2019-01FEB2019/IceTag 50001525 (P)_01-23-2019__14;00;07.ses,0.379,,,,,,,,
raw_mcgill_complete,Winter 2019,accelerometer_icetag_export_support,.raw_bin,Données completes/Données accelerometres/Winter 2019/Icetag/IceTags_Data/1 week IceTags (per minute)/23JAN2019-01FEB2019/IceTag 50001526 (P)_01-23-2019__13;39;26.raw_bin,0.864,,,,,,,,
raw_mcgill_complete,Winter 2019,accelerometer_icetag_export_support,.ses,Données completes/Données accelerometres/Winter 2019/Icetag/IceTags_Data/1 week IceTags (per minute)/23JAN2019-01FEB2019/IceTag 50001526 (P)_01-23-2019__13;39;26.ses,0.268,,,,,,,,
raw_mcgill_complete,Winter 2019,accelerometer_icetag_export_support,.raw_bin,Données completes/Données accelerometres/Winter 2019/Icetag/IceTags_Data/1 week IceTags (per minute)/23JAN2019-01FEB2019/IceTag 50001986 (P)_01-23-2019__12;54;12.raw_bin,0.661,,,,,,,,
raw_mcgill_complete,Winter 2019,accelerometer_icetag_export_support,.ses,Données completes/Données accelerometres/Winter 2019/Icetag/IceTags_Data/1 week IceTags (per minute)/23JAN2019-01FEB2019/IceTag 50001986 (P)_01-23-2019__12;54;12.ses,0.238,,,,,,,,
raw_mcgill_complete,Winter 2019,accelerometer_icetag_export_support,.raw_bin,Données completes/Données accelerometres/Winter 2019/Icetag/IceTags_Data/1 week IceTags (per minute)/23JAN2019-01FEB2019/IceTag 50001987 (P)_01-23-2019__12;56;42.raw_bin,0.698,,,,,,,,
raw_mcgill_complete,Winter 2019,accelerometer_icetag_export_support,.ses,Données completes/Données accelerometres/Winter 2019/Icetag/IceTags_Data/1 week IceTags (per minute)/23JAN2019-01FEB2019/IceTag 50001987 (P)_01-23-2019__12;56;42.ses,0.161,,,,,,,,
raw_mcgill_complete,Winter 2019,accelerometer_icetag_export_support,.raw_bin,Données completes/Données accelerometres/Winter 2019/Icetag/IceTags_Data/1 week IceTags (per minute)/23JAN2019-01FEB2019/IceTag 50001989 (P)_01-23-2019__12;53;26.raw_bin,1.078,,,,,,,,
raw_mcgill_complete,Winter 2019,accelerometer_icetag_export_support,.ses,Données completes/Données accelerometres/Winter 2019/Icetag/IceTags_Data/1 week IceTags (per minute)/23JAN2019-01FEB2019/IceTag 50001989 (P)_01-23-2019__12;53;26.ses,1.274,,,,,,,,
raw_mcgill_complete,Winter 2019,accelerometer_icetag_export_support,.raw_bin,Données completes/Données accelerometres/Winter 2019/Icetag/IceTags_Data/1 week IceTags (per minute)/23JAN2019-01FEB2019/IceTag 50001992 (P)_01-23-2019__12;54;57.raw_bin,0.585,,,,,,,,
raw_mcgill_complete,Winter 2019,accelerometer_icetag_export_support,.ses,Données completes/Données accelerometres/Winter 2019/Icetag/IceTags_Data/1 week IceTags (per minute)/23JAN2019-01FEB2019/IceTag 50001992 (P)_01-23-2019__12;54;57.ses,0.159,,,,,,,,
raw_mcgill_complete,Winter 2019,accelerometer_icetag_export_support,.raw_bin,Données completes/Données accelerometres/Winter 2019/Icetag/IceTags_Data/1 week IceTags (per minute)/23JAN2019-01FEB2019/IceTag 50001993 (P)_01-23-2019__13;39;21.raw_bin,0.547,,,,,,,,
raw_mcgill_complete,Winter 2019,accelerometer_icetag_export_support,.ses,Données completes/Données accelerometres/Winter 2019/Icetag/IceTags_Data/1 week IceTags (per minute)/23JAN2019-01FEB2019/IceTag 50001993 (P)_01-23-2019__13;39;21.ses,0.17,,,,,,,,
raw_mcgill_complete,Winter 2019,accelerometer_icetag_export_support,.raw_bin,Données completes/Données accelerometres/Winter 2019/Icetag/IceTags_Data/1 week IceTags (per minute)/23JAN2019-01FEB2019/IceTag 50001994 (P)_01-23-2019__13;39;10.raw_bin,0.799,,,,,,,,
raw_mcgill_complete,Winter 2019,accelerometer_icetag_export_support,.ses,Données completes/Données accelerometres/Winter 2019/Icetag/IceTags_Data/1 week IceTags (per minute)/23JAN2019-01FEB2019/IceTag 50001994 (P)_01-23-2019__13;39;10.ses,0.484,,,,,,,,
raw_mcgill_complete,Winter 2019,accelerometer_icetag_export_support,.raw_bin,Données completes/Données accelerometres/Winter 2019/Icetag/IceTags_Data/1 week IceTags (per minute)/23JAN2019-01FEB2019/IceTag 50001996 (P)_01-23-2019__12;58;08.raw_bin,0.672,,,,,,,,
raw_mcgill_complete,Winter 2019,accelerometer_icetag_export_support,.ses,Données completes/Données accelerometres/Winter 2019/Icetag/IceTags_Data/1 week IceTags (per minute)/23JAN2019-01FEB2019/IceTag 50001996 (P)_01-23-2019__12;58;08.ses,0.224,,,,,,,,
raw_mcgill_complete,Winter 2019,accelerometer_icetag_export_support,.raw_bin,Données completes/Données accelerometres/Winter 2019/Icetag/IceTags_Data/1 week IceTags (per minute)/23JAN2019-01FEB2019/IceTag 50001997 (P)_01-23-2019__12;56;12.raw_bin,0.765,,,,,,,,
raw_mcgill_complete,Winter 2019,accelerometer_icetag_export_support,.ses,Données completes/Données accelerometres/Winter 2019/Icetag/IceTags_Data/1 week IceTags (per minute)/23JAN2019-01FEB2019/IceTag 50001997 (P)_01-23-2019__12;56;12.ses,0.27,,,,,,,,
raw_mcgill_complete,Winter 2019,accelerometer_icetag_raw_csv,.csv,Données completes/Données accelerometres/Winter 2019/Icetag/IceTags_Data/1 week IceTags (per minute)/29MAR2019-05APR2019/2056_Tag96_29MAR2019-1440_05APR2019-1411.csv,0.394,,,,,,,,
raw_mcgill_complete,Winter 2019,accelerometer_icetag_raw_csv,.csv,Données completes/Données accelerometres/Winter 2019/Icetag/IceTags_Data/1 week IceTags (per minute)/29MAR2019-05APR2019/2056_Tag96_29MAR2019-1440_05APR2019-1411_LB.csv,0.061,,,,,,,,
raw_mcgill_complete,Winter 2019,accelerometer_icetag_raw_csv,.csv,Données completes/Données accelerometres/Winter 2019/Icetag/IceTags_Data/1 week IceTags (per minute)/29MAR2019-05APR2019/2063_Tag97_29MAR2019-1408_05APR2019-1337.csv,0.394,,,,,,,,
raw_mcgill_complete,Winter 2019,accelerometer_icetag_raw_csv,.csv,Données completes/Données accelerometres/Winter 2019/Icetag/IceTags_Data/1 week IceTags (per minute)/29MAR2019-05APR2019/2063_Tag97_29MAR2019-1408_05APR2019-1337_LB.csv,0.043,,,,,,,,
raw_mcgill_complete,Winter 2019,accelerometer_icetag_raw_csv,.csv,Données completes/Données accelerometres/Winter 2019/Icetag/IceTags_Data/1 week IceTags (per minute)/29MAR2019-05APR2019/2069_Tag88_29MAR2019-1408_05APR2019-1338.csv,0.394,,,,,,,,
raw_mcgill_complete,Winter 2019,accelerometer_icetag_raw_csv,.csv,Données completes/Données accelerometres/Winter 2019/Icetag/IceTags_Data/1 week IceTags (per minute)/29MAR2019-05APR2019/2069_Tag88_29MAR2019-1408_05APR2019-1338_LB.csv,0.02,,,,,,,,
raw_mcgill_complete,Winter 2019,accelerometer_icetag_raw_csv,.csv,Données completes/Données accelerometres/Winter 2019/Icetag/IceTags_Data/1 week IceTags (per minute)/29MAR2019-05APR2019/2081_Tag76_29MAR2019-1407_05APR2019-1337.csv,0.394,,,,,,,,
raw_mcgill_complete,Winter 2019,accelerometer_icetag_raw_csv,.csv,Données completes/Données accelerometres/Winter 2019/Icetag/IceTags_Data/1 week IceTags (per minute)/29MAR2019-05APR2019/2081_Tag76_29MAR2019-1407_05APR2019-1337_LB.csv,0.01,,,,,,,,
raw_mcgill_complete,Winter 2019,accelerometer_icetag_raw_csv,.csv,Données completes/Données accelerometres/Winter 2019/Icetag/IceTags_Data/1 week IceTags (per minute)/29MAR2019-05APR2019/3437_Tag16_29MAR2019-1313_05APR2019-1310.csv,0.396,,,,,,,,
raw_mcgill_complete,Winter 2019,accelerometer_icetag_raw_csv,.csv,Données completes/Données accelerometres/Winter 2019/Icetag/IceTags_Data/1 week IceTags (per minute)/29MAR2019-05APR2019/3437_Tag16_29MAR2019-1313_05APR2019-1310_LB.csv,0.015,,,,,,,,
raw_mcgill_complete,Winter 2019,accelerometer_icetag_raw_csv,.csv,Données completes/Données accelerometres/Winter 2019/Icetag/IceTags_Data/1 week IceTags (per minute)/29MAR2019-05APR2019/3443_Tag26_29MAR2019-1403_05APR2019-1334.csv,0.394,,,,,,,,
raw_mcgill_complete,Winter 2019,accelerometer_icetag_raw_csv,.csv,Données completes/Données accelerometres/Winter 2019/Icetag/IceTags_Data/1 week IceTags (per minute)/29MAR2019-05APR2019/3443_Tag26_29MAR2019-1403_05APR2019-1334_LB.csv,0.125,,,,,,,,
raw_mcgill_complete,Winter 2019,accelerometer_icetag_raw_csv,.csv,Données completes/Données accelerometres/Winter 2019/Icetag/IceTags_Data/1 week IceTags (per minute)/29MAR2019-05APR2019/5221_Tag93_29MAR2019-1403_05APR2019-1336.csv,0.394,,,,,,,,
raw_mcgill_complete,Winter 2019,accelerometer_icetag_raw_csv,.csv,Données completes/Données accelerometres/Winter 2019/Icetag/IceTags_Data/1 week IceTags (per minute)/29MAR2019-05APR2019/5221_Tag93_29MAR2019-1403_05APR2019-1336_LB.csv,0.009,,,,,,,,
raw_mcgill_complete,Winter 2019,accelerometer_icetag_raw_csv,.csv,Données completes/Données accelerometres/Winter 2019/Icetag/IceTags_Data/1 week IceTags (per minute)/29MAR2019-05APR2019/5246_Tag90_29MAR2019-1406_05APR2019-1308.csv,0.393,,,,,,,,
raw_mcgill_complete,Winter 2019,accelerometer_icetag_raw_csv,.csv,Données completes/Données accelerometres/Winter 2019/Icetag/IceTags_Data/1 week IceTags (per minute)/29MAR2019-05APR2019/5246_Tag90_29MAR2019-1406_05APR2019-1308_LB.csv,0.008,,,,,,,,
raw_mcgill_complete,Winter 2019,accelerometer_icetag_raw_csv,.csv,Données completes/Données accelerometres/Winter 2019/Icetag/IceTags_Data/1 week IceTags (per minute)/29MAR2019-05APR2019/5250_Tag85_29MAR2019-1406_05APR2019-1335.csv,0.394,,,,,,,,
raw_mcgill_complete,Winter 2019,accelerometer_icetag_raw_csv,.csv,Données completes/Données accelerometres/Winter 2019/Icetag/IceTags_Data/1 week IceTags (per minute)/29MAR2019-05APR2019/5250_Tag85_29MAR2019-1406_05APR2019-1335_LB.csv,0.008,,,,,,,,
raw_mcgill_complete,Winter 2019,accelerometer_icetag_raw_csv,.csv,Données completes/Données accelerometres/Winter 2019/Icetag/IceTags_Data/1 week IceTags (per minute)/29MAR2019-05APR2019/8500_Tag22_29MAR2019-1314_05APR2019-1334.csv,0.396,,,,,,,,
raw_mcgill_complete,Winter 2019,accelerometer_icetag_raw_csv,.csv,Données completes/Données accelerometres/Winter 2019/Icetag/IceTags_Data/1 week IceTags (per minute)/29MAR2019-05APR2019/8500_Tag22_29MAR2019-1314_05APR2019-1334_LB.csv,0.008,,,,,,,,
raw_mcgill_complete,Winter 2019,accelerometer_icetag_raw_csv,.csv,Données completes/Données accelerometres/Winter 2019/Icetag/IceTags_Data/1 week IceTags (per minute)/29MAR2019-05APR2019/8502_Tag25_29MAR2019-1313_05APR2019-1310.csv,0.395,,,,,,,,
raw_mcgill_complete,Winter 2019,accelerometer_icetag_raw_csv,.csv,Données completes/Données accelerometres/Winter 2019/Icetag/IceTags_Data/1 week IceTags (per minute)/29MAR2019-05APR2019/8502_Tag25_29MAR2019-1313_05APR2019-1310_LB.csv,0.022,,,,,,,,
raw_mcgill_complete,Winter 2019,accelerometer_icetag_raw_csv,.csv,Données completes/Données accelerometres/Winter 2019/Icetag/IceTags_Data/1 week IceTags (per minute)/29MAR2019-05APR2019/8505_Tag18_29MAR2019-1311_05APR2019-1309.csv,0.005,,,,,,,,
raw_mcgill_complete,Winter 2019,accelerometer_icetag_raw_csv,.csv,Données completes/Données accelerometres/Winter 2019/Icetag/IceTags_Data/1 week IceTags (per minute)/29MAR2019-05APR2019/8505_Tag18_29MAR2019-1311_05APR2019-1309_LB.csv,0.0,,,,,,,,
raw_mcgill_complete,Winter 2019,accelerometer_icetag_raw_csv,.csv,Données completes/Données accelerometres/Winter 2019/Icetag/IceTags_Data/1 week IceTags (per minute)/29MAR2019-05APR2019/8506_Tag95_29MAR2019-1312_05APR2019-1309.csv,0.395,,,,,,,,
raw_mcgill_complete,Winter 2019,accelerometer_icetag_raw_csv,.csv,Données completes/Données accelerometres/Winter 2019/Icetag/IceTags_Data/1 week IceTags (per minute)/29MAR2019-05APR2019/8506_Tag95_29MAR2019-1312_05APR2019-1309_LB.csv,0.007,,,,,,,,
raw_mcgill_complete,Winter 2019,accelerometer_icetag_raw_csv,.csv,Données completes/Données accelerometres/Winter 2019/Icetag/IceTags_Data/1 week IceTags (per minute)/29MAR2019-05APR2019/8508_Tag24_29MAR2019-1311_05APR2019-1307.csv,0.395,,,,,,,,
raw_mcgill_complete,Winter 2019,accelerometer_icetag_raw_csv,.csv,Données completes/Données accelerometres/Winter 2019/Icetag/IceTags_Data/1 week IceTags (per minute)/29MAR2019-05APR2019/8508_Tag24_29MAR2019-1311_05APR2019-1307_LB.csv,0.032,,,,,,,,
raw_mcgill_complete,Winter 2019,accelerometer_icetag_raw_csv,.csv,Données completes/Données accelerometres/Winter 2019/Icetag/IceTags_Data/1 week IceTags (per minute)/29MAR2019-05APR2019/8510_Tag94_29MAR2019-1312_05APR2019-1307.csv,0.396,,,,,,,,
raw_mcgill_complete,Winter 2019,accelerometer_icetag_raw_csv,.csv,Données completes/Données accelerometres/Winter 2019/Icetag/IceTags_Data/1 week IceTags (per minute)/29MAR2019-05APR2019/8510_Tag94_29MAR2019-1312_05APR2019-1307_LB.csv,0.015,,,,,,,,
raw_mcgill_complete,Winter 2019,accelerometer_icetag_workbook_or_mapping,.xlsx,Données completes/Données accelerometres/Winter 2019/Icetag/IceTags_Data/IceTag test Min-Sec comp/24h-sorties_Before-After_Data_icetag_winter_SEH.xlsx,0.116,193,35,,,,5,"Habituation, Experimentation, Frustration, Anticipation-milk, 24h","Cow_ID, Date, Cow status, Motion_Index_Before, Steps_Before, Standing_Before, Lying_Before, Lying_bout_Before, Position - 0 min (1:L, 0:S), Position - 5 min (1:L, 0:S), Position - 10 min (1:L, 0:S), Position - 15 min (1:L, 0:S)"
raw_mcgill_complete,Winter 2019,accelerometer_icetag_workbook_or_mapping,.xlsx,Données completes/Données accelerometres/Winter 2019/Icetag/IceTags_Data/IceTag test Min-Sec comp/Before-After_Data_icetag_winter_SEH_1min filter.xlsx,0.09,193,35,,,,5,"Habituation, Experimentation, Frustration, Anticipation-milk, 24h","Cow_ID, Date, Cow status, Motion_Index_Before, Steps_Before, Standing_Before, Lying_Before, Lying_bout_Before, Position - 0 min (1:L, 0:S), Position - 5 min (1:L, 0:S), Position - 10 min (1:L, 0:S), Position - 15 min (1:L, 0:S)"
raw_mcgill_complete,Winter 2019,accelerometer_icetag_workbook_or_mapping,.xlsx,Données completes/Données accelerometres/Winter 2019/Icetag/IceTags_Data/IceTag test Min-Sec comp/Data-IceTag_Comparison 1min-5min.xlsx,0.016,22,9,,,,1,Sheet1,"Cow_ID, Cow status, Date, 1min - total duration lying, 5 min - total duration of lying, Difference, 1 min - number of bout, 5 min - number of bout, Difference"
raw_mcgill_complete,Winter 2019,accelerometer_icetag_workbook_or_mapping,.xlsx,Données completes/Données accelerometres/Winter 2019/Icetag/IceTags_Data/IceTag test Min-Sec comp/Data_icetag_SEH.xlsx,0.049,193,18,,,,3,"Habituation, Experimentation, Frustration","Cow_ID, Cow status, Date, Motion_Index_Trip_Go, Steps_Trip_Go, Motion_Index_Trip_Back, Steps_Trip_Back, Motion_Index_Before, Steps_Before, Standing_Before, Lying_Before, Lying_bout_Before"
raw_mcgill_complete,Winter 2019,accelerometer_icetag_workbook_or_mapping,.xlsx,Données completes/Données accelerometres/Winter 2019/Icetag/IceTags_Data/IceTag test Min-Sec comp/Data_icetag_SEH_Comparaison sec-min.xlsx,0.041,140,28,,,,3,"Habituation, Experimentation, Frustration","Cow_ID, Cow status, Date, Motion_Index_Trip_Go, Steps_Trip_Go, Motion_Index_Trip_Back, Steps_Trip_Back, Motion_Index_Before, , Steps_Before, , Standing_Before"
raw_mcgill_complete,Winter 2019,accelerometer_icetag_workbook_or_mapping,.xlsx,Données completes/Données accelerometres/Winter 2019/Icetag/IceTags_Data/IceTag test Min-Sec comp/Data_planning_icetag.xlsx,0.037,511,13,,,,1,Feuil1,"Date, Tests, Individus, n° IceTag trip, Début du trajet ALLER, Durée trajet ALLER, Fin du trajet RETOUR, Durée trajet RETOUR, Début AVANT, Début APRES, , "
raw_mcgill_complete,Winter 2019,clinical_sls_labels,.xlsx,Données completes/Données accelerometres/Winter 2019/Icetag/IceTags_Data/IceTags-issues and reports/Exercise Study - SLS Scores.xlsx,0.024,35,9,,,,3,"Baseline - 15JAN19, Midway - 12MAR19, Sheet1","Cow, Block, Edge, Rest, Shiftwt, Uneven, , , * 2 videos for 2063 showing different blocks, both were scored"
raw_mcgill_complete,Winter 2019,accelerometer_icetag_workbook_or_mapping,.xlsx,Données completes/Données accelerometres/Winter 2019/Icetag/IceTags_Data/IceTags-issues and reports/IceTag comparison.xlsx,0.021,11,6,,,,4,"Calms 2081-5250, Excited 3437-8510, Calms vs excited, Sheet5","2081, , Number steps (sum), , , "
raw_mcgill_complete,Winter 2019,accelerometer_icetag_other,.docx,Données completes/Données accelerometres/Winter 2019/Icetag/IceTags_Data/IceTags-issues and reports/IceTag report_03-2019.docx,0.038,,,,,,,,
raw_mcgill_complete,Winter 2019,accelerometer_icetag_other,.pdf,Données completes/Données accelerometres/Winter 2019/Icetag/IceTags_Data/IceTags-issues and reports/IceTag report_03-2019.pdf,0.62,,,,,,,,
raw_mcgill_complete,Winter 2019,accelerometer_icetag_export_support,.ses,Données completes/Données accelerometres/Winter 2019/Icetag/IceTags_Data/Session files/Winter Exercise Project/01-23-19/IceTag 50001516 (P)_01-16-2019__15;12;15.ses,0.145,,,,,,,,
raw_mcgill_complete,Winter 2019,accelerometer_icetag_export_support,.ses,Données completes/Données accelerometres/Winter 2019/Icetag/IceTags_Data/Session files/Winter Exercise Project/01-23-19/IceTag 50001516 (P)_01-23-2019__13;39;31.ses,0.003,,,,,,,,
raw_mcgill_complete,Winter 2019,accelerometer_icetag_export_support,.ses,Données completes/Données accelerometres/Winter 2019/Icetag/IceTags_Data/Session files/Winter Exercise Project/01-23-19/IceTag 50001518 (P)_01-16-2019__15;17;25.ses,0.2,,,,,,,,
raw_mcgill_complete,Winter 2019,accelerometer_icetag_export_support,.ses,Données completes/Données accelerometres/Winter 2019/Icetag/IceTags_Data/Session files/Winter Exercise Project/01-23-19/IceTag 50001520 (P)_01-16-2019__15;16;30.ses,0.184,,,,,,,,
raw_mcgill_complete,Winter 2019,accelerometer_icetag_export_support,.ses,Données completes/Données accelerometres/Winter 2019/Icetag/IceTags_Data/Session files/Winter Exercise Project/01-23-19/IceTag 50001521 (P)_01-23-2019__08;27;06.ses,0.011,,,,,,,,
raw_mcgill_complete,Winter 2019,accelerometer_icetag_export_support,.ses,Données completes/Données accelerometres/Winter 2019/Icetag/IceTags_Data/Session files/Winter Exercise Project/01-23-19/IceTag 50001522 (P)_01-16-2019__15;11;06.ses,0.368,,,,,,,,
raw_mcgill_complete,Winter 2019,accelerometer_icetag_export_support,.ses,Données completes/Données accelerometres/Winter 2019/Icetag/IceTags_Data/Session files/Winter Exercise Project/01-23-19/IceTag 50001524 (P)_01-16-2019__15;12;42.ses,0.193,,,,,,,,
raw_mcgill_complete,Winter 2019,accelerometer_icetag_export_support,.ses,Données completes/Données accelerometres/Winter 2019/Icetag/IceTags_Data/Session files/Winter Exercise Project/01-23-19/IceTag 50001525 (P)_01-16-2019__15;12;17.ses,0.242,,,,,,,,
raw_mcgill_complete,Winter 2019,accelerometer_icetag_export_support,.ses,Données completes/Données accelerometres/Winter 2019/Icetag/IceTags_Data/Session files/Winter Exercise Project/01-23-19/IceTag 50001526 (P)_01-16-2019__15;17;04.ses,0.261,,,,,,,,
raw_mcgill_complete,Winter 2019,accelerometer_icetag_export_support,.ses,Données completes/Données accelerometres/Winter 2019/Icetag/IceTags_Data/Session files/Winter Exercise Project/01-23-19/IceTag 50001576 (P)_01-16-2019__15;16;05.ses,0.147,,,,,,,,
raw_mcgill_complete,Winter 2019,accelerometer_icetag_export_support,.ses,Données completes/Données accelerometres/Winter 2019/Icetag/IceTags_Data/Session files/Winter Exercise Project/01-23-19/IceTag 50001985 (P)_01-16-2019__15;17;50.ses,0.401,,,,,,,,
raw_mcgill_complete,Winter 2019,accelerometer_icetag_export_support,.ses,Données completes/Données accelerometres/Winter 2019/Icetag/IceTags_Data/Session files/Winter Exercise Project/01-23-19/IceTag 50001986 (P)_01-23-2019__08;27;10.ses,0.01,,,,,,,,
raw_mcgill_complete,Winter 2019,accelerometer_icetag_export_support,.ses,Données completes/Données accelerometres/Winter 2019/Icetag/IceTags_Data/Session files/Winter Exercise Project/01-23-19/IceTag 50001987 (P)_01-23-2019__08;27;14.ses,0.007,,,,,,,,
raw_mcgill_complete,Winter 2019,accelerometer_icetag_export_support,.ses,Données completes/Données accelerometres/Winter 2019/Icetag/IceTags_Data/Session files/Winter Exercise Project/01-23-19/IceTag 50001988 (P)_01-16-2019__15;18;19.ses,0.155,,,,,,,,
raw_mcgill_complete,Winter 2019,accelerometer_icetag_export_support,.ses,Données completes/Données accelerometres/Winter 2019/Icetag/IceTags_Data/Session files/Winter Exercise Project/01-23-19/IceTag 50001989 (P)_01-23-2019__08;27;23.ses,0.018,,,,,,,,
raw_mcgill_complete,Winter 2019,accelerometer_icetag_export_support,.ses,Données completes/Données accelerometres/Winter 2019/Icetag/IceTags_Data/Session files/Winter Exercise Project/01-23-19/IceTag 50001990 (P)_01-16-2019__15;18;08.ses,0.215,,,,,,,,
raw_mcgill_complete,Winter 2019,accelerometer_icetag_export_support,.ses,Données completes/Données accelerometres/Winter 2019/Icetag/IceTags_Data/Session files/Winter Exercise Project/01-23-19/IceTag 50001992 (P)_01-23-2019__08;27;02.ses,0.004,,,,,,,,
raw_mcgill_complete,Winter 2019,accelerometer_icetag_export_support,.ses,Données completes/Données accelerometres/Winter 2019/Icetag/IceTags_Data/Session files/Winter Exercise Project/01-23-19/IceTag 50001993 (P)_01-16-2019__15;18;06.ses,0.256,,,,,,,,
raw_mcgill_complete,Winter 2019,accelerometer_icetag_export_support,.ses,Données completes/Données accelerometres/Winter 2019/Icetag/IceTags_Data/Session files/Winter Exercise Project/01-23-19/IceTag 50001994 (P)_01-16-2019__15;07;23.ses,0.164,,,,,,,,
raw_mcgill_complete,Winter 2019,accelerometer_icetag_export_support,.ses,Données completes/Données accelerometres/Winter 2019/Icetag/IceTags_Data/Session files/Winter Exercise Project/01-23-19/IceTag 50001995 (P)_01-16-2019__15;18;13.ses,0.155,,,,,,,,
raw_mcgill_complete,Winter 2019,accelerometer_icetag_export_support,.ses,Données completes/Données accelerometres/Winter 2019/Icetag/IceTags_Data/Session files/Winter Exercise Project/01-23-19/IceTag 50001996 (P)_01-23-2019__08;27;27.ses,0.014,,,,,,,,
raw_mcgill_complete,Winter 2019,accelerometer_icetag_export_support,.ses,Données completes/Données accelerometres/Winter 2019/Icetag/IceTags_Data/Session files/Winter Exercise Project/01-23-19/IceTag 50001997 (P)_01-23-2019__08;27;19.ses,0.01,,,,,,,,
raw_mcgill_complete,Winter 2019,accelerometer_icetag_export_support,.ses,Données completes/Données accelerometres/Winter 2019/Icetag/IceTags_Data/Session files/Winter Exercise Project/01-25-19/IceTag 50001524 (P)_01-25-2019__08;09;53.ses,0.01,,,,,,,,
raw_mcgill_complete,Winter 2019,accelerometer_icetag_export_support,.ses,Données completes/Données accelerometres/Winter 2019/Icetag/IceTags_Data/Session files/Winter Exercise Project/01-25-19/IceTag 50001576 (P)_01-25-2019__08;10;22.ses,0.004,,,,,,,,
raw_mcgill_complete,Winter 2019,accelerometer_icetag_export_support,.ses,Données completes/Données accelerometres/Winter 2019/Icetag/IceTags_Data/Session files/Winter Exercise Project/01-25-19/IceTag 50001985 (P)_01-25-2019__08;10;10.ses,0.012,,,,,,,,
raw_mcgill_complete,Winter 2019,accelerometer_icetag_export_support,.ses,Données completes/Données accelerometres/Winter 2019/Icetag/IceTags_Data/Session files/Winter Exercise Project/01-25-19/IceTag 50001988 (P)_01-25-2019__08;10;02.ses,0.014,,,,,,,,
raw_mcgill_complete,Winter 2019,accelerometer_icetag_export_support,.ses,Données completes/Données accelerometres/Winter 2019/Icetag/IceTags_Data/Session files/Winter Exercise Project/01-25-19/IceTag 50001990 (P)_01-25-2019__08;10;06.ses,0.012,,,,,,,,
raw_mcgill_complete,Winter 2019,accelerometer_icetag_export_support,.ses,Données completes/Données accelerometres/Winter 2019/Icetag/IceTags_Data/Session files/Winter Exercise Project/01-25-19/IceTag 50001991 (P)_01-25-2019__08;09;58.ses,0.008,,,,,,,,
raw_mcgill_complete,Winter 2019,accelerometer_icetag_export_support,.ses,Données completes/Données accelerometres/Winter 2019/Icetag/IceTags_Data/Session files/Winter Exercise Project/01-25-19/IceTag 50001995 (P)_01-25-2019__08;10;12.ses,0.01,,,,,,,,
raw_mcgill_complete,Winter 2019,accelerometer_icetag_export_support,.ses,Données completes/Données accelerometres/Winter 2019/Icetag/IceTags_Data/Session files/Winter Exercise Project/1111111111111/IceTag 50001516 (P)_01-16-2019__15;12;15.ses,0.145,,,,,,,,
raw_mcgill_complete,Winter 2019,accelerometer_icetag_export_support,.ses,Données completes/Données accelerometres/Winter 2019/Icetag/IceTags_Data/Session files/Winter Exercise Project/1111111111111/IceTag 50001516 (P)_01-23-2019__13;39;31.ses,0.003,,,,,,,,
raw_mcgill_complete,Winter 2019,accelerometer_icetag_export_support,.ses,Données completes/Données accelerometres/Winter 2019/Icetag/IceTags_Data/Session files/Winter Exercise Project/1111111111111/IceTag 50001518 (P)_01-16-2019__15;17;25.ses,0.2,,,,,,,,
raw_mcgill_complete,Winter 2019,accelerometer_icetag_export_support,.ses,Données completes/Données accelerometres/Winter 2019/Icetag/IceTags_Data/Session files/Winter Exercise Project/1111111111111/IceTag 50001520 (P)_01-16-2019__15;16;30.ses,0.184,,,,,,,,
raw_mcgill_complete,Winter 2019,accelerometer_icetag_export_support,.ses,Données completes/Données accelerometres/Winter 2019/Icetag/IceTags_Data/Session files/Winter Exercise Project/1111111111111/IceTag 50001521 (P)_01-23-2019__08;27;06.ses,0.011,,,,,,,,
raw_mcgill_complete,Winter 2019,accelerometer_icetag_export_support,.ses,Données completes/Données accelerometres/Winter 2019/Icetag/IceTags_Data/Session files/Winter Exercise Project/1111111111111/IceTag 50001522 (P)_01-16-2019__15;11;06.ses,0.368,,,,,,,,
raw_mcgill_complete,Winter 2019,accelerometer_icetag_export_support,.ses,Données completes/Données accelerometres/Winter 2019/Icetag/IceTags_Data/Session files/Winter Exercise Project/1111111111111/IceTag 50001524 (P)_01-16-2019__15;12;42.ses,0.193,,,,,,,,
raw_mcgill_complete,Winter 2019,accelerometer_icetag_export_support,.ses,Données completes/Données accelerometres/Winter 2019/Icetag/IceTags_Data/Session files/Winter Exercise Project/1111111111111/IceTag 50001524 (P)_01-25-2019__08;09;53.ses,0.01,,,,,,,,
raw_mcgill_complete,Winter 2019,accelerometer_icetag_export_support,.ses,Données completes/Données accelerometres/Winter 2019/Icetag/IceTags_Data/Session files/Winter Exercise Project/1111111111111/IceTag 50001525 (P)_01-16-2019__15;12;17.ses,0.242,,,,,,,,
raw_mcgill_complete,Winter 2019,accelerometer_icetag_export_support,.ses,Données completes/Données accelerometres/Winter 2019/Icetag/IceTags_Data/Session files/Winter Exercise Project/1111111111111/IceTag 50001526 (P)_01-16-2019__15;17;04.ses,0.261,,,,,,,,
raw_mcgill_complete,Winter 2019,accelerometer_icetag_export_support,.ses,Données completes/Données accelerometres/Winter 2019/Icetag/IceTags_Data/Session files/Winter Exercise Project/1111111111111/IceTag 50001576 (P)_01-16-2019__15;16;05.ses,0.147,,,,,,,,
raw_mcgill_complete,Winter 2019,accelerometer_icetag_export_support,.ses,Données completes/Données accelerometres/Winter 2019/Icetag/IceTags_Data/Session files/Winter Exercise Project/1111111111111/IceTag 50001576 (P)_01-25-2019__08;10;22.ses,0.004,,,,,,,,
raw_mcgill_complete,Winter 2019,accelerometer_icetag_export_support,.ses,Données completes/Données accelerometres/Winter 2019/Icetag/IceTags_Data/Session files/Winter Exercise Project/1111111111111/IceTag 50001985 (P)_01-16-2019__15;17;50.ses,0.401,,,,,,,,
raw_mcgill_complete,Winter 2019,accelerometer_icetag_export_support,.ses,Données completes/Données accelerometres/Winter 2019/Icetag/IceTags_Data/Session files/Winter Exercise Project/1111111111111/IceTag 50001985 (P)_01-25-2019__08;10;10.ses,0.012,,,,,,,,
raw_mcgill_complete,Winter 2019,accelerometer_icetag_export_support,.ses,Données completes/Données accelerometres/Winter 2019/Icetag/IceTags_Data/Session files/Winter Exercise Project/1111111111111/IceTag 50001986 (P)_01-23-2019__08;27;10.ses,0.01,,,,,,,,
raw_mcgill_complete,Winter 2019,accelerometer_icetag_export_support,.ses,Données completes/Données accelerometres/Winter 2019/Icetag/IceTags_Data/Session files/Winter Exercise Project/1111111111111/IceTag 50001987 (P)_01-23-2019__08;27;14.ses,0.007,,,,,,,,
raw_mcgill_complete,Winter 2019,accelerometer_icetag_export_support,.ses,Données completes/Données accelerometres/Winter 2019/Icetag/IceTags_Data/Session files/Winter Exercise Project/1111111111111/IceTag 50001988 (P)_01-16-2019__15;18;19.ses,0.155,,,,,,,,
raw_mcgill_complete,Winter 2019,accelerometer_icetag_export_support,.ses,Données completes/Données accelerometres/Winter 2019/Icetag/IceTags_Data/Session files/Winter Exercise Project/1111111111111/IceTag 50001988 (P)_01-25-2019__08;10;02.ses,0.014,,,,,,,,
raw_mcgill_complete,Winter 2019,accelerometer_icetag_export_support,.ses,Données completes/Données accelerometres/Winter 2019/Icetag/IceTags_Data/Session files/Winter Exercise Project/1111111111111/IceTag 50001989 (P)_01-23-2019__08;27;23.ses,0.018,,,,,,,,
raw_mcgill_complete,Winter 2019,accelerometer_icetag_export_support,.ses,Données completes/Données accelerometres/Winter 2019/Icetag/IceTags_Data/Session files/Winter Exercise Project/1111111111111/IceTag 50001990 (P)_01-16-2019__15;18;08.ses,0.215,,,,,,,,
raw_mcgill_complete,Winter 2019,accelerometer_icetag_export_support,.ses,Données completes/Données accelerometres/Winter 2019/Icetag/IceTags_Data/Session files/Winter Exercise Project/1111111111111/IceTag 50001990 (P)_01-25-2019__08;10;06.ses,0.012,,,,,,,,
raw_mcgill_complete,Winter 2019,accelerometer_icetag_export_support,.ses,Données completes/Données accelerometres/Winter 2019/Icetag/IceTags_Data/Session files/Winter Exercise Project/1111111111111/IceTag 50001991 (P)_01-25-2019__08;09;58.ses,0.008,,,,,,,,
raw_mcgill_complete,Winter 2019,accelerometer_icetag_export_support,.ses,Données completes/Données accelerometres/Winter 2019/Icetag/IceTags_Data/Session files/Winter Exercise Project/1111111111111/IceTag 50001992 (P)_01-23-2019__08;27;02.ses,0.004,,,,,,,,
raw_mcgill_complete,Winter 2019,accelerometer_icetag_export_support,.ses,Données completes/Données accelerometres/Winter 2019/Icetag/IceTags_Data/Session files/Winter Exercise Project/1111111111111/IceTag 50001993 (P)_01-16-2019__15;18;06.ses,0.256,,,,,,,,
raw_mcgill_complete,Winter 2019,accelerometer_icetag_export_support,.ses,Données completes/Données accelerometres/Winter 2019/Icetag/IceTags_Data/Session files/Winter Exercise Project/1111111111111/IceTag 50001994 (P)_01-16-2019__15;07;23.ses,0.164,,,,,,,,
raw_mcgill_complete,Winter 2019,accelerometer_icetag_export_support,.ses,Données completes/Données accelerometres/Winter 2019/Icetag/IceTags_Data/Session files/Winter Exercise Project/1111111111111/IceTag 50001995 (P)_01-16-2019__15;18;13.ses,0.155,,,,,,,,
raw_mcgill_complete,Winter 2019,accelerometer_icetag_export_support,.ses,Données completes/Données accelerometres/Winter 2019/Icetag/IceTags_Data/Session files/Winter Exercise Project/1111111111111/IceTag 50001995 (P)_01-25-2019__08;10;12.ses,0.01,,,,,,,,
raw_mcgill_complete,Winter 2019,accelerometer_icetag_export_support,.ses,Données completes/Données accelerometres/Winter 2019/Icetag/IceTags_Data/Session files/Winter Exercise Project/1111111111111/IceTag 50001996 (P)_01-23-2019__08;27;27.ses,0.014,,,,,,,,
raw_mcgill_complete,Winter 2019,accelerometer_icetag_export_support,.ses,Données completes/Données accelerometres/Winter 2019/Icetag/IceTags_Data/Session files/Winter Exercise Project/1111111111111/IceTag 50001997 (P)_01-23-2019__08;27;19.ses,0.01,,,,,,,,
raw_mcgill_complete,Winter 2019,accelerometer_icetag_export_support,.ses,Données completes/Données accelerometres/Winter 2019/Icetag/IceTags_Data/Session files/Winter Exercise Project/IceTag 50001516 (P)_02-01-2019__11;19;32.ses,0.182,,,,,,,,
raw_mcgill_complete,Winter 2019,accelerometer_icetag_export_support,.ses,Données completes/Données accelerometres/Winter 2019/Icetag/IceTags_Data/Session files/Winter Exercise Project/IceTag 50001516 (P)_02-08-2019__13;41;10.ses,0.188,,,,,,,,
raw_mcgill_complete,Winter 2019,accelerometer_icetag_export_support,.ses,Données completes/Données accelerometres/Winter 2019/Icetag/IceTags_Data/Session files/Winter Exercise Project/IceTag 50001516 (P)_02-22-2019__08;06;15.ses,0.018,,,,,,,,
raw_mcgill_complete,Winter 2019,accelerometer_icetag_export_support,.ses,Données completes/Données accelerometres/Winter 2019/Icetag/IceTags_Data/Session files/Winter Exercise Project/IceTag 50001516 (P)_02-22-2019__13;18;48.ses,0.156,,,,,,,,
raw_mcgill_complete,Winter 2019,accelerometer_icetag_export_support,.ses,Données completes/Données accelerometres/Winter 2019/Icetag/IceTags_Data/Session files/Winter Exercise Project/IceTag 50001516 (P)_03-08-2019__14;33;44.ses,0.151,,,,,,,,
raw_mcgill_complete,Winter 2019,accelerometer_icetag_export_support,.ses,Données completes/Données accelerometres/Winter 2019/Icetag/IceTags_Data/Session files/Winter Exercise Project/IceTag 50001516 (P)_03-29-2019__13;01;41.ses,0.312,,,,,,,,
raw_mcgill_complete,Winter 2019,accelerometer_icetag_export_support,.ses,Données completes/Données accelerometres/Winter 2019/Icetag/IceTags_Data/Session files/Winter Exercise Project/IceTag 50001516 (P)_04-05-2019__13;27;54.ses,0.238,,,,,,,,
raw_mcgill_complete,Winter 2019,accelerometer_icetag_export_support,.ses,Données completes/Données accelerometres/Winter 2019/Icetag/IceTags_Data/Session files/Winter Exercise Project/IceTag 50001518 (P)_02-04-2019__07;53;03.ses,0.016,,,,,,,,
raw_mcgill_complete,Winter 2019,accelerometer_icetag_export_support,.ses,Données completes/Données accelerometres/Winter 2019/Icetag/IceTags_Data/Session files/Winter Exercise Project/IceTag 50001518 (P)_02-05-2019__07;53;35.ses,0.011,,,,,,,,
raw_mcgill_complete,Winter 2019,accelerometer_icetag_export_support,.ses,Données completes/Données accelerometres/Winter 2019/Icetag/IceTags_Data/Session files/Winter Exercise Project/IceTag 50001518 (P)_02-06-2019__08;18;57.ses,0.003,,,,,,,,
raw_mcgill_complete,Winter 2019,accelerometer_icetag_export_support,.ses,Données completes/Données accelerometres/Winter 2019/Icetag/IceTags_Data/Session files/Winter Exercise Project/IceTag 50001518 (P)_02-07-2019__08;17;00.ses,0.017,,,,,,,,
raw_mcgill_complete,Winter 2019,accelerometer_icetag_export_support,.ses,Données completes/Données accelerometres/Winter 2019/Icetag/IceTags_Data/Session files/Winter Exercise Project/IceTag 50001518 (P)_02-08-2019__08;03;54.ses,0.016,,,,,,,,
raw_mcgill_complete,Winter 2019,accelerometer_icetag_export_support,.ses,Données completes/Données accelerometres/Winter 2019/Icetag/IceTags_Data/Session files/Winter Exercise Project/IceTag 50001518 (P)_02-08-2019__13;03;11.ses,0.202,,,,,,,,
raw_mcgill_complete,Winter 2019,accelerometer_icetag_export_support,.ses,Données completes/Données accelerometres/Winter 2019/Icetag/IceTags_Data/Session files/Winter Exercise Project/IceTag 50001518 (P)_02-15-2019__14;40;16.ses,0.262,,,,,,,,
raw_mcgill_complete,Winter 2019,accelerometer_icetag_export_support,.ses,Données completes/Données accelerometres/Winter 2019/Icetag/IceTags_Data/Session files/Winter Exercise Project/IceTag 50001518 (P)_02-22-2019__13;49;10.ses,0.137,,,,,,,,
raw_mcgill_complete,Winter 2019,accelerometer_icetag_export_support,.ses,Données completes/Données accelerometres/Winter 2019/Icetag/IceTags_Data/Session files/Winter Exercise Project/IceTag 50001518 (P)_03-08-2019__12;46;33.ses,0.176,,,,,,,,
raw_mcgill_complete,Winter 2019,accelerometer_icetag_export_support,.ses,Données completes/Données accelerometres/Winter 2019/Icetag/IceTags_Data/Session files/Winter Exercise Project/IceTag 50001518 (P)_03-15-2019__14;41;53.ses,0.141,,,,,,,,
raw_mcgill_complete,Winter 2019,accelerometer_icetag_export_support,.ses,Données completes/Données accelerometres/Winter 2019/Icetag/IceTags_Data/Session files/Winter Exercise Project/IceTag 50001518 (P)_03-29-2019__13;01;44.ses,0.004,,,,,,,,
raw_mcgill_complete,Winter 2019,accelerometer_icetag_export_support,.ses,Données completes/Données accelerometres/Winter 2019/Icetag/IceTags_Data/Session files/Winter Exercise Project/IceTag 50001520 (P)_02-04-2019__07;52;59.ses,0.012,,,,,,,,
raw_mcgill_complete,Winter 2019,accelerometer_icetag_export_support,.ses,Données completes/Données accelerometres/Winter 2019/Icetag/IceTags_Data/Session files/Winter Exercise Project/IceTag 50001520 (P)_02-05-2019__07;53;18.ses,0.011,,,,,,,,
raw_mcgill_complete,Winter 2019,accelerometer_icetag_export_support,.ses,Données completes/Données accelerometres/Winter 2019/Icetag/IceTags_Data/Session files/Winter Exercise Project/IceTag 50001520 (P)_02-06-2019__08;18;47.ses,0.003,,,,,,,,
raw_mcgill_complete,Winter 2019,accelerometer_icetag_export_support,.ses,Données completes/Données accelerometres/Winter 2019/Icetag/IceTags_Data/Session files/Winter Exercise Project/IceTag 50001520 (P)_02-07-2019__08;16;55.ses,0.012,,,,,,,,
raw_mcgill_complete,Winter 2019,accelerometer_icetag_export_support,.ses,Données completes/Données accelerometres/Winter 2019/Icetag/IceTags_Data/Session files/Winter Exercise Project/IceTag 50001520 (P)_02-08-2019__08;03;37.ses,0.002,,,,,,,,
raw_mcgill_complete,Winter 2019,accelerometer_icetag_export_support,.ses,Données completes/Données accelerometres/Winter 2019/Icetag/IceTags_Data/Session files/Winter Exercise Project/IceTag 50001520 (P)_02-08-2019__08;04;32.ses,0.014,,,,,,,,
raw_mcgill_complete,Winter 2019,accelerometer_icetag_export_support,.ses,Données completes/Données accelerometres/Winter 2019/Icetag/IceTags_Data/Session files/Winter Exercise Project/IceTag 50001520 (P)_02-08-2019__13;03;14.ses,0.275,,,,,,,,
raw_mcgill_complete,Winter 2019,accelerometer_icetag_export_support,.ses,Données completes/Données accelerometres/Winter 2019/Icetag/IceTags_Data/Session files/Winter Exercise Project/IceTag 50001520 (P)_02-15-2019__14;39;04.ses,0.179,,,,,,,,
raw_mcgill_complete,Winter 2019,accelerometer_icetag_export_support,.ses,Données completes/Données accelerometres/Winter 2019/Icetag/IceTags_Data/Session files/Winter Exercise Project/IceTag 50001520 (P)_02-22-2019__13;49;10.ses,0.2,,,,,,,,
raw_mcgill_complete,Winter 2019,accelerometer_icetag_export_support,.ses,Données completes/Données accelerometres/Winter 2019/Icetag/IceTags_Data/Session files/Winter Exercise Project/IceTag 50001520 (P)_03-15-2019__13;46;12.ses,0.137,,,,,,,,
raw_mcgill_complete,Winter 2019,accelerometer_icetag_export_support,.ses,Données completes/Données accelerometres/Winter 2019/Icetag/IceTags_Data/Session files/Winter Exercise Project/IceTag 50001520 (P)_03-22-2019__10;18;46.ses,0.191,,,,,,,,
raw_mcgill_complete,Winter 2019,accelerometer_icetag_export_support,.ses,Données completes/Données accelerometres/Winter 2019/Icetag/IceTags_Data/Session files/Winter Exercise Project/IceTag 50001520 (P)_04-05-2019__12;29;02.ses,0.172,,,,,,,,
raw_mcgill_complete,Winter 2019,accelerometer_icetag_export_support,.ses,Données completes/Données accelerometres/Winter 2019/Icetag/IceTags_Data/Session files/Winter Exercise Project/IceTag 50001520 (P)_04-12-2019__11;34;35.ses,0.172,,,,,,,,
raw_mcgill_complete,Winter 2019,accelerometer_icetag_export_support,.ses,Données completes/Données accelerometres/Winter 2019/Icetag/IceTags_Data/Session files/Winter Exercise Project/IceTag 50001521 (P)_01-08-2019__13;36;41.ses,0.003,,,,,,,,
raw_mcgill_complete,Winter 2019,accelerometer_icetag_export_support,.ses,Données completes/Données accelerometres/Winter 2019/Icetag/IceTags_Data/Session files/Winter Exercise Project/IceTag 50001521 (P)_01-16-2019__15;15;49.ses,0.002,,,,,,,,
raw_mcgill_complete,Winter 2019,accelerometer_icetag_export_support,.ses,Données completes/Données accelerometres/Winter 2019/Icetag/IceTags_Data/Session files/Winter Exercise Project/IceTag 50001521 (P)_01-17-2019__08;23;21.ses,0.017,,,,,,,,
raw_mcgill_complete,Winter 2019,accelerometer_icetag_export_support,.ses,Données completes/Données accelerometres/Winter 2019/Icetag/IceTags_Data/Session files/Winter Exercise Project/IceTag 50001521 (P)_01-18-2019__07;59;43.ses,0.011,,,,,,,,
raw_mcgill_complete,Winter 2019,accelerometer_icetag_export_support,.ses,Données completes/Données accelerometres/Winter 2019/Icetag/IceTags_Data/Session files/Winter Exercise Project/IceTag 50001521 (P)_01-23-2019__08;27;06.ses,0.011,,,,,,,,
raw_mcgill_complete,Winter 2019,accelerometer_icetag_export_support,.ses,Données completes/Données accelerometres/Winter 2019/Icetag/IceTags_Data/Session files/Winter Exercise Project/IceTag 50001521 (P)_02-04-2019__07;53;13.ses,0.012,,,,,,,,
raw_mcgill_complete,Winter 2019,accelerometer_icetag_export_support,.ses,Données completes/Données accelerometres/Winter 2019/Icetag/IceTags_Data/Session files/Winter Exercise Project/IceTag 50001521 (P)_02-05-2019__07;53;15.ses,0.018,,,,,,,,
raw_mcgill_complete,Winter 2019,accelerometer_icetag_export_support,.ses,Données completes/Données accelerometres/Winter 2019/Icetag/IceTags_Data/Session files/Winter Exercise Project/IceTag 50001521 (P)_02-06-2019__08;19;01.ses,0.003,,,,,,,,
raw_mcgill_complete,Winter 2019,accelerometer_icetag_export_support,.ses,Données completes/Données accelerometres/Winter 2019/Icetag/IceTags_Data/Session files/Winter Exercise Project/IceTag 50001521 (P)_02-07-2019__08;16;46.ses,0.019,,,,,,,,
raw_mcgill_complete,Winter 2019,accelerometer_icetag_export_support,.ses,Données completes/Données accelerometres/Winter 2019/Icetag/IceTags_Data/Session files/Winter Exercise Project/IceTag 50001521 (P)_02-08-2019__08;03;52.ses,0.02,,,,,,,,
raw_mcgill_complete,Winter 2019,accelerometer_icetag_export_support,.ses,Données completes/Données accelerometres/Winter 2019/Icetag/IceTags_Data/Session files/Winter Exercise Project/IceTag 50001521 (P)_02-08-2019__13;03;01.ses,0.113,,,,,,,,
raw_mcgill_complete,Winter 2019,accelerometer_icetag_export_support,.ses,Données completes/Données accelerometres/Winter 2019/Icetag/IceTags_Data/Session files/Winter Exercise Project/IceTag 50001521 (P)_02-15-2019__14;40;21.ses,0.216,,,,,,,,
raw_mcgill_complete,Winter 2019,accelerometer_icetag_export_support,.ses,Données completes/Données accelerometres/Winter 2019/Icetag/IceTags_Data/Session files/Winter Exercise Project/IceTag 50001521 (P)_02-22-2019__13;48;55.ses,0.228,,,,,,,,
raw_mcgill_complete,Winter 2019,accelerometer_icetag_export_support,.ses,Données completes/Données accelerometres/Winter 2019/Icetag/IceTags_Data/Session files/Winter Exercise Project/IceTag 50001521 (P)_03-08-2019__12;46;25.ses,0.321,,,,,,,,
raw_mcgill_complete,Winter 2019,accelerometer_icetag_export_support,.ses,Données completes/Données accelerometres/Winter 2019/Icetag/IceTags_Data/Session files/Winter Exercise Project/IceTag 50001521 (P)_03-15-2019__14;42;02.ses,0.202,,,,,,,,
raw_mcgill_complete,Winter 2019,accelerometer_icetag_export_support,.ses,Données completes/Données accelerometres/Winter 2019/Icetag/IceTags_Data/Session files/Winter Exercise Project/IceTag 50001521 (P)_03-22-2019__10;43;30.ses,0.207,,,,,,,,
raw_mcgill_complete,Winter 2019,accelerometer_icetag_export_support,.ses,Données completes/Données accelerometres/Winter 2019/Icetag/IceTags_Data/Session files/Winter Exercise Project/IceTag 50001521 (P)_04-05-2019__12;28;54.ses,0.25,,,,,,,,
raw_mcgill_complete,Winter 2019,accelerometer_icetag_export_support,.ses,Données completes/Données accelerometres/Winter 2019/Icetag/IceTags_Data/Session files/Winter Exercise Project/IceTag 50001521 (P)_04-12-2019__11;34;21.ses,0.15,,,,,,,,
raw_mcgill_complete,Winter 2019,accelerometer_icetag_export_support,.ses,Données completes/Données accelerometres/Winter 2019/Icetag/IceTags_Data/Session files/Winter Exercise Project/IceTag 50001522 (P)_02-01-2019__10;28;09.ses,0.134,,,,,,,,
raw_mcgill_complete,Winter 2019,accelerometer_icetag_export_support,.ses,Données completes/Données accelerometres/Winter 2019/Icetag/IceTags_Data/Session files/Winter Exercise Project/IceTag 50001522 (P)_02-07-2019__13;18;29.ses,0.032,,,,,,,,
raw_mcgill_complete,Winter 2019,accelerometer_icetag_export_support,.ses,Données completes/Données accelerometres/Winter 2019/Icetag/IceTags_Data/Session files/Winter Exercise Project/IceTag 50001522 (P)_02-08-2019__13;41;05.ses,0.292,,,,,,,,
raw_mcgill_complete,Winter 2019,accelerometer_icetag_export_support,.ses,Données completes/Données accelerometres/Winter 2019/Icetag/IceTags_Data/Session files/Winter Exercise Project/IceTag 50001522 (P)_02-22-2019__08;06;07.ses,0.013,,,,,,,,
raw_mcgill_complete,Winter 2019,accelerometer_icetag_export_support,.ses,Données completes/Données accelerometres/Winter 2019/Icetag/IceTags_Data/Session files/Winter Exercise Project/IceTag 50001522 (P)_02-22-2019__13;18;35.ses,0.166,,,,,,,,
raw_mcgill_complete,Winter 2019,accelerometer_icetag_export_support,.ses,Données completes/Données accelerometres/Winter 2019/Icetag/IceTags_Data/Session files/Winter Exercise Project/IceTag 50001522 (P)_03-15-2019__13;46;09.ses,0.277,,,,,,,,
raw_mcgill_complete,Winter 2019,accelerometer_icetag_export_support,.ses,Données completes/Données accelerometres/Winter 2019/Icetag/IceTags_Data/Session files/Winter Exercise Project/IceTag 50001522 (P)_03-29-2019__13;01;55.ses,0.09,,,,,,,,
raw_mcgill_complete,Winter 2019,accelerometer_icetag_export_support,.ses,Données completes/Données accelerometres/Winter 2019/Icetag/IceTags_Data/Session files/Winter Exercise Project/IceTag 50001522 (P)_04-12-2019__10;59;29.ses,0.118,,,,,,,,
raw_mcgill_complete,Winter 2019,accelerometer_icetag_export_support,.ses,Données completes/Données accelerometres/Winter 2019/Icetag/IceTags_Data/Session files/Winter Exercise Project/IceTag 50001524 (P)_01-24-2019__08;45;58.ses,0.01,,,,,,,,
raw_mcgill_complete,Winter 2019,accelerometer_icetag_export_support,.ses,Données completes/Données accelerometres/Winter 2019/Icetag/IceTags_Data/Session files/Winter Exercise Project/IceTag 50001524 (P)_02-01-2019__09;39;57.ses,0.217,,,,,,,,
raw_mcgill_complete,Winter 2019,accelerometer_icetag_export_support,.ses,Données completes/Données accelerometres/Winter 2019/Icetag/IceTags_Data/Session files/Winter Exercise Project/IceTag 50001524 (P)_02-14-2019__08;05;59.ses,0.022,,,,,,,,
raw_mcgill_complete,Winter 2019,accelerometer_icetag_export_support,.ses,Données completes/Données accelerometres/Winter 2019/Icetag/IceTags_Data/Session files/Winter Exercise Project/IceTag 50001524 (P)_02-15-2019__08;30;23.ses,0.018,,,,,,,,
raw_mcgill_complete,Winter 2019,accelerometer_icetag_export_support,.ses,Données completes/Données accelerometres/Winter 2019/Icetag/IceTags_Data/Session files/Winter Exercise Project/IceTag 50001524 (P)_02-15-2019__13;23;00.ses,0.004,,,,,,,,
raw_mcgill_complete,Winter 2019,accelerometer_icetag_export_support,.ses,Données completes/Données accelerometres/Winter 2019/Icetag/IceTags_Data/Session files/Winter Exercise Project/IceTag 50001524 (P)_02-15-2019__14;55;41.ses,0.304,,,,,,,,
raw_mcgill_complete,Winter 2019,accelerometer_icetag_export_support,.ses,Données completes/Données accelerometres/Winter 2019/Icetag/IceTags_Data/Session files/Winter Exercise Project/IceTag 50001524 (P)_02-22-2019__14;19;22.ses,0.112,,,,,,,,
raw_mcgill_complete,Winter 2019,accelerometer_icetag_export_support,.ses,Données completes/Données accelerometres/Winter 2019/Icetag/IceTags_Data/Session files/Winter Exercise Project/IceTag 50001524 (P)_03-08-2019__12;46;37.ses,0.196,,,,,,,,
raw_mcgill_complete,Winter 2019,accelerometer_icetag_export_support,.ses,Données completes/Données accelerometres/Winter 2019/Icetag/IceTags_Data/Session files/Winter Exercise Project/IceTag 50001524 (P)_03-15-2019__14;41;58.ses,0.179,,,,,,,,
raw_mcgill_complete,Winter 2019,accelerometer_icetag_export_support,.ses,Données completes/Données accelerometres/Winter 2019/Icetag/IceTags_Data/Session files/Winter Exercise Project/IceTag 50001524 (P)_03-29-2019__13;01;48.ses,0.19,,,,,,,,
raw_mcgill_complete,Winter 2019,accelerometer_icetag_export_support,.ses,Données completes/Données accelerometres/Winter 2019/Icetag/IceTags_Data/Session files/Winter Exercise Project/IceTag 50001524 (P)_04-05-2019__13;28;09.ses,0.133,,,,,,,,
raw_mcgill_complete,Winter 2019,accelerometer_icetag_export_support,.ses,Données completes/Données accelerometres/Winter 2019/Icetag/IceTags_Data/Session files/Winter Exercise Project/IceTag 50001524 (P)_04-12-2019__11;58;46.ses,0.117,,,,,,,,
raw_mcgill_complete,Winter 2019,accelerometer_icetag_export_support,.ses,Données completes/Données accelerometres/Winter 2019/Icetag/IceTags_Data/Session files/Winter Exercise Project/IceTag 50001525 (P)_02-01-2019__10;28;11.ses,0.29,,,,,,,,
raw_mcgill_complete,Winter 2019,accelerometer_icetag_export_support,.ses,Données completes/Données accelerometres/Winter 2019/Icetag/IceTags_Data/Session files/Winter Exercise Project/IceTag 50001525 (P)_02-08-2019__13;41;21.ses,0.254,,,,,,,,
raw_mcgill_complete,Winter 2019,accelerometer_icetag_export_support,.ses,Données completes/Données accelerometres/Winter 2019/Icetag/IceTags_Data/Session files/Winter Exercise Project/IceTag 50001525 (P)_02-22-2019__08;06;09.ses,0.014,,,,,,,,
raw_mcgill_complete,Winter 2019,accelerometer_icetag_export_support,.ses,Données completes/Données accelerometres/Winter 2019/Icetag/IceTags_Data/Session files/Winter Exercise Project/IceTag 50001525 (P)_03-15-2019__13;46;07.ses,0.166,,,,,,,,
raw_mcgill_complete,Winter 2019,accelerometer_icetag_export_support,.ses,Données completes/Données accelerometres/Winter 2019/Icetag/IceTags_Data/Session files/Winter Exercise Project/IceTag 50001525 (P)_03-29-2019__13;01;51.ses,0.175,,,,,,,,
raw_mcgill_complete,Winter 2019,accelerometer_icetag_export_support,.ses,Données completes/Données accelerometres/Winter 2019/Icetag/IceTags_Data/Session files/Winter Exercise Project/IceTag 50001525 (P)_04-05-2019__13;28;03.ses,0.252,,,,,,,,
raw_mcgill_complete,Winter 2019,accelerometer_icetag_export_support,.ses,Données completes/Données accelerometres/Winter 2019/Icetag/IceTags_Data/Session files/Winter Exercise Project/IceTag 50001526 (P)_02-04-2019__07;53;06.ses,0.016,,,,,,,,
raw_mcgill_complete,Winter 2019,accelerometer_icetag_export_support,.ses,Données completes/Données accelerometres/Winter 2019/Icetag/IceTags_Data/Session files/Winter Exercise Project/IceTag 50001526 (P)_02-05-2019__07;53;39.ses,0.013,,,,,,,,
raw_mcgill_complete,Winter 2019,accelerometer_icetag_export_support,.ses,Données completes/Données accelerometres/Winter 2019/Icetag/IceTags_Data/Session files/Winter Exercise Project/IceTag 50001526 (P)_02-06-2019__08;18;55.ses,0.003,,,,,,,,
raw_mcgill_complete,Winter 2019,accelerometer_icetag_export_support,.ses,Données completes/Données accelerometres/Winter 2019/Icetag/IceTags_Data/Session files/Winter Exercise Project/IceTag 50001526 (P)_02-07-2019__08;16;57.ses,0.012,,,,,,,,
raw_mcgill_complete,Winter 2019,accelerometer_icetag_export_support,.ses,Données completes/Données accelerometres/Winter 2019/Icetag/IceTags_Data/Session files/Winter Exercise Project/IceTag 50001526 (P)_02-08-2019__08;03;33.ses,0.012,,,,,,,,
raw_mcgill_complete,Winter 2019,accelerometer_icetag_export_support,.ses,Données completes/Données accelerometres/Winter 2019/Icetag/IceTags_Data/Session files/Winter Exercise Project/IceTag 50001526 (P)_02-08-2019__13;02;55.ses,0.233,,,,,,,,
raw_mcgill_complete,Winter 2019,accelerometer_icetag_export_support,.ses,Données completes/Données accelerometres/Winter 2019/Icetag/IceTags_Data/Session files/Winter Exercise Project/IceTag 50001526 (P)_02-15-2019__14;40;13.ses,0.247,,,,,,,,
raw_mcgill_complete,Winter 2019,accelerometer_icetag_export_support,.ses,Données completes/Données accelerometres/Winter 2019/Icetag/IceTags_Data/Session files/Winter Exercise Project/IceTag 50001526 (P)_02-22-2019__13;48;58.ses,0.275,,,,,,,,
raw_mcgill_complete,Winter 2019,accelerometer_icetag_export_support,.ses,Données completes/Données accelerometres/Winter 2019/Icetag/IceTags_Data/Session files/Winter Exercise Project/IceTag 50001526 (P)_03-08-2019__12;46;28.ses,0.174,,,,,,,,
raw_mcgill_complete,Winter 2019,accelerometer_icetag_export_support,.ses,Données completes/Données accelerometres/Winter 2019/Icetag/IceTags_Data/Session files/Winter Exercise Project/IceTag 50001526 (P)_03-15-2019__14;41;55.ses,0.177,,,,,,,,
raw_mcgill_complete,Winter 2019,accelerometer_icetag_export_support,.ses,Données completes/Données accelerometres/Winter 2019/Icetag/IceTags_Data/Session files/Winter Exercise Project/IceTag 50001526 (P)_03-22-2019__10;18;51.ses,0.163,,,,,,,,
raw_mcgill_complete,Winter 2019,accelerometer_icetag_export_support,.ses,Données completes/Données accelerometres/Winter 2019/Icetag/IceTags_Data/Session files/Winter Exercise Project/IceTag 50001526 (P)_03-29-2019__14;01;13.ses,0.231,,,,,,,,
raw_mcgill_complete,Winter 2019,accelerometer_icetag_export_support,.ses,Données completes/Données accelerometres/Winter 2019/Icetag/IceTags_Data/Session files/Winter Exercise Project/IceTag 50001526 (P)_04-12-2019__10;59;31.ses,0.102,,,,,,,,
raw_mcgill_complete,Winter 2019,accelerometer_icetag_export_support,.ses,Données completes/Données accelerometres/Winter 2019/Icetag/IceTags_Data/Session files/Winter Exercise Project/IceTag 50001576 (P)_01-24-2019__08;46;01.ses,0.005,,,,,,,,
raw_mcgill_complete,Winter 2019,accelerometer_icetag_export_support,.ses,Données completes/Données accelerometres/Winter 2019/Icetag/IceTags_Data/Session files/Winter Exercise Project/IceTag 50001576 (P)_02-01-2019__09;40;01.ses,0.35,,,,,,,,
raw_mcgill_complete,Winter 2019,accelerometer_icetag_export_support,.ses,Données completes/Données accelerometres/Winter 2019/Icetag/IceTags_Data/Session files/Winter Exercise Project/IceTag 50001576 (P)_02-14-2019__08;05;51.ses,0.025,,,,,,,,
raw_mcgill_complete,Winter 2019,accelerometer_icetag_export_support,.ses,Données completes/Données accelerometres/Winter 2019/Icetag/IceTags_Data/Session files/Winter Exercise Project/IceTag 50001576 (P)_02-15-2019__08;30;21.ses,0.009,,,,,,,,
raw_mcgill_complete,Winter 2019,accelerometer_icetag_export_support,.ses,Données completes/Données accelerometres/Winter 2019/Icetag/IceTags_Data/Session files/Winter Exercise Project/IceTag 50001576 (P)_02-15-2019__13;23;04.ses,0.003,,,,,,,,
raw_mcgill_complete,Winter 2019,accelerometer_icetag_export_support,.ses,Données completes/Données accelerometres/Winter 2019/Icetag/IceTags_Data/Session files/Winter Exercise Project/IceTag 50001576 (P)_02-15-2019__14;55;59.ses,0.267,,,,,,,,
raw_mcgill_complete,Winter 2019,accelerometer_icetag_export_support,.ses,Données completes/Données accelerometres/Winter 2019/Icetag/IceTags_Data/Session files/Winter Exercise Project/IceTag 50001576 (P)_03-01-2019__08;13;41.ses,0.02,,,,,,,,
raw_mcgill_complete,Winter 2019,accelerometer_icetag_export_support,.ses,Données completes/Données accelerometres/Winter 2019/Icetag/IceTags_Data/Session files/Winter Exercise Project/IceTag 50001576 (P)_03-08-2019__13;44;33.ses,0.291,,,,,,,,
raw_mcgill_complete,Winter 2019,accelerometer_icetag_export_support,.ses,Données completes/Données accelerometres/Winter 2019/Icetag/IceTags_Data/Session files/Winter Exercise Project/IceTag 50001576 (P)_03-22-2019__09;40;16.ses,0.308,,,,,,,,
raw_mcgill_complete,Winter 2019,accelerometer_icetag_export_support,.ses,Données completes/Données accelerometres/Winter 2019/Icetag/IceTags_Data/Session files/Winter Exercise Project/IceTag 50001576 (P)_03-29-2019__14;01;04.ses,0.191,,,,,,,,
raw_mcgill_complete,Winter 2019,accelerometer_icetag_export_support,.ses,Données completes/Données accelerometres/Winter 2019/Icetag/IceTags_Data/Session files/Winter Exercise Project/IceTag 50001576 (P)_04-12-2019__10;59;34.ses,0.108,,,,,,,,
raw_mcgill_complete,Winter 2019,accelerometer_icetag_export_support,.ses,Données completes/Données accelerometres/Winter 2019/Icetag/IceTags_Data/Session files/Winter Exercise Project/IceTag 50001985 (P)_01-24-2019__08;46;04.ses,0.006,,,,,,,,
raw_mcgill_complete,Winter 2019,accelerometer_icetag_export_support,.ses,Données completes/Données accelerometres/Winter 2019/Icetag/IceTags_Data/Session files/Winter Exercise Project/IceTag 50001985 (P)_02-01-2019__09;40;05.ses,0.211,,,,,,,,
raw_mcgill_complete,Winter 2019,accelerometer_icetag_export_support,.ses,Données completes/Données accelerometres/Winter 2019/Icetag/IceTags_Data/Session files/Winter Exercise Project/IceTag 50001985 (P)_02-14-2019__08;06;12.ses,0.017,,,,,,,,
raw_mcgill_complete,Winter 2019,accelerometer_icetag_export_support,.ses,Données completes/Données accelerometres/Winter 2019/Icetag/IceTags_Data/Session files/Winter Exercise Project/IceTag 50001985 (P)_02-15-2019__08;30;26.ses,0.017,,,,,,,,
raw_mcgill_complete,Winter 2019,accelerometer_icetag_export_support,.ses,Données completes/Données accelerometres/Winter 2019/Icetag/IceTags_Data/Session files/Winter Exercise Project/IceTag 50001985 (P)_02-15-2019__13;22;58.ses,0.003,,,,,,,,
raw_mcgill_complete,Winter 2019,accelerometer_icetag_export_support,.ses,Données completes/Données accelerometres/Winter 2019/Icetag/IceTags_Data/Session files/Winter Exercise Project/IceTag 50001985 (P)_02-15-2019__14;55;45.ses,0.312,,,,,,,,
raw_mcgill_complete,Winter 2019,accelerometer_icetag_export_support,.ses,Données completes/Données accelerometres/Winter 2019/Icetag/IceTags_Data/Session files/Winter Exercise Project/IceTag 50001985 (P)_03-01-2019__08;13;36.ses,0.014,,,,,,,,
raw_mcgill_complete,Winter 2019,accelerometer_icetag_export_support,.ses,Données completes/Données accelerometres/Winter 2019/Icetag/IceTags_Data/Session files/Winter Exercise Project/IceTag 50001985 (P)_03-08-2019__13;44;37.ses,0.326,,,,,,,,
raw_mcgill_complete,Winter 2019,accelerometer_icetag_export_support,.ses,Données completes/Données accelerometres/Winter 2019/Icetag/IceTags_Data/Session files/Winter Exercise Project/IceTag 50001985 (P)_03-22-2019__09;40;24.ses,0.247,,,,,,,,
raw_mcgill_complete,Winter 2019,accelerometer_icetag_export_support,.ses,Données completes/Données accelerometres/Winter 2019/Icetag/IceTags_Data/Session files/Winter Exercise Project/IceTag 50001985 (P)_03-29-2019__14;01;09.ses,0.23,,,,,,,,
raw_mcgill_complete,Winter 2019,accelerometer_icetag_export_support,.ses,Données completes/Données accelerometres/Winter 2019/Icetag/IceTags_Data/Session files/Winter Exercise Project/IceTag 50001985 (P)_04-05-2019__14;02;45.ses,0.146,,,,,,,,
raw_mcgill_complete,Winter 2019,accelerometer_icetag_export_support,.ses,Données completes/Données accelerometres/Winter 2019/Icetag/IceTags_Data/Session files/Winter Exercise Project/IceTag 50001986 (P)_01-16-2019__15;18;16.ses,0.014,,,,,,,,
raw_mcgill_complete,Winter 2019,accelerometer_icetag_export_support,.ses,Données completes/Données accelerometres/Winter 2019/Icetag/IceTags_Data/Session files/Winter Exercise Project/IceTag 50001986 (P)_01-23-2019__08;27;10.ses,0.01,,,,,,,,
raw_mcgill_complete,Winter 2019,accelerometer_icetag_export_support,.ses,Données completes/Données accelerometres/Winter 2019/Icetag/IceTags_Data/Session files/Winter Exercise Project/IceTag 50001986 (P)_02-01-2019__10;28;19.ses,0.19,,,,,,,,
raw_mcgill_complete,Winter 2019,accelerometer_icetag_export_support,.ses,Données completes/Données accelerometres/Winter 2019/Icetag/IceTags_Data/Session files/Winter Exercise Project/IceTag 50001986 (P)_02-08-2019__13;41;25.ses,0.152,,,,,,,,
raw_mcgill_complete,Winter 2019,accelerometer_icetag_export_support,.ses,Données completes/Données accelerometres/Winter 2019/Icetag/IceTags_Data/Session files/Winter Exercise Project/IceTag 50001986 (P)_02-14-2019__14;29;02.ses,0.036,,,,,,,,
raw_mcgill_complete,Winter 2019,accelerometer_icetag_export_support,.ses,Données completes/Données accelerometres/Winter 2019/Icetag/IceTags_Data/Session files/Winter Exercise Project/IceTag 50001986 (P)_02-22-2019__08;06;22.ses,0.016,,,,,,,,
raw_mcgill_complete,Winter 2019,accelerometer_icetag_export_support,.ses,Données completes/Données accelerometres/Winter 2019/Icetag/IceTags_Data/Session files/Winter Exercise Project/IceTag 50001986 (P)_02-22-2019__13;18;38.ses,0.185,,,,,,,,
raw_mcgill_complete,Winter 2019,accelerometer_icetag_export_support,.ses,Données completes/Données accelerometres/Winter 2019/Icetag/IceTags_Data/Session files/Winter Exercise Project/IceTag 50001986 (P)_03-14-2019__09;13;55.ses,0.011,,,,,,,,
raw_mcgill_complete,Winter 2019,accelerometer_icetag_export_support,.ses,Données completes/Données accelerometres/Winter 2019/Icetag/IceTags_Data/Session files/Winter Exercise Project/IceTag 50001986 (P)_03-15-2019__13;46;15.ses,0.251,,,,,,,,
raw_mcgill_complete,Winter 2019,accelerometer_icetag_export_support,.ses,Données completes/Données accelerometres/Winter 2019/Icetag/IceTags_Data/Session files/Winter Exercise Project/IceTag 50001986 (P)_03-22-2019__10;43;35.ses,0.184,,,,,,,,
raw_mcgill_complete,Winter 2019,accelerometer_icetag_export_support,.ses,Données completes/Données accelerometres/Winter 2019/Icetag/IceTags_Data/Session files/Winter Exercise Project/IceTag 50001986 (P)_04-05-2019__12;28;42.ses,0.29,,,,,,,,
raw_mcgill_complete,Winter 2019,accelerometer_icetag_export_support,.ses,Données completes/Données accelerometres/Winter 2019/Icetag/IceTags_Data/Session files/Winter Exercise Project/IceTag 50001986 (P)_04-12-2019__11;34;41.ses,0.136,,,,,,,,
raw_mcgill_complete,Winter 2019,accelerometer_icetag_export_support,.ses,Données completes/Données accelerometres/Winter 2019/Icetag/IceTags_Data/Session files/Winter Exercise Project/IceTag 50001987 (P)_01-17-2019__08;23;51.ses,0.022,,,,,,,,
raw_mcgill_complete,Winter 2019,accelerometer_icetag_export_support,.ses,Données completes/Données accelerometres/Winter 2019/Icetag/IceTags_Data/Session files/Winter Exercise Project/IceTag 50001987 (P)_02-01-2019__10;28;01.ses,0.217,,,,,,,,
raw_mcgill_complete,Winter 2019,accelerometer_icetag_export_support,.ses,Données completes/Données accelerometres/Winter 2019/Icetag/IceTags_Data/Session files/Winter Exercise Project/IceTag 50001987 (P)_02-08-2019__13;41;08.ses,0.27,,,,,,,,
raw_mcgill_complete,Winter 2019,accelerometer_icetag_export_support,.ses,Données completes/Données accelerometres/Winter 2019/Icetag/IceTags_Data/Session files/Winter Exercise Project/IceTag 50001987 (P)_02-15-2019__15;19;48.ses,0.29,,,,,,,,
raw_mcgill_complete,Winter 2019,accelerometer_icetag_export_support,.ses,Données completes/Données accelerometres/Winter 2019/Icetag/IceTags_Data/Session files/Winter Exercise Project/IceTag 50001987 (P)_03-01-2019__08;13;24.ses,0.019,,,,,,,,
raw_mcgill_complete,Winter 2019,accelerometer_icetag_export_support,.ses,Données completes/Données accelerometres/Winter 2019/Icetag/IceTags_Data/Session files/Winter Exercise Project/IceTag 50001987 (P)_03-08-2019__13;44;24.ses,0.124,,,,,,,,
raw_mcgill_complete,Winter 2019,accelerometer_icetag_export_support,.ses,Données completes/Données accelerometres/Winter 2019/Icetag/IceTags_Data/Session files/Winter Exercise Project/IceTag 50001987 (P)_03-22-2019__09;40;06.ses,0.313,,,,,,,,
raw_mcgill_complete,Winter 2019,accelerometer_icetag_export_support,.ses,Données completes/Données accelerometres/Winter 2019/Icetag/IceTags_Data/Session files/Winter Exercise Project/IceTag 50001987 (P)_04-05-2019__12;28;57.ses,0.169,,,,,,,,
raw_mcgill_complete,Winter 2019,accelerometer_icetag_export_support,.ses,Données completes/Données accelerometres/Winter 2019/Icetag/IceTags_Data/Session files/Winter Exercise Project/IceTag 50001987 (P)_04-12-2019__11;34;30.ses,0.079,,,,,,,,
raw_mcgill_complete,Winter 2019,accelerometer_icetag_export_support,.ses,Données completes/Données accelerometres/Winter 2019/Icetag/IceTags_Data/Session files/Winter Exercise Project/IceTag 50001988 (P)_01-24-2019__08;45;51.ses,0.005,,,,,,,,
raw_mcgill_complete,Winter 2019,accelerometer_icetag_export_support,.ses,Données completes/Données accelerometres/Winter 2019/Icetag/IceTags_Data/Session files/Winter Exercise Project/IceTag 50001988 (P)_02-01-2019__09;40;09.ses,0.209,,,,,,,,
raw_mcgill_complete,Winter 2019,accelerometer_icetag_export_support,.ses,Données completes/Données accelerometres/Winter 2019/Icetag/IceTags_Data/Session files/Winter Exercise Project/IceTag 50001988 (P)_02-14-2019__08;06;05.ses,0.017,,,,,,,,
raw_mcgill_complete,Winter 2019,accelerometer_icetag_export_support,.ses,Données completes/Données accelerometres/Winter 2019/Icetag/IceTags_Data/Session files/Winter Exercise Project/IceTag 50001988 (P)_02-15-2019__08;30;16.ses,0.01,,,,,,,,
raw_mcgill_complete,Winter 2019,accelerometer_icetag_export_support,.ses,Données completes/Données accelerometres/Winter 2019/Icetag/IceTags_Data/Session files/Winter Exercise Project/IceTag 50001988 (P)_02-15-2019__13;22;54.ses,0.005,,,,,,,,
raw_mcgill_complete,Winter 2019,accelerometer_icetag_export_support,.ses,Données completes/Données accelerometres/Winter 2019/Icetag/IceTags_Data/Session files/Winter Exercise Project/IceTag 50001988 (P)_02-15-2019__14;56;02.ses,0.181,,,,,,,,
raw_mcgill_complete,Winter 2019,accelerometer_icetag_export_support,.ses,Données completes/Données accelerometres/Winter 2019/Icetag/IceTags_Data/Session files/Winter Exercise Project/IceTag 50001988 (P)_03-01-2019__08;13;33.ses,0.014,,,,,,,,
raw_mcgill_complete,Winter 2019,accelerometer_icetag_export_support,.ses,Données completes/Données accelerometres/Winter 2019/Icetag/IceTags_Data/Session files/Winter Exercise Project/IceTag 50001988 (P)_03-08-2019__13;44;28.ses,0.182,,,,,,,,
raw_mcgill_complete,Winter 2019,accelerometer_icetag_export_support,.ses,Données completes/Données accelerometres/Winter 2019/Icetag/IceTags_Data/Session files/Winter Exercise Project/IceTag 50001988 (P)_03-22-2019__09;40;20.ses,0.19,,,,,,,,
raw_mcgill_complete,Winter 2019,accelerometer_icetag_export_support,.ses,Données completes/Données accelerometres/Winter 2019/Icetag/IceTags_Data/Session files/Winter Exercise Project/IceTag 50001988 (P)_03-29-2019__14;01;21.ses,0.191,,,,,,,,
raw_mcgill_complete,Winter 2019,accelerometer_icetag_export_support,.ses,Données completes/Données accelerometres/Winter 2019/Icetag/IceTags_Data/Session files/Winter Exercise Project/IceTag 50001988 (P)_04-12-2019__10;59;51.ses,0.117,,,,,,,,
raw_mcgill_complete,Winter 2019,accelerometer_icetag_export_support,.ses,Données completes/Données accelerometres/Winter 2019/Icetag/IceTags_Data/Session files/Winter Exercise Project/IceTag 50001989 (P)_01-23-2019__08;27;23.ses,0.018,,,,,,,,
raw_mcgill_complete,Winter 2019,accelerometer_icetag_export_support,.ses,Données completes/Données accelerometres/Winter 2019/Icetag/IceTags_Data/Session files/Winter Exercise Project/IceTag 50001989 (P)_02-04-2019__07;53;10.ses,0.024,,,,,,,,
raw_mcgill_complete,Winter 2019,accelerometer_icetag_export_support,.ses,Données completes/Données accelerometres/Winter 2019/Icetag/IceTags_Data/Session files/Winter Exercise Project/IceTag 50001989 (P)_02-05-2019__07;52;58.ses,0.017,,,,,,,,
raw_mcgill_complete,Winter 2019,accelerometer_icetag_export_support,.ses,Données completes/Données accelerometres/Winter 2019/Icetag/IceTags_Data/Session files/Winter Exercise Project/IceTag 50001989 (P)_02-06-2019__08;19;04.ses,0.003,,,,,,,,
raw_mcgill_complete,Winter 2019,accelerometer_icetag_export_support,.ses,Données completes/Données accelerometres/Winter 2019/Icetag/IceTags_Data/Session files/Winter Exercise Project/IceTag 50001989 (P)_02-07-2019__08;16;40.ses,0.009,,,,,,,,
raw_mcgill_complete,Winter 2019,accelerometer_icetag_export_support,.ses,Données completes/Données accelerometres/Winter 2019/Icetag/IceTags_Data/Session files/Winter Exercise Project/IceTag 50001989 (P)_02-08-2019__08;03;57.ses,0.019,,,,,,,,
raw_mcgill_complete,Winter 2019,accelerometer_icetag_export_support,.ses,Données completes/Données accelerometres/Winter 2019/Icetag/IceTags_Data/Session files/Winter Exercise Project/IceTag 50001989 (P)_02-08-2019__13;02;59.ses,0.168,,,,,,,,
raw_mcgill_complete,Winter 2019,accelerometer_icetag_export_support,.ses,Données completes/Données accelerometres/Winter 2019/Icetag/IceTags_Data/Session files/Winter Exercise Project/IceTag 50001989 (P)_02-15-2019__14;40;19.ses,0.306,,,,,,,,
raw_mcgill_complete,Winter 2019,accelerometer_icetag_export_support,.ses,Données completes/Données accelerometres/Winter 2019/Icetag/IceTags_Data/Session files/Winter Exercise Project/IceTag 50001989 (P)_02-22-2019__13;49;04.ses,0.113,,,,,,,,
raw_mcgill_complete,Winter 2019,accelerometer_icetag_export_support,.ses,Données completes/Données accelerometres/Winter 2019/Icetag/IceTags_Data/Session files/Winter Exercise Project/IceTag 50001989 (P)_03-08-2019__12;46;30.ses,0.368,,,,,,,,
raw_mcgill_complete,Winter 2019,accelerometer_icetag_export_support,.ses,Données completes/Données accelerometres/Winter 2019/Icetag/IceTags_Data/Session files/Winter Exercise Project/IceTag 50001989 (P)_03-15-2019__14;41;49.ses,0.488,,,,,,,,
raw_mcgill_complete,Winter 2019,accelerometer_icetag_export_support,.ses,Données completes/Données accelerometres/Winter 2019/Icetag/IceTags_Data/Session files/Winter Exercise Project/IceTag 50001989 (P)_04-05-2019__12;28;45.ses,0.124,,,,,,,,
raw_mcgill_complete,Winter 2019,accelerometer_icetag_export_support,.ses,Données completes/Données accelerometres/Winter 2019/Icetag/IceTags_Data/Session files/Winter Exercise Project/IceTag 50001990 (P)_01-16-2019__15;18;08.ses,0.215,,,,,,,,
raw_mcgill_complete,Winter 2019,accelerometer_icetag_export_support,.ses,Données completes/Données accelerometres/Winter 2019/Icetag/IceTags_Data/Session files/Winter Exercise Project/IceTag 50001990 (P)_01-24-2019__08;45;47.ses,0.009,,,,,,,,
raw_mcgill_complete,Winter 2019,accelerometer_icetag_export_support,.ses,Données completes/Données accelerometres/Winter 2019/Icetag/IceTags_Data/Session files/Winter Exercise Project/IceTag 50001990 (P)_02-01-2019__09;39;52.ses,0.17,,,,,,,,
raw_mcgill_complete,Winter 2019,accelerometer_icetag_export_support,.ses,Données completes/Données accelerometres/Winter 2019/Icetag/IceTags_Data/Session files/Winter Exercise Project/IceTag 50001990 (P)_02-14-2019__08;05;55.ses,0.019,,,,,,,,
raw_mcgill_complete,Winter 2019,accelerometer_icetag_export_support,.ses,Données completes/Données accelerometres/Winter 2019/Icetag/IceTags_Data/Session files/Winter Exercise Project/IceTag 50001990 (P)_02-15-2019__08;30;35.ses,0.011,,,,,,,,
raw_mcgill_complete,Winter 2019,accelerometer_icetag_export_support,.ses,Données completes/Données accelerometres/Winter 2019/Icetag/IceTags_Data/Session files/Winter Exercise Project/IceTag 50001990 (P)_02-15-2019__13;23;07.ses,0.004,,,,,,,,
raw_mcgill_complete,Winter 2019,accelerometer_icetag_export_support,.ses,Données completes/Données accelerometres/Winter 2019/Icetag/IceTags_Data/Session files/Winter Exercise Project/IceTag 50001990 (P)_02-15-2019__14;55;39.ses,0.186,,,,,,,,
raw_mcgill_complete,Winter 2019,accelerometer_icetag_export_support,.ses,Données completes/Données accelerometres/Winter 2019/Icetag/IceTags_Data/Session files/Winter Exercise Project/IceTag 50001990 (P)_03-01-2019__08;13;38.ses,0.013,,,,,,,,
raw_mcgill_complete,Winter 2019,accelerometer_icetag_export_support,.ses,Données completes/Données accelerometres/Winter 2019/Icetag/IceTags_Data/Session files/Winter Exercise Project/IceTag 50001990 (P)_03-08-2019__13;44;20.ses,0.112,,,,,,,,
raw_mcgill_complete,Winter 2019,accelerometer_icetag_export_support,.ses,Données completes/Données accelerometres/Winter 2019/Icetag/IceTags_Data/Session files/Winter Exercise Project/IceTag 50001990 (P)_03-22-2019__09;40;12.ses,0.194,,,,,,,,
raw_mcgill_complete,Winter 2019,accelerometer_icetag_export_support,.ses,Données completes/Données accelerometres/Winter 2019/Icetag/IceTags_Data/Session files/Winter Exercise Project/IceTag 50001990 (P)_03-29-2019__14;01;25.ses,0.226,,,,,,,,
raw_mcgill_complete,Winter 2019,accelerometer_icetag_export_support,.ses,Données completes/Données accelerometres/Winter 2019/Icetag/IceTags_Data/Session files/Winter Exercise Project/IceTag 50001990 (P)_04-05-2019__13;27;53.ses,0.203,,,,,,,,
raw_mcgill_complete,Winter 2019,accelerometer_icetag_export_support,.ses,Données completes/Données accelerometres/Winter 2019/Icetag/IceTags_Data/Session files/Winter Exercise Project/IceTag 50001990 (P)_04-12-2019__11;34;24.ses,0.087,,,,,,,,
raw_mcgill_complete,Winter 2019,accelerometer_icetag_export_support,.ses,Données completes/Données accelerometres/Winter 2019/Icetag/IceTags_Data/Session files/Winter Exercise Project/IceTag 50001991 (P)_01-17-2019__08;23;47.ses,0.114,,,,,,,,
raw_mcgill_complete,Winter 2019,accelerometer_icetag_export_support,.ses,Données completes/Données accelerometres/Winter 2019/Icetag/IceTags_Data/Session files/Winter Exercise Project/IceTag 50001991 (P)_01-24-2019__08;45;53.ses,0.008,,,,,,,,
raw_mcgill_complete,Winter 2019,accelerometer_icetag_export_support,.ses,Données completes/Données accelerometres/Winter 2019/Icetag/IceTags_Data/Session files/Winter Exercise Project/IceTag 50001991 (P)_02-01-2019__09;40;16.ses,0.356,,,,,,,,
raw_mcgill_complete,Winter 2019,accelerometer_icetag_export_support,.ses,Données completes/Données accelerometres/Winter 2019/Icetag/IceTags_Data/Session files/Winter Exercise Project/IceTag 50001991 (P)_02-08-2019__14;08;38.ses,0.171,,,,,,,,
raw_mcgill_complete,Winter 2019,accelerometer_icetag_export_support,.ses,Données completes/Données accelerometres/Winter 2019/Icetag/IceTags_Data/Session files/Winter Exercise Project/IceTag 50001991 (P)_02-22-2019__08;06;30.ses,0.015,,,,,,,,
raw_mcgill_complete,Winter 2019,accelerometer_icetag_export_support,.ses,Données completes/Données accelerometres/Winter 2019/Icetag/IceTags_Data/Session files/Winter Exercise Project/IceTag 50001991 (P)_02-22-2019__13;18;45.ses,0.188,,,,,,,,
raw_mcgill_complete,Winter 2019,accelerometer_icetag_export_support,.ses,Données completes/Données accelerometres/Winter 2019/Icetag/IceTags_Data/Session files/Winter Exercise Project/IceTag 50001991 (P)_03-14-2019__09;14;16.ses,0.01,,,,,,,,
raw_mcgill_complete,Winter 2019,accelerometer_icetag_export_support,.ses,Données completes/Données accelerometres/Winter 2019/Icetag/IceTags_Data/Session files/Winter Exercise Project/IceTag 50001991 (P)_03-15-2019__13;46;01.ses,0.272,,,,,,,,
raw_mcgill_complete,Winter 2019,accelerometer_icetag_export_support,.ses,Données completes/Données accelerometres/Winter 2019/Icetag/IceTags_Data/Session files/Winter Exercise Project/IceTag 50001991 (P)_03-22-2019__10;18;51.ses,0.271,,,,,,,,
raw_mcgill_complete,Winter 2019,accelerometer_icetag_export_support,.ses,Données completes/Données accelerometres/Winter 2019/Icetag/IceTags_Data/Session files/Winter Exercise Project/IceTag 50001991 (P)_04-05-2019__12;28;41.ses,0.164,,,,,,,,
raw_mcgill_complete,Winter 2019,accelerometer_icetag_export_support,.ses,Données completes/Données accelerometres/Winter 2019/Icetag/IceTags_Data/Session files/Winter Exercise Project/IceTag 50001991 (P)_04-12-2019__11;34;34.ses,0.017,,,,,,,,
raw_mcgill_complete,Winter 2019,accelerometer_icetag_export_support,.ses,Données completes/Données accelerometres/Winter 2019/Icetag/IceTags_Data/Session files/Winter Exercise Project/IceTag 50001992 (P)_01-17-2019__08;23;39.ses,0.014,,,,,,,,
raw_mcgill_complete,Winter 2019,accelerometer_icetag_export_support,.ses,Données completes/Données accelerometres/Winter 2019/Icetag/IceTags_Data/Session files/Winter Exercise Project/IceTag 50001992 (P)_02-04-2019__07;53;01.ses,0.01,,,,,,,,
raw_mcgill_complete,Winter 2019,accelerometer_icetag_export_support,.ses,Données completes/Données accelerometres/Winter 2019/Icetag/IceTags_Data/Session files/Winter Exercise Project/IceTag 50001992 (P)_02-05-2019__07;53;03.ses,0.013,,,,,,,,
raw_mcgill_complete,Winter 2019,accelerometer_icetag_export_support,.ses,Données completes/Données accelerometres/Winter 2019/Icetag/IceTags_Data/Session files/Winter Exercise Project/IceTag 50001992 (P)_02-06-2019__08;18;45.ses,0.005,,,,,,,,
raw_mcgill_complete,Winter 2019,accelerometer_icetag_export_support,.ses,Données completes/Données accelerometres/Winter 2019/Icetag/IceTags_Data/Session files/Winter Exercise Project/IceTag 50001992 (P)_02-07-2019__08;16;43.ses,0.012,,,,,,,,
raw_mcgill_complete,Winter 2019,accelerometer_icetag_export_support,.ses,Données completes/Données accelerometres/Winter 2019/Icetag/IceTags_Data/Session files/Winter Exercise Project/IceTag 50001992 (P)_02-08-2019__08;03;40.ses,0.015,,,,,,,,
raw_mcgill_complete,Winter 2019,accelerometer_icetag_export_support,.ses,Données completes/Données accelerometres/Winter 2019/Icetag/IceTags_Data/Session files/Winter Exercise Project/IceTag 50001992 (P)_02-08-2019__13;03;12.ses,0.259,,,,,,,,
raw_mcgill_complete,Winter 2019,accelerometer_icetag_export_support,.ses,Données completes/Données accelerometres/Winter 2019/Icetag/IceTags_Data/Session files/Winter Exercise Project/IceTag 50001992 (P)_02-15-2019__14;40;10.ses,0.131,,,,,,,,
raw_mcgill_complete,Winter 2019,accelerometer_icetag_export_support,.ses,Données completes/Données accelerometres/Winter 2019/Icetag/IceTags_Data/Session files/Winter Exercise Project/IceTag 50001992 (P)_02-22-2019__13;49;01.ses,0.156,,,,,,,,
raw_mcgill_complete,Winter 2019,accelerometer_icetag_export_support,.ses,Données completes/Données accelerometres/Winter 2019/Icetag/IceTags_Data/Session files/Winter Exercise Project/IceTag 50001992 (P)_03-08-2019__12;46;46.ses,0.193,,,,,,,,
raw_mcgill_complete,Winter 2019,accelerometer_icetag_export_support,.ses,Données completes/Données accelerometres/Winter 2019/Icetag/IceTags_Data/Session files/Winter Exercise Project/IceTag 50001992 (P)_03-15-2019__14;41;42.ses,0.116,,,,,,,,
raw_mcgill_complete,Winter 2019,accelerometer_icetag_export_support,.ses,Données completes/Données accelerometres/Winter 2019/Icetag/IceTags_Data/Session files/Winter Exercise Project/IceTag 50001992 (P)_03-22-2019__10;18;58.ses,0.181,,,,,,,,
raw_mcgill_complete,Winter 2019,accelerometer_icetag_export_support,.ses,Données completes/Données accelerometres/Winter 2019/Icetag/IceTags_Data/Session files/Winter Exercise Project/IceTag 50001992 (P)_04-05-2019__12;28;50.ses,0.194,,,,,,,,
raw_mcgill_complete,Winter 2019,accelerometer_icetag_export_support,.ses,Données completes/Données accelerometres/Winter 2019/Icetag/IceTags_Data/Session files/Winter Exercise Project/IceTag 50001992 (P)_04-12-2019__11;34;26.ses,0.151,,,,,,,,
raw_mcgill_complete,Winter 2019,accelerometer_icetag_export_support,.ses,Données completes/Données accelerometres/Winter 2019/Icetag/IceTags_Data/Session files/Winter Exercise Project/IceTag 50001993 (P)_02-01-2019__10;28;13.ses,0.328,,,,,,,,
raw_mcgill_complete,Winter 2019,accelerometer_icetag_export_support,.ses,Données completes/Données accelerometres/Winter 2019/Icetag/IceTags_Data/Session files/Winter Exercise Project/IceTag 50001993 (P)_02-08-2019__13;41;03.ses,0.003,,,,,,,,
raw_mcgill_complete,Winter 2019,accelerometer_icetag_export_support,.ses,Données completes/Données accelerometres/Winter 2019/Icetag/IceTags_Data/Session files/Winter Exercise Project/IceTag 50001993 (P)_02-08-2019__14;08;21.ses,0.14,,,,,,,,
raw_mcgill_complete,Winter 2019,accelerometer_icetag_export_support,.ses,Données completes/Données accelerometres/Winter 2019/Icetag/IceTags_Data/Session files/Winter Exercise Project/IceTag 50001993 (P)_02-22-2019__08;06;26.ses,0.012,,,,,,,,
raw_mcgill_complete,Winter 2019,accelerometer_icetag_export_support,.ses,Données completes/Données accelerometres/Winter 2019/Icetag/IceTags_Data/Session files/Winter Exercise Project/IceTag 50001993 (P)_02-22-2019__13;18;53.ses,0.234,,,,,,,,
raw_mcgill_complete,Winter 2019,accelerometer_icetag_export_support,.ses,Données completes/Données accelerometres/Winter 2019/Icetag/IceTags_Data/Session files/Winter Exercise Project/IceTag 50001993 (P)_03-15-2019__13;46;04.ses,0.21,,,,,,,,
raw_mcgill_complete,Winter 2019,accelerometer_icetag_export_support,.ses,Données completes/Données accelerometres/Winter 2019/Icetag/IceTags_Data/Session files/Winter Exercise Project/IceTag 50001993 (P)_03-22-2019__10;18;46.ses,0.319,,,,,,,,
raw_mcgill_complete,Winter 2019,accelerometer_icetag_export_support,.ses,Données completes/Données accelerometres/Winter 2019/Icetag/IceTags_Data/Session files/Winter Exercise Project/IceTag 50001993 (P)_03-29-2019__14;01;16.ses,0.138,,,,,,,,
raw_mcgill_complete,Winter 2019,accelerometer_icetag_export_support,.ses,Données completes/Données accelerometres/Winter 2019/Icetag/IceTags_Data/Session files/Winter Exercise Project/IceTag 50001993 (P)_04-12-2019__10;59;42.ses,0.222,,,,,,,,
raw_mcgill_complete,Winter 2019,accelerometer_icetag_export_support,.ses,Données completes/Données accelerometres/Winter 2019/Icetag/IceTags_Data/Session files/Winter Exercise Project/IceTag 50001994 (P)_01-16-2019__14;58;43.ses,0.002,,,,,,,,
raw_mcgill_complete,Winter 2019,accelerometer_icetag_export_support,.ses,Données completes/Données accelerometres/Winter 2019/Icetag/IceTags_Data/Session files/Winter Exercise Project/IceTag 50001994 (P)_02-01-2019__10;28;15.ses,0.374,,,,,,,,
raw_mcgill_complete,Winter 2019,accelerometer_icetag_export_support,.ses,Données completes/Données accelerometres/Winter 2019/Icetag/IceTags_Data/Session files/Winter Exercise Project/IceTag 50001994 (P)_02-08-2019__13;41;18.ses,0.304,,,,,,,,
raw_mcgill_complete,Winter 2019,accelerometer_icetag_export_support,.ses,Données completes/Données accelerometres/Winter 2019/Icetag/IceTags_Data/Session files/Winter Exercise Project/IceTag 50001994 (P)_02-22-2019__08;06;32.ses,0.006,,,,,,,,
raw_mcgill_complete,Winter 2019,accelerometer_icetag_export_support,.ses,Données completes/Données accelerometres/Winter 2019/Icetag/IceTags_Data/Session files/Winter Exercise Project/IceTag 50001994 (P)_02-22-2019__13;18;51.ses,0.269,,,,,,,,
raw_mcgill_complete,Winter 2019,accelerometer_icetag_export_support,.ses,Données completes/Données accelerometres/Winter 2019/Icetag/IceTags_Data/Session files/Winter Exercise Project/IceTag 50001994 (P)_03-15-2019__13;46;18.ses,0.17,,,,,,,,
raw_mcgill_complete,Winter 2019,accelerometer_icetag_export_support,.ses,Données completes/Données accelerometres/Winter 2019/Icetag/IceTags_Data/Session files/Winter Exercise Project/IceTag 50001994 (P)_03-29-2019__13;01;33.ses,0.167,,,,,,,,
raw_mcgill_complete,Winter 2019,accelerometer_icetag_export_support,.ses,Données completes/Données accelerometres/Winter 2019/Icetag/IceTags_Data/Session files/Winter Exercise Project/IceTag 50001994 (P)_04-05-2019__13;28;06.ses,0.214,,,,,,,,
raw_mcgill_complete,Winter 2019,accelerometer_icetag_export_support,.ses,Données completes/Données accelerometres/Winter 2019/Icetag/IceTags_Data/Session files/Winter Exercise Project/IceTag 50001995 (P)_01-16-2019__15;18;13.ses,0.155,,,,,,,,
raw_mcgill_complete,Winter 2019,accelerometer_icetag_export_support,.ses,Données completes/Données accelerometres/Winter 2019/Icetag/IceTags_Data/Session files/Winter Exercise Project/IceTag 50001995 (P)_01-24-2019__08;46;07.ses,0.009,,,,,,,,
raw_mcgill_complete,Winter 2019,accelerometer_icetag_export_support,.ses,Données completes/Données accelerometres/Winter 2019/Icetag/IceTags_Data/Session files/Winter Exercise Project/IceTag 50001995 (P)_02-01-2019__09;40;13.ses,0.245,,,,,,,,
raw_mcgill_complete,Winter 2019,accelerometer_icetag_export_support,.ses,Données completes/Données accelerometres/Winter 2019/Icetag/IceTags_Data/Session files/Winter Exercise Project/IceTag 50001995 (P)_02-14-2019__08;05;45.ses,0.019,,,,,,,,
raw_mcgill_complete,Winter 2019,accelerometer_icetag_export_support,.ses,Données completes/Données accelerometres/Winter 2019/Icetag/IceTags_Data/Session files/Winter Exercise Project/IceTag 50001995 (P)_02-15-2019__08;30;32.ses,0.019,,,,,,,,
raw_mcgill_complete,Winter 2019,accelerometer_icetag_export_support,.ses,Données completes/Données accelerometres/Winter 2019/Icetag/IceTags_Data/Session files/Winter Exercise Project/IceTag 50001995 (P)_02-15-2019__13;23;10.ses,0.008,,,,,,,,
raw_mcgill_complete,Winter 2019,accelerometer_icetag_export_support,.ses,Données completes/Données accelerometres/Winter 2019/Icetag/IceTags_Data/Session files/Winter Exercise Project/IceTag 50001995 (P)_02-15-2019__14;55;48.ses,0.201,,,,,,,,
raw_mcgill_complete,Winter 2019,accelerometer_icetag_export_support,.ses,Données completes/Données accelerometres/Winter 2019/Icetag/IceTags_Data/Session files/Winter Exercise Project/IceTag 50001995 (P)_03-01-2019__08;13;29.ses,0.02,,,,,,,,
raw_mcgill_complete,Winter 2019,accelerometer_icetag_export_support,.ses,Données completes/Données accelerometres/Winter 2019/Icetag/IceTags_Data/Session files/Winter Exercise Project/IceTag 50001995 (P)_03-08-2019__13;44;16.ses,0.195,,,,,,,,
raw_mcgill_complete,Winter 2019,accelerometer_icetag_export_support,.ses,Données completes/Données accelerometres/Winter 2019/Icetag/IceTags_Data/Session files/Winter Exercise Project/IceTag 50001995 (P)_03-15-2019__15;13;33.ses,0.152,,,,,,,,
raw_mcgill_complete,Winter 2019,accelerometer_icetag_export_support,.ses,Données completes/Données accelerometres/Winter 2019/Icetag/IceTags_Data/Session files/Winter Exercise Project/IceTag 50001995 (P)_03-29-2019__13;01;38.ses,0.235,,,,,,,,
raw_mcgill_complete,Winter 2019,accelerometer_icetag_export_support,.ses,Données completes/Données accelerometres/Winter 2019/Icetag/IceTags_Data/Session files/Winter Exercise Project/IceTag 50001995 (P)_04-05-2019__13;27;57.ses,0.058,,,,,,,,
raw_mcgill_complete,Winter 2019,accelerometer_icetag_export_support,.ses,Données completes/Données accelerometres/Winter 2019/Icetag/IceTags_Data/Session files/Winter Exercise Project/IceTag 50001996 (P)_01-17-2019__08;23;43.ses,0.01,,,,,,,,
raw_mcgill_complete,Winter 2019,accelerometer_icetag_export_support,.ses,Données completes/Données accelerometres/Winter 2019/Icetag/IceTags_Data/Session files/Winter Exercise Project/IceTag 50001996 (P)_01-23-2019__08;27;27.ses,0.014,,,,,,,,
raw_mcgill_complete,Winter 2019,accelerometer_icetag_export_support,.ses,Données completes/Données accelerometres/Winter 2019/Icetag/IceTags_Data/Session files/Winter Exercise Project/IceTag 50001996 (P)_02-01-2019__10;28;03.ses,0.22,,,,,,,,
raw_mcgill_complete,Winter 2019,accelerometer_icetag_export_support,.ses,Données completes/Données accelerometres/Winter 2019/Icetag/IceTags_Data/Session files/Winter Exercise Project/IceTag 50001996 (P)_02-14-2019__08;06;09.ses,0.023,,,,,,,,
raw_mcgill_complete,Winter 2019,accelerometer_icetag_export_support,.ses,Données completes/Données accelerometres/Winter 2019/Icetag/IceTags_Data/Session files/Winter Exercise Project/IceTag 50001996 (P)_02-15-2019__08;30;10.ses,0.017,,,,,,,,
raw_mcgill_complete,Winter 2019,accelerometer_icetag_export_support,.ses,Données completes/Données accelerometres/Winter 2019/Icetag/IceTags_Data/Session files/Winter Exercise Project/IceTag 50001996 (P)_02-15-2019__13;22;53.ses,0.003,,,,,,,,
raw_mcgill_complete,Winter 2019,accelerometer_icetag_export_support,.ses,Données completes/Données accelerometres/Winter 2019/Icetag/IceTags_Data/Session files/Winter Exercise Project/IceTag 50001996 (P)_02-15-2019__14;55;54.ses,0.221,,,,,,,,
raw_mcgill_complete,Winter 2019,accelerometer_icetag_export_support,.ses,Données completes/Données accelerometres/Winter 2019/Icetag/IceTags_Data/Session files/Winter Exercise Project/IceTag 50001996 (P)_03-01-2019__08;13;28.ses,0.016,,,,,,,,
raw_mcgill_complete,Winter 2019,accelerometer_icetag_export_support,.ses,Données completes/Données accelerometres/Winter 2019/Icetag/IceTags_Data/Session files/Winter Exercise Project/IceTag 50001996 (P)_03-08-2019__13;44;46.ses,0.244,,,,,,,,
raw_mcgill_complete,Winter 2019,accelerometer_icetag_export_support,.ses,Données completes/Données accelerometres/Winter 2019/Icetag/IceTags_Data/Session files/Winter Exercise Project/IceTag 50001996 (P)_03-22-2019__09;40;09.ses,0.092,,,,,,,,
raw_mcgill_complete,Winter 2019,accelerometer_icetag_export_support,.ses,Données completes/Données accelerometres/Winter 2019/Icetag/IceTags_Data/Session files/Winter Exercise Project/IceTag 50001996 (P)_03-29-2019__14;38;41.ses,0.223,,,,,,,,
raw_mcgill_complete,Winter 2019,accelerometer_icetag_export_support,.ses,Données completes/Données accelerometres/Winter 2019/Icetag/IceTags_Data/Session files/Winter Exercise Project/IceTag 50001996 (P)_04-12-2019__10;59;39.ses,0.112,,,,,,,,
raw_mcgill_complete,Winter 2019,accelerometer_icetag_export_support,.ses,Données completes/Données accelerometres/Winter 2019/Icetag/IceTags_Data/Session files/Winter Exercise Project/IceTag 50001997 (P)_01-17-2019__08;23;32.ses,0.013,,,,,,,,
raw_mcgill_complete,Winter 2019,accelerometer_icetag_export_support,.ses,Données completes/Données accelerometres/Winter 2019/Icetag/IceTags_Data/Session files/Winter Exercise Project/IceTag 50001997 (P)_02-04-2019__07;53;08.ses,0.013,,,,,,,,
raw_mcgill_complete,Winter 2019,accelerometer_icetag_export_support,.ses,Données completes/Données accelerometres/Winter 2019/Icetag/IceTags_Data/Session files/Winter Exercise Project/IceTag 50001997 (P)_02-05-2019__07;53;06.ses,0.019,,,,,,,,
raw_mcgill_complete,Winter 2019,accelerometer_icetag_export_support,.ses,Données completes/Données accelerometres/Winter 2019/Icetag/IceTags_Data/Session files/Winter Exercise Project/IceTag 50001997 (P)_02-06-2019__08;18;52.ses,0.005,,,,,,,,
raw_mcgill_complete,Winter 2019,accelerometer_icetag_export_support,.ses,Données completes/Données accelerometres/Winter 2019/Icetag/IceTags_Data/Session files/Winter Exercise Project/IceTag 50001997 (P)_02-07-2019__08;16;50.ses,0.011,,,,,,,,
raw_mcgill_complete,Winter 2019,accelerometer_icetag_export_support,.ses,Données completes/Données accelerometres/Winter 2019/Icetag/IceTags_Data/Session files/Winter Exercise Project/IceTag 50001997 (P)_02-08-2019__08;03;49.ses,0.018,,,,,,,,
raw_mcgill_complete,Winter 2019,accelerometer_icetag_export_support,.ses,Données completes/Données accelerometres/Winter 2019/Icetag/IceTags_Data/Session files/Winter Exercise Project/IceTag 50001997 (P)_02-08-2019__13;03;02.ses,0.209,,,,,,,,
raw_mcgill_complete,Winter 2019,accelerometer_icetag_export_support,.ses,Données completes/Données accelerometres/Winter 2019/Icetag/IceTags_Data/Session files/Winter Exercise Project/IceTag 50001997 (P)_02-15-2019__14;40;07.ses,0.209,,,,,,,,
raw_mcgill_complete,Winter 2019,accelerometer_icetag_export_support,.ses,Données completes/Données accelerometres/Winter 2019/Icetag/IceTags_Data/Session files/Winter Exercise Project/IceTag 50001997 (P)_02-22-2019__13;49;07.ses,0.251,,,,,,,,
raw_mcgill_complete,Winter 2019,accelerometer_icetag_export_support,.ses,Données completes/Données accelerometres/Winter 2019/Icetag/IceTags_Data/Session files/Winter Exercise Project/IceTag 50001997 (P)_03-08-2019__12;46;42.ses,0.187,,,,,,,,
raw_mcgill_complete,Winter 2019,accelerometer_icetag_export_support,.ses,Données completes/Données accelerometres/Winter 2019/Icetag/IceTags_Data/Session files/Winter Exercise Project/IceTag 50001997 (P)_03-20-2019__08;42;59.ses,0.072,,,,,,,,
raw_mcgill_complete,Winter 2019,accelerometer_icetag_export_support,.ses,Données completes/Données accelerometres/Winter 2019/Icetag/IceTags_Data/Session files/Winter Exercise Project/IceTag 50001997 (P)_03-22-2019__10;18;55.ses,0.213,,,,,,,,
raw_mcgill_complete,Winter 2019,accelerometer_icetag_export_support,.ses,Données completes/Données accelerometres/Winter 2019/Icetag/IceTags_Data/Session files/Winter Exercise Project/IceTag 50001997 (P)_03-29-2019__14;01;19.ses,0.186,,,,,,,,
raw_mcgill_complete,Winter 2019,accelerometer_icetag_export_support,.ses,Données completes/Données accelerometres/Winter 2019/Icetag/IceTags_Data/Session files/Winter Exercise Project/IceTag 50001997 (P)_04-12-2019__10;59;46.ses,0.202,,,,,,,,
raw_mcgill_complete,Winter 2019,accelerometer_icetag_raw_csv,.csv,Données completes/Données accelerometres/Winter 2019/Icetag/IceTags_Data/test/2078_Tag86minute_14MAR2019__0932-1249.csv,0.009,,,,,,,,
raw_mcgill_complete,Winter 2019,accelerometer_icetag_export_support,.txt,Données completes/Données accelerometres/Winter 2019/Icetag/IceTags_Data/test/2078_Tag86minute_14MAR2019__0932-1249.txt,0.018,,,,,,,,
raw_mcgill_complete,Winter 2019,accelerometer_icetag_raw_csv,.csv,Données completes/Données accelerometres/Winter 2019/Icetag/IceTags_Data/test/2078_Tag86minute_14MAR2019__0932-1249_LB.csv,0.001,,,,,,,,
raw_mcgill_complete,Winter 2019,accelerometer_icetag_raw_csv,.csv,Données completes/Données accelerometres/Winter 2019/Icetag/IceTags_Data/test/2078_Tag86second_14MAR2019_0932-1249.csv,0.521,,,,,,,,
raw_mcgill_complete,Winter 2019,accelerometer_icetag_raw_csv,.csv,Données completes/Données accelerometres/Winter 2019/Icetag/IceTags_Data/test/2078_Tag86second_14MAR2019_0932-1249_LB.csv,0.001,,,,,,,,
raw_mcgill_complete,Winter 2019,accelerometer_icetag_raw_csv,.csv,Données completes/Données accelerometres/Winter 2019/Icetag/IceTags_Data/test/2078_Tag91second_14MAR2019__0932-1249.csv,0.514,,,,,,,,
raw_mcgill_complete,Winter 2019,accelerometer_icetag_raw_csv,.csv,Données completes/Données accelerometres/Winter 2019/Icetag/IceTags_Data/test/2078_Tag91second_14MAR2019__0932-1249_LB.csv,0.001,,,,,,,,
raw_mcgill_complete,Winter 2019,behavior_scan_workbook,.xlsx,Données completes/Données accelerometres/Winter 2019/cow_scan_long-format_7.12.19.xlsx,0.053,38,4,,,,5,"references, all scans FINAL, all scans, data summary by trt, data summary by cow","Distance Code, Distance Definition, , "
raw_mcgill_complete,Other / unknown,behavior_scan_other,.pdf,Données completes/Enhancing movement opportunity to support behavioral needs for movement-restricted cattle through different conditions of access to exercise.pdf,2.192,,,,,,,,
raw_mcgill_complete,Multi-season / aggregate,behavior_scan_workbook,.xlsx,Données completes/Scan_Tot.xlsx,0.028,160,13,,,,2,"Feuil1, Behaviours regroupment","Experiment, Paddock, Week, Cows, Trt, Pct_locomotion, Pct_rest, Pct_lying, Pct_Explo, Pct_eating, Pct_Ruminating, Pct_Social"
raw_mcgill_complete,Other / unknown,documentation_protocol,.docx,Données completes/Étapes pour nettoyer les données.docx,0.022,,,,,,,,
published_aggregate_dataset,Fall 2019,behavior_scan_csv,.csv,data-movement-behavior-main/dataset/Fall2019.csv,0.024,708,7,30,,,,,"Cow_ID, Trt, Week, Block, Block.1, Sum_Steps, Experiment"
published_aggregate_dataset,Summer 2019,behavior_scan_csv,.csv,data-movement-behavior-main/dataset/Summer2019.csv,0.025,506,10,15,,,,,"Cow_ID, Trt_details, Trt, Trt_order, Week, Block, Size, Duration_per_day, Sum_Steps, Experiment"
published_aggregate_dataset,Summer 2020,behavior_scan_csv,.csv,data-movement-behavior-main/dataset/Summer2020.csv,0.012,243,9,18,,,,,"Cow_ID, Trt_details, Trt, Trt_order, Week, Period, Block, Sum_Steps, Experiment"
published_aggregate_dataset,Summer 2021,behavior_scan_csv,.csv,data-movement-behavior-main/dataset/Summer2021.csv,0.003,61,10,6,,,,,"Cow_ID, Trt, Trt_details, Trt_order, Week, Period, Block, Size, Sum_Steps, Experiment"
published_aggregate_dataset,Winter 2019,behavior_scan_csv,.csv,data-movement-behavior-main/dataset/Winter2019.csv,0.02,410,10,14,,,,,"Cow_ID, Trt_details, Trt, Trt_order, Week, Block, Size, Duration_per_day, Sum_Steps, Experiment"
published_aggregate_dataset,Winter 2020,behavior_scan_csv,.csv,data-movement-behavior-main/dataset/Winter2020.csv,0.014,286,10,27,,,,,"Cow_ID, Trt_details, Trt, Trt_order, Week, Period, Week_Period, Block, Sum_Steps, Experiment"
local_project_dataset,Fall 2019,csv_other,.csv,mcgill_brut.csv,6.384,93187,10,30,2019-11-11 18:45:00,2019-12-14 13:00:00,,,"Cow, Start, End, Steps, Motion Index, Lying Time, Standing Time, Transitions, Transitions Up, Transitions Down"
local_project_dataset,Fall 2019 / SLS labels,clinical_sls_labels,.csv,mcgill_sls_labels.csv,0.002,30,8,30,,,,,"Cow, SLS_Baseline_Jan2019, SLS_Midway_Mar2019, Statut, Bins_15min, Jours, Debut, Fin"
derived_or_analysis_output,Fall 2019,pipeline_input_15min,.csv,reports/objective1_pipeline_icetag/fall_2019_pipeline_input_15min.csv,6.384,93187,10,30,2019-11-11 18:45:00,2019-12-14 13:00:00,,,"Cow, Start, End, Steps, Motion Index, Lying Time, Standing Time, Transitions, Transitions Up, Transitions Down"
derived_or_analysis_output,Fall 2021,pipeline_input_15min,.csv,reports/objective1_pipeline_icetag/fall_2021_pipeline_input_15min.csv,0.352,5131,10,10,2021-11-30 09:00:00,2021-12-06 11:00:00,,,"Cow, Start, End, Steps, Motion Index, Lying Time, Standing Time, Transitions, Transitions Up, Transitions Down"
derived_or_analysis_output,Summer 2019,pipeline_input_15min,.csv,reports/objective1_pipeline_icetag/summer_2019_pipeline_input_15min.csv,9.379,136726,10,18,2019-06-05 13:00:00,2019-09-06 12:00:00,,,"Cow, Start, End, Steps, Motion Index, Lying Time, Standing Time, Transitions, Transitions Up, Transitions Down"
derived_or_analysis_output,Winter 2019,pipeline_input_15min,.csv,reports/objective1_pipeline_icetag/winter_2019_pipeline_input_15min.csv,8.867,129323,10,17,2019-01-16 15:15:00,2019-04-17 11:30:00,,,"Cow, Start, End, Steps, Motion Index, Lying Time, Standing Time, Transitions, Transitions Up, Transitions Down"
derived_or_analysis_output,Fall 2019,pipeline_predictions_15min_features,.csv,reports/objective1_pipeline_icetag/fall_2019_pipeline_predictions.csv,211.608,93860,139,30,2019-11-11 18:45:00,2019-12-14 13:00:00,,,"T, Steps_sum, Steps_mean, Motion Index_sum, Motion Index_mean, Lying Time_sum, Lying Time_mean, Standing Time_sum, Standing Time_mean, Transitions_sum, Transitions_mean, Motion Index_sum_log"
derived_or_analysis_output,Fall 2021,pipeline_predictions_15min_features,.csv,reports/objective1_pipeline_icetag/fall_2021_pipeline_predictions.csv,11.451,5131,139,10,2021-11-30 09:00:00,2021-12-06 11:00:00,,,"T, Steps_sum, Steps_mean, Motion Index_sum, Motion Index_mean, Lying Time_sum, Lying Time_mean, Standing Time_sum, Standing Time_mean, Transitions_sum, Transitions_mean, Motion Index_sum_log"
derived_or_analysis_output,Summer 2019,pipeline_predictions_15min_features,.csv,reports/objective1_pipeline_icetag/summer_2019_pipeline_predictions.csv,315.143,139111,139,18,2019-06-05 13:00:00,2019-09-06 12:00:00,,,"T, Steps_sum, Steps_mean, Motion Index_sum, Motion Index_mean, Lying Time_sum, Lying Time_mean, Standing Time_sum, Standing Time_mean, Transitions_sum, Transitions_mean, Motion Index_sum_log"
derived_or_analysis_output,Winter 2019,pipeline_predictions_15min_features,.csv,reports/objective1_pipeline_icetag/winter_2019_pipeline_predictions.csv,302.076,136929,139,17,2019-01-16 15:15:00,2019-04-17 11:30:00,,,"T, Steps_sum, Steps_mean, Motion Index_sum, Motion Index_mean, Lying Time_sum, Lying Time_mean, Standing Time_sum, Standing Time_mean, Transitions_sum, Transitions_mean, Motion Index_sum_log"
derived_or_analysis_output,Fall 2019,pipeline_summary_by_cow,.csv,reports/objective1_pipeline_icetag/fall_2019_pipeline_summary.csv,0.001,30,11,30,,,,,"n_bins, if_anomaly_points, problem_points, lameness_points, problem_starts, lameness_starts, lameness_notifs, critique_points, coverage_mean, coverage_min, Cow"
derived_or_analysis_output,Fall 2021,pipeline_summary_by_cow,.csv,reports/objective1_pipeline_icetag/fall_2021_pipeline_summary.csv,0.0,10,11,10,,,,,"n_bins, if_anomaly_points, problem_points, lameness_points, problem_starts, lameness_starts, lameness_notifs, critique_points, coverage_mean, coverage_min, Cow"
derived_or_analysis_output,Summer 2019,pipeline_summary_by_cow,.csv,reports/objective1_pipeline_icetag/summer_2019_pipeline_summary.csv,0.001,18,11,18,,,,,"n_bins, if_anomaly_points, problem_points, lameness_points, problem_starts, lameness_starts, lameness_notifs, critique_points, coverage_mean, coverage_min, Cow"
derived_or_analysis_output,Winter 2019,pipeline_summary_by_cow,.csv,reports/objective1_pipeline_icetag/winter_2019_pipeline_summary.csv,0.001,17,11,17,,,,,"n_bins, if_anomaly_points, problem_points, lameness_points, problem_starts, lameness_starts, lameness_notifs, critique_points, coverage_mean, coverage_min, Cow"
derived_or_analysis_output,Fall 2019,pipeline_alerts,.csv,reports/objective1_pipeline_icetag/fall_2019_pipeline_alerts_only.csv,0.005,105,10,26,2019-11-12 03:00:00,2019-12-14 07:15:00,,,"Cow, T, if_anomaly_point, pred_problem_episode, pred_problem_start, pred_lameness_episode, pred_lameness_start, notif_lameness, lame_confidence, coverage_pct"
derived_or_analysis_output,Fall 2021,pipeline_alerts,.csv,reports/objective1_pipeline_icetag/fall_2021_pipeline_alerts_only.csv,0.0,4,10,4,2021-12-01 10:15:00,2021-12-03 12:15:00,,,"Cow, T, if_anomaly_point, pred_problem_episode, pred_problem_start, pred_lameness_episode, pred_lameness_start, notif_lameness, lame_confidence, coverage_pct"
derived_or_analysis_output,Summer 2019,pipeline_alerts,.csv,reports/objective1_pipeline_icetag/summer_2019_pipeline_alerts_only.csv,0.006,127,10,17,2019-06-05 21:00:00,2019-09-04 22:45:00,,,"Cow, T, if_anomaly_point, pred_problem_episode, pred_problem_start, pred_lameness_episode, pred_lameness_start, notif_lameness, lame_confidence, coverage_pct"
derived_or_analysis_output,Winter 2019,pipeline_alerts,.csv,reports/objective1_pipeline_icetag/winter_2019_pipeline_alerts_only.csv,0.007,149,10,17,2019-01-17 22:15:00,2019-04-11 00:15:00,,,"Cow, T, if_anomaly_point, pred_problem_episode, pred_problem_start, pred_lameness_episode, pred_lameness_start, notif_lameness, lame_confidence, coverage_pct"
derived_or_analysis_output,Other / unknown,accelerometer_icetag_raw_csv,.csv,reports/objective1_pipeline_icetag/objective1_multi_season_summary.csv,0.001,4,12,4,,,,,"season, n_cows, n_intervals, first_T, last_T, if_anomaly_points, lameness_points, lameness_starts, lameness_notifs, notifs_per_100_cow_days, min_coverage, mean_coverage"
derived_or_analysis_output,Other / unknown,accelerometer_icetag_raw_csv,.csv,reports/objective1_pipeline_icetag/objective1_2_behavior_alignment/objective1_2_alignment_readiness_by_season.csv,0.001,4,4,,,,,,"season, alignment_status, reason, next_action"
derived_or_analysis_output,Winter 2019,accelerometer_icetag_raw_csv,.csv,reports/objective1_pipeline_icetag/objective1_2_behavior_alignment/standardized_behavior_scans_winter2019.csv,0.009,42,28,8,2019-02-14 00:00:00,2019-04-05 00:00:00,,,"season, Cow, scan_date, Week, Treatment_hour, Treatment_pad_size(m2), Paddock_number, Weather_conditions, Paddock_surface_conditions, Gov_CAN_Temp_10am_(C), Gov_CAN_rel_humidity_10am_(%), total_scans"
derived_or_analysis_output,Winter 2019,accelerometer_icetag_raw_csv,.csv,reports/objective1_pipeline_icetag/objective1_2_behavior_alignment/winter2019_alert_alignment_by_cow.csv,0.001,17,8,17,,,,,"Cow, alerts, matched_within_1d, same_day, mean_alert_confidence, mean_matched_activity_score, mean_matched_pct_immobile, mean_matched_pct_active_mobile"
derived_or_analysis_output,Winter 2019,accelerometer_icetag_raw_csv,.csv,reports/objective1_pipeline_icetag/objective1_2_behavior_alignment/winter2019_alerts_aligned_to_behavior_scans.csv,0.017,149,27,17,2019-01-17 22:15:00,2019-04-11 00:15:00,,,"Cow, T, if_anomaly_point, pred_problem_episode, pred_problem_start, pred_lameness_episode, pred_lameness_start, notif_lameness, lame_confidence, coverage_pct, season, alert_time"
derived_or_analysis_output,Winter 2019,accelerometer_icetag_raw_csv,.csv,reports/objective1_pipeline_icetag/objective1_2_behavior_alignment/winter2019_alerts_by_behavior_state.csv,0.0,5,7,,,,,,"matched_scan_within_1d, scan_behavior_state, alerts, mean_alert_confidence, mean_behavior_activity_score, mean_pct_immobile, mean_pct_active_mobile"
derived_or_analysis_output,Winter 2019,accelerometer_icetag_raw_csv,.csv,reports/objective1_pipeline_icetag/objective1_2_behavior_alignment/winter2019_alignment_summary.csv,0.0,6,2,,,,,,"metric, value"
derived_or_analysis_output,Winter 2019,accelerometer_icetag_raw_csv,.csv,reports/objective1_pipeline_icetag/objective1_2_behavior_alignment/winter2019_behavior_scans_with_alert_counts.csv,0.009,42,31,8,2019-02-14 00:00:00,2019-04-05 00:00:00,,,"season, Cow, scan_date, Week, Treatment_hour, Treatment_pad_size(m2), Paddock_number, Weather_conditions, Paddock_surface_conditions, Gov_CAN_Temp_10am_(C), Gov_CAN_rel_humidity_10am_(%), total_scans"
derived_or_analysis_output,Winter 2019,winter2019_sync_analysis,.csv,reports/winter2019_sync_all_scans_final.csv,0.007,42,43,8,2019-02-14 00:00:00,2019-04-05 00:00:00,,,"Date, Cow_ID, Week, Treatment_hour, Treatment_pad_size(m2), Paddock_number, Temp_7:15am_(C), Wind_speed_7:15am_(km/h), Windchill_index_7:15am, Weather_conditions, Paddock_surface_conditions, Gov_CAN_Temp_10am_(C)"
derived_or_analysis_output,Winter 2019,winter2019_sync_analysis,.csv,reports/winter2019_sync_by_context.csv,0.002,23,8,,,,,,"Treatment_hour, Treatment_pad_size(m2), Weather_conditions, n_obs, mean_steps_per_hour, mean_behavior_score, mean_pct_active_mobile, mean_pct_immobile"
derived_or_analysis_output,Winter 2019,winter2019_sync_analysis,.csv,reports/winter2019_sync_by_cow.csv,0.001,8,7,8,,,,,"Cow_ID, n_obs, mean_steps_per_hour, mean_behavior_score, mean_pct_active_mobile, mean_pct_immobile, mean_distance_index"
derived_or_analysis_output,Winter 2019,winter2019_sync_analysis,.csv,reports/winter2019_sync_correlations.csv,0.001,17,2,,,,,,"Unnamed: 0, corr_with_icetag_steps_per_hour_norm"
derived_or_analysis_output,Winter 2019,winter2019_sync_analysis,.csv,reports/winter2019_sync_enriched.csv,0.011,42,57,8,2019-02-14 00:00:00,2019-04-05 00:00:00,,,"Date, Cow_ID, Week, Treatment_hour, Treatment_pad_size(m2), Paddock_number, Temp_7:15am_(C), Wind_speed_7:15am_(km/h), Windchill_index_7:15am, Weather_conditions, Paddock_surface_conditions, Gov_CAN_Temp_10am_(C)"
