relative_path,filename,extension,season,source_type,sheet_count,sheet_names_preview,sample_sheet,sample_rows_preview,notes
Données completes/Données accelerometres/Fall 2019/Behavioral scans - Amir's lameness project.xlsx,Behavioral scans - Amir's lameness project.xlsx,.xlsx,fall 2019,behavior_scan,6,Code used | SCAN template | SCAN week 4 | SCAN week 5  | SCAN week 5.2 | Focus,Code used,"Distance Code | Distance Definition || C | touching/having contact with companion || N | within ""brushing"" distance of companion; within 1 cow-length distance",
Données completes/Données accelerometres/Fall 2019/HOBO data/Week_1/Control_1_2019-11-15 13_56_29 -0500.xlsx,Control_1_2019-11-15 13_56_29 -0500.xlsx,.xlsx,fall 2019,environment_hobo,3,DATA | Event Data | Details,DATA,"Plot Title: Inside Treatment 1 |  |  |  |  |  |  |  |  |  |  |  |  || # | Date Time, GMT -0500 | Temp, °C | Temp - Max, °C | Temp - Min, °C | Temp - Avg, °C | Temp - StdDev, °C | RH, % | RH - Max, % | RH - Min, % | RH - Avg, % | RH - StdDev, % | DewPt, °C || 1 | 2019-11-14 14:09:04 | 13.253447265624999 | 13.253447265624999 | 13.253447265624999 | 13.253447265624999 | 0 | 50.14724956130312 | 50.14724956130312 | 50.14724956130312 | 50.14724956130312 | 0 | 3.1083963673906303",
Données completes/Données accelerometres/Fall 2019/HOBO data/Week_1/Control_2_2019-11-15 14_00_19 -0500.xlsx,Control_2_2019-11-15 14_00_19 -0500.xlsx,.xlsx,fall 2019,environment_hobo,3,DATA | Event Data | Details,DATA,"Plot Title: Inside Control || # | Date Time, GMT -0500 | Temp, °C | Temp - Max, °C | Temp - Min, °C | Temp - Avg, °C | Temp - StdDev, °C | RH, % | RH - Max, % | RH - Min, % | RH - Avg, % | RH - StdDev, % | DewPt, °C || 1 | 2019-11-11 19:07:19 | 12.642116699218747 | 12.642116699218747 | 12.642116699218747 | 12.642116699218747 | 0.0 | 52.07751583123522 | 52.07751583123522 | 52.07751583123522 | 52.07751583123522 | 0.0 | 3.0768278956344832",
Données completes/Données accelerometres/Fall 2019/HOBO data/Week_1/Treatment_1_2019-11-15 13_39_33 -0500.xlsx,Treatment_1_2019-11-15 13_39_33 -0500.xlsx,.xlsx,fall 2019,environment_hobo,3,DATA | Event Data | Details,DATA,"Plot Title: Inside Control 2 |  |  |  |  |  |  |  |  |  |  |  |  || # | Date Time, GMT -0500 | Temp, °C | Temp - Max, °C | Temp - Min, °C | Temp - Avg, °C | Temp - StdDev, °C | RH, % | RH - Max, % | RH - Min, % | RH - Avg, % | RH - StdDev, % | DewPt, °C || 1 | 2019-11-14 14:07:37 | 15.34484130859375 | 15.34484130859375 | 15.34484130859375 | 15.34484130859375 | 0 | 45.024795910582135 | 45.024795910582135 | 45.024795910582135 | 45.024795910582135 | 0 | 3.499527457723284",
Données completes/Données accelerometres/Fall 2019/HOBO data/Week_1/Treatment_2_2019-11-15 14_02_20 -0500.xlsx,Treatment_2_2019-11-15 14_02_20 -0500.xlsx,.xlsx,fall 2019,environment_hobo,3,DATA | Event Data | Details,DATA,"Plot Title: Inside Treatment  || # | Date Time, GMT -0500 | Temp, °C | Temp - Max, °C | Temp - Min, °C | Temp - Avg, °C | Temp - StdDev, °C | RH, % | RH - Max, % | RH - Min, % | RH - Avg, % | RH - StdDev, % | DewPt, °C || 1 | 2019-11-11 19:08:41 | 11.365830078125 | 11.365830078125 | 11.365830078125 | 11.365830078125 | 0.0 | 54.425879301136796 | 54.425879301136796 | 54.425879301136796 | 54.425879301136796 | 0.0 | 2.5126093193775456",
Données completes/Données accelerometres/Fall 2019/HOBO data/Week_2/Control 1 2019-11-21 13_35_21 -0500.xlsx,Control 1 2019-11-21 13_35_21 -0500.xlsx,.xlsx,fall 2019,environment_hobo,3,DATA | Event Data | Details,DATA,"Plot Title: Control 1 || # | Date Time, GMT -0500 | Temp, °C | Temp - Max, °C | Temp - Min, °C | Temp - Avg, °C | Temp - StdDev, °C | RH, % | RH - Max, % | RH - Min, % | RH - Avg, % | RH - StdDev, % | DewPt, °C || 1 | 2019-11-15 13:56:50 | 12.223837890625 | 12.223837890625 | 12.223837890625 | 12.223837890625 | 0.0 | 51.75860227359426 | 51.75860227359426 | 51.75860227359426 | 51.75860227359426 | 0.0 | 2.602868199033455",
Données completes/Données accelerometres/Fall 2019/HOBO data/Week_2/Control 2 2019-11-21 13_37_47 -0500.xlsx,Control 2 2019-11-21 13_37_47 -0500.xlsx,.xlsx,fall 2019,environment_hobo,3,DATA | Event Data | Details,DATA,"Plot Title: Control 2 || # | Date Time, GMT -0500 | Temp, °C | Temp - Max, °C | Temp - Min, °C | Temp - Avg, °C | Temp - StdDev, °C | RH, % | RH - Max, % | RH - Min, % | RH - Avg, % | RH - StdDev, % | DewPt, °C || 1 | 2019-11-15 14:00:45 | 12.674291992187499 | 12.674291992187499 | 12.674291992187499 | 12.674291992187499 | 0.0 | 53.466086823834594 | 53.466086823834594 | 53.466086823834594 | 53.466086823834594 | 0.0 | 3.4789203124772086",
Données completes/Données accelerometres/Fall 2019/HOBO data/Week_2/Treatment 1 2019-11-21 13_36_36 -0500.xlsx,Treatment 1 2019-11-21 13_36_36 -0500.xlsx,.xlsx,fall 2019,environment_hobo,3,DATA | Event Data | Details,DATA,"Plot Title: Treatment 1 || # | Date Time, GMT -0500 | Temp, °C | Temp - Max, °C | Temp - Min, °C | Temp - Avg, °C | Temp - StdDev, °C | RH, % | RH - Max, % | RH - Min, % | RH - Avg, % | RH - StdDev, % | DewPt, °C || 1 | 2019-11-15 13:40:13 | 13.478674316406249 | 13.478674316406249 | 13.478674316406249 | 13.478674316406249 | 0.0 | 51.48699168383307 | 51.48699168383307 | 51.48699168383307 | 51.48699168383307 | 0.0 | 3.6897392746399014",
Données completes/Données accelerometres/Fall 2019/HOBO data/Week_2/Treatment 2 2019-11-21 13_40_37 -0500.xlsx,Treatment 2 2019-11-21 13_40_37 -0500.xlsx,.xlsx,fall 2019,environment_hobo,3,DATA | Event Data | Details,DATA,"Plot Title: Treatment 2 || # | Date Time, GMT -0500 | Temp, °C | Temp - Max, °C | Temp - Min, °C | Temp - Avg, °C | Temp - StdDev, °C | RH, % | RH - Max, % | RH - Min, % | RH - Avg, % | RH - StdDev, % | DewPt, °C || 1 | 2019-11-15 14:02:50 | 11.784108886718748 | 11.784108886718748 | 11.784108886718748 | 11.784108886718748 | 0.0 | 55.297169451438165 | 55.297169451438165 | 55.297169451438165 | 55.297169451438165 | 0.0 | 3.126411311472019",
Données completes/Données accelerometres/Fall 2019/HOBO data/Week_3/Control 1 2019-11-29 08_10_40 -0500.xlsx,Control 1 2019-11-29 08_10_40 -0500.xlsx,.xlsx,fall 2019,environment_hobo,3,DATA | Event Data | Details,DATA,"Plot Title: Control 1 || # | Date Time, GMT -0500 | Temp, °C | Temp - Max, °C | Temp - Min, °C | Temp - Avg, °C | Temp - StdDev, °C | RH, % | RH - Max, % | RH - Min, % | RH - Avg, % | RH - StdDev, % | DewPt, °C || 1 | 2019-11-21 13:35:38 | 15.130339355468749 | 15.130339355468749 | 15.130339355468749 | 15.130339355468749 | 0.0 | 61.229877164873734 | 61.229877164873734 | 61.229877164873734 | 61.229877164873734 | 0.0 | 7.734016375833815",
Données completes/Données accelerometres/Fall 2019/HOBO data/Week_3/Control 2 2019-11-29 08_11_54 -0500.xlsx,Control 2 2019-11-29 08_11_54 -0500.xlsx,.xlsx,fall 2019,environment_hobo,3,DATA | Event Data | Details,DATA,"Plot Title: Control 2 || # | Date Time, GMT -0500 | Temp, °C | Temp - Max, °C | Temp - Min, °C | Temp - Avg, °C | Temp - StdDev, °C | RH, % | RH - Max, % | RH - Min, % | RH - Avg, % | RH - StdDev, % | DewPt, °C || 1 | 2019-11-21 13:39:13 | 16.138498535156245 | 16.138498535156245 | 16.138498535156245 | 16.138498535156245 | 0.0 | 59.33928435187305 | 59.33928435187305 | 59.33928435187305 | 59.33928435187305 | 0.0 | 8.222381219831407",
Données completes/Données accelerometres/Fall 2019/HOBO data/Week_3/Treatment 1 2019-11-29 08_13_03 -0500.xlsx,Treatment 1 2019-11-29 08_13_03 -0500.xlsx,.xlsx,fall 2019,environment_hobo,3,DATA | Event Data | Details,DATA,"Plot Title: Treatment 1 || # | Date Time, GMT -0500 | Temp, °C | Temp - Max, °C | Temp - Min, °C | Temp - Avg, °C | Temp - StdDev, °C | RH, % | RH - Max, % | RH - Min, % | RH - Avg, % | RH - StdDev, % | DewPt, °C || 1 | 2019-11-21 13:36:45 | 16.0205224609375 | 16.0205224609375 | 16.0205224609375 | 16.0205224609375 | 0.0 | 59.67193102922103 | 59.67193102922103 | 59.67193102922103 | 59.67193102922103 | 0.0 | 8.193798664693215",
Données completes/Données accelerometres/Fall 2019/HOBO data/Week_3/Treatment 2 2019-11-29 08_14_14 -0500.xlsx,Treatment 2 2019-11-29 08_14_14 -0500.xlsx,.xlsx,fall 2019,environment_hobo,3,DATA | Event Data | Details,DATA,"Plot Title: Treatment 2 || # | Date Time, GMT -0500 | Temp, °C | Temp - Max, °C | Temp - Min, °C | Temp - Avg, °C | Temp - StdDev, °C | RH, % | RH - Max, % | RH - Min, % | RH - Avg, % | RH - StdDev, % | DewPt, °C || 1 | 2019-11-21 13:40:42 | 15.591518554687497 | 15.591518554687497 | 15.591518554687497 | 15.591518554687497 | 0.0 | 63.5538261997406 | 63.5538261997406 | 63.5538261997406 | 63.5538261997406 | 0.0 | 8.719010699016595",
Données completes/Données accelerometres/Fall 2019/HOBO data/Week_4/Control 1 2019-12-06 13_31_53 -0500.xlsx,Control 1 2019-12-06 13_31_53 -0500.xlsx,.xlsx,fall 2019,environment_hobo,3,DATA | Event Data | Details,DATA,"Plot Title: Control 1 || # | Date Time, GMT -0500 | Temp, °C | Temp - Max, °C | Temp - Min, °C | Temp - Avg, °C | Temp - StdDev, °C | RH, % | RH - Max, % | RH - Min, % | RH - Avg, % | RH - StdDev, % | DewPt, °C || 1 | 2019-11-29 08:10:48 | 13.253447265624999 | 13.253447265624999 | 13.253447265624999 | 13.253447265624999 | 0.0 | 64.09399557488365 | 64.09399557488365 | 64.09399557488365 | 64.09399557488365 | 0.0 | 6.625364607902281",
Données completes/Données accelerometres/Fall 2019/HOBO data/Week_4/Control 2 2019-12-06 13_33_00 -0500.xlsx,Control 2 2019-12-06 13_33_00 -0500.xlsx,.xlsx,fall 2019,environment_hobo,3,DATA | Event Data | Details,DATA,"Plot Title: Control 2 || # | Date Time, GMT -0500 | Temp, °C | Temp - Max, °C | Temp - Min, °C | Temp - Avg, °C | Temp - StdDev, °C | RH, % | RH - Max, % | RH - Min, % | RH - Avg, % | RH - StdDev, % | DewPt, °C || 1 | 2019-11-29 08:12:01 | 14.293781738281247 | 14.293781738281247 | 14.293781738281247 | 14.293781738281247 | 0.0 | 59.61394674601358 | 59.61394674601358 | 59.61394674601358 | 59.61394674601358 | 0.0 | 6.555150243066497",
Données completes/Données accelerometres/Fall 2019/HOBO data/Week_4/Treatment 1 2019-12-06 13_34_06 -0500.xlsx,Treatment 1 2019-12-06 13_34_06 -0500.xlsx,.xlsx,fall 2019,environment_hobo,3,DATA | Event Data | Details,DATA,"Plot Title: Treatment 1 || # | Date Time, GMT -0500 | Temp, °C | Temp - Max, °C | Temp - Min, °C | Temp - Avg, °C | Temp - StdDev, °C | RH, % | RH - Max, % | RH - Min, % | RH - Avg, % | RH - StdDev, % | DewPt, °C || 1 | 2019-11-29 08:13:09 | 13.339248046875 | 13.339248046875 | 13.339248046875 | 13.339248046875 | 0.0 | 61.38857099259938 | 61.38857099259938 | 61.38857099259938 | 61.38857099259938 | 0.0 | 6.080862610870994",
Données completes/Données accelerometres/Fall 2019/HOBO data/Week_4/Treatment 2 2019-12-06 13_35_09 -0500.xlsx,Treatment 2 2019-12-06 13_35_09 -0500.xlsx,.xlsx,fall 2019,environment_hobo,3,DATA | Event Data | Details,DATA,"Plot Title: Treatment 2 || # | Date Time, GMT -0500 | Temp, °C | Temp - Max, °C | Temp - Min, °C | Temp - Avg, °C | Temp - StdDev, °C | RH, % | RH - Max, % | RH - Min, % | RH - Avg, % | RH - StdDev, % | DewPt, °C || 1 | 2019-11-29 08:14:31 | 12.49196533203125 | 12.49196533203125 | 12.49196533203125 | 12.49196533203125 | 0.0 | 56.04333562218662 | 56.04333562218662 | 56.04333562218662 | 56.04333562218662 | 0.0 | 3.9774638532397706",
Données completes/Données accelerometres/Fall 2019/HOBO data/Week_5/Control 1 2019-12-13 10_26_38 -0500.xlsx,Control 1 2019-12-13 10_26_38 -0500.xlsx,.xlsx,fall 2019,environment_hobo,3,DATA | Event Data | Details,DATA,"Plot Title: Control 1 || # | Date Time, GMT -0500 | Temp, °C | Temp - Max, °C | Temp - Min, °C | Temp - Avg, °C | Temp - StdDev, °C | RH, % | RH - Max, % | RH - Min, % | RH - Avg, % | RH - StdDev, % | DewPt, °C || 1 | 2019-12-06 13:32:03 | 14.175805664062501 | 14.175805664062501 | 14.175805664062501 | 14.175805664062501 | 0.0 | 58.93186846723125 | 58.93186846723125 | 58.93186846723125 | 58.93186846723125 | 0.0 | 6.277169733774917",
Données completes/Données accelerometres/Fall 2019/HOBO data/Week_5/Control 2 2019-12-13 10_27_33 -0500.xlsx,Control 2 2019-12-13 10_27_33 -0500.xlsx,.xlsx,fall 2019,environment_hobo,3,DATA | Event Data | Details,DATA,"Plot Title: Control 2 || # | Date Time, GMT -0500 | Temp, °C | Temp - Max, °C | Temp - Min, °C | Temp - Avg, °C | Temp - StdDev, °C | RH, % | RH - Max, % | RH - Min, % | RH - Avg, % | RH - StdDev, % | DewPt, °C || 1 | 2019-12-06 13:33:07 | 15.43064208984375 | 15.43064208984375 | 15.43064208984375 | 15.43064208984375 | 0.0 | 54.25345235370413 | 54.25345235370413 | 54.25345235370413 | 54.25345235370413 | 0.0 | 6.251009002847122",
Données completes/Données accelerometres/Fall 2019/HOBO data/Week_5/Treatment 1 2019-12-13 10_21_44 -0500.xlsx,Treatment 1 2019-12-13 10_21_44 -0500.xlsx,.xlsx,fall 2019,environment_hobo,3,DATA | Event Data | Details,DATA,"Plot Title: Treatment 1 || # | Date Time, GMT -0500 | Temp, °C | Temp - Max, °C | Temp - Min, °C | Temp - Avg, °C | Temp - StdDev, °C | RH, % | RH - Max, % | RH - Min, % | RH - Avg, % | RH - StdDev, % | DewPt, °C || 1 | 2019-12-06 13:34:12 | 14.89438720703125 | 14.89438720703125 | 14.89438720703125 | 14.89438720703125 | 0.0 | 54.843976501106276 | 54.843976501106276 | 54.843976501106276 | 54.843976501106276 | 0.0 | 5.908588279836146",
Données completes/Données accelerometres/Fall 2019/HOBO data/Week_5/Treatment 2 2019-12-13 10_23_24 -0500.xlsx,Treatment 2 2019-12-13 10_23_24 -0500.xlsx,.xlsx,fall 2019,environment_hobo,3,DATA | Event Data | Details,DATA,"Plot Title: Treatment 2 |  |  |  |  |  |  |  |  |  |  |  |  || # | Date Time, GMT -0500 | Temp, °C | Temp - Max, °C | Temp - Min, °C | Temp - Avg, °C | Temp - StdDev, °C | RH, % | RH - Max, % | RH - Min, % | RH - Avg, % | RH - StdDev, % | DewPt, °C || 1 | 2019-12-06 13:35:14 | 14.701335449218746 | 14.701335449218746 | 14.701335449218746 | 14.701335449218746 | 0 | 55.94262607766842 | 55.94262607766842 | 55.94262607766842 | 55.94262607766842 | 0 | 6.01540997238016",
Données completes/Données accelerometres/Fall 2019/Icetag/IceTags/@IceTag_Compiled_Lameness.xlsx,@IceTag_Compiled_Lameness.xlsx,.xlsx,fall 2019,accelerometer_icetag,30,821 | 2041 | 2057 | 2062 | 2063 | 2066 | 2078 | 2081,821,Cow | Block | Treatment | Week | Date | Time | Motion Index | Standing [t] | Lying [t] | Steps | Lying Bouts || 821 |  |  |  | 2019-11-11 00:00:00 | 18:43:48 | 0 | 00:00:00 | 00:00:12 | 0 | 0 || 821 |  |  |  | 2019-11-11 00:00:00 | 18:44:00 | 4 | 00:00:00 | 00:01:00 | 0 | 0,
Données completes/Données accelerometres/Fall 2019/Icetag/IceTags/AllinOne_IceTag_Compiled_Lameness+LB.xlsx,AllinOne_IceTag_Compiled_Lameness+LB.xlsx,.xlsx,fall 2019,accelerometer_icetag,30,5871 | 5865 | 5857 | 5327 | 2062 | 2041 | 5854 | 5870,5871,CowID | Start Date | Start Time | End Date | End Time | Duration | Second || 5871 | 2019-11-11 00:00:00 | 18:43:43 | 2019-11-11 00:00:00 | 19:16:20 | 00:32:37 | 1957 || 5871 | 2019-11-11 00:00:00 | 19:48:53 | 2019-11-11 00:00:00 | 20:18:59 | 00:30:06 | 1806,
Données completes/Données accelerometres/Fall 2019/Icetag/IceTags/AllinOne_IceTag_Compiled_Lameness.xlsx,AllinOne_IceTag_Compiled_Lameness.xlsx,.xlsx,fall 2019,accelerometer_icetag,8,Sheet4 | Summary | Summary_NoWeekend | Summary_NoWkEnd_NoWeird | Sheet2 | Compiled_LB | Compiled_1 | Compiled_2,Sheet4,Row Labels | Average of LT | Average of LB | Average of STEP || C | 758.1894774011297 | 12.30084745762712 | 537.2966101694915 || T | 785.7393055555552 | 11.454166666666667 | 694.7645833333333,
Données completes/Données accelerometres/Fall 2019/Icetag/IceTags/Group1_Wk1_05NOV2019-18NOV2019/8517_Tag161_05NOV2019-1847_18NOV2019-1128.csv,8517_Tag161_05NOV2019-1847_18NOV2019-1128.csv,.csv,fall 2019,accelerometer_icetag,,,,,
Données completes/Données accelerometres/Fall 2019/Icetag/IceTags/Group1_Wk1_05NOV2019-18NOV2019/8517_Tag161_05NOV2019-1847_18NOV2019-1128_LB.csv,8517_Tag161_05NOV2019-1847_18NOV2019-1128_LB.csv,.csv,fall 2019,accelerometer_icetag,,,,,
Données completes/Données accelerometres/Fall 2019/Icetag/IceTags/Group1_Wk1_05NOV2019-18NOV2019/8525_Tag167_05NOV2019-1921_18NOV2019-1133.csv,8525_Tag167_05NOV2019-1921_18NOV2019-1133.csv,.csv,fall 2019,accelerometer_icetag,,,,,
Données completes/Données accelerometres/Fall 2019/Icetag/IceTags/Group1_Wk1_05NOV2019-18NOV2019/8525_Tag167_05NOV2019-1921_18NOV2019-1133_LB.csv,8525_Tag167_05NOV2019-1921_18NOV2019-1133_LB.csv,.csv,fall 2019,accelerometer_icetag,,,,,
Données completes/Données accelerometres/Fall 2019/Icetag/IceTags/Group1_Wk1_05NOV2019-18NOV2019/8526_Tag86_05NOV2019-1847_18NOV2019-1133.csv,8526_Tag86_05NOV2019-1847_18NOV2019-1133.csv,.csv,fall 2019,accelerometer_icetag,,,,,
Données completes/Données accelerometres/Fall 2019/Icetag/IceTags/Group1_Wk1_05NOV2019-18NOV2019/8526_Tag86_05NOV2019-1847_18NOV2019-1133_LB.csv,8526_Tag86_05NOV2019-1847_18NOV2019-1133_LB.csv,.csv,fall 2019,accelerometer_icetag,,,,,
Données completes/Données accelerometres/Fall 2019/Icetag/IceTags/Group1_Wk1_05NOV2019-18NOV2019/8527_Tag93_05NOV2019-1847_18NOV2019-1127.csv,8527_Tag93_05NOV2019-1847_18NOV2019-1127.csv,.csv,fall 2019,accelerometer_icetag,,,,,
Données completes/Données accelerometres/Fall 2019/Icetag/IceTags/Group1_Wk1_05NOV2019-18NOV2019/8527_Tag93_05NOV2019-1847_18NOV2019-1127_LB.csv,8527_Tag93_05NOV2019-1847_18NOV2019-1127_LB.csv,.csv,fall 2019,accelerometer_icetag,,,,,
Données completes/Données accelerometres/Fall 2019/Icetag/IceTags/Group1_Wk1_05NOV2019-18NOV2019/8531_Tag163_05NOV2019-1922_18NOV2019-1133.csv,8531_Tag163_05NOV2019-1922_18NOV2019-1133.csv,.csv,fall 2019,accelerometer_icetag,,,,,
Données completes/Données accelerometres/Fall 2019/Icetag/IceTags/Group1_Wk1_05NOV2019-18NOV2019/8531_Tag163_05NOV2019-1922_18NOV2019-1133_LB.csv,8531_Tag163_05NOV2019-1922_18NOV2019-1133_LB.csv,.csv,fall 2019,accelerometer_icetag,,,,,
Données completes/Données accelerometres/Fall 2019/Icetag/IceTags/Group1_Wk1_05NOV2019-18NOV2019/8536_Tag158_05NOV2019-1921_18NOV2019-1133.csv,8536_Tag158_05NOV2019-1921_18NOV2019-1133.csv,.csv,fall 2019,accelerometer_icetag,,,,,
Données completes/Données accelerometres/Fall 2019/Icetag/IceTags/Group1_Wk1_05NOV2019-18NOV2019/8536_Tag158_05NOV2019-1921_18NOV2019-1133_LB.csv,8536_Tag158_05NOV2019-1921_18NOV2019-1133_LB.csv,.csv,fall 2019,accelerometer_icetag,,,,,
Données completes/Données accelerometres/Fall 2019/Icetag/IceTags/Group1_Wk2_18NOV2019-25NOV2019/8517_Tag175_18NOV2019-1127_25NOV2019-1151.csv,8517_Tag175_18NOV2019-1127_25NOV2019-1151.csv,.csv,fall 2019,accelerometer_icetag,,,,,
Données completes/Données accelerometres/Fall 2019/Icetag/IceTags/Group1_Wk2_18NOV2019-25NOV2019/8517_Tag175_18NOV2019-1127_25NOV2019-1151_LB.csv,8517_Tag175_18NOV2019-1127_25NOV2019-1151_LB.csv,.csv,fall 2019,accelerometer_icetag,,,,,
Données completes/Données accelerometres/Fall 2019/Icetag/IceTags/Group1_Wk2_18NOV2019-25NOV2019/8525_Tag180_18NOV2019-1131_25NOV2019-1149.csv,8525_Tag180_18NOV2019-1131_25NOV2019-1149.csv,.csv,fall 2019,accelerometer_icetag,,,,,
Données completes/Données accelerometres/Fall 2019/Icetag/IceTags/Group1_Wk2_18NOV2019-25NOV2019/8525_Tag180_18NOV2019-1131_25NOV2019-1149_LB.csv,8525_Tag180_18NOV2019-1131_25NOV2019-1149_LB.csv,.csv,fall 2019,accelerometer_icetag,,,,,
Données completes/Données accelerometres/Fall 2019/Icetag/IceTags/Group1_Wk2_18NOV2019-25NOV2019/8526_Tag177_18NOV2019-1131_25NOV2019-1151.csv,8526_Tag177_18NOV2019-1131_25NOV2019-1151.csv,.csv,fall 2019,accelerometer_icetag,,,,,
Données completes/Données accelerometres/Fall 2019/Icetag/IceTags/Group1_Wk2_18NOV2019-25NOV2019/8526_Tag177_18NOV2019-1131_25NOV2019-1151_LB.csv,8526_Tag177_18NOV2019-1131_25NOV2019-1151_LB.csv,.csv,fall 2019,accelerometer_icetag,,,,,
Données completes/Données accelerometres/Fall 2019/Icetag/IceTags/Group1_Wk2_18NOV2019-25NOV2019/8527_Tag173_18NOV2019-1126_25NOV2019-1150.csv,8527_Tag173_18NOV2019-1126_25NOV2019-1150.csv,.csv,fall 2019,accelerometer_icetag,,,,,
Données completes/Données accelerometres/Fall 2019/Icetag/IceTags/Group1_Wk2_18NOV2019-25NOV2019/8527_Tag173_18NOV2019-1126_25NOV2019-1150_LB.csv,8527_Tag173_18NOV2019-1126_25NOV2019-1150_LB.csv,.csv,fall 2019,accelerometer_icetag,,,,,
Données completes/Données accelerometres/Fall 2019/Icetag/IceTags/Group1_Wk2_18NOV2019-25NOV2019/8531_Tag164_18NOV2019-1130_25NOV2019-1149.csv,8531_Tag164_18NOV2019-1130_25NOV2019-1149.csv,.csv,fall 2019,accelerometer_icetag,,,,,
Données completes/Données accelerometres/Fall 2019/Icetag/IceTags/Group1_Wk2_18NOV2019-25NOV2019/8531_Tag164_18NOV2019-1130_25NOV2019-1149_LB.csv,8531_Tag164_18NOV2019-1130_25NOV2019-1149_LB.csv,.csv,fall 2019,accelerometer_icetag,,,,,
Données completes/Données accelerometres/Fall 2019/Icetag/IceTags/Group1_Wk2_18NOV2019-25NOV2019/8536_Tag171_18NOV2019-1132_25NOV2019-1149.csv,8536_Tag171_18NOV2019-1132_25NOV2019-1149.csv,.csv,fall 2019,accelerometer_icetag,,,,,
Données completes/Données accelerometres/Fall 2019/Icetag/IceTags/Group1_Wk2_18NOV2019-25NOV2019/8536_Tag171_18NOV2019-1132_25NOV2019-1149_LB.csv,8536_Tag171_18NOV2019-1132_25NOV2019-1149_LB.csv,.csv,fall 2019,accelerometer_icetag,,,,,
Données completes/Données accelerometres/Fall 2019/Icetag/IceTags/Group1_Wk3_25Nov2019-02DEC2019/8517_Tag160_25NOV2019-1144_02DEC2019-1131.csv,8517_Tag160_25NOV2019-1144_02DEC2019-1131.csv,.csv,fall 2019,accelerometer_icetag,,,,,
Données completes/Données accelerometres/Fall 2019/Icetag/IceTags/Group1_Wk3_25Nov2019-02DEC2019/8517_Tag160_25NOV2019-1144_02DEC2019-1131_LB.csv,8517_Tag160_25NOV2019-1144_02DEC2019-1131_LB.csv,.csv,fall 2019,accelerometer_icetag,,,,,
Données completes/Données accelerometres/Fall 2019/Icetag/IceTags/Group1_Wk3_25Nov2019-02DEC2019/8525_Tag165_25NOV2019-1148_02DEC2019-1140.csv,8525_Tag165_25NOV2019-1148_02DEC2019-1140.csv,.csv,fall 2019,accelerometer_icetag,,,,,
Données completes/Données accelerometres/Fall 2019/Icetag/IceTags/Group1_Wk3_25Nov2019-02DEC2019/8525_Tag165_25NOV2019-1148_02DEC2019-1140_LB.csv,8525_Tag165_25NOV2019-1148_02DEC2019-1140_LB.csv,.csv,fall 2019,accelerometer_icetag,,,,,
Données completes/Données accelerometres/Fall 2019/Icetag/IceTags/Group1_Wk3_25Nov2019-02DEC2019/8526_Tag179_25NOV2019-1145_02DEC2019-1131.csv,8526_Tag179_25NOV2019-1145_02DEC2019-1131.csv,.csv,fall 2019,accelerometer_icetag,,,,,
Données completes/Données accelerometres/Fall 2019/Icetag/IceTags/Group1_Wk3_25Nov2019-02DEC2019/8526_Tag179_25NOV2019-1145_02DEC2019-1131_LB.csv,8526_Tag179_25NOV2019-1145_02DEC2019-1131_LB.csv,.csv,fall 2019,accelerometer_icetag,,,,,
Données completes/Données accelerometres/Fall 2019/Icetag/IceTags/Group1_Wk3_25Nov2019-02DEC2019/8527_Tag91_25NOV2019-1143_02DEC2019-1131.csv,8527_Tag91_25NOV2019-1143_02DEC2019-1131.csv,.csv,fall 2019,accelerometer_icetag,,,,,
Données completes/Données accelerometres/Fall 2019/Icetag/IceTags/Group1_Wk3_25Nov2019-02DEC2019/8527_Tag91_25NOV2019-1143_02DEC2019-1131_LB.csv,8527_Tag91_25NOV2019-1143_02DEC2019-1131_LB.csv,.csv,fall 2019,accelerometer_icetag,,,,,
Données completes/Données accelerometres/Fall 2019/Icetag/IceTags/Group1_Wk3_25Nov2019-02DEC2019/8531_Tag97_25NOV2019-1148_02DEC2019-1140.csv,8531_Tag97_25NOV2019-1148_02DEC2019-1140.csv,.csv,fall 2019,accelerometer_icetag,,,,,
Données completes/Données accelerometres/Fall 2019/Icetag/IceTags/Group1_Wk3_25Nov2019-02DEC2019/8531_Tag97_25NOV2019-1148_02DEC2019-1140_LB.csv,8531_Tag97_25NOV2019-1148_02DEC2019-1140_LB.csv,.csv,fall 2019,accelerometer_icetag,,,,,
Données completes/Données accelerometres/Fall 2019/Icetag/IceTags/Group1_Wk3_25Nov2019-02DEC2019/8536_Tag176_25NOV2019-1148_02DEC2019-1141.csv,8536_Tag176_25NOV2019-1148_02DEC2019-1141.csv,.csv,fall 2019,accelerometer_icetag,,,,,
Données completes/Données accelerometres/Fall 2019/Icetag/IceTags/Group1_Wk3_25Nov2019-02DEC2019/8536_Tag176_25NOV2019-1148_02DEC2019-1141_LB.csv,8536_Tag176_25NOV2019-1148_02DEC2019-1141_LB.csv,.csv,fall 2019,accelerometer_icetag,,,,,
Données completes/Données accelerometres/Fall 2019/Icetag/IceTags/Group3_Wk1_05NOV2019-19NOV2019/2078_Tag172_05NOV2019-1922_19NOV2019-1205.csv,2078_Tag172_05NOV2019-1922_19NOV2019-1205.csv,.csv,fall 2019,accelerometer_icetag,,,,,
Données completes/Données accelerometres/Fall 2019/Icetag/IceTags/Group3_Wk1_05NOV2019-19NOV2019/2078_Tag172_05NOV2019-1922_19NOV2019-1205_LB.csv,2078_Tag172_05NOV2019-1922_19NOV2019-1205_LB.csv,.csv,fall 2019,accelerometer_icetag,,,,,
Données completes/Données accelerometres/Fall 2019/Icetag/IceTags/Group3_Wk1_05NOV2019-19NOV2019/2081_Tag85_05NOV2019-1849_19NOV2019-1201.csv,2081_Tag85_05NOV2019-1849_19NOV2019-1201.csv,.csv,fall 2019,accelerometer_icetag,,,,,
Données completes/Données accelerometres/Fall 2019/Icetag/IceTags/Group3_Wk1_05NOV2019-19NOV2019/2081_Tag85_05NOV2019-1849_19NOV2019-1201_LB.csv,2081_Tag85_05NOV2019-1849_19NOV2019-1201_LB.csv,.csv,fall 2019,accelerometer_icetag,,,,,
Données completes/Données accelerometres/Fall 2019/Icetag/IceTags/Group3_Wk1_05NOV2019-19NOV2019/3435_Tag168_05NOV2019-1920_19NOV2019-1206.csv,3435_Tag168_05NOV2019-1920_19NOV2019-1206.csv,.csv,fall 2019,accelerometer_icetag,,,,,
Données completes/Données accelerometres/Fall 2019/Icetag/IceTags/Group3_Wk1_05NOV2019-19NOV2019/3435_Tag168_05NOV2019-1920_19NOV2019-1206_LB.csv,3435_Tag168_05NOV2019-1920_19NOV2019-1206_LB.csv,.csv,fall 2019,accelerometer_icetag,,,,,
Données completes/Données accelerometres/Fall 2019/Icetag/IceTags/Group3_Wk1_05NOV2019-19NOV2019/5874_Tag95_05NOV2019-1849_19NOV2019-1202.csv,5874_Tag95_05NOV2019-1849_19NOV2019-1202.csv,.csv,fall 2019,accelerometer_icetag,,,,,
Données completes/Données accelerometres/Fall 2019/Icetag/IceTags/Group3_Wk1_05NOV2019-19NOV2019/5874_Tag95_05NOV2019-1849_19NOV2019-1202_LB.csv,5874_Tag95_05NOV2019-1849_19NOV2019-1202_LB.csv,.csv,fall 2019,accelerometer_icetag,,,,,
Données completes/Données accelerometres/Fall 2019/Icetag/IceTags/Group3_Wk1_05NOV2019-19NOV2019/5875_Tag92_05NOV2019-1850_19NOV2019-1201.csv,5875_Tag92_05NOV2019-1850_19NOV2019-1201.csv,.csv,fall 2019,accelerometer_icetag,,,,,
Données completes/Données accelerometres/Fall 2019/Icetag/IceTags/Group3_Wk1_05NOV2019-19NOV2019/5875_Tag92_05NOV2019-1850_19NOV2019-1201_LB.csv,5875_Tag92_05NOV2019-1850_19NOV2019-1201_LB.csv,.csv,fall 2019,accelerometer_icetag,,,,,
Données completes/Données accelerometres/Fall 2019/Icetag/IceTags/Group3_Wk1_05NOV2019-19NOV2019/8500_Tag178_05NOV2019-1923_19NOV2019-1206.csv,8500_Tag178_05NOV2019-1923_19NOV2019-1206.csv,.csv,fall 2019,accelerometer_icetag,,,,,
Données completes/Données accelerometres/Fall 2019/Icetag/IceTags/Group3_Wk1_05NOV2019-19NOV2019/8500_Tag178_05NOV2019-1923_19NOV2019-1206_LB.csv,8500_Tag178_05NOV2019-1923_19NOV2019-1206_LB.csv,.csv,fall 2019,accelerometer_icetag,,,,,
Données completes/Données accelerometres/Fall 2019/Icetag/IceTags/Group3_Wk2_19NOV2019-26NOV2019/2078_Tag93_19NOV2019-1203_26NOV2019-1128.csv,2078_Tag93_19NOV2019-1203_26NOV2019-1128.csv,.csv,fall 2019,accelerometer_icetag,,,,,
Données completes/Données accelerometres/Fall 2019/Icetag/IceTags/Group3_Wk2_19NOV2019-26NOV2019/2078_Tag93_19NOV2019-1203_26NOV2019-1128_LB.csv,2078_Tag93_19NOV2019-1203_26NOV2019-1128_LB.csv,.csv,fall 2019,accelerometer_icetag,,,,,
Données completes/Données accelerometres/Fall 2019/Icetag/IceTags/Group3_Wk2_19NOV2019-26NOV2019/2081_Tag167_19NOV2019-1200_26NOV2019-1124.csv,2081_Tag167_19NOV2019-1200_26NOV2019-1124.csv,.csv,fall 2019,accelerometer_icetag,,,,,
Données completes/Données accelerometres/Fall 2019/Icetag/IceTags/Group3_Wk2_19NOV2019-26NOV2019/2081_Tag167_19NOV2019-1200_26NOV2019-1124_LB.csv,2081_Tag167_19NOV2019-1200_26NOV2019-1124_LB.csv,.csv,fall 2019,accelerometer_icetag,,,,,
Données completes/Données accelerometres/Fall 2019/Icetag/IceTags/Group3_Wk2_19NOV2019-26NOV2019/3435_Tag86_19NOV2019-1205_26NOV2019-1127.csv,3435_Tag86_19NOV2019-1205_26NOV2019-1127.csv,.csv,fall 2019,accelerometer_icetag,,,,,
Données completes/Données accelerometres/Fall 2019/Icetag/IceTags/Group3_Wk2_19NOV2019-26NOV2019/3435_Tag86_19NOV2019-1205_26NOV2019-1127_LB.csv,3435_Tag86_19NOV2019-1205_26NOV2019-1127_LB.csv,.csv,fall 2019,accelerometer_icetag,,,,,
Données completes/Données accelerometres/Fall 2019/Icetag/IceTags/Group3_Wk2_19NOV2019-26NOV2019/5874_Tag158_19NOV2019-1200_26NOV2019-1124.csv,5874_Tag158_19NOV2019-1200_26NOV2019-1124.csv,.csv,fall 2019,accelerometer_icetag,,,,,
Données completes/Données accelerometres/Fall 2019/Icetag/IceTags/Group3_Wk2_19NOV2019-26NOV2019/5874_Tag158_19NOV2019-1200_26NOV2019-1124_LB.csv,5874_Tag158_19NOV2019-1200_26NOV2019-1124_LB.csv,.csv,fall 2019,accelerometer_icetag,,,,,
Données completes/Données accelerometres/Fall 2019/Icetag/IceTags/Group3_Wk2_19NOV2019-26NOV2019/5875_Tag161_19NOV2019-1159_26NOV2019-1123.csv,5875_Tag161_19NOV2019-1159_26NOV2019-1123.csv,.csv,fall 2019,accelerometer_icetag,,,,,
Données completes/Données accelerometres/Fall 2019/Icetag/IceTags/Group3_Wk2_19NOV2019-26NOV2019/5875_Tag161_19NOV2019-1159_26NOV2019-1123_LB.csv,5875_Tag161_19NOV2019-1159_26NOV2019-1123_LB.csv,.csv,fall 2019,accelerometer_icetag,,,,,
Données completes/Données accelerometres/Fall 2019/Icetag/IceTags/Group3_Wk2_19NOV2019-26NOV2019/8500_Tag163_19NOV2019-1204_26NOV2019-1128.csv,8500_Tag163_19NOV2019-1204_26NOV2019-1128.csv,.csv,fall 2019,accelerometer_icetag,,,,,
Données completes/Données accelerometres/Fall 2019/Icetag/IceTags/Group3_Wk2_19NOV2019-26NOV2019/8500_Tag163_19NOV2019-1204_26NOV2019-1128_LB.csv,8500_Tag163_19NOV2019-1204_26NOV2019-1128_LB.csv,.csv,fall 2019,accelerometer_icetag,,,,,
Données completes/Données accelerometres/Fall 2019/Icetag/IceTags/Group3_Wk3_26NOV2019-03DEC2019/2078_Tag175_26NOV2019-1127_03DEC2019-1119.csv,2078_Tag175_26NOV2019-1127_03DEC2019-1119.csv,.csv,fall 2019,accelerometer_icetag,,,,,
Données completes/Données accelerometres/Fall 2019/Icetag/IceTags/Group3_Wk3_26NOV2019-03DEC2019/2078_Tag175_26NOV2019-1127_03DEC2019-1119_LB.csv,2078_Tag175_26NOV2019-1127_03DEC2019-1119_LB.csv,.csv,fall 2019,accelerometer_icetag,,,,,
Données completes/Données accelerometres/Fall 2019/Icetag/IceTags/Group3_Wk3_26NOV2019-03DEC2019/2081_Tag180_26NOV2019-1122_03DEC2019-1125.csv,2081_Tag180_26NOV2019-1122_03DEC2019-1125.csv,.csv,fall 2019,accelerometer_icetag,,,,,
Données completes/Données accelerometres/Fall 2019/Icetag/IceTags/Group3_Wk3_26NOV2019-03DEC2019/2081_Tag180_26NOV2019-1122_03DEC2019-1125_LB.csv,2081_Tag180_26NOV2019-1122_03DEC2019-1125_LB.csv,.csv,fall 2019,accelerometer_icetag,,,,,
Données completes/Données accelerometres/Fall 2019/Icetag/IceTags/Group3_Wk3_26NOV2019-03DEC2019/3435_Tag177_26NOV2019-1126_03DEC2019-1118.csv,3435_Tag177_26NOV2019-1126_03DEC2019-1118.csv,.csv,fall 2019,accelerometer_icetag,,,,,
Données completes/Données accelerometres/Fall 2019/Icetag/IceTags/Group3_Wk3_26NOV2019-03DEC2019/3435_Tag177_26NOV2019-1126_03DEC2019-1118_LB.csv,3435_Tag177_26NOV2019-1126_03DEC2019-1118_LB.csv,.csv,fall 2019,accelerometer_icetag,,,,,
Données completes/Données accelerometres/Fall 2019/Icetag/IceTags/Group3_Wk3_26NOV2019-03DEC2019/5874_Tag173_26NOV2019-1122_03DEC2019-1124.csv,5874_Tag173_26NOV2019-1122_03DEC2019-1124.csv,.csv,fall 2019,accelerometer_icetag,,,,,
Données completes/Données accelerometres/Fall 2019/Icetag/IceTags/Group3_Wk3_26NOV2019-03DEC2019/5874_Tag173_26NOV2019-1122_03DEC2019-1124_LB.csv,5874_Tag173_26NOV2019-1122_03DEC2019-1124_LB.csv,.csv,fall 2019,accelerometer_icetag,,,,,
Données completes/Données accelerometres/Fall 2019/Icetag/IceTags/Group3_Wk3_26NOV2019-03DEC2019/5875_Tag171_26NOV2019-1121_03DEC2019-1124.csv,5875_Tag171_26NOV2019-1121_03DEC2019-1124.csv,.csv,fall 2019,accelerometer_icetag,,,,,
Données completes/Données accelerometres/Fall 2019/Icetag/IceTags/Group3_Wk3_26NOV2019-03DEC2019/5875_Tag171_26NOV2019-1121_03DEC2019-1124_LB.csv,5875_Tag171_26NOV2019-1121_03DEC2019-1124_LB.csv,.csv,fall 2019,accelerometer_icetag,,,,,
Données completes/Données accelerometres/Fall 2019/Icetag/IceTags/Group3_Wk3_26NOV2019-03DEC2019/8500_Tag164_26NOV2019-1126_03DEC2019-1119.csv,8500_Tag164_26NOV2019-1126_03DEC2019-1119.csv,.csv,fall 2019,accelerometer_icetag,,,,,
Données completes/Données accelerometres/Fall 2019/Icetag/IceTags/Group3_Wk3_26NOV2019-03DEC2019/8500_Tag164_26NOV2019-1126_03DEC2019-1119_LB.csv,8500_Tag164_26NOV2019-1126_03DEC2019-1119_LB.csv,.csv,fall 2019,accelerometer_icetag,,,,,
Données completes/Données accelerometres/Fall 2019/Icetag/IceTags/Group4_Wk1_05NOV2019-20NOV2019/2063_Tag166_05NOV2019-1919_20NOV2019-1206.csv,2063_Tag166_05NOV2019-1919_20NOV2019-1206.csv,.csv,fall 2019,accelerometer_icetag,,,,,
Données completes/Données accelerometres/Fall 2019/Icetag/IceTags/Group4_Wk1_05NOV2019-20NOV2019/2063_Tag166_05NOV2019-1919_20NOV2019-1206_LB.csv,2063_Tag166_05NOV2019-1919_20NOV2019-1206_LB.csv,.csv,fall 2019,accelerometer_icetag,,,,,
Données completes/Données accelerometres/Fall 2019/Icetag/IceTags/Group4_Wk1_05NOV2019-20NOV2019/2066_Tag88_05NOV2019-1848_20NOV2019-1202.csv,2066_Tag88_05NOV2019-1848_20NOV2019-1202.csv,.csv,fall 2019,accelerometer_icetag,,,,,
Données completes/Données accelerometres/Fall 2019/Icetag/IceTags/Group4_Wk1_05NOV2019-20NOV2019/2066_Tag88_05NOV2019-1848_20NOV2019-1202_LB.csv,2066_Tag88_05NOV2019-1848_20NOV2019-1202_LB.csv,.csv,fall 2019,accelerometer_icetag,,,,,
Données completes/Données accelerometres/Fall 2019/Icetag/IceTags/Group4_Wk1_05NOV2019-20NOV2019/3444_Tag89_05NOV2019-1849_20NOV2019-1202.csv,3444_Tag89_05NOV2019-1849_20NOV2019-1202.csv,.csv,fall 2019,accelerometer_icetag,,,,,
Données completes/Données accelerometres/Fall 2019/Icetag/IceTags/Group4_Wk1_05NOV2019-20NOV2019/3444_Tag89_05NOV2019-1849_20NOV2019-1202_LB.csv,3444_Tag89_05NOV2019-1849_20NOV2019-1202_LB.csv,.csv,fall 2019,accelerometer_icetag,,,,,
Données completes/Données accelerometres/Fall 2019/Icetag/IceTags/Group4_Wk1_05NOV2019-20NOV2019/5872_Tag162_05NOV2019-1919_20NOV2019-1206.csv,5872_Tag162_05NOV2019-1919_20NOV2019-1206.csv,.csv,fall 2019,accelerometer_icetag,,,,,
Données completes/Données accelerometres/Fall 2019/Icetag/IceTags/Group4_Wk1_05NOV2019-20NOV2019/5872_Tag162_05NOV2019-1919_20NOV2019-1206_LB.csv,5872_Tag162_05NOV2019-1919_20NOV2019-1206_LB.csv,.csv,fall 2019,accelerometer_icetag,,,,,
Données completes/Données accelerometres/Fall 2019/Icetag/IceTags/Group4_Wk1_05NOV2019-20NOV2019/5879_Tag90_05NOV2019-1848_20NOV2019-1201.csv,5879_Tag90_05NOV2019-1848_20NOV2019-1201.csv,.csv,fall 2019,accelerometer_icetag,,,,,
Données completes/Données accelerometres/Fall 2019/Icetag/IceTags/Group4_Wk1_05NOV2019-20NOV2019/5879_Tag90_05NOV2019-1848_20NOV2019-1201_LB.csv,5879_Tag90_05NOV2019-1848_20NOV2019-1201_LB.csv,.csv,fall 2019,accelerometer_icetag,,,,,
Données completes/Données accelerometres/Fall 2019/Icetag/IceTags/Group4_Wk1_05NOV2019-20NOV2019/8501_Tag170_05NOV2019-1920_20NOV2019-1207.csv,8501_Tag170_05NOV2019-1920_20NOV2019-1207.csv,.csv,fall 2019,accelerometer_icetag,,,,,
Données completes/Données accelerometres/Fall 2019/Icetag/IceTags/Group4_Wk1_05NOV2019-20NOV2019/8501_Tag170_05NOV2019-1920_20NOV2019-1207_LB.csv,8501_Tag170_05NOV2019-1920_20NOV2019-1207_LB.csv,.csv,fall 2019,accelerometer_icetag,,,,,
Données completes/Données accelerometres/Fall 2019/Icetag/IceTags/Group4_Wk2_20NOV2019-27NOV2019/2063_Tag85_20NOV2019-1204_27NOV2019-1143.csv,2063_Tag85_20NOV2019-1204_27NOV2019-1143.csv,.csv,fall 2019,accelerometer_icetag,,,,,
Données completes/Données accelerometres/Fall 2019/Icetag/IceTags/Group4_Wk2_20NOV2019-27NOV2019/2063_Tag85_20NOV2019-1204_27NOV2019-1143_LB.csv,2063_Tag85_20NOV2019-1204_27NOV2019-1143_LB.csv,.csv,fall 2019,accelerometer_icetag,,,,,
Données completes/Données accelerometres/Fall 2019/Icetag/IceTags/Group4_Wk2_20NOV2019-27NOV2019/2066_Tag178_20NOV2019-1200_27NOV2019-1152.csv,2066_Tag178_20NOV2019-1200_27NOV2019-1152.csv,.csv,fall 2019,accelerometer_icetag,,,,,
Données completes/Données accelerometres/Fall 2019/Icetag/IceTags/Group4_Wk2_20NOV2019-27NOV2019/2066_Tag178_20NOV2019-1200_27NOV2019-1152_LB.csv,2066_Tag178_20NOV2019-1200_27NOV2019-1152_LB.csv,.csv,fall 2019,accelerometer_icetag,,,,,
Données completes/Données accelerometres/Fall 2019/Icetag/IceTags/Group4_Wk2_20NOV2019-27NOV2019/3444_Tag92_20NOV2019-1201_27NOV2019-1151.csv,3444_Tag92_20NOV2019-1201_27NOV2019-1151.csv,.csv,fall 2019,accelerometer_icetag,,,,,
Données completes/Données accelerometres/Fall 2019/Icetag/IceTags/Group4_Wk2_20NOV2019-27NOV2019/3444_Tag92_20NOV2019-1201_27NOV2019-1151_LB.csv,3444_Tag92_20NOV2019-1201_27NOV2019-1151_LB.csv,.csv,fall 2019,accelerometer_icetag,,,,,
Données completes/Données accelerometres/Fall 2019/Icetag/IceTags/Group4_Wk2_20NOV2019-27NOV2019/5872_Tag168_20NOV2019-1205_27NOV2019-1143.csv,5872_Tag168_20NOV2019-1205_27NOV2019-1143.csv,.csv,fall 2019,accelerometer_icetag,,,,,
Données completes/Données accelerometres/Fall 2019/Icetag/IceTags/Group4_Wk2_20NOV2019-27NOV2019/5872_Tag168_20NOV2019-1205_27NOV2019-1143_LB.csv,5872_Tag168_20NOV2019-1205_27NOV2019-1143_LB.csv,.csv,fall 2019,accelerometer_icetag,,,,,
Données completes/Données accelerometres/Fall 2019/Icetag/IceTags/Group4_Wk2_20NOV2019-27NOV2019/5879_Tag172_20NOV2019-1200_27NOV2019-1153.csv,5879_Tag172_20NOV2019-1200_27NOV2019-1153.csv,.csv,fall 2019,accelerometer_icetag,,,,,
Données completes/Données accelerometres/Fall 2019/Icetag/IceTags/Group4_Wk2_20NOV2019-27NOV2019/5879_Tag172_20NOV2019-1200_27NOV2019-1153_LB.csv,5879_Tag172_20NOV2019-1200_27NOV2019-1153_LB.csv,.csv,fall 2019,accelerometer_icetag,,,,,
Données completes/Données accelerometres/Fall 2019/Icetag/IceTags/Group4_Wk2_20NOV2019-27NOV2019/8501_Tag95_20NOV2019-1205_27NOV2019-1142.csv,8501_Tag95_20NOV2019-1205_27NOV2019-1142.csv,.csv,fall 2019,accelerometer_icetag,,,,,
Données completes/Données accelerometres/Fall 2019/Icetag/IceTags/Group4_Wk2_20NOV2019-27NOV2019/8501_Tag95_20NOV2019-1205_27NOV2019-1142_LB.csv,8501_Tag95_20NOV2019-1205_27NOV2019-1142_LB.csv,.csv,fall 2019,accelerometer_icetag,,,,,
Données completes/Données accelerometres/Fall 2019/Icetag/IceTags/Group4_Wk3_27NOV2019-04DEC2019/2063_Tag86_27NOV2019-1141_04DEC2019-1020.csv,2063_Tag86_27NOV2019-1141_04DEC2019-1020.csv,.csv,fall 2019,accelerometer_icetag,,,,,
Données completes/Données accelerometres/Fall 2019/Icetag/IceTags/Group4_Wk3_27NOV2019-04DEC2019/2063_Tag86_27NOV2019-1141_04DEC2019-1020_LB.csv,2063_Tag86_27NOV2019-1141_04DEC2019-1020_LB.csv,.csv,fall 2019,accelerometer_icetag,,,,,
Données completes/Données accelerometres/Fall 2019/Icetag/IceTags/Group4_Wk3_27NOV2019-04DEC2019/2066_Tag93_27NOV2019-1149_04DEC2019-1029.csv,2066_Tag93_27NOV2019-1149_04DEC2019-1029.csv,.csv,fall 2019,accelerometer_icetag,,,,,
Données completes/Données accelerometres/Fall 2019/Icetag/IceTags/Group4_Wk3_27NOV2019-04DEC2019/2066_Tag93_27NOV2019-1149_04DEC2019-1029_LB.csv,2066_Tag93_27NOV2019-1149_04DEC2019-1029_LB.csv,.csv,fall 2019,accelerometer_icetag,,,,,
Données completes/Données accelerometres/Fall 2019/Icetag/IceTags/Group4_Wk3_27NOV2019-04DEC2019/3444_Tag167_27NOV2019-1147_04DEC2019-1030.csv,3444_Tag167_27NOV2019-1147_04DEC2019-1030.csv,.csv,fall 2019,accelerometer_icetag,,,,,
Données completes/Données accelerometres/Fall 2019/Icetag/IceTags/Group4_Wk3_27NOV2019-04DEC2019/3444_Tag167_27NOV2019-1147_04DEC2019-1030_LB.csv,3444_Tag167_27NOV2019-1147_04DEC2019-1030_LB.csv,.csv,fall 2019,accelerometer_icetag,,,,,
Données completes/Données accelerometres/Fall 2019/Icetag/IceTags/Group4_Wk3_27NOV2019-04DEC2019/5872_Tag158_27NOV2019-1141_04DEC2019-1020.csv,5872_Tag158_27NOV2019-1141_04DEC2019-1020.csv,.csv,fall 2019,accelerometer_icetag,,,,,
Données completes/Données accelerometres/Fall 2019/Icetag/IceTags/Group4_Wk3_27NOV2019-04DEC2019/5872_Tag158_27NOV2019-1141_04DEC2019-1020_LB.csv,5872_Tag158_27NOV2019-1141_04DEC2019-1020_LB.csv,.csv,fall 2019,accelerometer_icetag,,,,,
Données completes/Données accelerometres/Fall 2019/Icetag/IceTags/Group4_Wk3_27NOV2019-04DEC2019/5879_Tag161_27NOV2019-1150_04DEC2019-1030.csv,5879_Tag161_27NOV2019-1150_04DEC2019-1030.csv,.csv,fall 2019,accelerometer_icetag,,,,,
Données completes/Données accelerometres/Fall 2019/Icetag/IceTags/Group4_Wk3_27NOV2019-04DEC2019/5879_Tag161_27NOV2019-1150_04DEC2019-1030_LB.csv,5879_Tag161_27NOV2019-1150_04DEC2019-1030_LB.csv,.csv,fall 2019,accelerometer_icetag,,,,,
Données completes/Données accelerometres/Fall 2019/Icetag/IceTags/Group4_Wk3_27NOV2019-04DEC2019/8501_Tag163_27NOV2019-1139_04DEC2019-1020.csv,8501_Tag163_27NOV2019-1139_04DEC2019-1020.csv,.csv,fall 2019,accelerometer_icetag,,,,,
Données completes/Données accelerometres/Fall 2019/Icetag/IceTags/Group4_Wk3_27NOV2019-04DEC2019/8501_Tag163_27NOV2019-1139_04DEC2019-1020_LB.csv,8501_Tag163_27NOV2019-1139_04DEC2019-1020_LB.csv,.csv,fall 2019,accelerometer_icetag,,,,,
Données completes/Données accelerometres/Fall 2019/Icetag/IceTags/Group5_Wk1_05NOV2019-21NOV2019/2057_Tag94_05NOV2019-1851_21NOV2019-1136.csv,2057_Tag94_05NOV2019-1851_21NOV2019-1136.csv,.csv,fall 2019,accelerometer_icetag,,,,,
Données completes/Données accelerometres/Fall 2019/Icetag/IceTags/Group5_Wk1_05NOV2019-21NOV2019/2057_Tag94_05NOV2019-1851_21NOV2019-1136_LB.csv,2057_Tag94_05NOV2019-1851_21NOV2019-1136_LB.csv,.csv,fall 2019,accelerometer_icetag,,,,,
Données completes/Données accelerometres/Fall 2019/Icetag/IceTags/Group5_Wk1_05NOV2019-21NOV2019/3437_Tag96_05NOV2019-1851_21NOV2019-1135.csv,3437_Tag96_05NOV2019-1851_21NOV2019-1135.csv,.csv,fall 2019,accelerometer_icetag,,,,,
Données completes/Données accelerometres/Fall 2019/Icetag/IceTags/Group5_Wk1_05NOV2019-21NOV2019/3437_Tag96_05NOV2019-1851_21NOV2019-1135_LB.csv,3437_Tag96_05NOV2019-1851_21NOV2019-1135_LB.csv,.csv,fall 2019,accelerometer_icetag,,,,,
Données completes/Données accelerometres/Fall 2019/Icetag/IceTags/Group5_Wk1_05NOV2019-21NOV2019/5854_Tag87_05NOV2019-1856_21NOV2019-1136.csv,5854_Tag87_05NOV2019-1856_21NOV2019-1136.csv,.csv,fall 2019,accelerometer_icetag,,,,,
Données completes/Données accelerometres/Fall 2019/Icetag/IceTags/Group5_Wk1_05NOV2019-21NOV2019/5854_Tag87_05NOV2019-1856_21NOV2019-1136_LB.csv,5854_Tag87_05NOV2019-1856_21NOV2019-1136_LB.csv,.csv,fall 2019,accelerometer_icetag,,,,,
Données completes/Données accelerometres/Fall 2019/Icetag/IceTags/Group5_Wk1_05NOV2019-21NOV2019/5862_Tag174_05NOV2019-1916_21NOV2019-1138.csv,5862_Tag174_05NOV2019-1916_21NOV2019-1138.csv,.csv,fall 2019,accelerometer_icetag,,,,,
Données completes/Données accelerometres/Fall 2019/Icetag/IceTags/Group5_Wk1_05NOV2019-21NOV2019/5862_Tag174_05NOV2019-1916_21NOV2019-1138_LB.csv,5862_Tag174_05NOV2019-1916_21NOV2019-1138_LB.csv,.csv,fall 2019,accelerometer_icetag,,,,,
Données completes/Données accelerometres/Fall 2019/Icetag/IceTags/Group5_Wk1_05NOV2019-21NOV2019/5870_Tag159_05NOV2019-1917_21NOV2019-1138.csv,5870_Tag159_05NOV2019-1917_21NOV2019-1138.csv,.csv,fall 2019,accelerometer_icetag,,,,,
Données completes/Données accelerometres/Fall 2019/Icetag/IceTags/Group5_Wk1_05NOV2019-21NOV2019/5870_Tag159_05NOV2019-1917_21NOV2019-1138_LB.csv,5870_Tag159_05NOV2019-1917_21NOV2019-1138_LB.csv,.csv,fall 2019,accelerometer_icetag,,,,,
Données completes/Données accelerometres/Fall 2019/Icetag/IceTags/Group5_Wk1_05NOV2019-21NOV2019/821_Tag181_05NOV2019-1919_21NOV2019-1139.csv,821_Tag181_05NOV2019-1919_21NOV2019-1139.csv,.csv,fall 2019,accelerometer_icetag,,,,,
Données completes/Données accelerometres/Fall 2019/Icetag/IceTags/Group5_Wk1_05NOV2019-21NOV2019/821_Tag181_05NOV2019-1919_21NOV2019-1139_LB.csv,821_Tag181_05NOV2019-1919_21NOV2019-1139_LB.csv,.csv,fall 2019,accelerometer_icetag,,,,,
Données completes/Données accelerometres/Fall 2019/Icetag/IceTags/Group5_Wk2_21NOV2019-28NOV2019/2057_Tag166_21NOV2019-1129_28NOV2019-1144.csv,2057_Tag166_21NOV2019-1129_28NOV2019-1144.csv,.csv,fall 2019,accelerometer_icetag,,,,,
Données completes/Données accelerometres/Fall 2019/Icetag/IceTags/Group5_Wk2_21NOV2019-28NOV2019/2057_Tag166_21NOV2019-1129_28NOV2019-1144_LB.csv,2057_Tag166_21NOV2019-1129_28NOV2019-1144_LB.csv,.csv,fall 2019,accelerometer_icetag,,,,,
Données completes/Données accelerometres/Fall 2019/Icetag/IceTags/Group5_Wk2_21NOV2019-28NOV2019/3437_Tag89_21NOV2019-1128_28NOV2019-1143.csv,3437_Tag89_21NOV2019-1128_28NOV2019-1143.csv,.csv,fall 2019,accelerometer_icetag,,,,,
Données completes/Données accelerometres/Fall 2019/Icetag/IceTags/Group5_Wk2_21NOV2019-28NOV2019/3437_Tag89_21NOV2019-1128_28NOV2019-1143_LB.csv,3437_Tag89_21NOV2019-1128_28NOV2019-1143_LB.csv,.csv,fall 2019,accelerometer_icetag,,,,,
Données completes/Données accelerometres/Fall 2019/Icetag/IceTags/Group5_Wk2_21NOV2019-28NOV2019/5854_Tag88_21NOV2019-1130_28NOV2019-1142.csv,5854_Tag88_21NOV2019-1130_28NOV2019-1142.csv,.csv,fall 2019,accelerometer_icetag,,,,,
Données completes/Données accelerometres/Fall 2019/Icetag/IceTags/Group5_Wk2_21NOV2019-28NOV2019/5854_Tag88_21NOV2019-1130_28NOV2019-1142_LB.csv,5854_Tag88_21NOV2019-1130_28NOV2019-1142_LB.csv,.csv,fall 2019,accelerometer_icetag,,,,,
Données completes/Données accelerometres/Fall 2019/Icetag/IceTags/Group5_Wk2_21NOV2019-28NOV2019/5862_Tag162_21NOV2019-1133_28NOV2019-1147.csv,5862_Tag162_21NOV2019-1133_28NOV2019-1147.csv,.csv,fall 2019,accelerometer_icetag,,,,,
Données completes/Données accelerometres/Fall 2019/Icetag/IceTags/Group5_Wk2_21NOV2019-28NOV2019/5862_Tag162_21NOV2019-1133_28NOV2019-1147_LB.csv,5862_Tag162_21NOV2019-1133_28NOV2019-1147_LB.csv,.csv,fall 2019,accelerometer_icetag,,,,,
Données completes/Données accelerometres/Fall 2019/Icetag/IceTags/Group5_Wk2_21NOV2019-28NOV2019/5870_Tag170_21NOV2019-1133_28NOV2019-1147.csv,5870_Tag170_21NOV2019-1133_28NOV2019-1147.csv,.csv,fall 2019,accelerometer_icetag,,,,,
Données completes/Données accelerometres/Fall 2019/Icetag/IceTags/Group5_Wk2_21NOV2019-28NOV2019/5870_Tag170_21NOV2019-1133_28NOV2019-1147_LB.csv,5870_Tag170_21NOV2019-1133_28NOV2019-1147_LB.csv,.csv,fall 2019,accelerometer_icetag,,,,,
Données completes/Données accelerometres/Fall 2019/Icetag/IceTags/Group5_Wk2_21NOV2019-28NOV2019/821_Tag90_21NOV2019-1132_28NOV2019-1148.csv,821_Tag90_21NOV2019-1132_28NOV2019-1148.csv,.csv,fall 2019,accelerometer_icetag,,,,,
Données completes/Données accelerometres/Fall 2019/Icetag/IceTags/Group5_Wk2_21NOV2019-28NOV2019/821_Tag90_21NOV2019-1132_28NOV2019-1148_LB.csv,821_Tag90_21NOV2019-1132_28NOV2019-1148_LB.csv,.csv,fall 2019,accelerometer_icetag,,,,,
Données completes/Données accelerometres/Fall 2019/Icetag/IceTags/Group5_Wk3_28NOV2019-05DEC2019/2057_Tag95_28NOV2019-1141_05DEC2019-1125.csv,2057_Tag95_28NOV2019-1141_05DEC2019-1125.csv,.csv,fall 2019,accelerometer_icetag,,,,,
Données completes/Données accelerometres/Fall 2019/Icetag/IceTags/Group5_Wk3_28NOV2019-05DEC2019/2057_Tag95_28NOV2019-1141_05DEC2019-1125_LB.csv,2057_Tag95_28NOV2019-1141_05DEC2019-1125_LB.csv,.csv,fall 2019,accelerometer_icetag,,,,,
Données completes/Données accelerometres/Fall 2019/Icetag/IceTags/Group5_Wk3_28NOV2019-05DEC2019/3437_Tag178_28NOV2019-1142_05DEC2019-1124.csv,3437_Tag178_28NOV2019-1142_05DEC2019-1124.csv,.csv,fall 2019,accelerometer_icetag,,,,,
Données completes/Données accelerometres/Fall 2019/Icetag/IceTags/Group5_Wk3_28NOV2019-05DEC2019/3437_Tag178_28NOV2019-1142_05DEC2019-1124_LB.csv,3437_Tag178_28NOV2019-1142_05DEC2019-1124_LB.csv,.csv,fall 2019,accelerometer_icetag,,,,,
Données completes/Données accelerometres/Fall 2019/Icetag/IceTags/Group5_Wk3_28NOV2019-05DEC2019/5854_Tag168_28NOV2019-1141_02DEC2019-0917.csv,5854_Tag168_28NOV2019-1141_02DEC2019-0917.csv,.csv,fall 2019,accelerometer_icetag,,,,,
Données completes/Données accelerometres/Fall 2019/Icetag/IceTags/Group5_Wk3_28NOV2019-05DEC2019/5854_Tag168_28NOV2019-1141_02DEC2019-0917_LB.csv,5854_Tag168_28NOV2019-1141_02DEC2019-0917_LB.csv,.csv,fall 2019,accelerometer_icetag,,,,,
Données completes/Données accelerometres/Fall 2019/Icetag/IceTags/Group5_Wk3_28NOV2019-05DEC2019/5854_Tag94_02DEC2019-0916 _05DEC2019-1126.csv,5854_Tag94_02DEC2019-0916 _05DEC2019-1126.csv,.csv,fall 2019,accelerometer_icetag,,,,,
Données completes/Données accelerometres/Fall 2019/Icetag/IceTags/Group5_Wk3_28NOV2019-05DEC2019/5854_Tag94_02DEC2019-0916 _05DEC2019-1126_LB.csv,5854_Tag94_02DEC2019-0916 _05DEC2019-1126_LB.csv,.csv,fall 2019,accelerometer_icetag,,,,,
Données completes/Données accelerometres/Fall 2019/Icetag/IceTags/Group5_Wk3_28NOV2019-05DEC2019/5862_Tag172_28NOV2019-1145_05DEC2019-1007.csv,5862_Tag172_28NOV2019-1145_05DEC2019-1007.csv,.csv,fall 2019,accelerometer_icetag,,,,,
Données completes/Données accelerometres/Fall 2019/Icetag/IceTags/Group5_Wk3_28NOV2019-05DEC2019/5862_Tag172_28NOV2019-1145_05DEC2019-1007_LB.csv,5862_Tag172_28NOV2019-1145_05DEC2019-1007_LB.csv,.csv,fall 2019,accelerometer_icetag,,,,,
Données completes/Données accelerometres/Fall 2019/Icetag/IceTags/Group5_Wk3_28NOV2019-05DEC2019/5870_Tag92_28NOV2019-1146_05DEC2019-1008.csv,5870_Tag92_28NOV2019-1146_05DEC2019-1008.csv,.csv,fall 2019,accelerometer_icetag,,,,,
Données completes/Données accelerometres/Fall 2019/Icetag/IceTags/Group5_Wk3_28NOV2019-05DEC2019/5870_Tag92_28NOV2019-1146_05DEC2019-1008_LB.csv,5870_Tag92_28NOV2019-1146_05DEC2019-1008_LB.csv,.csv,fall 2019,accelerometer_icetag,,,,,
Données completes/Données accelerometres/Fall 2019/Icetag/IceTags/Group5_Wk3_28NOV2019-05DEC2019/821_Tag85_28NOV2019-1146_05DEC2019-1008.csv,821_Tag85_28NOV2019-1146_05DEC2019-1008.csv,.csv,fall 2019,accelerometer_icetag,,,,,
Données completes/Données accelerometres/Fall 2019/Icetag/IceTags/Group5_Wk3_28NOV2019-05DEC2019/821_Tag85_28NOV2019-1146_05DEC2019-1008_LB.csv,821_Tag85_28NOV2019-1146_05DEC2019-1008_LB.csv,.csv,fall 2019,accelerometer_icetag,,,,,
Données completes/Données accelerometres/Fall 2019/Icetag/IceTags/Group6_Wk1_05NOV2019-22NOV2019/2041_Tag91_05NOV2019-1852_22NOV2019-1127.csv,2041_Tag91_05NOV2019-1852_22NOV2019-1127.csv,.csv,fall 2019,accelerometer_icetag,,,,,
Données completes/Données accelerometres/Fall 2019/Icetag/IceTags/Group6_Wk1_05NOV2019-22NOV2019/2041_Tag91_05NOV2019-1852_22NOV2019-1127_LB.csv,2041_Tag91_05NOV2019-1852_22NOV2019-1127_LB.csv,.csv,fall 2019,accelerometer_icetag,,,,,
Données completes/Données accelerometres/Fall 2019/Icetag/IceTags/Group6_Wk1_05NOV2019-22NOV2019/2062_Tag160_05NOV2019-1853_22NOV2019-1126.csv,2062_Tag160_05NOV2019-1853_22NOV2019-1126.csv,.csv,fall 2019,accelerometer_icetag,,,,,
Données completes/Données accelerometres/Fall 2019/Icetag/IceTags/Group6_Wk1_05NOV2019-22NOV2019/2062_Tag160_05NOV2019-1853_22NOV2019-1126_LB.csv,2062_Tag160_05NOV2019-1853_22NOV2019-1126_LB.csv,.csv,fall 2019,accelerometer_icetag,,,,,
Données completes/Données accelerometres/Fall 2019/Icetag/IceTags/Group6_Wk1_05NOV2019-22NOV2019/5327_Tag179_05NOV2019-1916_22NOV2019-1021.csv,5327_Tag179_05NOV2019-1916_22NOV2019-1021.csv,.csv,fall 2019,accelerometer_icetag,,,,,
Données completes/Données accelerometres/Fall 2019/Icetag/IceTags/Group6_Wk1_05NOV2019-22NOV2019/5327_Tag179_05NOV2019-1916_22NOV2019-1021_LB.csv,5327_Tag179_05NOV2019-1916_22NOV2019-1021_LB.csv,.csv,fall 2019,accelerometer_icetag,,,,,
Données completes/Données accelerometres/Fall 2019/Icetag/IceTags/Group6_Wk1_05NOV2019-22NOV2019/5857_Tag176_05NOV2019-1916_22NOV2019-1022.csv,5857_Tag176_05NOV2019-1916_22NOV2019-1022.csv,.csv,fall 2019,accelerometer_icetag,,,,,
Données completes/Données accelerometres/Fall 2019/Icetag/IceTags/Group6_Wk1_05NOV2019-22NOV2019/5857_Tag176_05NOV2019-1916_22NOV2019-1022_LB.csv,5857_Tag176_05NOV2019-1916_22NOV2019-1022_LB.csv,.csv,fall 2019,accelerometer_icetag,,,,,
Données completes/Données accelerometres/Fall 2019/Icetag/IceTags/Group6_Wk1_05NOV2019-22NOV2019/5865_Tag97_05NOV2019-1851_22NOV2019-1127.csv,5865_Tag97_05NOV2019-1851_22NOV2019-1127.csv,.csv,fall 2019,accelerometer_icetag,,,,,
Données completes/Données accelerometres/Fall 2019/Icetag/IceTags/Group6_Wk1_05NOV2019-22NOV2019/5865_Tag97_05NOV2019-1851_22NOV2019-1127_LB.csv,5865_Tag97_05NOV2019-1851_22NOV2019-1127_LB.csv,.csv,fall 2019,accelerometer_icetag,,,,,
Données completes/Données accelerometres/Fall 2019/Icetag/IceTags/Group6_Wk1_05NOV2019-22NOV2019/5871_Tag165_05NOV2019-1916_22NOV2019-1022.csv,5871_Tag165_05NOV2019-1916_22NOV2019-1022.csv,.csv,fall 2019,accelerometer_icetag,,,,,
Données completes/Données accelerometres/Fall 2019/Icetag/IceTags/Group6_Wk1_05NOV2019-22NOV2019/5871_Tag165_05NOV2019-1916_22NOV2019-1022_LB.csv,5871_Tag165_05NOV2019-1916_22NOV2019-1022_LB.csv,.csv,fall 2019,accelerometer_icetag,,,,,
Données completes/Données accelerometres/Fall 2019/Icetag/IceTags/Group6_Wk2_22NOV2019-29NOV2019/2041_Tag174_22NOV2019-1124_29NOV2019-1125.csv,2041_Tag174_22NOV2019-1124_29NOV2019-1125.csv,.csv,fall 2019,accelerometer_icetag,,,,,
Données completes/Données accelerometres/Fall 2019/Icetag/IceTags/Group6_Wk2_22NOV2019-29NOV2019/2041_Tag174_22NOV2019-1124_29NOV2019-1125_LB.csv,2041_Tag174_22NOV2019-1124_29NOV2019-1125_LB.csv,.csv,fall 2019,accelerometer_icetag,,,,,
Données completes/Données accelerometres/Fall 2019/Icetag/IceTags/Group6_Wk2_22NOV2019-29NOV2019/2062_Tag94_22NOV2019-1123_29NOV2019-1124.csv,2062_Tag94_22NOV2019-1123_29NOV2019-1124.csv,.csv,fall 2019,accelerometer_icetag,,,,,
Données completes/Données accelerometres/Fall 2019/Icetag/IceTags/Group6_Wk2_22NOV2019-29NOV2019/2062_Tag94_22NOV2019-1123_29NOV2019-1124_LB.csv,2062_Tag94_22NOV2019-1123_29NOV2019-1124_LB.csv,.csv,fall 2019,accelerometer_icetag,,,,,
Données completes/Données accelerometres/Fall 2019/Icetag/IceTags/Group6_Wk2_22NOV2019-29NOV2019/5327_Tag87_22NOV2019-1017_29NOV2019-1017.csv,5327_Tag87_22NOV2019-1017_29NOV2019-1017.csv,.csv,fall 2019,accelerometer_icetag,,,,,
Données completes/Données accelerometres/Fall 2019/Icetag/IceTags/Group6_Wk2_22NOV2019-29NOV2019/5327_Tag87_22NOV2019-1017_29NOV2019-1017_LB.csv,5327_Tag87_22NOV2019-1017_29NOV2019-1017_LB.csv,.csv,fall 2019,accelerometer_icetag,,,,,
Données completes/Données accelerometres/Fall 2019/Icetag/IceTags/Group6_Wk2_22NOV2019-29NOV2019/5857_Tag181_22NOV2019-1018_29NOV2019-1018.csv,5857_Tag181_22NOV2019-1018_29NOV2019-1018.csv,.csv,fall 2019,accelerometer_icetag,,,,,
Données completes/Données accelerometres/Fall 2019/Icetag/IceTags/Group6_Wk2_22NOV2019-29NOV2019/5857_Tag181_22NOV2019-1018_29NOV2019-1018_LB.csv,5857_Tag181_22NOV2019-1018_29NOV2019-1018_LB.csv,.csv,fall 2019,accelerometer_icetag,,,,,
Données completes/Données accelerometres/Fall 2019/Icetag/IceTags/Group6_Wk2_22NOV2019-29NOV2019/5865_Tag159_22NOV2019-1124_29NOV2019-1126.csv,5865_Tag159_22NOV2019-1124_29NOV2019-1126.csv,.csv,fall 2019,accelerometer_icetag,,,,,
Données completes/Données accelerometres/Fall 2019/Icetag/IceTags/Group6_Wk2_22NOV2019-29NOV2019/5865_Tag159_22NOV2019-1124_29NOV2019-1126_LB.csv,5865_Tag159_22NOV2019-1124_29NOV2019-1126_LB.csv,.csv,fall 2019,accelerometer_icetag,,,,,
Données completes/Données accelerometres/Fall 2019/Icetag/IceTags/Group6_Wk2_22NOV2019-29NOV2019/5871_Tag96_22NOV2019-1019_29NOV2019-1018.csv,5871_Tag96_22NOV2019-1019_29NOV2019-1018.csv,.csv,fall 2019,accelerometer_icetag,,,,,
Données completes/Données accelerometres/Fall 2019/Icetag/IceTags/Group6_Wk2_22NOV2019-29NOV2019/5871_Tag96_22NOV2019-1019_29NOV2019-1018_LB.csv,5871_Tag96_22NOV2019-1019_29NOV2019-1018_LB.csv,.csv,fall 2019,accelerometer_icetag,,,,,
Données completes/Données accelerometres/Fall 2019/Icetag/IceTags/Group6_Wk3_29NOV2019-06DEC2019/2041_Tag90_29NOV2019-1122_06DEC2019-1115.csv,2041_Tag90_29NOV2019-1122_06DEC2019-1115.csv,.csv,fall 2019,accelerometer_icetag,,,,,
Données completes/Données accelerometres/Fall 2019/Icetag/IceTags/Group6_Wk3_29NOV2019-06DEC2019/2041_Tag90_29NOV2019-1122_06DEC2019-1115_LB.csv,2041_Tag90_29NOV2019-1122_06DEC2019-1115_LB.csv,.csv,fall 2019,accelerometer_icetag,,,,,
Données completes/Données accelerometres/Fall 2019/Icetag/IceTags/Group6_Wk3_29NOV2019-06DEC2019/2062_Tag88_29NOV2019-1120_06DEC2019-1115.csv,2062_Tag88_29NOV2019-1120_06DEC2019-1115.csv,.csv,fall 2019,accelerometer_icetag,,,,,
Données completes/Données accelerometres/Fall 2019/Icetag/IceTags/Group6_Wk3_29NOV2019-06DEC2019/2062_Tag88_29NOV2019-1120_06DEC2019-1115_LB.csv,2062_Tag88_29NOV2019-1120_06DEC2019-1115_LB.csv,.csv,fall 2019,accelerometer_icetag,,,,,
Données completes/Données accelerometres/Fall 2019/Icetag/IceTags/Group6_Wk3_29NOV2019-06DEC2019/5327_Tag166_29NOV2019-1014_06DEC2019-1015.csv,5327_Tag166_29NOV2019-1014_06DEC2019-1015.csv,.csv,fall 2019,accelerometer_icetag,,,,,
Données completes/Données accelerometres/Fall 2019/Icetag/IceTags/Group6_Wk3_29NOV2019-06DEC2019/5327_Tag166_29NOV2019-1014_06DEC2019-1015_LB.csv,5327_Tag166_29NOV2019-1014_06DEC2019-1015_LB.csv,.csv,fall 2019,accelerometer_icetag,,,,,
Données completes/Données accelerometres/Fall 2019/Icetag/IceTags/Group6_Wk3_29NOV2019-06DEC2019/5857_Tag170_29NOV2019-1015_06DEC2019-1016.csv,5857_Tag170_29NOV2019-1015_06DEC2019-1016.csv,.csv,fall 2019,accelerometer_icetag,,,,,
Données completes/Données accelerometres/Fall 2019/Icetag/IceTags/Group6_Wk3_29NOV2019-06DEC2019/5857_Tag170_29NOV2019-1015_06DEC2019-1016_LB.csv,5857_Tag170_29NOV2019-1015_06DEC2019-1016_LB.csv,.csv,fall 2019,accelerometer_icetag,,,,,
Données completes/Données accelerometres/Fall 2019/Icetag/IceTags/Group6_Wk3_29NOV2019-06DEC2019/5865_Tag89_29NOV2019-1123_06DEC2019-1116.csv,5865_Tag89_29NOV2019-1123_06DEC2019-1116.csv,.csv,fall 2019,accelerometer_icetag,,,,,
Données completes/Données accelerometres/Fall 2019/Icetag/IceTags/Group6_Wk3_29NOV2019-06DEC2019/5865_Tag89_29NOV2019-1123_06DEC2019-1116_LB.csv,5865_Tag89_29NOV2019-1123_06DEC2019-1116_LB.csv,.csv,fall 2019,accelerometer_icetag,,,,,
Données completes/Données accelerometres/Fall 2019/Icetag/IceTags/Group6_Wk3_29NOV2019-06DEC2019/5871_Tag162_29NOV2019-1016_06DEC2019-1028.csv,5871_Tag162_29NOV2019-1016_06DEC2019-1028.csv,.csv,fall 2019,accelerometer_icetag,,,,,
Données completes/Données accelerometres/Fall 2019/Icetag/IceTags/Group6_Wk3_29NOV2019-06DEC2019/5871_Tag162_29NOV2019-1016_06DEC2019-1028_LB.csv,5871_Tag162_29NOV2019-1016_06DEC2019-1028_LB.csv,.csv,fall 2019,accelerometer_icetag,,,,,
Données completes/Données accelerometres/Fall 2019/Icetag/IceTags/IceTag_Lameness_Summary - Copy - Copy.xlsx,IceTag_Lameness_Summary - Copy - Copy.xlsx,.xlsx,fall 2019,accelerometer_icetag,1,Summary_NoWkEnd_NoWeird,Summary_NoWkEnd_NoWeird,Cow | TREATMENT | Block | Date | STEP | LT | LB || 821 | C | 5 | 12-Nov | 746 | 560.6666666666666 | 9 || 821 | C | 5 | 14-Nov | 1057 | 651.2333333333333 | 8,
Données completes/Données accelerometres/Fall 2019/Icetag/IceTags/IceTag_Lameness_Summary.xlsx,IceTag_Lameness_Summary.xlsx,.xlsx,fall 2019,accelerometer_icetag,1,Summary_NoWkEnd_NoWeird,Summary_NoWkEnd_NoWeird,Cow | TREATMENT | Block | Date | STEP | LT | LB || 821 | C | 5 | 2019-11-12 00:00:00 | 746 | 560.6666666666666 | 9 || 821 | C | 5 | 2019-11-14 00:00:00 | 1057 | 651.2333333333333 | 8,
Données completes/Données accelerometres/Fall 2019/Icetag/IceTags/Icetags amir 02-03-2020/IceTag 50001986 (P)_2020-02-01__12;51;50.csv,IceTag 50001986 (P)_2020-02-01__12;51;50.csv,.csv,fall 2019,accelerometer_icetag,,,,,
Données completes/Données accelerometres/Fall 2019/Icetag/IceTags/Icetags amir 02-03-2020/IceTag 50001986 (P)_2020-02-01__12;51;50.ses,IceTag 50001986 (P)_2020-02-01__12;51;50.ses,.ses,fall 2019,accelerometer_icetag,,,,,
Données completes/Données accelerometres/Fall 2019/Icetag/IceTags/Icetags amir 02-03-2020/IceTag 50001986 (P)_2020-02-01__12;51;50_LB.csv,IceTag 50001986 (P)_2020-02-01__12;51;50_LB.csv,.csv,fall 2019,accelerometer_icetag,,,,,
Données completes/Données accelerometres/Fall 2019/Icetag/IceTags/Icetags amir 02-03-2020/IceTag 50001994 (P)_2020-02-01__12;51;57.csv,IceTag 50001994 (P)_2020-02-01__12;51;57.csv,.csv,fall 2019,accelerometer_icetag,,,,,
Données completes/Données accelerometres/Fall 2019/Icetag/IceTags/Icetags amir 02-03-2020/IceTag 50001994 (P)_2020-02-01__12;51;57.ses,IceTag 50001994 (P)_2020-02-01__12;51;57.ses,.ses,fall 2019,accelerometer_icetag,,,,,
Données completes/Données accelerometres/Fall 2019/Icetag/IceTags/Icetags amir 02-03-2020/IceTag 50001994 (P)_2020-02-01__12;51;57_LB.csv,IceTag 50001994 (P)_2020-02-01__12;51;57_LB.csv,.csv,fall 2019,accelerometer_icetag,,,,,
Données completes/Données accelerometres/Fall 2019/Icetag/IceTags/Icetags amir 02-03-2020/IceTag 50030164 (P)_2020-02-01__12;52;05.csv,IceTag 50030164 (P)_2020-02-01__12;52;05.csv,.csv,fall 2019,accelerometer_icetag,,,,,
Données completes/Données accelerometres/Fall 2019/Icetag/IceTags/Icetags amir 02-03-2020/IceTag 50030164 (P)_2020-02-01__12;52;05.ses,IceTag 50030164 (P)_2020-02-01__12;52;05.ses,.ses,fall 2019,accelerometer_icetag,,,,,
Données completes/Données accelerometres/Fall 2019/Icetag/IceTags/Icetags amir 02-03-2020/IceTag 50030164 (P)_2020-02-01__12;52;05_LB.csv,IceTag 50030164 (P)_2020-02-01__12;52;05_LB.csv,.csv,fall 2019,accelerometer_icetag,,,,,
Données completes/Données accelerometres/Fall 2019/Icetag/IceTags/Lameness_IceTag_NORMALITY_RESULTS.rtf,Lameness_IceTag_NORMALITY_RESULTS.rtf,.rtf,fall 2019,accelerometer_icetag,,,,,
Données completes/Données accelerometres/Fall 2019/Icetag/IceTags/Lameness_IceTag_PROCMIXED_RESULTS.rtf,Lameness_IceTag_PROCMIXED_RESULTS.rtf,.rtf,fall 2019,accelerometer_icetag,,,,,
Données completes/Données accelerometres/Fall 2019/Icetag/IceTags/OneSheet_IceTag_LB.xlsx,OneSheet_IceTag_LB.xlsx,.xlsx,fall 2019,accelerometer_icetag,2,Sheet1 | LB,Sheet1,,
Données completes/Données accelerometres/Fall 2019/Icetag/IceTags/Session Files/Group1_Wk1_05NOV2019-18NOV2019/8517_Tag161_05NOV2019-1847_18NOV2019-1128.ses,8517_Tag161_05NOV2019-1847_18NOV2019-1128.ses,.ses,fall 2019,accelerometer_icetag,,,,,
Données completes/Données accelerometres/Fall 2019/Icetag/IceTags/Session Files/Group1_Wk1_05NOV2019-18NOV2019/8525_Tag167_05NOV2019-1921_18NOV2019-1133.ses,8525_Tag167_05NOV2019-1921_18NOV2019-1133.ses,.ses,fall 2019,accelerometer_icetag,,,,,
Données completes/Données accelerometres/Fall 2019/Icetag/IceTags/Session Files/Group1_Wk1_05NOV2019-18NOV2019/8526_Tag86_05NOV2019-1847_18NOV2019-1133.ses,8526_Tag86_05NOV2019-1847_18NOV2019-1133.ses,.ses,fall 2019,accelerometer_icetag,,,,,
Données completes/Données accelerometres/Fall 2019/Icetag/IceTags/Session Files/Group1_Wk1_05NOV2019-18NOV2019/8527_Tag93_05NOV2019-1847_18NOV2019-1127.ses,8527_Tag93_05NOV2019-1847_18NOV2019-1127.ses,.ses,fall 2019,accelerometer_icetag,,,,,
Données completes/Données accelerometres/Fall 2019/Icetag/IceTags/Session Files/Group1_Wk1_05NOV2019-18NOV2019/8531_Tag163_05NOV2019-1922_18NOV2019-1133.ses,8531_Tag163_05NOV2019-1922_18NOV2019-1133.ses,.ses,fall 2019,accelerometer_icetag,,,,,
Données completes/Données accelerometres/Fall 2019/Icetag/IceTags/Session Files/Group1_Wk1_05NOV2019-18NOV2019/8536_Tag158_05NOV2019-1921_18NOV2019-1133.ses,8536_Tag158_05NOV2019-1921_18NOV2019-1133.ses,.ses,fall 2019,accelerometer_icetag,,,,,
Données completes/Données accelerometres/Fall 2019/Icetag/IceTags/Session Files/Group1_Wk2_18NOV2019-25NOV2019/8517_Tag175_18NOV2019-1127_25NOV2019-1151.ses,8517_Tag175_18NOV2019-1127_25NOV2019-1151.ses,.ses,fall 2019,accelerometer_icetag,,,,,
Données completes/Données accelerometres/Fall 2019/Icetag/IceTags/Session Files/Group1_Wk2_18NOV2019-25NOV2019/8525_Tag180_18NOV2019-1131_25NOV2019-1149.ses,8525_Tag180_18NOV2019-1131_25NOV2019-1149.ses,.ses,fall 2019,accelerometer_icetag,,,,,
Données completes/Données accelerometres/Fall 2019/Icetag/IceTags/Session Files/Group1_Wk2_18NOV2019-25NOV2019/8526_Tag177_18NOV2019-1131_25NOV2019-1151.ses,8526_Tag177_18NOV2019-1131_25NOV2019-1151.ses,.ses,fall 2019,accelerometer_icetag,,,,,
Données completes/Données accelerometres/Fall 2019/Icetag/IceTags/Session Files/Group1_Wk2_18NOV2019-25NOV2019/8527_Tag173_18NOV2019-1126_25NOV2019-1150.ses,8527_Tag173_18NOV2019-1126_25NOV2019-1150.ses,.ses,fall 2019,accelerometer_icetag,,,,,
Données completes/Données accelerometres/Fall 2019/Icetag/IceTags/Session Files/Group1_Wk2_18NOV2019-25NOV2019/8531_Tag164_18NOV2019-1130_25NOV2019-1149.ses,8531_Tag164_18NOV2019-1130_25NOV2019-1149.ses,.ses,fall 2019,accelerometer_icetag,,,,,
Données completes/Données accelerometres/Fall 2019/Icetag/IceTags/Session Files/Group1_Wk2_18NOV2019-25NOV2019/8536_Tag171_18NOV2019-1132_25NOV2019-1149.ses,8536_Tag171_18NOV2019-1132_25NOV2019-1149.ses,.ses,fall 2019,accelerometer_icetag,,,,,
Données completes/Données accelerometres/Fall 2019/Icetag/IceTags/Session Files/Group1_Wk3_25Nov2019-02DEC2019/8517_Tag160_25NOV2019-1144_02DEC2019-1131.ses,8517_Tag160_25NOV2019-1144_02DEC2019-1131.ses,.ses,fall 2019,accelerometer_icetag,,,,,
Données completes/Données accelerometres/Fall 2019/Icetag/IceTags/Session Files/Group1_Wk3_25Nov2019-02DEC2019/8525_Tag165_25NOV2019-1148_02DEC2019-1140.ses,8525_Tag165_25NOV2019-1148_02DEC2019-1140.ses,.ses,fall 2019,accelerometer_icetag,,,,,
Données completes/Données accelerometres/Fall 2019/Icetag/IceTags/Session Files/Group1_Wk3_25Nov2019-02DEC2019/8526_Tag179_25NOV2019-1145_02DEC2019-1131.ses,8526_Tag179_25NOV2019-1145_02DEC2019-1131.ses,.ses,fall 2019,accelerometer_icetag,,,,,
Données completes/Données accelerometres/Fall 2019/Icetag/IceTags/Session Files/Group1_Wk3_25Nov2019-02DEC2019/8527_Tag91_25NOV2019-1143_02DEC2019-1131.ses,8527_Tag91_25NOV2019-1143_02DEC2019-1131.ses,.ses,fall 2019,accelerometer_icetag,,,,,
Données completes/Données accelerometres/Fall 2019/Icetag/IceTags/Session Files/Group1_Wk3_25Nov2019-02DEC2019/8531_Tag97_25NOV2019-1148_02DEC2019-1140.ses,8531_Tag97_25NOV2019-1148_02DEC2019-1140.ses,.ses,fall 2019,accelerometer_icetag,,,,,
Données completes/Données accelerometres/Fall 2019/Icetag/IceTags/Session Files/Group1_Wk3_25Nov2019-02DEC2019/8536_Tag176_25NOV2019-1148_02DEC2019-1141.ses,8536_Tag176_25NOV2019-1148_02DEC2019-1141.ses,.ses,fall 2019,accelerometer_icetag,,,,,
Données completes/Données accelerometres/Fall 2019/Icetag/IceTags/Session Files/Group3_Wk1_05NOV2019-19NOV2019/2078_Tag172_05NOV2019-1922_19NOV2019-1205.ses,2078_Tag172_05NOV2019-1922_19NOV2019-1205.ses,.ses,fall 2019,accelerometer_icetag,,,,,
Données completes/Données accelerometres/Fall 2019/Icetag/IceTags/Session Files/Group3_Wk1_05NOV2019-19NOV2019/2081_Tag85_05NOV2019-1849_19NOV2019-1201.ses,2081_Tag85_05NOV2019-1849_19NOV2019-1201.ses,.ses,fall 2019,accelerometer_icetag,,,,,
Données completes/Données accelerometres/Fall 2019/Icetag/IceTags/Session Files/Group3_Wk1_05NOV2019-19NOV2019/3435_Tag168_05NOV2019-1920_19NOV2019-1206.ses,3435_Tag168_05NOV2019-1920_19NOV2019-1206.ses,.ses,fall 2019,accelerometer_icetag,,,,,
Données completes/Données accelerometres/Fall 2019/Icetag/IceTags/Session Files/Group3_Wk1_05NOV2019-19NOV2019/5874_Tag95_05NOV2019-1849_19NOV2019-1202.ses,5874_Tag95_05NOV2019-1849_19NOV2019-1202.ses,.ses,fall 2019,accelerometer_icetag,,,,,
Données completes/Données accelerometres/Fall 2019/Icetag/IceTags/Session Files/Group3_Wk1_05NOV2019-19NOV2019/5875_Tag92_05NOV2019-1850_19NOV2019-1201.ses,5875_Tag92_05NOV2019-1850_19NOV2019-1201.ses,.ses,fall 2019,accelerometer_icetag,,,,,
Données completes/Données accelerometres/Fall 2019/Icetag/IceTags/Session Files/Group3_Wk1_05NOV2019-19NOV2019/8500_Tag178_05NOV2019-1923_19NOV2019-1206.ses,8500_Tag178_05NOV2019-1923_19NOV2019-1206.ses,.ses,fall 2019,accelerometer_icetag,,,,,
Données completes/Données accelerometres/Fall 2019/Icetag/IceTags/Session Files/Group3_Wk2_19NOV2019-26NOV2019/2078_Tag93_19NOV2019-1203_26NOV2019-1128.ses,2078_Tag93_19NOV2019-1203_26NOV2019-1128.ses,.ses,fall 2019,accelerometer_icetag,,,,,
Données completes/Données accelerometres/Fall 2019/Icetag/IceTags/Session Files/Group3_Wk2_19NOV2019-26NOV2019/2081_Tag167_19NOV2019-1200_26NOV2019-1124.ses,2081_Tag167_19NOV2019-1200_26NOV2019-1124.ses,.ses,fall 2019,accelerometer_icetag,,,,,
Données completes/Données accelerometres/Fall 2019/Icetag/IceTags/Session Files/Group3_Wk2_19NOV2019-26NOV2019/3435_Tag86_19NOV2019-1205_26NOV2019-1127.ses,3435_Tag86_19NOV2019-1205_26NOV2019-1127.ses,.ses,fall 2019,accelerometer_icetag,,,,,
Données completes/Données accelerometres/Fall 2019/Icetag/IceTags/Session Files/Group3_Wk2_19NOV2019-26NOV2019/5874_Tag158_19NOV2019-1200_26NOV2019-1124.ses,5874_Tag158_19NOV2019-1200_26NOV2019-1124.ses,.ses,fall 2019,accelerometer_icetag,,,,,
Données completes/Données accelerometres/Fall 2019/Icetag/IceTags/Session Files/Group3_Wk2_19NOV2019-26NOV2019/5875_Tag161_19NOV2019-1159_26NOV2019-1123.ses,5875_Tag161_19NOV2019-1159_26NOV2019-1123.ses,.ses,fall 2019,accelerometer_icetag,,,,,
Données completes/Données accelerometres/Fall 2019/Icetag/IceTags/Session Files/Group3_Wk2_19NOV2019-26NOV2019/8500_Tag163_19NOV2019-1204_26NOV2019-1128.ses,8500_Tag163_19NOV2019-1204_26NOV2019-1128.ses,.ses,fall 2019,accelerometer_icetag,,,,,
Données completes/Données accelerometres/Fall 2019/Icetag/IceTags/Session Files/Group3_Wk3_26NOV2019-03DEC2019/2078_Tag175_26NOV2019-1127_03DEC2019-1119.ses,2078_Tag175_26NOV2019-1127_03DEC2019-1119.ses,.ses,fall 2019,accelerometer_icetag,,,,,
Données completes/Données accelerometres/Fall 2019/Icetag/IceTags/Session Files/Group3_Wk3_26NOV2019-03DEC2019/2081_Tag180_26NOV2019-1122_03DEC2019-1125.ses,2081_Tag180_26NOV2019-1122_03DEC2019-1125.ses,.ses,fall 2019,accelerometer_icetag,,,,,
Données completes/Données accelerometres/Fall 2019/Icetag/IceTags/Session Files/Group3_Wk3_26NOV2019-03DEC2019/3435_Tag177_26NOV2019-1126_03DEC2019-1118.ses,3435_Tag177_26NOV2019-1126_03DEC2019-1118.ses,.ses,fall 2019,accelerometer_icetag,,,,,
Données completes/Données accelerometres/Fall 2019/Icetag/IceTags/Session Files/Group3_Wk3_26NOV2019-03DEC2019/5874_Tag173_26NOV2019-1122_03DEC2019-1124.ses,5874_Tag173_26NOV2019-1122_03DEC2019-1124.ses,.ses,fall 2019,accelerometer_icetag,,,,,
Données completes/Données accelerometres/Fall 2019/Icetag/IceTags/Session Files/Group3_Wk3_26NOV2019-03DEC2019/5875_Tag171_26NOV2019-1121_03DEC2019-1124.ses,5875_Tag171_26NOV2019-1121_03DEC2019-1124.ses,.ses,fall 2019,accelerometer_icetag,,,,,
Données completes/Données accelerometres/Fall 2019/Icetag/IceTags/Session Files/Group3_Wk3_26NOV2019-03DEC2019/8500_Tag164_26NOV2019-1126_03DEC2019-1119.ses,8500_Tag164_26NOV2019-1126_03DEC2019-1119.ses,.ses,fall 2019,accelerometer_icetag,,,,,
Données completes/Données accelerometres/Fall 2019/Icetag/IceTags/Session Files/Group4_Wk1_05NOV2019-20NOV2019/2063_Tag166_05NOV2019-1919_20NOV2019-1206.ses,2063_Tag166_05NOV2019-1919_20NOV2019-1206.ses,.ses,fall 2019,accelerometer_icetag,,,,,
Données completes/Données accelerometres/Fall 2019/Icetag/IceTags/Session Files/Group4_Wk1_05NOV2019-20NOV2019/2066_Tag88_05NOV2019-1848_20NOV2019-1202.ses,2066_Tag88_05NOV2019-1848_20NOV2019-1202.ses,.ses,fall 2019,accelerometer_icetag,,,,,
Données completes/Données accelerometres/Fall 2019/Icetag/IceTags/Session Files/Group4_Wk1_05NOV2019-20NOV2019/3444_Tag89_05NOV2019-1849_20NOV2019-1202.ses,3444_Tag89_05NOV2019-1849_20NOV2019-1202.ses,.ses,fall 2019,accelerometer_icetag,,,,,
Données completes/Données accelerometres/Fall 2019/Icetag/IceTags/Session Files/Group4_Wk1_05NOV2019-20NOV2019/5872_Tag162_05NOV2019-1919_20NOV2019-1206.ses,5872_Tag162_05NOV2019-1919_20NOV2019-1206.ses,.ses,fall 2019,accelerometer_icetag,,,,,
Données completes/Données accelerometres/Fall 2019/Icetag/IceTags/Session Files/Group4_Wk1_05NOV2019-20NOV2019/5879_Tag90_05NOV2019-1848_20NOV2019-1201.ses,5879_Tag90_05NOV2019-1848_20NOV2019-1201.ses,.ses,fall 2019,accelerometer_icetag,,,,,
Données completes/Données accelerometres/Fall 2019/Icetag/IceTags/Session Files/Group4_Wk1_05NOV2019-20NOV2019/8501_Tag170_05NOV2019-1920_20NOV2019-1207.ses,8501_Tag170_05NOV2019-1920_20NOV2019-1207.ses,.ses,fall 2019,accelerometer_icetag,,,,,
Données completes/Données accelerometres/Fall 2019/Icetag/IceTags/Session Files/Group4_Wk2_20NOV2019-27NOV2019/2063_Tag85_20NOV2019-1204_27NOV2019-1143.ses,2063_Tag85_20NOV2019-1204_27NOV2019-1143.ses,.ses,fall 2019,accelerometer_icetag,,,,,
Données completes/Données accelerometres/Fall 2019/Icetag/IceTags/Session Files/Group4_Wk2_20NOV2019-27NOV2019/2066_Tag178_20NOV2019-1200_27NOV2019-1152.ses,2066_Tag178_20NOV2019-1200_27NOV2019-1152.ses,.ses,fall 2019,accelerometer_icetag,,,,,
Données completes/Données accelerometres/Fall 2019/Icetag/IceTags/Session Files/Group4_Wk2_20NOV2019-27NOV2019/3444_Tag92_20NOV2019-1201_27NOV2019-1151.ses,3444_Tag92_20NOV2019-1201_27NOV2019-1151.ses,.ses,fall 2019,accelerometer_icetag,,,,,
Données completes/Données accelerometres/Fall 2019/Icetag/IceTags/Session Files/Group4_Wk2_20NOV2019-27NOV2019/5872_Tag168_20NOV2019-1205_27NOV2019-1143.ses,5872_Tag168_20NOV2019-1205_27NOV2019-1143.ses,.ses,fall 2019,accelerometer_icetag,,,,,
Données completes/Données accelerometres/Fall 2019/Icetag/IceTags/Session Files/Group4_Wk2_20NOV2019-27NOV2019/5879_Tag172_20NOV2019-1200_27NOV2019-1153.ses,5879_Tag172_20NOV2019-1200_27NOV2019-1153.ses,.ses,fall 2019,accelerometer_icetag,,,,,
Données completes/Données accelerometres/Fall 2019/Icetag/IceTags/Session Files/Group4_Wk2_20NOV2019-27NOV2019/8501_Tag95_20NOV2019-1205_27NOV2019-1142.ses,8501_Tag95_20NOV2019-1205_27NOV2019-1142.ses,.ses,fall 2019,accelerometer_icetag,,,,,
Données completes/Données accelerometres/Fall 2019/Icetag/IceTags/Session Files/Group4_Wk3_27NOV2019-04DEC2019/2063_Tag86_27NOV2019-1141_04DEC2019-1020.ses,2063_Tag86_27NOV2019-1141_04DEC2019-1020.ses,.ses,fall 2019,accelerometer_icetag,,,,,
Données completes/Données accelerometres/Fall 2019/Icetag/IceTags/Session Files/Group4_Wk3_27NOV2019-04DEC2019/2066_Tag93_27NOV2019-1149_04DEC2019-1029.ses,2066_Tag93_27NOV2019-1149_04DEC2019-1029.ses,.ses,fall 2019,accelerometer_icetag,,,,,
Données completes/Données accelerometres/Fall 2019/Icetag/IceTags/Session Files/Group4_Wk3_27NOV2019-04DEC2019/3444_Tag167_27NOV2019-1147_04DEC2019-1030.ses,3444_Tag167_27NOV2019-1147_04DEC2019-1030.ses,.ses,fall 2019,accelerometer_icetag,,,,,
Données completes/Données accelerometres/Fall 2019/Icetag/IceTags/Session Files/Group4_Wk3_27NOV2019-04DEC2019/5872_Tag158_27NOV2019-1141_04DEC2019-1020.ses,5872_Tag158_27NOV2019-1141_04DEC2019-1020.ses,.ses,fall 2019,accelerometer_icetag,,,,,
Données completes/Données accelerometres/Fall 2019/Icetag/IceTags/Session Files/Group4_Wk3_27NOV2019-04DEC2019/5879_Tag161_27NOV2019-1150_04DEC2019-1030.ses,5879_Tag161_27NOV2019-1150_04DEC2019-1030.ses,.ses,fall 2019,accelerometer_icetag,,,,,
Données completes/Données accelerometres/Fall 2019/Icetag/IceTags/Session Files/Group4_Wk3_27NOV2019-04DEC2019/8501_Tag163_27NOV2019-1139_04DEC2019-1020.ses,8501_Tag163_27NOV2019-1139_04DEC2019-1020.ses,.ses,fall 2019,accelerometer_icetag,,,,,
Données completes/Données accelerometres/Fall 2019/Icetag/IceTags/Session Files/Group5_Wk1_05NOV2019-21NOV2019/2057_Tag94_05NOV2019-1851_21NOV2019-1136.ses,2057_Tag94_05NOV2019-1851_21NOV2019-1136.ses,.ses,fall 2019,accelerometer_icetag,,,,,
Données completes/Données accelerometres/Fall 2019/Icetag/IceTags/Session Files/Group5_Wk1_05NOV2019-21NOV2019/3437_Tag96_05NOV2019-1851_21NOV2019-1135.ses,3437_Tag96_05NOV2019-1851_21NOV2019-1135.ses,.ses,fall 2019,accelerometer_icetag,,,,,
Données completes/Données accelerometres/Fall 2019/Icetag/IceTags/Session Files/Group5_Wk1_05NOV2019-21NOV2019/5854_Tag87_05NOV2019-1856_21NOV2019-1136.ses,5854_Tag87_05NOV2019-1856_21NOV2019-1136.ses,.ses,fall 2019,accelerometer_icetag,,,,,
Données completes/Données accelerometres/Fall 2019/Icetag/IceTags/Session Files/Group5_Wk1_05NOV2019-21NOV2019/5862_Tag174_05NOV2019-1916_21NOV2019-1138.ses,5862_Tag174_05NOV2019-1916_21NOV2019-1138.ses,.ses,fall 2019,accelerometer_icetag,,,,,
Données completes/Données accelerometres/Fall 2019/Icetag/IceTags/Session Files/Group5_Wk1_05NOV2019-21NOV2019/5870_Tag159_05NOV2019-1917_21NOV2019-1138.ses,5870_Tag159_05NOV2019-1917_21NOV2019-1138.ses,.ses,fall 2019,accelerometer_icetag,,,,,
Données completes/Données accelerometres/Fall 2019/Icetag/IceTags/Session Files/Group5_Wk1_05NOV2019-21NOV2019/821_Tag181_05NOV2019-1919_21NOV2019-1139.ses,821_Tag181_05NOV2019-1919_21NOV2019-1139.ses,.ses,fall 2019,accelerometer_icetag,,,,,
Données completes/Données accelerometres/Fall 2019/Icetag/IceTags/Session Files/Group5_Wk2_21NOV2019-28NOV2019/2057_Tag166_21NOV2019-1129_28NOV2019-1144.ses,2057_Tag166_21NOV2019-1129_28NOV2019-1144.ses,.ses,fall 2019,accelerometer_icetag,,,,,
Données completes/Données accelerometres/Fall 2019/Icetag/IceTags/Session Files/Group5_Wk2_21NOV2019-28NOV2019/3437_Tag89_21NOV2019-1128_28NOV2019-1143.ses,3437_Tag89_21NOV2019-1128_28NOV2019-1143.ses,.ses,fall 2019,accelerometer_icetag,,,,,
Données completes/Données accelerometres/Fall 2019/Icetag/IceTags/Session Files/Group5_Wk2_21NOV2019-28NOV2019/5854_Tag88_21NOV2019-1130_28NOV2019-1142.ses,5854_Tag88_21NOV2019-1130_28NOV2019-1142.ses,.ses,fall 2019,accelerometer_icetag,,,,,
Données completes/Données accelerometres/Fall 2019/Icetag/IceTags/Session Files/Group5_Wk2_21NOV2019-28NOV2019/5862_Tag162_21NOV2019-1133_28NOV2019-1147.ses,5862_Tag162_21NOV2019-1133_28NOV2019-1147.ses,.ses,fall 2019,accelerometer_icetag,,,,,
Données completes/Données accelerometres/Fall 2019/Icetag/IceTags/Session Files/Group5_Wk2_21NOV2019-28NOV2019/5870_Tag170_21NOV2019-1133_28NOV2019-1147.ses,5870_Tag170_21NOV2019-1133_28NOV2019-1147.ses,.ses,fall 2019,accelerometer_icetag,,,,,
Données completes/Données accelerometres/Fall 2019/Icetag/IceTags/Session Files/Group5_Wk2_21NOV2019-28NOV2019/821_Tag90_21NOV2019-1132_28NOV2019-1148.ses,821_Tag90_21NOV2019-1132_28NOV2019-1148.ses,.ses,fall 2019,accelerometer_icetag,,,,,
Données completes/Données accelerometres/Fall 2019/Icetag/IceTags/Session Files/Group5_Wk3_28NOV2019-05DEC2019/2057_Tag95_28NOV2019-1141_05DEC2019-1125.ses,2057_Tag95_28NOV2019-1141_05DEC2019-1125.ses,.ses,fall 2019,accelerometer_icetag,,,,,
Données completes/Données accelerometres/Fall 2019/Icetag/IceTags/Session Files/Group5_Wk3_28NOV2019-05DEC2019/3437_Tag178_28NOV2019-1142_05DEC2019-1124.ses,3437_Tag178_28NOV2019-1142_05DEC2019-1124.ses,.ses,fall 2019,accelerometer_icetag,,,,,
Données completes/Données accelerometres/Fall 2019/Icetag/IceTags/Session Files/Group5_Wk3_28NOV2019-05DEC2019/5854_Tag168_28NOV2019-1141_02DEC2019-0917.ses,5854_Tag168_28NOV2019-1141_02DEC2019-0917.ses,.ses,fall 2019,accelerometer_icetag,,,,,
Données completes/Données accelerometres/Fall 2019/Icetag/IceTags/Session Files/Group5_Wk3_28NOV2019-05DEC2019/5854_Tag94_02DEC2019-0916 _05DEC2019-1126.ses,5854_Tag94_02DEC2019-0916 _05DEC2019-1126.ses,.ses,fall 2019,accelerometer_icetag,,,,,
Données completes/Données accelerometres/Fall 2019/Icetag/IceTags/Session Files/Group5_Wk3_28NOV2019-05DEC2019/5862_Tag172_28NOV2019-1145_05DEC2019-1007.ses,5862_Tag172_28NOV2019-1145_05DEC2019-1007.ses,.ses,fall 2019,accelerometer_icetag,,,,,
Données completes/Données accelerometres/Fall 2019/Icetag/IceTags/Session Files/Group5_Wk3_28NOV2019-05DEC2019/5870_Tag92_28NOV2019-1146_05DEC2019-1008.ses,5870_Tag92_28NOV2019-1146_05DEC2019-1008.ses,.ses,fall 2019,accelerometer_icetag,,,,,
Données completes/Données accelerometres/Fall 2019/Icetag/IceTags/Session Files/Group5_Wk3_28NOV2019-05DEC2019/821_Tag85_28NOV2019-1146_05DEC2019-1008.ses,821_Tag85_28NOV2019-1146_05DEC2019-1008.ses,.ses,fall 2019,accelerometer_icetag,,,,,
Données completes/Données accelerometres/Fall 2019/Icetag/IceTags/Session Files/Group6_Wk1_05NOV2019-22NOV2019/2041_Tag91_05NOV2019-1852_22NOV2019-1127.ses,2041_Tag91_05NOV2019-1852_22NOV2019-1127.ses,.ses,fall 2019,accelerometer_icetag,,,,,
Données completes/Données accelerometres/Fall 2019/Icetag/IceTags/Session Files/Group6_Wk1_05NOV2019-22NOV2019/2062_Tag160_05NOV2019-1853_22NOV2019-1126.ses,2062_Tag160_05NOV2019-1853_22NOV2019-1126.ses,.ses,fall 2019,accelerometer_icetag,,,,,
Données completes/Données accelerometres/Fall 2019/Icetag/IceTags/Session Files/Group6_Wk1_05NOV2019-22NOV2019/5327_Tag179_05NOV2019-1916_22NOV2019-1021.ses,5327_Tag179_05NOV2019-1916_22NOV2019-1021.ses,.ses,fall 2019,accelerometer_icetag,,,,,
Données completes/Données accelerometres/Fall 2019/Icetag/IceTags/Session Files/Group6_Wk1_05NOV2019-22NOV2019/5857_Tag176_05NOV2019-1916_22NOV2019-1022.ses,5857_Tag176_05NOV2019-1916_22NOV2019-1022.ses,.ses,fall 2019,accelerometer_icetag,,,,,
Données completes/Données accelerometres/Fall 2019/Icetag/IceTags/Session Files/Group6_Wk1_05NOV2019-22NOV2019/5865_Tag97_05NOV2019-1851_22NOV2019-1127.ses,5865_Tag97_05NOV2019-1851_22NOV2019-1127.ses,.ses,fall 2019,accelerometer_icetag,,,,,
Données completes/Données accelerometres/Fall 2019/Icetag/IceTags/Session Files/Group6_Wk1_05NOV2019-22NOV2019/5871_Tag165_05NOV2019-1916_22NOV2019-1022.ses,5871_Tag165_05NOV2019-1916_22NOV2019-1022.ses,.ses,fall 2019,accelerometer_icetag,,,,,
Données completes/Données accelerometres/Fall 2019/Icetag/IceTags/Session Files/Group6_Wk2_22NOV2019-29NOV2019/2041_Tag174_22NOV2019-1124_29NOV2019-1125.ses,2041_Tag174_22NOV2019-1124_29NOV2019-1125.ses,.ses,fall 2019,accelerometer_icetag,,,,,
Données completes/Données accelerometres/Fall 2019/Icetag/IceTags/Session Files/Group6_Wk2_22NOV2019-29NOV2019/2062_Tag94_22NOV2019-1123_29NOV2019-1124.ses,2062_Tag94_22NOV2019-1123_29NOV2019-1124.ses,.ses,fall 2019,accelerometer_icetag,,,,,
Données completes/Données accelerometres/Fall 2019/Icetag/IceTags/Session Files/Group6_Wk2_22NOV2019-29NOV2019/5327_Tag87_22NOV2019-1017_29NOV2019-1017.ses,5327_Tag87_22NOV2019-1017_29NOV2019-1017.ses,.ses,fall 2019,accelerometer_icetag,,,,,
Données completes/Données accelerometres/Fall 2019/Icetag/IceTags/Session Files/Group6_Wk2_22NOV2019-29NOV2019/5857_Tag181_22NOV2019-1018_29NOV2019-1018.ses,5857_Tag181_22NOV2019-1018_29NOV2019-1018.ses,.ses,fall 2019,accelerometer_icetag,,,,,
Données completes/Données accelerometres/Fall 2019/Icetag/IceTags/Session Files/Group6_Wk2_22NOV2019-29NOV2019/5865_Tag159_22NOV2019-1124_29NOV2019-1126.ses,5865_Tag159_22NOV2019-1124_29NOV2019-1126.ses,.ses,fall 2019,accelerometer_icetag,,,,,
Données completes/Données accelerometres/Fall 2019/Icetag/IceTags/Session Files/Group6_Wk2_22NOV2019-29NOV2019/5871_Tag96_22NOV2019-1019_29NOV2019-1018.ses,5871_Tag96_22NOV2019-1019_29NOV2019-1018.ses,.ses,fall 2019,accelerometer_icetag,,,,,
Données completes/Données accelerometres/Fall 2019/Icetag/IceTags/Session Files/Group6_Wk3_29NOV2019-06DEC2019/2041_Tag90_29NOV2019-1122_06DEC2019-1115.ses,2041_Tag90_29NOV2019-1122_06DEC2019-1115.ses,.ses,fall 2019,accelerometer_icetag,,,,,
Données completes/Données accelerometres/Fall 2019/Icetag/IceTags/Session Files/Group6_Wk3_29NOV2019-06DEC2019/2062_Tag88_29NOV2019-1120_06DEC2019-1115.ses,2062_Tag88_29NOV2019-1120_06DEC2019-1115.ses,.ses,fall 2019,accelerometer_icetag,,,,,
Données completes/Données accelerometres/Fall 2019/Icetag/IceTags/Session Files/Group6_Wk3_29NOV2019-06DEC2019/5327_Tag166_29NOV2019-1014_06DEC2019-1015.ses,5327_Tag166_29NOV2019-1014_06DEC2019-1015.ses,.ses,fall 2019,accelerometer_icetag,,,,,
Données completes/Données accelerometres/Fall 2019/Icetag/IceTags/Session Files/Group6_Wk3_29NOV2019-06DEC2019/5857_Tag170_29NOV2019-1015_06DEC2019-1016.ses,5857_Tag170_29NOV2019-1015_06DEC2019-1016.ses,.ses,fall 2019,accelerometer_icetag,,,,,
Données completes/Données accelerometres/Fall 2019/Icetag/IceTags/Session Files/Group6_Wk3_29NOV2019-06DEC2019/5865_Tag89_29NOV2019-1123_06DEC2019-1116.ses,5865_Tag89_29NOV2019-1123_06DEC2019-1116.ses,.ses,fall 2019,accelerometer_icetag,,,,,
Données completes/Données accelerometres/Fall 2019/Icetag/IceTags/Session Files/Group6_Wk3_29NOV2019-06DEC2019/5871_Tag162_29NOV2019-1016_06DEC2019-1028.ses,5871_Tag162_29NOV2019-1016_06DEC2019-1028.ses,.ses,fall 2019,accelerometer_icetag,,,,,
Données completes/Données accelerometres/Fall 2019/Icetag/IceTags/Session Files/Wk4-5_XX-14DEC2019/2041_Tag172_06DEC2019-1113_14DEC2019-1236.ses,2041_Tag172_06DEC2019-1113_14DEC2019-1236.ses,.ses,fall 2019,accelerometer_icetag,,,,,
Données completes/Données accelerometres/Fall 2019/Icetag/IceTags/Session Files/Wk4-5_XX-14DEC2019/2057_Tag161_05DEC2019-1122_14DEC2019-1236.ses,2057_Tag161_05DEC2019-1122_14DEC2019-1236.ses,.ses,fall 2019,accelerometer_icetag,,,,,
Données completes/Données accelerometres/Fall 2019/Icetag/IceTags/Session Files/Wk4-5_XX-14DEC2019/2062_Tag92_06DEC2019-1112_14DEC2019-1238.ses,2062_Tag92_06DEC2019-1112_14DEC2019-1238.ses,.ses,fall 2019,accelerometer_icetag,,,,,
Données completes/Données accelerometres/Fall 2019/Icetag/IceTags/Session Files/Wk4-5_XX-14DEC2019/2063_Tag173_04DEC2019-1019_14DEC2019-1127.ses,2063_Tag173_04DEC2019-1019_14DEC2019-1127.ses,.ses,fall 2019,accelerometer_icetag,,,,,
Données completes/Données accelerometres/Fall 2019/Icetag/IceTags/Session Files/Wk4-5_XX-14DEC2019/2066_Tag180_04DEC2019-1127_14DEC2019-1134.ses,2066_Tag180_04DEC2019-1127_14DEC2019-1134.ses,.ses,fall 2019,accelerometer_icetag,,,,,
Données completes/Données accelerometres/Fall 2019/Icetag/IceTags/Session Files/Wk4-5_XX-14DEC2019/2078_Tag91_03DEC2019-1118_14DEC2019-1124.ses,2078_Tag91_03DEC2019-1118_14DEC2019-1124.ses,.ses,fall 2019,accelerometer_icetag,,,,,
Données completes/Données accelerometres/Fall 2019/Icetag/IceTags/Session Files/Wk4-5_XX-14DEC2019/2081_Tag176_03DEC2019-1124_14DEC2019-1133.ses,2081_Tag176_03DEC2019-1124_14DEC2019-1133.ses,.ses,fall 2019,accelerometer_icetag,,,,,
Données completes/Données accelerometres/Fall 2019/Icetag/IceTags/Session Files/Wk4-5_XX-14DEC2019/3435_Tag179_03DEC2019-1116_14DEC2019-1124.ses,3435_Tag179_03DEC2019-1116_14DEC2019-1124.ses,.ses,fall 2019,accelerometer_icetag,,,,,
Données completes/Données accelerometres/Fall 2019/Icetag/IceTags/Session Files/Wk4-5_XX-14DEC2019/3437_Tag158_05DEC2019-1121_14DEC2019-1235.ses,3437_Tag158_05DEC2019-1121_14DEC2019-1235.ses,.ses,fall 2019,accelerometer_icetag,,,,,
Données completes/Données accelerometres/Fall 2019/Icetag/IceTags/Session Files/Wk4-5_XX-14DEC2019/3444_Tag175_04DEC2019-1128_14DEC2019-1135.ses,3444_Tag175_04DEC2019-1128_14DEC2019-1135.ses,.ses,fall 2019,accelerometer_icetag,,,,,
Données completes/Données accelerometres/Fall 2019/Icetag/IceTags/Session Files/Wk4-5_XX-14DEC2019/5327_Tag85_06DEC2019-1012_14DEC2019-1233.ses,5327_Tag85_06DEC2019-1012_14DEC2019-1233.ses,.ses,fall 2019,accelerometer_icetag,,,,,
Données completes/Données accelerometres/Fall 2019/Icetag/IceTags/Session Files/Wk4-5_XX-14DEC2019/5854_Tag86_05DEC2019-1123_14DEC2019-1236.ses,5854_Tag86_05DEC2019-1123_14DEC2019-1236.ses,.ses,fall 2019,accelerometer_icetag,,,,,
Données completes/Données accelerometres/Fall 2019/Icetag/IceTags/Session Files/Wk4-5_XX-14DEC2019/5857_Tag95_06DEC2019-1013_14DEC2019-1234.ses,5857_Tag95_06DEC2019-1013_14DEC2019-1234.ses,.ses,fall 2019,accelerometer_icetag,,,,,
Données completes/Données accelerometres/Fall 2019/Icetag/IceTags/Session Files/Wk4-5_XX-14DEC2019/5862_Tag167_05DEC2019-1005_14DEC2019-1231.ses,5862_Tag167_05DEC2019-1005_14DEC2019-1231.ses,.ses,fall 2019,accelerometer_icetag,,,,,
Données completes/Données accelerometres/Fall 2019/Icetag/IceTags/Session Files/Wk4-5_XX-14DEC2019/5865_Tag178_06DEC2019-1114_14DEC2019-1238.ses,5865_Tag178_06DEC2019-1114_14DEC2019-1238.ses,.ses,fall 2019,accelerometer_icetag,,,,,
Données completes/Données accelerometres/Fall 2019/Icetag/IceTags/Session Files/Wk4-5_XX-14DEC2019/5870_Tag93_05DEC2019-1006_14DEC2019-1232.ses,5870_Tag93_05DEC2019-1006_14DEC2019-1232.ses,.ses,fall 2019,accelerometer_icetag,,,,,
Données completes/Données accelerometres/Fall 2019/Icetag/IceTags/Session Files/Wk4-5_XX-14DEC2019/5871_Tag94_06DEC2019-1014_14DEC2019-1234.ses,5871_Tag94_06DEC2019-1014_14DEC2019-1234.ses,.ses,fall 2019,accelerometer_icetag,,,,,
Données completes/Données accelerometres/Fall 2019/Icetag/IceTags/Session Files/Wk4-5_XX-14DEC2019/5872_Tag171_04DEC2019-1018_14DEC2019-1126.ses,5872_Tag171_04DEC2019-1018_14DEC2019-1126.ses,.ses,fall 2019,accelerometer_icetag,,,,,
Données completes/Données accelerometres/Fall 2019/Icetag/IceTags/Session Files/Wk4-5_XX-14DEC2019/5874_Tag165_03DEC2019-1123_14DEC2019-1132.ses,5874_Tag165_03DEC2019-1123_14DEC2019-1132.ses,.ses,fall 2019,accelerometer_icetag,,,,,
Données completes/Données accelerometres/Fall 2019/Icetag/IceTags/Session Files/Wk4-5_XX-14DEC2019/5875_Tag97_03DEC2019-1122_14DEC2019-1133.ses,5875_Tag97_03DEC2019-1122_14DEC2019-1133.ses,.ses,fall 2019,accelerometer_icetag,,,,,
Données completes/Données accelerometres/Fall 2019/Icetag/IceTags/Session Files/Wk4-5_XX-14DEC2019/5879_Tag164_04DEC2019-1126_14DEC2019-1134.ses,5879_Tag164_04DEC2019-1126_14DEC2019-1134.ses,.ses,fall 2019,accelerometer_icetag,,,,,
Données completes/Données accelerometres/Fall 2019/Icetag/IceTags/Session Files/Wk4-5_XX-14DEC2019/821_Tag163_05DEC2019-1007_14DEC2019-1232.ses,821_Tag163_05DEC2019-1007_14DEC2019-1232.ses,.ses,fall 2019,accelerometer_icetag,,,,,
Données completes/Données accelerometres/Fall 2019/Icetag/IceTags/Session Files/Wk4-5_XX-14DEC2019/8500_Ta160_03DEC2019-1117_14DEC2019-1125.ses,8500_Ta160_03DEC2019-1117_14DEC2019-1125.ses,.ses,fall 2019,accelerometer_icetag,,,,,
Données completes/Données accelerometres/Fall 2019/Icetag/IceTags/Session Files/Wk4-5_XX-14DEC2019/8501_Tag177_04DEC2019-1017_14DEC2019-1126.ses,8501_Tag177_04DEC2019-1017_14DEC2019-1126.ses,.ses,fall 2019,accelerometer_icetag,,,,,
Données completes/Données accelerometres/Fall 2019/Icetag/IceTags/Session Files/Wk4-5_XX-14DEC2019/8517_Tag87_02DEC2019-1128_14DEC2019-1130.ses,8517_Tag87_02DEC2019-1128_14DEC2019-1130.ses,.ses,fall 2019,accelerometer_icetag,,,,,
Données completes/Données accelerometres/Fall 2019/Icetag/IceTags/Session Files/Wk4-5_XX-14DEC2019/8525_Tag181_02DEC2019-1138_14DEC2019-1123.ses,8525_Tag181_02DEC2019-1138_14DEC2019-1123.ses,.ses,fall 2019,accelerometer_icetag,,,,,
Données completes/Données accelerometres/Fall 2019/Icetag/IceTags/Session Files/Wk4-5_XX-14DEC2019/8526_Tag159_02DEC2019-1130_14DEC2019-1131.ses,8526_Tag159_02DEC2019-1130_14DEC2019-1131.ses,.ses,fall 2019,accelerometer_icetag,,,,,
Données completes/Données accelerometres/Fall 2019/Icetag/IceTags/Session Files/Wk4-5_XX-14DEC2019/8527_Tag96_02DEC2019-1129_14DEC2019-1129.ses,8527_Tag96_02DEC2019-1129_14DEC2019-1129.ses,.ses,fall 2019,accelerometer_icetag,,,,,
Données completes/Données accelerometres/Fall 2019/Icetag/IceTags/Session Files/Wk4-5_XX-14DEC2019/8531_Tag174_02DEC2019-1135_14DEC2019-1122.ses,8531_Tag174_02DEC2019-1135_14DEC2019-1122.ses,.ses,fall 2019,accelerometer_icetag,,,,,
Données completes/Données accelerometres/Fall 2019/Icetag/IceTags/Session Files/Wk4-5_XX-14DEC2019/8536_Tag168_02DEC2019-1139_14DEC2019-1123.ses,8536_Tag168_02DEC2019-1139_14DEC2019-1123.ses,.ses,fall 2019,accelerometer_icetag,,,,,
Données completes/Données accelerometres/Fall 2019/Icetag/IceTags/Wk4-5_XX-14DEC2019/2041_Tag172_06DEC2019-1113_14DEC2019-1236.csv,2041_Tag172_06DEC2019-1113_14DEC2019-1236.csv,.csv,fall 2019,accelerometer_icetag,,,,,
Données completes/Données accelerometres/Fall 2019/Icetag/IceTags/Wk4-5_XX-14DEC2019/2041_Tag172_06DEC2019-1113_14DEC2019-1236_LB.csv,2041_Tag172_06DEC2019-1113_14DEC2019-1236_LB.csv,.csv,fall 2019,accelerometer_icetag,,,,,
Données completes/Données accelerometres/Fall 2019/Icetag/IceTags/Wk4-5_XX-14DEC2019/2057_Tag161_05DEC2019-1122_14DEC2019-1236.csv,2057_Tag161_05DEC2019-1122_14DEC2019-1236.csv,.csv,fall 2019,accelerometer_icetag,,,,,
Données completes/Données accelerometres/Fall 2019/Icetag/IceTags/Wk4-5_XX-14DEC2019/2057_Tag161_05DEC2019-1122_14DEC2019-1236_LB.csv,2057_Tag161_05DEC2019-1122_14DEC2019-1236_LB.csv,.csv,fall 2019,accelerometer_icetag,,,,,
Données completes/Données accelerometres/Fall 2019/Icetag/IceTags/Wk4-5_XX-14DEC2019/2062_Tag92_06DEC2019-1112_14DEC2019-1238.csv,2062_Tag92_06DEC2019-1112_14DEC2019-1238.csv,.csv,fall 2019,accelerometer_icetag,,,,,
Données completes/Données accelerometres/Fall 2019/Icetag/IceTags/Wk4-5_XX-14DEC2019/2062_Tag92_06DEC2019-1112_14DEC2019-1238_LB.csv,2062_Tag92_06DEC2019-1112_14DEC2019-1238_LB.csv,.csv,fall 2019,accelerometer_icetag,,,,,
Données completes/Données accelerometres/Fall 2019/Icetag/IceTags/Wk4-5_XX-14DEC2019/2063_Tag173_04DEC2019-1019_14DEC2019-1127.csv,2063_Tag173_04DEC2019-1019_14DEC2019-1127.csv,.csv,fall 2019,accelerometer_icetag,,,,,
Données completes/Données accelerometres/Fall 2019/Icetag/IceTags/Wk4-5_XX-14DEC2019/2063_Tag173_04DEC2019-1019_14DEC2019-1127_LB.csv,2063_Tag173_04DEC2019-1019_14DEC2019-1127_LB.csv,.csv,fall 2019,accelerometer_icetag,,,,,
Données completes/Données accelerometres/Fall 2019/Icetag/IceTags/Wk4-5_XX-14DEC2019/2066_Tag180_04DEC2019-1127_14DEC2019-1134.csv,2066_Tag180_04DEC2019-1127_14DEC2019-1134.csv,.csv,fall 2019,accelerometer_icetag,,,,,
Données completes/Données accelerometres/Fall 2019/Icetag/IceTags/Wk4-5_XX-14DEC2019/2066_Tag180_04DEC2019-1127_14DEC2019-1134_LB.csv,2066_Tag180_04DEC2019-1127_14DEC2019-1134_LB.csv,.csv,fall 2019,accelerometer_icetag,,,,,
Données completes/Données accelerometres/Fall 2019/Icetag/IceTags/Wk4-5_XX-14DEC2019/2078_Tag91_03DEC2019-1118_14DEC2019-1124.csv,2078_Tag91_03DEC2019-1118_14DEC2019-1124.csv,.csv,fall 2019,accelerometer_icetag,,,,,
Données completes/Données accelerometres/Fall 2019/Icetag/IceTags/Wk4-5_XX-14DEC2019/2078_Tag91_03DEC2019-1118_14DEC2019-1124_LB.csv,2078_Tag91_03DEC2019-1118_14DEC2019-1124_LB.csv,.csv,fall 2019,accelerometer_icetag,,,,,
Données completes/Données accelerometres/Fall 2019/Icetag/IceTags/Wk4-5_XX-14DEC2019/2081_Tag176_03DEC2019-1124_14DEC2019-1133.csv,2081_Tag176_03DEC2019-1124_14DEC2019-1133.csv,.csv,fall 2019,accelerometer_icetag,,,,,
Données completes/Données accelerometres/Fall 2019/Icetag/IceTags/Wk4-5_XX-14DEC2019/2081_Tag176_03DEC2019-1124_14DEC2019-1133_LB.csv,2081_Tag176_03DEC2019-1124_14DEC2019-1133_LB.csv,.csv,fall 2019,accelerometer_icetag,,,,,
Données completes/Données accelerometres/Fall 2019/Icetag/IceTags/Wk4-5_XX-14DEC2019/3435_Tag179_03DEC2019-1116_14DEC2019-1124.csv,3435_Tag179_03DEC2019-1116_14DEC2019-1124.csv,.csv,fall 2019,accelerometer_icetag,,,,,
Données completes/Données accelerometres/Fall 2019/Icetag/IceTags/Wk4-5_XX-14DEC2019/3435_Tag179_03DEC2019-1116_14DEC2019-1124_LB.csv,3435_Tag179_03DEC2019-1116_14DEC2019-1124_LB.csv,.csv,fall 2019,accelerometer_icetag,,,,,
Données completes/Données accelerometres/Fall 2019/Icetag/IceTags/Wk4-5_XX-14DEC2019/3437_Tag158_05DEC2019-1121_14DEC2019-1235.csv,3437_Tag158_05DEC2019-1121_14DEC2019-1235.csv,.csv,fall 2019,accelerometer_icetag,,,,,
Données completes/Données accelerometres/Fall 2019/Icetag/IceTags/Wk4-5_XX-14DEC2019/3437_Tag158_05DEC2019-1121_14DEC2019-1235_LB.csv,3437_Tag158_05DEC2019-1121_14DEC2019-1235_LB.csv,.csv,fall 2019,accelerometer_icetag,,,,,
Données completes/Données accelerometres/Fall 2019/Icetag/IceTags/Wk4-5_XX-14DEC2019/3444_Tag175_04DEC2019-1128_14DEC2019-1135.csv,3444_Tag175_04DEC2019-1128_14DEC2019-1135.csv,.csv,fall 2019,accelerometer_icetag,,,,,
Données completes/Données accelerometres/Fall 2019/Icetag/IceTags/Wk4-5_XX-14DEC2019/3444_Tag175_04DEC2019-1128_14DEC2019-1135_LB.csv,3444_Tag175_04DEC2019-1128_14DEC2019-1135_LB.csv,.csv,fall 2019,accelerometer_icetag,,,,,
Données completes/Données accelerometres/Fall 2019/Icetag/IceTags/Wk4-5_XX-14DEC2019/5327_Tag85_06DEC2019-1012_14DEC2019-1233.csv,5327_Tag85_06DEC2019-1012_14DEC2019-1233.csv,.csv,fall 2019,accelerometer_icetag,,,,,
Données completes/Données accelerometres/Fall 2019/Icetag/IceTags/Wk4-5_XX-14DEC2019/5327_Tag85_06DEC2019-1012_14DEC2019-1233_LB.csv,5327_Tag85_06DEC2019-1012_14DEC2019-1233_LB.csv,.csv,fall 2019,accelerometer_icetag,,,,,
Données completes/Données accelerometres/Fall 2019/Icetag/IceTags/Wk4-5_XX-14DEC2019/5854_Tag86_05DEC2019-1123_14DEC2019-1236.csv,5854_Tag86_05DEC2019-1123_14DEC2019-1236.csv,.csv,fall 2019,accelerometer_icetag,,,,,
Données completes/Données accelerometres/Fall 2019/Icetag/IceTags/Wk4-5_XX-14DEC2019/5854_Tag86_05DEC2019-1123_14DEC2019-1236_LB.csv,5854_Tag86_05DEC2019-1123_14DEC2019-1236_LB.csv,.csv,fall 2019,accelerometer_icetag,,,,,
Données completes/Données accelerometres/Fall 2019/Icetag/IceTags/Wk4-5_XX-14DEC2019/5857_Tag95_06DEC2019-1013_14DEC2019-1234.csv,5857_Tag95_06DEC2019-1013_14DEC2019-1234.csv,.csv,fall 2019,accelerometer_icetag,,,,,
Données completes/Données accelerometres/Fall 2019/Icetag/IceTags/Wk4-5_XX-14DEC2019/5857_Tag95_06DEC2019-1013_14DEC2019-1234_LB.csv,5857_Tag95_06DEC2019-1013_14DEC2019-1234_LB.csv,.csv,fall 2019,accelerometer_icetag,,,,,
Données completes/Données accelerometres/Fall 2019/Icetag/IceTags/Wk4-5_XX-14DEC2019/5862_Tag167_05DEC2019-1005_14DEC2019-1231.csv,5862_Tag167_05DEC2019-1005_14DEC2019-1231.csv,.csv,fall 2019,accelerometer_icetag,,,,,
Données completes/Données accelerometres/Fall 2019/Icetag/IceTags/Wk4-5_XX-14DEC2019/5862_Tag167_05DEC2019-1005_14DEC2019-1231_LB.csv,5862_Tag167_05DEC2019-1005_14DEC2019-1231_LB.csv,.csv,fall 2019,accelerometer_icetag,,,,,
Données completes/Données accelerometres/Fall 2019/Icetag/IceTags/Wk4-5_XX-14DEC2019/5865_Tag178_06DEC2019-1114_14DEC2019-1238.csv,5865_Tag178_06DEC2019-1114_14DEC2019-1238.csv,.csv,fall 2019,accelerometer_icetag,,,,,
Données completes/Données accelerometres/Fall 2019/Icetag/IceTags/Wk4-5_XX-14DEC2019/5865_Tag178_06DEC2019-1114_14DEC2019-1238_LB.csv,5865_Tag178_06DEC2019-1114_14DEC2019-1238_LB.csv,.csv,fall 2019,accelerometer_icetag,,,,,
Données completes/Données accelerometres/Fall 2019/Icetag/IceTags/Wk4-5_XX-14DEC2019/5870_Tag93_05DEC2019-1006_14DEC2019-1232.csv,5870_Tag93_05DEC2019-1006_14DEC2019-1232.csv,.csv,fall 2019,accelerometer_icetag,,,,,
Données completes/Données accelerometres/Fall 2019/Icetag/IceTags/Wk4-5_XX-14DEC2019/5870_Tag93_05DEC2019-1006_14DEC2019-1232_LB.csv,5870_Tag93_05DEC2019-1006_14DEC2019-1232_LB.csv,.csv,fall 2019,accelerometer_icetag,,,,,
Données completes/Données accelerometres/Fall 2019/Icetag/IceTags/Wk4-5_XX-14DEC2019/5871_Tag94_06DEC2019-1014_14DEC2019-1234.csv,5871_Tag94_06DEC2019-1014_14DEC2019-1234.csv,.csv,fall 2019,accelerometer_icetag,,,,,
Données completes/Données accelerometres/Fall 2019/Icetag/IceTags/Wk4-5_XX-14DEC2019/5871_Tag94_06DEC2019-1014_14DEC2019-1234_LB.csv,5871_Tag94_06DEC2019-1014_14DEC2019-1234_LB.csv,.csv,fall 2019,accelerometer_icetag,,,,,
Données completes/Données accelerometres/Fall 2019/Icetag/IceTags/Wk4-5_XX-14DEC2019/5872_Tag171_04DEC2019-1018_14DEC2019-1126.csv,5872_Tag171_04DEC2019-1018_14DEC2019-1126.csv,.csv,fall 2019,accelerometer_icetag,,,,,
Données completes/Données accelerometres/Fall 2019/Icetag/IceTags/Wk4-5_XX-14DEC2019/5872_Tag171_04DEC2019-1018_14DEC2019-1126_LB.csv,5872_Tag171_04DEC2019-1018_14DEC2019-1126_LB.csv,.csv,fall 2019,accelerometer_icetag,,,,,
Données completes/Données accelerometres/Fall 2019/Icetag/IceTags/Wk4-5_XX-14DEC2019/5874_Tag165_03DEC2019-1123_14DEC2019-1132.csv,5874_Tag165_03DEC2019-1123_14DEC2019-1132.csv,.csv,fall 2019,accelerometer_icetag,,,,,
Données completes/Données accelerometres/Fall 2019/Icetag/IceTags/Wk4-5_XX-14DEC2019/5874_Tag165_03DEC2019-1123_14DEC2019-1132_LB.csv,5874_Tag165_03DEC2019-1123_14DEC2019-1132_LB.csv,.csv,fall 2019,accelerometer_icetag,,,,,
Données completes/Données accelerometres/Fall 2019/Icetag/IceTags/Wk4-5_XX-14DEC2019/5875_Tag97_03DEC2019-1122_14DEC2019-1133.csv,5875_Tag97_03DEC2019-1122_14DEC2019-1133.csv,.csv,fall 2019,accelerometer_icetag,,,,,
Données completes/Données accelerometres/Fall 2019/Icetag/IceTags/Wk4-5_XX-14DEC2019/5875_Tag97_03DEC2019-1122_14DEC2019-1133_LB.csv,5875_Tag97_03DEC2019-1122_14DEC2019-1133_LB.csv,.csv,fall 2019,accelerometer_icetag,,,,,
Données completes/Données accelerometres/Fall 2019/Icetag/IceTags/Wk4-5_XX-14DEC2019/5879_Tag164_04DEC2019-1126_14DEC2019-1134.csv,5879_Tag164_04DEC2019-1126_14DEC2019-1134.csv,.csv,fall 2019,accelerometer_icetag,,,,,
Données completes/Données accelerometres/Fall 2019/Icetag/IceTags/Wk4-5_XX-14DEC2019/5879_Tag164_04DEC2019-1126_14DEC2019-1134_LB.csv,5879_Tag164_04DEC2019-1126_14DEC2019-1134_LB.csv,.csv,fall 2019,accelerometer_icetag,,,,,
Données completes/Données accelerometres/Fall 2019/Icetag/IceTags/Wk4-5_XX-14DEC2019/821_Tag163_05DEC2019-1007_14DEC2019-1232.csv,821_Tag163_05DEC2019-1007_14DEC2019-1232.csv,.csv,fall 2019,accelerometer_icetag,,,,,
Données completes/Données accelerometres/Fall 2019/Icetag/IceTags/Wk4-5_XX-14DEC2019/821_Tag163_05DEC2019-1007_14DEC2019-1232_LB.csv,821_Tag163_05DEC2019-1007_14DEC2019-1232_LB.csv,.csv,fall 2019,accelerometer_icetag,,,,,
Données completes/Données accelerometres/Fall 2019/Icetag/IceTags/Wk4-5_XX-14DEC2019/8500_Ta160_03DEC2019-1117_14DEC2019-1125.csv,8500_Ta160_03DEC2019-1117_14DEC2019-1125.csv,.csv,fall 2019,accelerometer_icetag,,,,,
Données completes/Données accelerometres/Fall 2019/Icetag/IceTags/Wk4-5_XX-14DEC2019/8500_Ta160_03DEC2019-1117_14DEC2019-1125_LB.csv,8500_Ta160_03DEC2019-1117_14DEC2019-1125_LB.csv,.csv,fall 2019,accelerometer_icetag,,,,,
Données completes/Données accelerometres/Fall 2019/Icetag/IceTags/Wk4-5_XX-14DEC2019/8501_Tag177_04DEC2019-1017_14DEC2019-1126.csv,8501_Tag177_04DEC2019-1017_14DEC2019-1126.csv,.csv,fall 2019,accelerometer_icetag,,,,,
Données completes/Données accelerometres/Fall 2019/Icetag/IceTags/Wk4-5_XX-14DEC2019/8501_Tag177_04DEC2019-1017_14DEC2019-1126_LB.csv,8501_Tag177_04DEC2019-1017_14DEC2019-1126_LB.csv,.csv,fall 2019,accelerometer_icetag,,,,,
Données completes/Données accelerometres/Fall 2019/Icetag/IceTags/Wk4-5_XX-14DEC2019/8517_Tag87_02DEC2019-1128_14DEC2019-1130.csv,8517_Tag87_02DEC2019-1128_14DEC2019-1130.csv,.csv,fall 2019,accelerometer_icetag,,,,,
Données completes/Données accelerometres/Fall 2019/Icetag/IceTags/Wk4-5_XX-14DEC2019/8517_Tag87_02DEC2019-1128_14DEC2019-1130_LB.csv,8517_Tag87_02DEC2019-1128_14DEC2019-1130_LB.csv,.csv,fall 2019,accelerometer_icetag,,,,,
Données completes/Données accelerometres/Fall 2019/Icetag/IceTags/Wk4-5_XX-14DEC2019/8525_Tag181_02DEC2019-1138_14DEC2019-1123.csv,8525_Tag181_02DEC2019-1138_14DEC2019-1123.csv,.csv,fall 2019,accelerometer_icetag,,,,,
Données completes/Données accelerometres/Fall 2019/Icetag/IceTags/Wk4-5_XX-14DEC2019/8525_Tag181_02DEC2019-1138_14DEC2019-1123_LB.csv,8525_Tag181_02DEC2019-1138_14DEC2019-1123_LB.csv,.csv,fall 2019,accelerometer_icetag,,,,,
Données completes/Données accelerometres/Fall 2019/Icetag/IceTags/Wk4-5_XX-14DEC2019/8526_Tag159_02DEC2019-1130_14DEC2019-1131.csv,8526_Tag159_02DEC2019-1130_14DEC2019-1131.csv,.csv,fall 2019,accelerometer_icetag,,,,,
Données completes/Données accelerometres/Fall 2019/Icetag/IceTags/Wk4-5_XX-14DEC2019/8526_Tag159_02DEC2019-1130_14DEC2019-1131_LB.csv,8526_Tag159_02DEC2019-1130_14DEC2019-1131_LB.csv,.csv,fall 2019,accelerometer_icetag,,,,,
Données completes/Données accelerometres/Fall 2019/Icetag/IceTags/Wk4-5_XX-14DEC2019/8527_Tag96_02DEC2019-1129_14DEC2019-1129.csv,8527_Tag96_02DEC2019-1129_14DEC2019-1129.csv,.csv,fall 2019,accelerometer_icetag,,,,,
Données completes/Données accelerometres/Fall 2019/Icetag/IceTags/Wk4-5_XX-14DEC2019/8527_Tag96_02DEC2019-1129_14DEC2019-1129_LB.csv,8527_Tag96_02DEC2019-1129_14DEC2019-1129_LB.csv,.csv,fall 2019,accelerometer_icetag,,,,,
Données completes/Données accelerometres/Fall 2019/Icetag/IceTags/Wk4-5_XX-14DEC2019/8531_Tag174_02DEC2019-1135_14DEC2019-1122.csv,8531_Tag174_02DEC2019-1135_14DEC2019-1122.csv,.csv,fall 2019,accelerometer_icetag,,,,,
Données completes/Données accelerometres/Fall 2019/Icetag/IceTags/Wk4-5_XX-14DEC2019/8531_Tag174_02DEC2019-1135_14DEC2019-1122_LB.csv,8531_Tag174_02DEC2019-1135_14DEC2019-1122_LB.csv,.csv,fall 2019,accelerometer_icetag,,,,,
Données completes/Données accelerometres/Fall 2019/Icetag/IceTags/Wk4-5_XX-14DEC2019/8536_Tag168_02DEC2019-1139_14DEC2019-1123.csv,8536_Tag168_02DEC2019-1139_14DEC2019-1123.csv,.csv,fall 2019,accelerometer_icetag,,,,,
Données completes/Données accelerometres/Fall 2019/Icetag/IceTags/Wk4-5_XX-14DEC2019/8536_Tag168_02DEC2019-1139_14DEC2019-1123_LB.csv,8536_Tag168_02DEC2019-1139_14DEC2019-1123_LB.csv,.csv,fall 2019,accelerometer_icetag,,,,,
Données completes/Données accelerometres/Fall 2021/Hobos/Kinetic and hooftrimming- Follow-up/HOBO 1 2022-02-10 15_39_09 -0500.xlsx,HOBO 1 2022-02-10 15_39_09 -0500.xlsx,.xlsx,fall 2021,environment_hobo,3,DATA | Event Data | Details,DATA,"Plot Title: HOBO 1 |  |  |  |  |  |  |  |  |  |  |  |  || # | Date Time, GMT -0500 | Temp, °F | Temp - Max, °F | Temp - Min, °F | Temp - Avg, °F | Temp - StdDev, °F | RH, % | RH - Max, % | RH - Min, % | RH - Avg, % | RH - StdDev, % | DewPt, °F || 1 | 2022-02-07 10:41:45 | 71.31965087890626 | 71.31965087890626 | 71.31965087890626 | 71.31965087890626 | 0 | 15.495536736095216 | 15.495536736095216 | 15.495536736095216 | 15.495536736095216 | 0 | 22.09501896317289",
Données completes/Données accelerometres/Fall 2021/Hobos/Kinetic and hooftrimming-post trial/HOBO 2 2021-12-17 11_59_11 -0500.xlsx,HOBO 2 2021-12-17 11_59_11 -0500.xlsx,.xlsx,fall 2021,environment_hobo,3,DATA | Event Data | Details,DATA,"Plot Title: HOBO 2 || # | Date Time, GMT -0500 | Temp, °F | Temp - Max, °F | Temp - Min, °F | Temp - Avg, °F | Temp - StdDev, °F | RH, % | RH - Max, % | RH - Min, % | RH - Avg, % | RH - StdDev, % | DewPt, °F || 1 | 2021-12-13 10:00:57 | 57.342703613281245 | 57.342703613281245 | 57.342703613281245 | 57.342703613281245 | 0.0 | 65.12397955291065 | 65.12397955291065 | 65.12397955291065 | 65.12397955291065 | 0.0 | 45.756981951129056",
Données completes/Données accelerometres/Fall 2021/Hobos/Nov 1-9/HOBO 1 2021-11-09 10_52_37 -0500.csv,HOBO 1 2021-11-09 10_52_37 -0500.csv,.csv,fall 2021,environment_hobo,,,,,
Données completes/Données accelerometres/Fall 2021/Hobos/Nov 1-9/HOBO 1 2021-11-09 10_52_37 -0500.xlsx,HOBO 1 2021-11-09 10_52_37 -0500.xlsx,.xlsx,fall 2021,environment_hobo,3,DATA | Event Data | Details,DATA,"Plot Title: HOBO 1 || # | Date Time, GMT -0500 | Temp, °F | Temp - Max, °F | Temp - Min, °F | Temp - Avg, °F | Temp - StdDev, °F | RH, % | RH - Max, % | RH - Min, % | RH - Avg, % | RH - StdDev, % | DewPt, °F || 1 | 2021-11-01 08:03:29 | 62.86398388671874 | 62.86398388671874 | 62.86398388671874 | 62.86398388671874 | 0.0 | 52.74738689250019 | 52.74738689250019 | 52.74738689250019 | 52.74738689250019 | 0.0 | 45.38107644353461",
Données completes/Données accelerometres/Fall 2021/Hobos/Nov 1-9/HOBO 2 2021-11-09 10_53_42 -0500.csv,HOBO 2 2021-11-09 10_53_42 -0500.csv,.csv,fall 2021,environment_hobo,,,,,
Données completes/Données accelerometres/Fall 2021/Hobos/Nov 1-9/HOBO 2 2021-11-09 10_53_42 -0500.xlsx,HOBO 2 2021-11-09 10_53_42 -0500.xlsx,.xlsx,fall 2021,environment_hobo,3,DATA | Event Data | Details,DATA,"Plot Title: HOBO 2 || # | Date Time, GMT -0500 | Temp, °F | Temp - Max, °F | Temp - Min, °F | Temp - Avg, °F | Temp - StdDev, °F | RH, % | RH - Max, % | RH - Min, % | RH - Avg, % | RH - StdDev, % | DewPt, °F || 1 | 2021-11-01 08:04:32 | 57.61297607421875 | 57.61297607421875 | 57.61297607421875 | 57.61297607421875 | 0.0 | 56.07995727473869 | 56.07995727473869 | 56.07995727473869 | 56.07995727473869 | 0.0 | 42.09820370630136",
Données completes/Données accelerometres/Fall 2021/Hobos/Nov 1-9/HOBO 3 2021-11-09 10_54_42 -0500.csv,HOBO 3 2021-11-09 10_54_42 -0500.csv,.csv,fall 2021,environment_hobo,,,,,
Données completes/Données accelerometres/Fall 2021/Hobos/Nov 1-9/HOBO 3 2021-11-09 10_54_42 -0500.xlsx,HOBO 3 2021-11-09 10_54_42 -0500.xlsx,.xlsx,fall 2021,environment_hobo,3,DATA | Event Data | Details,DATA,"Plot Title: HOBO 3 || # | Date Time, GMT -0500 | Temp, °F | Temp - Max, °F | Temp - Min, °F | Temp - Avg, °F | Temp - StdDev, °F | RH, % | RH - Max, % | RH - Min, % | RH - Avg, % | RH - StdDev, % | DewPt, °F || 1 | 2021-11-01 08:06:59 | 57.76741748046875 | 57.76741748046875 | 57.76741748046875 | 57.76741748046875 | 0.0 | 54.37094682230869 | 54.37094682230869 | 54.37094682230869 | 54.37094682230869 | 0.0 | 41.44005010841677",
Données completes/Données accelerometres/Fall 2021/Hobos/Nov 1-9/HOBO 4 2021-11-09 10_55_43 -0500.csv,HOBO 4 2021-11-09 10_55_43 -0500.csv,.csv,fall 2021,environment_hobo,,,,,
Données completes/Données accelerometres/Fall 2021/Hobos/Nov 1-9/HOBO 4 2021-11-09 10_55_43 -0500.xlsx,HOBO 4 2021-11-09 10_55_43 -0500.xlsx,.xlsx,fall 2021,environment_hobo,3,DATA | Event Data | Details,DATA,"Plot Title: HOBO 4 || # | Date Time, GMT -0500 | Temp, °F | Temp - Max, °F | Temp - Min, °F | Temp - Avg, °F | Temp - StdDev, °F | RH, % | RH - Max, % | RH - Min, % | RH - Avg, % | RH - StdDev, % | DewPt, °F || 1 | 2021-11-01 08:08:03 | 57.11104150390625 | 57.11104150390625 | 57.11104150390625 | 57.11104150390625 | 0.0 | 57.54329747463188 | 57.54329747463188 | 57.54329747463188 | 57.54329747463188 | 0.0 | 42.29757044058443",
Données completes/Données accelerometres/Fall 2021/Hobos/Nov 23-30/HOBO 1 2021-11-30 10_00_59 -0500.xlsx,HOBO 1 2021-11-30 10_00_59 -0500.xlsx,.xlsx,fall 2021,environment_hobo,3,DATA | Event Data | Details,DATA,"Plot Title: HOBO 1 |  |  |  |  |  |  |  |  |  |  |  |  || # | Date Time, GMT -0500 | Temp, °C | Temp - Max, °C | Temp - Min, °C | Temp - Avg, °C | Temp - StdDev, °C | RH, % | RH - Max, % | RH - Min, % | RH - Avg, % | RH - StdDev, % | DewPt, °C || 1 | 2021-11-23 11:40:01 | 11.709033012390137 | 11.709033012390137 | 11.709033012390137 | 11.709033012390137 | 0 | 58.27573013305664 | 58.27573013305664 | 58.27573013305664 | 58.27573013305664 | 0 | 3.799424886703491",
Données completes/Données accelerometres/Fall 2021/Hobos/Nov 23-30/HOBO 2 2021-11-30 10_01_59 -0500.xlsx,HOBO 2 2021-11-30 10_01_59 -0500.xlsx,.xlsx,fall 2021,environment_hobo,3,DATA | Event Data | Details,DATA,"Plot Title: HOBO 2 |  |  |  |  |  |  |  |  |  |  |  |  || # | Date Time, GMT -0500 | Temp, °C | Temp - Max, °C | Temp - Min, °C | Temp - Avg, °C | Temp - StdDev, °C | RH, % | RH - Max, % | RH - Min, % | RH - Avg, % | RH - StdDev, % | DewPt, °C || 1 | 2021-11-23 11:39:43 | 11.451630592346191 | 11.451630592346191 | 11.451630592346191 | 11.451630592346191 | 0 | 56.73456954956055 | 56.73456954956055 | 56.73456954956055 | 56.73456954956055 | 0 | 3.1783010959625244",
Données completes/Données accelerometres/Fall 2021/Hobos/Nov 23-30/HOBO 3 2021-11-30 10_02_57 -0500.xlsx,HOBO 3 2021-11-30 10_02_57 -0500.xlsx,.xlsx,fall 2021,environment_hobo,3,DATA | Event Data | Details,DATA,"Plot Title: HOBO 3 |  |  |  |  |  |  |  |  |  |  |  |  || # | Date Time, GMT -0500 | Temp, °C | Temp - Max, °C | Temp - Min, °C | Temp - Avg, °C | Temp - StdDev, °C | RH, % | RH - Max, % | RH - Min, % | RH - Avg, % | RH - StdDev, % | DewPt, °C || 1 | 2021-11-23 11:40:17 | 12.202387809753418 | 12.202387809753418 | 12.202387809753418 | 12.202387809753418 | 0 | 54.482337951660156 | 54.482337951660156 | 54.482337951660156 | 54.482337951660156 | 0 | 3.3064889907836914",
Données completes/Données accelerometres/Fall 2021/Hobos/Nov 23-30/HOBO 4 2021-11-30 10_04_05 -0500.xlsx,HOBO 4 2021-11-30 10_04_05 -0500.xlsx,.xlsx,fall 2021,environment_hobo,3,DATA | Event Data | Details,DATA,"Plot Title: HOBO 4 |  |  |  |  |  |  |  |  |  |  |  |  || # | Date Time, GMT -0500 | Temp, °C | Temp - Max, °C | Temp - Min, °C | Temp - Avg, °C | Temp - StdDev, °C | RH, % | RH - Max, % | RH - Min, % | RH - Avg, % | RH - StdDev, % | DewPt, °C || 1 | 2021-11-23 11:40:36 | 12.727917671203613 | 12.727917671203613 | 12.727917671203613 | 12.727917671203613 | 0 | 51.9005126953125 | 51.9005126953125 | 51.9005126953125 | 51.9005126953125 | 0 | 3.1082088947296143",
Données completes/Données accelerometres/Fall 2021/Hobos/Nov 30-Dec 08/HOBO 1 2021-12-08 13_16_44 -0500.xlsx,HOBO 1 2021-12-08 13_16_44 -0500.xlsx,.xlsx,fall 2021,environment_hobo,3,DATA | Event Data | Details,DATA,"Plot Title: HOBO 1 |  |  |  |  |  |  |  |  |  |  |  |  || # | Date Time, GMT -0500 | Temp, °C | Temp - Max, °C | Temp - Min, °C | Temp - Avg, °C | Temp - StdDev, °C | RH, % | RH - Max, % | RH - Min, % | RH - Avg, % | RH - StdDev, % | DewPt, °C || 1 | 2021-11-30 10:01:03 | 10.775948524475098 | 10.775948524475098 | 10.775948524475098 | 10.775948524475098 | 0 | 62.74967575073242 | 62.74967575073242 | 62.74967575073242 | 62.74967575073242 | 0 | 3.970984935760498",
Données completes/Données accelerometres/Fall 2021/Hobos/Nov 30-Dec 08/HOBO 2 2021-12-08 13_17_46 -0500.xlsx,HOBO 2 2021-12-08 13_17_46 -0500.xlsx,.xlsx,fall 2021,environment_hobo,3,DATA | Event Data | Details,DATA,"Plot Title: HOBO 2 |  |  |  |  |  |  |  |  |  |  |  |  || # | Date Time, GMT -0500 | Temp, °C | Temp - Max, °C | Temp - Min, °C | Temp - Avg, °C | Temp - StdDev, °C | RH, % | RH - Max, % | RH - Min, % | RH - Avg, % | RH - StdDev, % | DewPt, °C || 1 | 2021-11-30 10:02:03 | 10.486371994018555 | 10.486371994018555 | 10.486371994018555 | 10.486371994018555 | 0 | 62.410926818847656 | 62.410926818847656 | 62.410926818847656 | 62.410926818847656 | 0 | 3.619817018508911",
Données completes/Données accelerometres/Fall 2021/Hobos/Nov 30-Dec 08/HOBO 3 2021-12-08 13_28_40 -0500.xlsx,HOBO 3 2021-12-08 13_28_40 -0500.xlsx,.xlsx,fall 2021,environment_hobo,3,DATA | Event Data | Details,DATA,"Plot Title: HOBO 3 |  |  |  |  |  |  |  |  |  |  |  |  || # | Date Time, GMT -0500 | Temp, °C | Temp - Max, °C | Temp - Min, °C | Temp - Avg, °C | Temp - StdDev, °C | RH, % | RH - Max, % | RH - Min, % | RH - Avg, % | RH - StdDev, % | DewPt, °C || 1 | 2021-11-30 10:03:09 | 11.902085304260254 | 11.902085304260254 | 11.902085304260254 | 11.902085304260254 | 0 | 53.68886947631836 | 53.68886947631836 | 53.68886947631836 | 53.68886947631836 | 0 | 2.8198370933532715",
Données completes/Données accelerometres/Fall 2021/Hobos/Nov 30-Dec 08/HOBO 4 2021-12-08 13_29_51 -0500.xlsx,HOBO 4 2021-12-08 13_29_51 -0500.xlsx,.xlsx,fall 2021,environment_hobo,3,DATA | Event Data | Details,DATA,"Plot Title: HOBO 4 |  |  |  |  |  |  |  |  |  |  |  |  || # | Date Time, GMT -0500 | Temp, °C | Temp - Max, °C | Temp - Min, °C | Temp - Avg, °C | Temp - StdDev, °C | RH, % | RH - Max, % | RH - Min, % | RH - Avg, % | RH - StdDev, % | DewPt, °C || 1 | 2021-11-30 10:04:09 | 12.674291610717773 | 12.674291610717773 | 12.674291610717773 | 12.674291610717773 | 0 | 54.89280700683594 | 54.89280700683594 | 54.89280700683594 | 54.89280700683594 | 0 | 3.852648973464966",
Données completes/Données accelerometres/Fall 2021/Hobos/Nov 9-16/HOBO 1 2021-11-16 11_12_16 -0500.xlsx,HOBO 1 2021-11-16 11_12_16 -0500.xlsx,.xlsx,fall 2021,environment_hobo,3,DATA | Event Data | Details,DATA,"Plot Title: HOBO 1 |  |  |  |  |  |  |  |  |  |  |  |  || # | Date Time, GMT -0500 | Temp, °C | Temp - Max, °C | Temp - Min, °C | Temp - Avg, °C | Temp - StdDev, °C | RH, % | RH - Max, % | RH - Min, % | RH - Avg, % | RH - StdDev, % | DewPt, °C || 1 | 2021-11-09 13:44:23 | 16.235023498535156 | 16.235023498535156 | 16.235023498535156 | 16.235023498535156 | 0 | 67.37163543701172 | 67.37163543701172 | 67.37163543701172 | 67.37163543701172 | 0 | 10.199151039123535",
Données completes/Données accelerometres/Fall 2021/Hobos/Nov 9-16/HOBO 2 2021-11-16 11_15_27 -0500.xlsx,HOBO 2 2021-11-16 11_15_27 -0500.xlsx,.xlsx,fall 2021,environment_hobo,3,DATA | Event Data | Details,DATA,"Plot Title: HOBO 2 |  |  |  |  |  |  |  |  |  |  |  |  || # | Date Time, GMT -0500 | Temp, °C | Temp - Max, °C | Temp - Min, °C | Temp - Avg, °C | Temp - StdDev, °C | RH, % | RH - Max, % | RH - Min, % | RH - Avg, % | RH - StdDev, % | DewPt, °C || 1 | 2021-11-09 13:46:09 | 15.698769569396973 | 15.698769569396973 | 15.698769569396973 | 15.698769569396973 | 0 | 66.3019790649414 | 66.3019790649414 | 66.3019790649414 | 66.3019790649414 | 0 | 9.448959350585938",
Données completes/Données accelerometres/Fall 2021/Hobos/Nov 9-16/HOBO 3 2021-11-16 11_16_24 -0500.xlsx,HOBO 3 2021-11-16 11_16_24 -0500.xlsx,.xlsx,fall 2021,environment_hobo,3,DATA | Event Data | Details,DATA,"Plot Title: HOBO 3 |  |  |  |  |  |  |  |  |  |  |  |  || # | Date Time, GMT -0500 | Temp, °C | Temp - Max, °C | Temp - Min, °C | Temp - Avg, °C | Temp - StdDev, °C | RH, % | RH - Max, % | RH - Min, % | RH - Avg, % | RH - StdDev, % | DewPt, °C || 1 | 2021-11-09 13:44:01 | 16.159948348999023 | 16.159948348999023 | 16.159948348999023 | 16.159948348999023 | 0 | 64.98664855957031 | 64.98664855957031 | 64.98664855957031 | 64.98664855957031 | 0 | 9.589423179626465",
Données completes/Données accelerometres/Fall 2021/Hobos/Nov 9-16/HOBO 4 2021-11-16 11_17_20 -0500.xlsx,HOBO 4 2021-11-16 11_17_20 -0500.xlsx,.xlsx,fall 2021,environment_hobo,3,DATA | Event Data | Details,DATA,"Plot Title: HOBO 4 |  |  |  |  |  |  |  |  |  |  |  |  || # | Date Time, GMT -0500 | Temp, °C | Temp - Max, °C | Temp - Min, °C | Temp - Avg, °C | Temp - StdDev, °C | RH, % | RH - Max, % | RH - Min, % | RH - Avg, % | RH - StdDev, % | DewPt, °C || 1 | 2021-11-09 13:43:41 | 15.130339622497559 | 15.130339622497559 | 15.130339622497559 | 15.130339622497559 | 0 | 63.3676643371582 | 63.3676643371582 | 63.3676643371582 | 63.3676643371582 | 0 | 8.238637924194336",
Données completes/Données accelerometres/Fall 2021/Hobos/Nov 9-23/HOBO 1 2021-11-23 11-26-20 -0500.xlsx,HOBO 1 2021-11-23 11-26-20 -0500.xlsx,.xlsx,fall 2021,environment_hobo,3,DATA | Event Data | Details,DATA,"Plot Title: HOBO 1 |  |  |  |  |  |  |  |  |  |  |  |  || # | Date Time, GMT -0500 | Temp, °C | Temp - Max, °C | Temp - Min, °C | Temp - Avg, °C | Temp - StdDev, °C | RH, % | RH - Max, % | RH - Min, % | RH - Avg, % | RH - StdDev, % | DewPt, °C || 1 | 2021-11-09 13:44:23 | 16.235023498535156 | 16.235023498535156 | 16.235023498535156 | 16.235023498535156 | 0 | 67.37163543701172 | 67.37163543701172 | 67.37163543701172 | 67.37163543701172 | 0 | 10.199151039123535",
Données completes/Données accelerometres/Fall 2021/Hobos/Nov 9-23/HOBO 2 2021-11-23 11-39-30 -0500.xlsx,HOBO 2 2021-11-23 11-39-30 -0500.xlsx,.xlsx,fall 2021,environment_hobo,3,DATA | Event Data | Details,DATA,"Plot Title: HOBO 2 |  |  |  |  |  |  |  |  |  |  |  |  || # | Date Time, GMT -0500 | Temp, °C | Temp - Max, °C | Temp - Min, °C | Temp - Avg, °C | Temp - StdDev, °C | RH, % | RH - Max, % | RH - Min, % | RH - Avg, % | RH - StdDev, % | DewPt, °C || 1 | 2021-11-09 13:46:09 | 15.698769569396973 | 15.698769569396973 | 15.698769569396973 | 15.698769569396973 | 0 | 66.3019790649414 | 66.3019790649414 | 66.3019790649414 | 66.3019790649414 | 0 | 9.448959350585938",
Données completes/Données accelerometres/Fall 2021/Hobos/Nov 9-23/HOBO 3 2021-11-23 11-37-58 -0500.xlsx,HOBO 3 2021-11-23 11-37-58 -0500.xlsx,.xlsx,fall 2021,environment_hobo,3,DATA | Event Data | Details,DATA,"Plot Title: HOBO 3 |  |  |  |  |  |  |  |  |  |  |  |  || # | Date Time, GMT -0500 | Temp, °C | Temp - Max, °C | Temp - Min, °C | Temp - Avg, °C | Temp - StdDev, °C | RH, % | RH - Max, % | RH - Min, % | RH - Avg, % | RH - StdDev, % | DewPt, °C || 1 | 2021-11-09 13:44:01 | 16.159948348999023 | 16.159948348999023 | 16.159948348999023 | 16.159948348999023 | 0 | 64.98664855957031 | 64.98664855957031 | 64.98664855957031 | 64.98664855957031 | 0 | 9.589423179626465",
Données completes/Données accelerometres/Fall 2021/Hobos/Nov 9-23/HOBO 4 2021-11-23 11-36-29 -0500.xlsx,HOBO 4 2021-11-23 11-36-29 -0500.xlsx,.xlsx,fall 2021,environment_hobo,3,DATA | Event Data | Details,DATA,"Plot Title: HOBO 4 |  |  |  |  |  |  |  |  |  |  |  |  || # | Date Time, GMT -0500 | Temp, °C | Temp - Max, °C | Temp - Min, °C | Temp - Avg, °C | Temp - StdDev, °C | RH, % | RH - Max, % | RH - Min, % | RH - Avg, % | RH - StdDev, % | DewPt, °C || 1 | 2021-11-09 13:43:41 | 15.130339622497559 | 15.130339622497559 | 15.130339622497559 | 15.130339622497559 | 0 | 63.3676643371582 | 63.3676643371582 | 63.3676643371582 | 63.3676643371582 | 0 | 8.238637924194336",
Données completes/Données accelerometres/Fall 2021/Icetag/IceTags/Copy of Ice tag download Notes1.xlsx,Copy of Ice tag download Notes1.xlsx,.xlsx,fall 2021,accelerometer_icetag,1,Sheet1,Sheet1,Cow Name | Cow_ID | Group# | IceTag# | 2021-11-09 00:00:00 | 2021-11-16 00:00:00 | 2021-11-23 00:00:00 | 2021-11-30 00:00:00 || Panem | 5875 | A1 | 187 | OK | Ok | Ok | Ok || Genevieve | 8533 | A3 | 162 | Communication error | Not recognized by reader | Not recognized by reader | Not recognized by reader,
Données completes/Données accelerometres/Fall 2021/Icetag/IceTags/Ice tag download Notes.xlsx,Ice tag download Notes.xlsx,.xlsx,fall 2021,accelerometer_icetag,1,Sheet1,Sheet1,Cow Name | Cow_ID | Group# | IceTag# | 2021-11-09 00:00:00 | 2021-11-16 00:00:00 || Panem | 5875 | A1 | 187 | OK | Ok || Genevieve | 8533 | A3 | 162 | Communication error | Not recognized by reader,
Données completes/Données accelerometres/Fall 2021/Icetag/IceTags/IceTag Files - Fall 2021 - 06DEC2021/IceTag 50001990 (P)_11-30-2021__09;21;36.csv,IceTag 50001990 (P)_11-30-2021__09;21;36.csv,.csv,fall 2021,accelerometer_icetag,,,,,
Données completes/Données accelerometres/Fall 2021/Icetag/IceTags/IceTag Files - Fall 2021 - 06DEC2021/IceTag 50001990 (P)_11-30-2021__09;21;36_LB.csv,IceTag 50001990 (P)_11-30-2021__09;21;36_LB.csv,.csv,fall 2021,accelerometer_icetag,,,,,
Données completes/Données accelerometres/Fall 2021/Icetag/IceTags/IceTag Files - Fall 2021 - 06DEC2021/IceTag 50030157 (P)_11-30-2021__09;33;44.csv,IceTag 50030157 (P)_11-30-2021__09;33;44.csv,.csv,fall 2021,accelerometer_icetag,,,,,
Données completes/Données accelerometres/Fall 2021/Icetag/IceTags/IceTag Files - Fall 2021 - 06DEC2021/IceTag 50030157 (P)_11-30-2021__09;33;44_LB.csv,IceTag 50030157 (P)_11-30-2021__09;33;44_LB.csv,.csv,fall 2021,accelerometer_icetag,,,,,
Données completes/Données accelerometres/Fall 2021/Icetag/IceTags/IceTag Files - Fall 2021 - 06DEC2021/IceTag 50030163 (P)_11-30-2021__09;36;41.csv,IceTag 50030163 (P)_11-30-2021__09;36;41.csv,.csv,fall 2021,accelerometer_icetag,,,,,
Données completes/Données accelerometres/Fall 2021/Icetag/IceTags/IceTag Files - Fall 2021 - 06DEC2021/IceTag 50030163 (P)_11-30-2021__09;36;41_LB.csv,IceTag 50030163 (P)_11-30-2021__09;36;41_LB.csv,.csv,fall 2021,accelerometer_icetag,,,,,
Données completes/Données accelerometres/Fall 2021/Icetag/IceTags/IceTag Files - Fall 2021 - 06DEC2021/IceTag 50030172 (P)_11-30-2021__09;31;07.csv,IceTag 50030172 (P)_11-30-2021__09;31;07.csv,.csv,fall 2021,accelerometer_icetag,,,,,
Données completes/Données accelerometres/Fall 2021/Icetag/IceTags/IceTag Files - Fall 2021 - 06DEC2021/IceTag 50030172 (P)_11-30-2021__09;31;07_LB.csv,IceTag 50030172 (P)_11-30-2021__09;31;07_LB.csv,.csv,fall 2021,accelerometer_icetag,,,,,
Données completes/Données accelerometres/Fall 2021/Icetag/IceTags/IceTag Files - Fall 2021 - 06DEC2021/IceTag 50030175 (P)_11-30-2021__09;11;47.csv,IceTag 50030175 (P)_11-30-2021__09;11;47.csv,.csv,fall 2021,accelerometer_icetag,,,,,
Données completes/Données accelerometres/Fall 2021/Icetag/IceTags/IceTag Files - Fall 2021 - 06DEC2021/IceTag 50030175 (P)_11-30-2021__09;11;47_LB.csv,IceTag 50030175 (P)_11-30-2021__09;11;47_LB.csv,.csv,fall 2021,accelerometer_icetag,,,,,
Données completes/Données accelerometres/Fall 2021/Icetag/IceTags/IceTag Files - Fall 2021 - 06DEC2021/IceTag 50030176 (P)_11-30-2021__09;04;22.csv,IceTag 50030176 (P)_11-30-2021__09;04;22.csv,.csv,fall 2021,accelerometer_icetag,,,,,
Données completes/Données accelerometres/Fall 2021/Icetag/IceTags/IceTag Files - Fall 2021 - 06DEC2021/IceTag 50030176 (P)_11-30-2021__09;04;22_LB.csv,IceTag 50030176 (P)_11-30-2021__09;04;22_LB.csv,.csv,fall 2021,accelerometer_icetag,,,,,
Données completes/Données accelerometres/Fall 2021/Icetag/IceTags/IceTag Files - Fall 2021 - 06DEC2021/IceTag 50030177 (P)_11-30-2021__09;28;23.csv,IceTag 50030177 (P)_11-30-2021__09;28;23.csv,.csv,fall 2021,accelerometer_icetag,,,,,
Données completes/Données accelerometres/Fall 2021/Icetag/IceTags/IceTag Files - Fall 2021 - 06DEC2021/IceTag 50030177 (P)_11-30-2021__09;28;23_LB.csv,IceTag 50030177 (P)_11-30-2021__09;28;23_LB.csv,.csv,fall 2021,accelerometer_icetag,,,,,
Données completes/Données accelerometres/Fall 2021/Icetag/IceTags/IceTag Files - Fall 2021 - 06DEC2021/IceTag 50030178 (P)_11-30-2021__09;39;41.csv,IceTag 50030178 (P)_11-30-2021__09;39;41.csv,.csv,fall 2021,accelerometer_icetag,,,,,
Données completes/Données accelerometres/Fall 2021/Icetag/IceTags/IceTag Files - Fall 2021 - 06DEC2021/IceTag 50030178 (P)_11-30-2021__09;39;41_LB.csv,IceTag 50030178 (P)_11-30-2021__09;39;41_LB.csv,.csv,fall 2021,accelerometer_icetag,,,,,
Données completes/Données accelerometres/Fall 2021/Icetag/IceTags/IceTag Files - Fall 2021 - 06DEC2021/IceTag 50030180 (P)_11-30-2021__09;06;40.csv,IceTag 50030180 (P)_11-30-2021__09;06;40.csv,.csv,fall 2021,accelerometer_icetag,,,,,
Données completes/Données accelerometres/Fall 2021/Icetag/IceTags/IceTag Files - Fall 2021 - 06DEC2021/IceTag 50030180 (P)_11-30-2021__09;06;40_LB.csv,IceTag 50030180 (P)_11-30-2021__09;06;40_LB.csv,.csv,fall 2021,accelerometer_icetag,,,,,
Données completes/Données accelerometres/Fall 2021/Icetag/IceTags/IceTag Files - Fall 2021 - 06DEC2021/IceTag 50030181 (P)_11-30-2021__09;21;15.csv,IceTag 50030181 (P)_11-30-2021__09;21;15.csv,.csv,fall 2021,accelerometer_icetag,,,,,
Données completes/Données accelerometres/Fall 2021/Icetag/IceTags/IceTag Files - Fall 2021 - 06DEC2021/IceTag 50030181 (P)_11-30-2021__09;21;15_LB.csv,IceTag 50030181 (P)_11-30-2021__09;21;15_LB.csv,.csv,fall 2021,accelerometer_icetag,,,,,
Données completes/Données accelerometres/Fall 2021/Scan Sampling.xlsx,Scan Sampling.xlsx,.xlsx,fall 2021,behavior_scan,17,Nov 1 | Nov 3 | Nov 4 | Nov 5 | Nov 8 | Nov 11 | Nov 15 | Nov 12,Nov 1,Date: Nov 1 |  |  |  | 11:22am |  |  |  | Observer: Jazzy |  |  |  |   |  |  || Paddock | Block | Cows | Scan 1 | Scan 1D | Scan 1Z | Scan 2 | Scan 2D | Scan 2Z | Scan 3 | Scan 3D | Scan 3Z | Scan 4 | Scan 4D | Scan 4Z || 1 |   |   | SIC | N | 4 | SI | N | 3 | E | N | 3 |   |   |  ,
Données completes/Données accelerometres/Summer 2019/Behavioral scans - Catherine.xlsx,Behavioral scans - Catherine.xlsx,.xlsx,summer 2019,behavior_scan,15,Code used | SCAN template | Week 1 | Week 1.2 | Week 2 | Week 3 | Week 4 | Week 5 (don't use it),Code used,"Distance Code | Distance Definition || C | touching/having contact with companion || N | within ""brushing"" distance of companion; within 1 stall wide distance",
Données completes/Données accelerometres/Summer 2019/Hobo/1 May_31_2019 to June_22_2019/Inside/Row 3/Inside 3 2019-06-25 16_53_38 -0400 (1).png,Inside 3 2019-06-25 16_53_38 -0400 (1).png,.png,summer 2019,environment_hobo,,,,,
Données completes/Données accelerometres/Summer 2019/Hobo/1 May_31_2019 to June_22_2019/Inside/Row 3/Inside 3 2019-06-25 16_53_38 -0400.hobo,Inside 3 2019-06-25 16_53_38 -0400.hobo,.hobo,summer 2019,environment_hobo,,,,,
Données completes/Données accelerometres/Summer 2019/Hobo/1 May_31_2019 to June_22_2019/Inside/Row 3/Inside 3 2019-06-25 16_53_38 -0400.png,Inside 3 2019-06-25 16_53_38 -0400.png,.png,summer 2019,environment_hobo,,,,,
Données completes/Données accelerometres/Summer 2019/Hobo/1 May_31_2019 to June_22_2019/Inside/Row 3/Inside 3 2019-06-25 16_53_38 -0400.xlsx,Inside 3 2019-06-25 16_53_38 -0400.xlsx,.xlsx,summer 2019,environment_hobo,3,DONNÉES | Données d'événement | Détails,DONNÉES,"Titre du tracé : Inside 3 || # | Date Heure, GMT -0400 | Temp., °C | Temp. - Max., °C | Temp. - Min., °C | Temp. - Moy., °C | Temp. - ÉctTyp, °C | HR, % | HR - Max., % | HR - Min., % | HR - Moy., % | HR - ÉctTyp, % | PtRosée, °C || 1 | 2019-05-31 15:52:23 | 19.42037841796874 | 19.42037841796874 | 19.42037841796874 | 19.42037841796874 | 0.0 | 40.93232623788815 | 40.93232623788815 | 40.93232623788815 | 40.93232623788815 | 0.0 | 5.820531971569033",
Données completes/Données accelerometres/Summer 2019/Hobo/1 May_31_2019 to June_22_2019/Inside/Row 4/Inside 4 2019-06-25 16_56_53 -0400 (1).png,Inside 4 2019-06-25 16_56_53 -0400 (1).png,.png,summer 2019,environment_hobo,,,,,
Données completes/Données accelerometres/Summer 2019/Hobo/1 May_31_2019 to June_22_2019/Inside/Row 4/Inside 4 2019-06-25 16_56_53 -0400.hobo,Inside 4 2019-06-25 16_56_53 -0400.hobo,.hobo,summer 2019,environment_hobo,,,,,
Données completes/Données accelerometres/Summer 2019/Hobo/1 May_31_2019 to June_22_2019/Inside/Row 4/Inside 4 2019-06-25 16_56_53 -0400.png,Inside 4 2019-06-25 16_56_53 -0400.png,.png,summer 2019,environment_hobo,,,,,
Données completes/Données accelerometres/Summer 2019/Hobo/1 May_31_2019 to June_22_2019/Inside/Row 4/Inside 4 2019-06-25 16_56_53 -0400.xlsx,Inside 4 2019-06-25 16_56_53 -0400.xlsx,.xlsx,summer 2019,environment_hobo,3,DONNÉES | Données d'événement | Détails,DONNÉES,"Titre du tracé : Inside 4 || # | Date Heure, GMT -0400 | Temp., °C | Temp. - Max., °C | Temp. - Min., °C | Temp. - Moy., °C | Temp. - ÉctTyp, °C | HR, % | HR - Max., % | HR - Min., % | HR - Moy., % | HR - ÉctTyp, % | PtRosée, °C || 1 | 2019-05-31 15:50:58 | 18.07974121093749 | 18.07974121093749 | 18.07974121093749 | 18.07974121093749 | 0.0 | 42.523842221713586 | 42.523842221713586 | 42.523842221713586 | 42.523842221713586 | 0.0 | 5.162791281836746",
Données completes/Données accelerometres/Summer 2019/Hobo/2 June_25_2019 (17h35) - July_12_2019 (13h30)/Inside/Inside Hobo 3 - Excel.xlsx,Inside Hobo 3 - Excel.xlsx,.xlsx,summer 2019,environment_hobo,3,DONNÉES | Données d'événement | Détails,DONNÉES,"Titre du tracé : Inside 3 |  |  |  |  |  |  |  |  |  |  |  |  || # | Date Heure, GMT -0400 | Temp., °C | Temp. - Max., °C | Temp. - Min., °C | Temp. - Moy., °C | Temp. - ÉctTyp, °C | HR, % | HR - Max., % | HR - Min., % | HR - Moy., % | HR - ÉctTyp, % | PtRosée, °C || 1 | 2019-06-25 17:35:22 | 24.63277587890625 | 24.63277587890625 | 24.63277587890625 | 24.63277587890625 | 0 | 76.04028381780728 | 76.04028381780728 | 76.04028381780728 | 76.04028381780728 | 0 | 20.153151704288074",
Données completes/Données accelerometres/Summer 2019/Hobo/2 June_25_2019 (17h35) - July_12_2019 (13h30)/Inside/Inside Hobo 3 - Graph.png,Inside Hobo 3 - Graph.png,.png,summer 2019,environment_hobo,,,,,
Données completes/Données accelerometres/Summer 2019/Hobo/2 June_25_2019 (17h35) - July_12_2019 (13h30)/Inside/Inside Hobo 3 - HOBOware.hobo,Inside Hobo 3 - HOBOware.hobo,.hobo,summer 2019,environment_hobo,,,,,
Données completes/Données accelerometres/Summer 2019/Hobo/2 June_25_2019 (17h35) - July_12_2019 (13h30)/Inside/Inside Hobo 4 - Excel.xlsx,Inside Hobo 4 - Excel.xlsx,.xlsx,summer 2019,environment_hobo,3,DONNÉES | Données d'événement | Détails,DONNÉES,"Titre du tracé : Inside 4 |  |  |  |  |  |  |  |  |  |  |  |  || # | Date Heure, GMT -0400 | Temp., °C | Temp. - Max., °C | Temp. - Min., °C | Temp. - Moy., °C | Temp. - ÉctTyp, °C | HR, % | HR - Max., % | HR - Min., % | HR - Moy., % | HR - ÉctTyp, % | PtRosée, °C || 1 | 2019-06-25 17:36:55 | 24.182321777343752 | 24.182321777343752 | 24.182321777343752 | 24.182321777343752 | 0 | 77.1297779812314 | 77.1297779812314 | 77.1297779812314 | 77.1297779812314 | 0 | 19.94720035243592",
Données completes/Données accelerometres/Summer 2019/Hobo/2 June_25_2019 (17h35) - July_12_2019 (13h30)/Inside/Inside Hobo 4 - HOBOware.hobo,Inside Hobo 4 - HOBOware.hobo,.hobo,summer 2019,environment_hobo,,,,,
Données completes/Données accelerometres/Summer 2019/Hobo/2 June_25_2019 (17h35) - July_12_2019 (13h30)/Inside/Inside hobo 4 - Graph.png,Inside hobo 4 - Graph.png,.png,summer 2019,environment_hobo,,,,,
Données completes/Données accelerometres/Summer 2019/Hobo/2 June_25_2019 (17h35) - July_12_2019 (13h30)/Outside/Hobo 1 - Excel.xlsx,Hobo 1 - Excel.xlsx,.xlsx,summer 2019,environment_hobo,3,DONNÉES | Données d'événement | Détails,DONNÉES,"Titre du tracé : Outside 1 |  |  |  |  |  |  |  |  |  |  |  |  || # | Date Heure, GMT -0400 | Temp., °C | Temp. - Max., °C | Temp. - Min., °C | Temp. - Moy., °C | Temp. - ÉctTyp, °C | HR, % | HR - Max., % | HR - Min., % | HR - Moy., % | HR - ÉctTyp, % | PtRosée, °C || 1 | 2019-07-01 08:33:05 | 18.862673339843745 | 18.862673339843745 | 18.862673339843745 | 18.862673339843745 | 0 | 76.12268253604944 | 76.12268253604944 | 76.12268253604944 | 76.12268253604944 | 0 | 14.585686100412538",
Données completes/Données accelerometres/Summer 2019/Hobo/2 June_25_2019 (17h35) - July_12_2019 (13h30)/Outside/Hobo 1 - Graph.png,Hobo 1 - Graph.png,.png,summer 2019,environment_hobo,,,,,
Données completes/Données accelerometres/Summer 2019/Hobo/2 June_25_2019 (17h35) - July_12_2019 (13h30)/Outside/Hobo 1 - HOBOware.hobo,Hobo 1 - HOBOware.hobo,.hobo,summer 2019,environment_hobo,,,,,
Données completes/Données accelerometres/Summer 2019/Hobo/2 June_25_2019 (17h35) - July_12_2019 (13h30)/Outside/Hobo 2 - Excel.xlsx,Hobo 2 - Excel.xlsx,.xlsx,summer 2019,environment_hobo,3,DONNÉES | Données d'événement | Détails,DONNÉES,"Titre du tracé : Outside 2 |  |  |  |  |  |  |  |  |  |  |  |  || # | Date Heure, GMT -0400 | Temp., °C | Temp. - Max., °C | Temp. - Min., °C | Temp. - Moy., °C | Temp. - ÉctTyp, °C | HR, % | HR - Max., % | HR - Min., % | HR - Moy., % | HR - ÉctTyp, % | PtRosée, °C || 1 | 2019-07-01 08:32:29 | 19.173701171875003 | 19.173701171875003 | 19.173701171875003 | 19.173701171875003 | 0 | 75.8785381857023 | 75.8785381857023 | 75.8785381857023 | 75.8785381857023 | 0 | 14.836928418981687",
Données completes/Données accelerometres/Summer 2019/Hobo/2 June_25_2019 (17h35) - July_12_2019 (13h30)/Outside/Hobo 2 - Graph.png,Hobo 2 - Graph.png,.png,summer 2019,environment_hobo,,,,,
Données completes/Données accelerometres/Summer 2019/Hobo/2 June_25_2019 (17h35) - July_12_2019 (13h30)/Outside/Hobo 2 - HOBOware.hobo,Hobo 2 - HOBOware.hobo,.hobo,summer 2019,environment_hobo,,,,,
Données completes/Données accelerometres/Summer 2019/Hobo/3 July_12_2019 (13h53) - July_19_2019 (16h00)/Inside/Hobo 3 - Excel.xlsx,Hobo 3 - Excel.xlsx,.xlsx,summer 2019,environment_hobo,3,DONNÉES | Données d'événement | Détails,DONNÉES,"Titre du tracé : Inside 3 |  |  |  |  |  |  |  |  |  |  |  |  || # | Date Heure, GMT -0400 | Temp., °C | Temp. - Max., °C | Temp. - Min., °C | Temp. - Moy., °C | Temp. - ÉctTyp, °C | HR, % | HR - Max., % | HR - Min., % | HR - Moy., % | HR - ÉctTyp, % | PtRosée, °C || 1 | 2019-07-12 13:52:14 | 25.190480957031248 | 25.190480957031248 | 25.190480957031248 | 25.190480957031248 | 0 | 69.68490119783321 | 69.68490119783321 | 69.68490119783321 | 69.68490119783321 | 0 | 19.280878032818947",
Données completes/Données accelerometres/Summer 2019/Hobo/3 July_12_2019 (13h53) - July_19_2019 (16h00)/Inside/Hobo 3 - Graph.png,Hobo 3 - Graph.png,.png,summer 2019,environment_hobo,,,,,
Données completes/Données accelerometres/Summer 2019/Hobo/3 July_12_2019 (13h53) - July_19_2019 (16h00)/Inside/Hobo 3 - HOBOware.hobo,Hobo 3 - HOBOware.hobo,.hobo,summer 2019,environment_hobo,,,,,
Données completes/Données accelerometres/Summer 2019/Hobo/3 July_12_2019 (13h53) - July_19_2019 (16h00)/Inside/Hobo 4 - Excel.xlsx,Hobo 4 - Excel.xlsx,.xlsx,summer 2019,environment_hobo,3,DONNÉES | Données d'événement | Détails,DONNÉES,"Titre du tracé : Inside 4 |  |  |  |  |  |  |  |  |  |  |  |  || # | Date Heure, GMT -0400 | Temp., °C | Temp. - Max., °C | Temp. - Min., °C | Temp. - Moy., °C | Temp. - ÉctTyp, °C | HR, % | HR - Max., % | HR - Min., % | HR - Moy., % | HR - ÉctTyp, % | PtRosée, °C || 1 | 2019-06-28 12:56:53 | 26.745620117187492 | 26.77779541015625 | 26.713444824218747 | 26.753663940429682 | 0.02413146972655511 | 59.847409781033036 | 60.28076600289921 | 59.847409781033036 | 60.01220721751736 | 0.1739528496223386 | 18.315501214887462",
Données completes/Données accelerometres/Summer 2019/Hobo/3 July_12_2019 (13h53) - July_19_2019 (16h00)/Inside/Hobo 4 - Graph.png,Hobo 4 - Graph.png,.png,summer 2019,environment_hobo,,,,,
Données completes/Données accelerometres/Summer 2019/Hobo/3 July_12_2019 (13h53) - July_19_2019 (16h00)/Inside/Hobo 4 - HOBOware.hobo,Hobo 4 - HOBOware.hobo,.hobo,summer 2019,environment_hobo,,,,,
Données completes/Données accelerometres/Summer 2019/Hobo/3 July_12_2019 (13h53) - July_19_2019 (16h00)/Outside/Hobo 1 - Excel.xlsx,Hobo 1 - Excel.xlsx,.xlsx,summer 2019,environment_hobo,3,DONNÉES | Données d'événement | Détails,DONNÉES,"Titre du tracé : Outside 1 |  |  |  |  |  |  |  |  |  |  |  |  || # | Date Heure, GMT -0400 | Temp., °C | Temp. - Max., °C | Temp. - Min., °C | Temp. - Moy., °C | Temp. - ÉctTyp, °C | HR, % | HR - Max., % | HR - Min., % | HR - Moy., % | HR - ÉctTyp, % | PtRosée, °C || 1 | 2019-07-12 13:50:08 | 23.4851904296875 | 23.4851904296875 | 23.4851904296875 | 23.4851904296875 | 0 | 74.07339589532312 | 74.07339589532312 | 74.07339589532312 | 74.07339589532312 | 0 | 18.622743773915595",
Données completes/Données accelerometres/Summer 2019/Hobo/3 July_12_2019 (13h53) - July_19_2019 (16h00)/Outside/Hobo 1 - Graph.png,Hobo 1 - Graph.png,.png,summer 2019,environment_hobo,,,,,
Données completes/Données accelerometres/Summer 2019/Hobo/3 July_12_2019 (13h53) - July_19_2019 (16h00)/Outside/Hobo 1 - HOBOware.hobo,Hobo 1 - HOBOware.hobo,.hobo,summer 2019,environment_hobo,,,,,
Données completes/Données accelerometres/Summer 2019/Hobo/3 July_12_2019 (13h53) - July_19_2019 (16h00)/Outside/Hobo 2 - Excel.xlsx,Hobo 2 - Excel.xlsx,.xlsx,summer 2019,environment_hobo,3,DONNÉES | Données d'événement | Détails,DONNÉES,"Titre du tracé : Outside 2 |  |  |  |  |  |  |  |  |  |  |  |  || # | Date Heure, GMT -0400 | Temp., °C | Temp. - Max., °C | Temp. - Min., °C | Temp. - Moy., °C | Temp. - ÉctTyp, °C | HR, % | HR - Max., % | HR - Min., % | HR - Moy., % | HR - ÉctTyp, % | PtRosée, °C || 1 | 2019-07-12 13:49:15 | 24.193046875 | 24.193046875 | 24.193046875 | 24.193046875 | 0 | 73.5255970092317 | 73.5255970092317 | 73.5255970092317 | 73.5255970092317 | 0 | 19.18599048314084",
Données completes/Données accelerometres/Summer 2019/Hobo/3 July_12_2019 (13h53) - July_19_2019 (16h00)/Outside/Hobo 2 - Graph.png,Hobo 2 - Graph.png,.png,summer 2019,environment_hobo,,,,,
Données completes/Données accelerometres/Summer 2019/Hobo/3 July_12_2019 (13h53) - July_19_2019 (16h00)/Outside/Hobo 2 - HOBOware.hobo,Hobo 2 - HOBOware.hobo,.hobo,summer 2019,environment_hobo,,,,,
Données completes/Données accelerometres/Summer 2019/Hobo/4 July_19_2019 (16h00) - July_26_2019 (14h00)/Inside/Hobo 3 - Excel.xlsx,Hobo 3 - Excel.xlsx,.xlsx,summer 2019,environment_hobo,3,DONNÉES | Données d'événement | Détails,DONNÉES,"Titre du tracé : Inside 3 |  |  |  |  |  |  |  |  |  |  |  |  || # | Date Heure, GMT -0400 | Temp., °C | Temp. - Max., °C | Temp. - Min., °C | Temp. - Moy., °C | Temp. - ÉctTyp, °C | HR, % | HR - Max., % | HR - Min., % | HR - Moy., % | HR - ÉctTyp, % | PtRosée, °C || 1 | 2019-07-19 16:13:35 | 31.014208984374996 | 31.014208984374996 | 31.014208984374996 | 31.014208984374996 | 0 | 66.9367513542382 | 66.9367513542382 | 66.9367513542382 | 66.9367513542382 | 0 | 24.176380224760017",
Données completes/Données accelerometres/Summer 2019/Hobo/4 July_19_2019 (16h00) - July_26_2019 (14h00)/Inside/Hobo 3 - Graph.png,Hobo 3 - Graph.png,.png,summer 2019,environment_hobo,,,,,
Données completes/Données accelerometres/Summer 2019/Hobo/4 July_19_2019 (16h00) - July_26_2019 (14h00)/Inside/Hobo 3 - HOBOware.hobo,Hobo 3 - HOBOware.hobo,.hobo,summer 2019,environment_hobo,,,,,
Données completes/Données accelerometres/Summer 2019/Hobo/4 July_19_2019 (16h00) - July_26_2019 (14h00)/Inside/Hobo 4 - Excel.xlsx,Hobo 4 - Excel.xlsx,.xlsx,summer 2019,environment_hobo,3,DONNÉES | Données d'événement | Détails,DONNÉES,"Titre du tracé : Inside 4 || # | Date Heure, GMT -0400 | Temp., °C | Temp. - Max., °C | Temp. - Min., °C | Temp. - Moy., °C | Temp. - ÉctTyp, °C | HR, % | HR - Max., % | HR - Min., % | HR - Moy., % | HR - ÉctTyp, % | PtRosée, °C || 1 | 2019-07-19 16:12:13 | 30.59593017578124 | 30.59593017578124 | 30.59593017578124 | 30.59593017578124 | 0.0 | 65.77859159227893 | 65.77859159227893 | 65.77859159227893 | 65.77859159227893 | 0.0 | 23.488230939307545",
Données completes/Données accelerometres/Summer 2019/Hobo/4 July_19_2019 (16h00) - July_26_2019 (14h00)/Inside/Hobo 4 - Graph.png,Hobo 4 - Graph.png,.png,summer 2019,environment_hobo,,,,,
Données completes/Données accelerometres/Summer 2019/Hobo/4 July_19_2019 (16h00) - July_26_2019 (14h00)/Inside/Hobo 4 - HOBOware.hobo,Hobo 4 - HOBOware.hobo,.hobo,summer 2019,environment_hobo,,,,,
Données completes/Données accelerometres/Summer 2019/Hobo/4 July_19_2019 (16h00) - July_26_2019 (14h00)/Outside/Hobo 1 - Excel.xlsx,Hobo 1 - Excel.xlsx,.xlsx,summer 2019,environment_hobo,3,DONNÉES | Données d'événement | Détails,DONNÉES,"Titre du tracé : Outside 1 |  |  |  |  |  |  |  |  |  |  |  |  || # | Date Heure, GMT -0400 | Temp., °C | Temp. - Max., °C | Temp. - Min., °C | Temp. - Moy., °C | Temp. - ÉctTyp, °C | HR, % | HR - Max., % | HR - Min., % | HR - Moy., % | HR - ÉctTyp, % | PtRosée, °C || 1 | 2019-07-19 16:18:49 | 30.971308593750003 | 30.971308593750003 | 30.971308593750003 | 30.971308593750003 | 0 | 60.523384451056685 | 60.523384451056685 | 60.523384451056685 | 60.523384451056685 | 0 | 22.464256376743414",
Données completes/Données accelerometres/Summer 2019/Hobo/4 July_19_2019 (16h00) - July_26_2019 (14h00)/Outside/Hobo 1 - Graph.png,Hobo 1 - Graph.png,.png,summer 2019,environment_hobo,,,,,
Données completes/Données accelerometres/Summer 2019/Hobo/4 July_19_2019 (16h00) - July_26_2019 (14h00)/Outside/Hobo 1 - HOBOware.hobo,Hobo 1 - HOBOware.hobo,.hobo,summer 2019,environment_hobo,,,,,
Données completes/Données accelerometres/Summer 2019/Hobo/4 July_19_2019 (16h00) - July_26_2019 (14h00)/Outside/Hobo 2 - Excel.xlsx,Hobo 2 - Excel.xlsx,.xlsx,summer 2019,environment_hobo,3,DONNÉES | Données d'événement | Détails,DONNÉES,"Titre du tracé : Outside 2 |  |  |  |  |  |  |  |  |  |  |  |  || # | Date Heure, GMT -0400 | Temp., °C | Temp. - Max., °C | Temp. - Min., °C | Temp. - Moy., °C | Temp. - ÉctTyp, °C | HR, % | HR - Max., % | HR - Min., % | HR - Moy., % | HR - ÉctTyp, % | PtRosée, °C || 1 | 2019-07-19 16:24:09 | 31.1643603515625 | 31.1643603515625 | 31.1643603515625 | 31.1643603515625 | 0 | 61.38399328603037 | 61.38399328603037 | 61.38399328603037 | 61.38399328603037 | 0 | 22.878834157838003",
Données completes/Données accelerometres/Summer 2019/Hobo/4 July_19_2019 (16h00) - July_26_2019 (14h00)/Outside/Hobo 2 - Graph.png,Hobo 2 - Graph.png,.png,summer 2019,environment_hobo,,,,,
Données completes/Données accelerometres/Summer 2019/Hobo/4 July_19_2019 (16h00) - July_26_2019 (14h00)/Outside/Hobo 2 - HOBOware.hobo,Hobo 2 - HOBOware.hobo,.hobo,summer 2019,environment_hobo,,,,,
Données completes/Données accelerometres/Summer 2019/Hobo/5 July_26_2019 (13h58) - August_2_2019 (16h30)/Inside/Hobo 3 - Excel (26 juillet au 2 aout).xlsx,Hobo 3 - Excel (26 juillet au 2 aout).xlsx,.xlsx,summer 2019,environment_hobo,3,DONNÉES | Données d'événement | Détails,DONNÉES,"Titre du tracé : Inside 3 |  |  |  |  |  |  |  |  |  |  |  |  || # | Date Heure, GMT -0400 | Temp., °C | Temp. - Max., °C | Temp. - Min., °C | Temp. - Moy., °C | Temp. - ÉctTyp, °C | HR, % | HR - Max., % | HR - Min., % | HR - Moy., % | HR - ÉctTyp, % | PtRosée, °C || 1 | 2019-07-26 13:58:05 | 28.815563964843754 | 28.815563964843754 | 28.815563964843754 | 28.815563964843754 | 0 | 60.854505226215 | 60.854505226215 | 60.854505226215 | 60.854505226215 | 0 | 20.52840349025151",
Données completes/Données accelerometres/Summer 2019/Hobo/5 July_26_2019 (13h58) - August_2_2019 (16h30)/Inside/Hobo 3 - Graph.png,Hobo 3 - Graph.png,.png,summer 2019,environment_hobo,,,,,
Données completes/Données accelerometres/Summer 2019/Hobo/5 July_26_2019 (13h58) - August_2_2019 (16h30)/Inside/Hobo 3 - HOBOware.hobo,Hobo 3 - HOBOware.hobo,.hobo,summer 2019,environment_hobo,,,,,
Données completes/Données accelerometres/Summer 2019/Hobo/5 July_26_2019 (13h58) - August_2_2019 (16h30)/Inside/Hobo 4 - Excel (26 juillet au 2 aout).xlsx,Hobo 4 - Excel (26 juillet au 2 aout).xlsx,.xlsx,summer 2019,environment_hobo,3,DONNÉES | Données d'événement | Détails,DONNÉES,"Titre du tracé : Inside 4 |  |  |  |  |  |  |  |  |  |  |  |  || # | Date Heure, GMT -0400 | Temp., °C | Temp. - Max., °C | Temp. - Min., °C | Temp. - Moy., °C | Temp. - ÉctTyp, °C | HR, % | HR - Max., % | HR - Min., % | HR - Moy., % | HR - ÉctTyp, % | PtRosée, °C || 1 | 2019-07-26 14:00:46 | 27.818129882812492 | 27.818129882812492 | 27.818129882812492 | 27.818129882812492 | 0 | 61.12916762035554 | 61.12916762035554 | 61.12916762035554 | 61.12916762035554 | 0 | 19.663364857541712",
Données completes/Données accelerometres/Summer 2019/Hobo/5 July_26_2019 (13h58) - August_2_2019 (16h30)/Inside/Hobo 4 - HOBOware.hobo,Hobo 4 - HOBOware.hobo,.hobo,summer 2019,environment_hobo,,,,,
Données completes/Données accelerometres/Summer 2019/Hobo/5 July_26_2019 (13h58) - August_2_2019 (16h30)/Outside/Hobo 1 - Excel (26 juillet au 2 aout).xlsx,Hobo 1 - Excel (26 juillet au 2 aout).xlsx,.xlsx,summer 2019,environment_hobo,3,DONNÉES | Données d'événement | Détails,DONNÉES,"Titre du tracé : Outside 1 |  |  |  |  |  |  |  |  |  |  |  |  || # | Date Heure, GMT -0400 | Temp., °C | Temp. - Max., °C | Temp. - Min., °C | Temp. - Moy., °C | Temp. - ÉctTyp, °C | HR, % | HR - Max., % | HR - Min., % | HR - Moy., % | HR - ÉctTyp, % | PtRosée, °C || 1 | 2019-07-26 14:06:54 | 28.869189453124996 | 28.869189453124996 | 28.869189453124996 | 28.869189453124996 | 0 | 54.22903791866941 | 54.22903791866941 | 54.22903791866941 | 54.22903791866941 | 0 | 18.71916643832672",
Données completes/Données accelerometres/Summer 2019/Hobo/5 July_26_2019 (13h58) - August_2_2019 (16h30)/Outside/Hobo 1 - Graph.png,Hobo 1 - Graph.png,.png,summer 2019,environment_hobo,,,,,
Données completes/Données accelerometres/Summer 2019/Hobo/5 July_26_2019 (13h58) - August_2_2019 (16h30)/Outside/Hobo 1 - HOBOware.hobo,Hobo 1 - HOBOware.hobo,.hobo,summer 2019,environment_hobo,,,,,
Données completes/Données accelerometres/Summer 2019/Hobo/5 July_26_2019 (13h58) - August_2_2019 (16h30)/Outside/Hobo 2 - Excel (26 juillet au 2 aout).xlsx,Hobo 2 - Excel (26 juillet au 2 aout).xlsx,.xlsx,summer 2019,environment_hobo,3,DONNÉES | Données d'événement | Détails,DONNÉES,"Titre du tracé : Outside 2 |  |  |  |  |  |  |  |  |  |  |  |  || # | Date Heure, GMT -0400 | Temp., °C | Temp. - Max., °C | Temp. - Min., °C | Temp. - Moy., °C | Temp. - ÉctTyp, °C | HR, % | HR - Max., % | HR - Min., % | HR - Moy., % | HR - ÉctTyp, % | PtRosée, °C || 1 | 2019-07-26 14:12:22 | 30.252727050781253 | 30.252727050781253 | 30.252727050781253 | 30.252727050781253 | 0 | 51.80437933928435 | 51.80437933928435 | 51.80437933928435 | 51.80437933928435 | 0 | 19.262869541941537",
Données completes/Données accelerometres/Summer 2019/Hobo/5 July_26_2019 (13h58) - August_2_2019 (16h30)/Outside/Hobo 2 - Graph.png,Hobo 2 - Graph.png,.png,summer 2019,environment_hobo,,,,,
Données completes/Données accelerometres/Summer 2019/Hobo/5 July_26_2019 (13h58) - August_2_2019 (16h30)/Outside/Hobo 2 - HOBOware.hobo,Hobo 2 - HOBOware.hobo,.hobo,summer 2019,environment_hobo,,,,,
Données completes/Données accelerometres/Summer 2019/Hobo/6 August_2_2019 (16h34) - August_9_2019 (11h39)/Inside/Hobo 1 - Excel.xlsx,Hobo 1 - Excel.xlsx,.xlsx,summer 2019,environment_hobo,3,DONNÉES | Données d'événement | Détails,DONNÉES,"Titre du tracé : Outside 1 |  |  |  |  |  |  |  |  |  |  |  |  || # | Date Heure, GMT -0400 | Temp., °C | Temp. - Max., °C | Temp. - Min., °C | Temp. - Moy., °C | Temp. - ÉctTyp, °C | HR, % | HR - Max., % | HR - Min., % | HR - Moy., % | HR - ÉctTyp, % | PtRosée, °C || 1 | 2019-08-02 16:40:19 | 28.22568359375 | 28.22568359375 | 28.22568359375 | 28.22568359375 | 0 | 38.72129396505684 | 38.72129396505684 | 38.72129396505684 | 38.72129396505684 | 0 | 12.863462194022535",
Données completes/Données accelerometres/Summer 2019/Hobo/6 August_2_2019 (16h34) - August_9_2019 (11h39)/Inside/Hobo 1 - Graph.png,Hobo 1 - Graph.png,.png,summer 2019,environment_hobo,,,,,
Données completes/Données accelerometres/Summer 2019/Hobo/6 August_2_2019 (16h34) - August_9_2019 (11h39)/Inside/Hobo 1 - HOBOware.hobo,Hobo 1 - HOBOware.hobo,.hobo,summer 2019,environment_hobo,,,,,
Données completes/Données accelerometres/Summer 2019/Hobo/6 August_2_2019 (16h34) - August_9_2019 (11h39)/Inside/Hobo 2 - Excel.xlsx,Hobo 2 - Excel.xlsx,.xlsx,summer 2019,environment_hobo,3,DONNÉES | Données d'événement | Détails,DONNÉES,"Titre du tracé : Outside 2 |  |  |  |  |  |  |  |  |  |  |  |  || # | Date Heure, GMT -0400 | Temp., °C | Temp. - Max., °C | Temp. - Min., °C | Temp. - Moy., °C | Temp. - ÉctTyp, °C | HR, % | HR - Max., % | HR - Min., % | HR - Moy., % | HR - ÉctTyp, % | PtRosée, °C || 1 | 2019-08-02 16:45:22 | 28.611787109374994 | 28.611787109374994 | 28.611787109374994 | 28.611787109374994 | 0 | 36.7177843900206 | 36.7177843900206 | 36.7177843900206 | 36.7177843900206 | 0 | 12.394537087361783",
Données completes/Données accelerometres/Summer 2019/Hobo/6 August_2_2019 (16h34) - August_9_2019 (11h39)/Inside/Hobo 2 - Graph.png,Hobo 2 - Graph.png,.png,summer 2019,environment_hobo,,,,,
Données completes/Données accelerometres/Summer 2019/Hobo/6 August_2_2019 (16h34) - August_9_2019 (11h39)/Inside/Hobo 2 - HOBOware.hobo,Hobo 2 - HOBOware.hobo,.hobo,summer 2019,environment_hobo,,,,,
Données completes/Données accelerometres/Summer 2019/Hobo/6 August_2_2019 (16h34) - August_9_2019 (11h39)/Inside/Hobo 3 - Excel.xlsx,Hobo 3 - Excel.xlsx,.xlsx,summer 2019,environment_hobo,3,DONNÉES | Données d'événement | Détails,DONNÉES,"Titre du tracé : Inside 3 |  |  |  |  |  |  |  |  |  |  |  |  || # | Date Heure, GMT -0400 | Temp., °C | Temp. - Max., °C | Temp. - Min., °C | Temp. - Moy., °C | Temp. - ÉctTyp, °C | HR, % | HR - Max., % | HR - Min., % | HR - Moy., % | HR - ÉctTyp, % | PtRosée, °C || 1 | 2019-08-02 16:34:17 | 28.547436523437504 | 28.547436523437504 | 28.547436523437504 | 28.547436523437504 | 0 | 43.80102235446708 | 43.80102235446708 | 43.80102235446708 | 43.80102235446708 | 0 | 15.053323048107174",
Données completes/Données accelerometres/Summer 2019/Hobo/6 August_2_2019 (16h34) - August_9_2019 (11h39)/Inside/Hobo 3 - Graph.png,Hobo 3 - Graph.png,.png,summer 2019,environment_hobo,,,,,
Données completes/Données accelerometres/Summer 2019/Hobo/6 August_2_2019 (16h34) - August_9_2019 (11h39)/Inside/Hobo 3 - HOBOware.hobo,Hobo 3 - HOBOware.hobo,.hobo,summer 2019,environment_hobo,,,,,
Données completes/Données accelerometres/Summer 2019/Hobo/6 August_2_2019 (16h34) - August_9_2019 (11h39)/Inside/Hobo 4 - Excel.xlsx,Hobo 4 - Excel.xlsx,.xlsx,summer 2019,environment_hobo,3,DONNÉES | Données d'événement | Détails,DONNÉES,"Titre du tracé : Inside 4 |  |  |  |  |  |  |  |  |  |  |  |  || # | Date Heure, GMT -0400 | Temp., °C | Temp. - Max., °C | Temp. - Min., °C | Temp. - Moy., °C | Temp. - ÉctTyp, °C | HR, % | HR - Max., % | HR - Min., % | HR - Moy., % | HR - ÉctTyp, % | PtRosée, °C || 1 | 2019-08-02 16:35:52 | 28.236408691406247 | 28.236408691406247 | 28.236408691406247 | 28.236408691406247 | 0 | 45.52224002441444 | 45.52224002441444 | 45.52224002441444 | 45.52224002441444 | 0 | 15.37256389414589",
Données completes/Données accelerometres/Summer 2019/Hobo/6 August_2_2019 (16h34) - August_9_2019 (11h39)/Inside/Hobo 4 - Graph.png,Hobo 4 - Graph.png,.png,summer 2019,environment_hobo,,,,,
Données completes/Données accelerometres/Summer 2019/Hobo/6 August_2_2019 (16h34) - August_9_2019 (11h39)/Inside/Hobo 4 - HOBOware.hobo,Hobo 4 - HOBOware.hobo,.hobo,summer 2019,environment_hobo,,,,,
Données completes/Données accelerometres/Summer 2019/Hobo/7 August_9_2019 (11h44) - August_16_2019 (13h54)/Inside/Hobo 3 - Excel (9 aout au 16 aout).xlsx,Hobo 3 - Excel (9 aout au 16 aout).xlsx,.xlsx,summer 2019,environment_hobo,3,DONNÉES | Données d'événement | Détails,DONNÉES,"Titre du tracé : Inside 3 |  |  |  |  |  |  |  |  |  |  |  |  || # | Date Heure, GMT -0400 | Temp., °C | Temp. - Max., °C | Temp. - Min., °C | Temp. - Moy., °C | Temp. - ÉctTyp, °C | HR, % | HR - Max., % | HR - Min., % | HR - Moy., % | HR - ÉctTyp, % | PtRosée, °C || 1 | 2019-08-09 11:44:22 | 24.525524902343754 | 24.525524902343754 | 24.525524902343754 | 24.525524902343754 | 0 | 64.31982909895476 | 64.31982909895476 | 64.31982909895476 | 64.31982909895476 | 0 | 17.368532038328564",
Données completes/Données accelerometres/Summer 2019/Hobo/7 August_9_2019 (11h44) - August_16_2019 (13h54)/Inside/Hobo 3 - Graph.png,Hobo 3 - Graph.png,.png,summer 2019,environment_hobo,,,,,
Données completes/Données accelerometres/Summer 2019/Hobo/7 August_9_2019 (11h44) - August_16_2019 (13h54)/Inside/Hobo 3 - HOBOware.hobo,Hobo 3 - HOBOware.hobo,.hobo,summer 2019,environment_hobo,,,,,
Données completes/Données accelerometres/Summer 2019/Hobo/7 August_9_2019 (11h44) - August_16_2019 (13h54)/Inside/Hobo 4 - Excel (9 aout au 16 aout).xlsx,Hobo 4 - Excel (9 aout au 16 aout).xlsx,.xlsx,summer 2019,environment_hobo,3,DONNÉES | Données d'événement | Détails,DONNÉES,"Titre du tracé : Inside 4 |  |  |  |  |  |  |  |  |  |  |  |  || # | Date Heure, GMT -0400 | Temp., °C | Temp. - Max., °C | Temp. - Min., °C | Temp. - Moy., °C | Temp. - ÉctTyp, °C | HR, % | HR - Max., % | HR - Min., % | HR - Moy., % | HR - ÉctTyp, % | PtRosée, °C || 1 | 2019-08-09 12:00:39 | 23.92491943359375 | 23.92491943359375 | 23.92491943359375 | 23.92491943359375 | 0 | 64.82642862592508 | 64.82642862592508 | 64.82642862592508 | 64.82642862592508 | 0 | 16.923316884842073",
Données completes/Données accelerometres/Summer 2019/Hobo/7 August_9_2019 (11h44) - August_16_2019 (13h54)/Inside/Hobo 4 - Graph.png,Hobo 4 - Graph.png,.png,summer 2019,environment_hobo,,,,,
Données completes/Données accelerometres/Summer 2019/Hobo/7 August_9_2019 (11h44) - August_16_2019 (13h54)/Inside/Hobo 4 - HOBOware.hobo,Hobo 4 - HOBOware.hobo,.hobo,summer 2019,environment_hobo,,,,,
Données completes/Données accelerometres/Summer 2019/Hobo/7 August_9_2019 (11h44) - August_16_2019 (13h54)/Outside/Hobo 1 - Excel (9 au 16 aout).xlsx,Hobo 1 - Excel (9 au 16 aout).xlsx,.xlsx,summer 2019,environment_hobo,3,DONNÉES | Données d'événement | Détails,DONNÉES,"Titre du tracé : Outside 1 |  |  |  |  |  |  |  |  |  |  |  |  || # | Date Heure, GMT -0400 | Temp., °C | Temp. - Max., °C | Temp. - Min., °C | Temp. - Moy., °C | Temp. - ÉctTyp, °C | HR, % | HR - Max., % | HR - Min., % | HR - Moy., % | HR - ÉctTyp, % | PtRosée, °C || 1 | 2019-08-09 11:57:41 | 22.90603515624999 | 22.90603515624999 | 22.90603515624999 | 22.90603515624999 | 0 | 65.43984130617227 | 65.43984130617227 | 65.43984130617227 | 65.43984130617227 | 0 | 16.104544139315422",
Données completes/Données accelerometres/Summer 2019/Hobo/7 August_9_2019 (11h44) - August_16_2019 (13h54)/Outside/Hobo 1 - Graph.png,Hobo 1 - Graph.png,.png,summer 2019,environment_hobo,,,,,
Données completes/Données accelerometres/Summer 2019/Hobo/7 August_9_2019 (11h44) - August_16_2019 (13h54)/Outside/Hobo 1 - HOBOware.hobo,Hobo 1 - HOBOware.hobo,.hobo,summer 2019,environment_hobo,,,,,
Données completes/Données accelerometres/Summer 2019/Hobo/7 August_9_2019 (11h44) - August_16_2019 (13h54)/Outside/Hobo 2 - Excel (9 au 16 aout).xlsx,Hobo 2 - Excel (9 au 16 aout).xlsx,.xlsx,summer 2019,environment_hobo,3,DONNÉES | Données d'événement | Détails,DONNÉES,"Titre du tracé : Outside 2 |  |  |  |  |  |  |  |  |  |  |  |  || # | Date Heure, GMT -0400 | Temp., °C | Temp. - Max., °C | Temp. - Min., °C | Temp. - Moy., °C | Temp. - ÉctTyp, °C | HR, % | HR - Max., % | HR - Min., % | HR - Moy., % | HR - ÉctTyp, % | PtRosée, °C || 1 | 2019-08-09 11:58:56 | 23.871293945312495 | 23.871293945312495 | 23.871293945312495 | 23.871293945312495 | 0 | 66.41184100099184 | 66.41184100099184 | 66.41184100099184 | 66.41184100099184 | 0 | 17.254472833706675",
Données completes/Données accelerometres/Summer 2019/Hobo/7 August_9_2019 (11h44) - August_16_2019 (13h54)/Outside/Hobo 2 - Graph.png,Hobo 2 - Graph.png,.png,summer 2019,environment_hobo,,,,,
Données completes/Données accelerometres/Summer 2019/Hobo/7 August_9_2019 (11h44) - August_16_2019 (13h54)/Outside/Hobo 2 - HOBOware.hobo,Hobo 2 - HOBOware.hobo,.hobo,summer 2019,environment_hobo,,,,,
Données completes/Données accelerometres/Summer 2019/Hobo/8 August_16_2019 (13h59) - August_23_2019 (12h59)/Inside/Hobo 3 - Excel (16 au 23 aout 1pm).xlsx,Hobo 3 - Excel (16 au 23 aout 1pm).xlsx,.xlsx,summer 2019,environment_hobo,3,DONNÉES | Données d'événement | Détails,DONNÉES,"Titre du tracé : Inside 3 |  |  |  |  |  |  |  |  |  |  |  |  || # | Date Heure, GMT -0400 | Temp., °C | Temp. - Max., °C | Temp. - Min., °C | Temp. - Moy., °C | Temp. - ÉctTyp, °C | HR, % | HR - Max., % | HR - Min., % | HR - Moy., % | HR - ÉctTyp, % | PtRosée, °C || 1 | 2019-08-16 13:55:03 | 25.040329589843743 | 25.040329589843743 | 25.040329589843743 | 25.040329589843743 | 0 | 64.00244144350347 | 64.00244144350347 | 64.00244144350347 | 64.00244144350347 | 0 | 17.77756574341938",
Données completes/Données accelerometres/Summer 2019/Hobo/8 August_16_2019 (13h59) - August_23_2019 (12h59)/Inside/Hobo 3 - Graph.png,Hobo 3 - Graph.png,.png,summer 2019,environment_hobo,,,,,
Données completes/Données accelerometres/Summer 2019/Hobo/8 August_16_2019 (13h59) - August_23_2019 (12h59)/Inside/Hobo 3 - HOBOware.hobo,Hobo 3 - HOBOware.hobo,.hobo,summer 2019,environment_hobo,,,,,
Données completes/Données accelerometres/Summer 2019/Hobo/8 August_16_2019 (13h59) - August_23_2019 (12h59)/Inside/Hobo 4 - Excel (16 au 23 aout 1pm).xlsx,Hobo 4 - Excel (16 au 23 aout 1pm).xlsx,.xlsx,summer 2019,environment_hobo,3,DONNÉES | Données d'événement | Détails,DONNÉES,"Titre du tracé : Inside 4 |  |  |  |  |  |  |  |  |  |  |  |  || # | Date Heure, GMT -0400 | Temp., °C | Temp. - Max., °C | Temp. - Min., °C | Temp. - Moy., °C | Temp. - ÉctTyp, °C | HR, % | HR - Max., % | HR - Min., % | HR - Moy., % | HR - ÉctTyp, % | PtRosée, °C || 1 | 2019-08-16 13:56:16 | 23.860568847656246 | 23.860568847656246 | 23.860568847656246 | 23.860568847656246 | 0 | 65.91744869153887 | 65.91744869153887 | 65.91744869153887 | 65.91744869153887 | 0 | 17.1260164957991",
Données completes/Données accelerometres/Summer 2019/Hobo/8 August_16_2019 (13h59) - August_23_2019 (12h59)/Inside/Hobo 4 - Graph.png,Hobo 4 - Graph.png,.png,summer 2019,environment_hobo,,,,,
Données completes/Données accelerometres/Summer 2019/Hobo/8 August_16_2019 (13h59) - August_23_2019 (12h59)/Inside/Hobo 4 - HOBOware.hobo,Hobo 4 - HOBOware.hobo,.hobo,summer 2019,environment_hobo,,,,,
Données completes/Données accelerometres/Summer 2019/Hobo/8 August_16_2019 (13h59) - August_23_2019 (12h59)/Outside/Hobo 1 - Excel (16 au 23 aout 1pm).xlsx,Hobo 1 - Excel (16 au 23 aout 1pm).xlsx,.xlsx,summer 2019,environment_hobo,3,DONNÉES | Données d'événement | Détails,DONNÉES,"Titre du tracé : Outside 1 |  |  |  |  |  |  |  |  |  |  |  |  || # | Date Heure, GMT -0400 | Temp., °C | Temp. - Max., °C | Temp. - Min., °C | Temp. - Moy., °C | Temp. - ÉctTyp, °C | HR, % | HR - Max., % | HR - Min., % | HR - Moy., % | HR - ÉctTyp, % | PtRosée, °C || 1 | 2019-08-16 13:58:16 | 23.270688476562505 | 23.270688476562505 | 23.270688476562505 | 23.270688476562505 | 0 | 65.5588616769665 | 65.5588616769665 | 65.5588616769665 | 65.5588616769665 | 0 | 16.479460961355752",
Données completes/Données accelerometres/Summer 2019/Hobo/8 August_16_2019 (13h59) - August_23_2019 (12h59)/Outside/Hobo 1 - Graph.png,Hobo 1 - Graph.png,.png,summer 2019,environment_hobo,,,,,
Données completes/Données accelerometres/Summer 2019/Hobo/8 August_16_2019 (13h59) - August_23_2019 (12h59)/Outside/Hobo 1 - HOBOware.hobo,Hobo 1 - HOBOware.hobo,.hobo,summer 2019,environment_hobo,,,,,
Données completes/Données accelerometres/Summer 2019/Hobo/8 August_16_2019 (13h59) - August_23_2019 (12h59)/Outside/Hobo 2 - Excel (16 au 23 aout 1pm).xlsx,Hobo 2 - Excel (16 au 23 aout 1pm).xlsx,.xlsx,summer 2019,environment_hobo,3,DONNÉES | Données d'événement | Détails,DONNÉES,"Titre du tracé : Outside 2 |  |  |  |  |  |  |  |  |  |  |  |  || # | Date Heure, GMT -0400 | Temp., °C | Temp. - Max., °C | Temp. - Min., °C | Temp. - Moy., °C | Temp. - ÉctTyp, °C | HR, % | HR - Max., % | HR - Min., % | HR - Moy., % | HR - ÉctTyp, % | PtRosée, °C || 1 | 2019-08-16 13:59:37 | 23.871293945312495 | 23.871293945312495 | 23.871293945312495 | 23.871293945312495 | 0 | 63.95208667124437 | 63.95208667124437 | 63.95208667124437 | 63.95208667124437 | 0 | 16.65826043536699",
Données completes/Données accelerometres/Summer 2019/Hobo/8 August_16_2019 (13h59) - August_23_2019 (12h59)/Outside/Hobo 2 - Graph.png,Hobo 2 - Graph.png,.png,summer 2019,environment_hobo,,,,,
Données completes/Données accelerometres/Summer 2019/Hobo/8 August_16_2019 (13h59) - August_23_2019 (12h59)/Outside/Hobo 2 - HOBOware.hobo,Hobo 2 - HOBOware.hobo,.hobo,summer 2019,environment_hobo,,,,,
Données completes/Données accelerometres/Summer 2019/Hobo/9 August_23_2019 (13h05) - September_9_2019 (7h40)/Inside/Hobo 3 - Graph.png,Hobo 3 - Graph.png,.png,summer 2019,environment_hobo,,,,,
Données completes/Données accelerometres/Summer 2019/Hobo/9 August_23_2019 (13h05) - September_9_2019 (7h40)/Inside/Hobo 3 - HOBOware.hobo,Hobo 3 - HOBOware.hobo,.hobo,summer 2019,environment_hobo,,,,,
Données completes/Données accelerometres/Summer 2019/Hobo/9 August_23_2019 (13h05) - September_9_2019 (7h40)/Inside/Hobo 3 -Excel.xlsx,Hobo 3 -Excel.xlsx,.xlsx,summer 2019,environment_hobo,3,DONNÉES | Données d'événement | Détails,DONNÉES,"Titre du tracé : Inside 3 |  |  |  |  |  |  |  |  |  |  |  |  || # | Date Heure, GMT -0400 | Temp., °C | Temp. - Max., °C | Temp. - Min., °C | Temp. - Moy., °C | Temp. - ÉctTyp, °C | HR, % | HR - Max., % | HR - Min., % | HR - Moy., % | HR - ÉctTyp, % | PtRosée, °C || 1 | 2019-08-23 13:05:37 | 23.195612792968753 | 23.195612792968753 | 23.195612792968753 | 23.195612792968753 | 0 | 53.47981994354162 | 53.47981994354162 | 53.47981994354162 | 53.47981994354162 | 0 | 13.244810987276377",
Données completes/Données accelerometres/Summer 2019/Hobo/9 August_23_2019 (13h05) - September_9_2019 (7h40)/Inside/Hobo 4 - Graph.png,Hobo 4 - Graph.png,.png,summer 2019,environment_hobo,,,,,
Données completes/Données accelerometres/Summer 2019/Hobo/9 August_23_2019 (13h05) - September_9_2019 (7h40)/Inside/Hobo 4 - HOBOware.hobo,Hobo 4 - HOBOware.hobo,.hobo,summer 2019,environment_hobo,,,,,
Données completes/Données accelerometres/Summer 2019/Hobo/9 August_23_2019 (13h05) - September_9_2019 (7h40)/Inside/Hobo 4 -Excel.xlsx,Hobo 4 -Excel.xlsx,.xlsx,summer 2019,environment_hobo,3,DONNÉES | Données d'événement | Détails,DONNÉES,"Titre du tracé : Inside 4 |  |  |  |  |  |  |  |  |  |  |  |  || # | Date Heure, GMT -0400 | Temp., °C | Temp. - Max., °C | Temp. - Min., °C | Temp. - Moy., °C | Temp. - ÉctTyp, °C | HR, % | HR - Max., % | HR - Min., % | HR - Moy., % | HR - ÉctTyp, % | PtRosée, °C || 1 | 2019-08-23 13:06:39 | 22.63790771484374 | 22.63790771484374 | 22.63790771484374 | 22.63790771484374 | 0 | 52.91065842679484 | 52.91065842679484 | 52.91065842679484 | 52.91065842679484 | 0 | 12.56474786519685",
Données completes/Données accelerometres/Summer 2019/Hobo/9 August_23_2019 (13h05) - September_9_2019 (7h40)/Outside/Hobo 1 - Graph.png,Hobo 1 - Graph.png,.png,summer 2019,environment_hobo,,,,,
Données completes/Données accelerometres/Summer 2019/Hobo/9 August_23_2019 (13h05) - September_9_2019 (7h40)/Outside/Hobo 1 - HOBOware.hobo,Hobo 1 - HOBOware.hobo,.hobo,summer 2019,environment_hobo,,,,,
Données completes/Données accelerometres/Summer 2019/Hobo/9 August_23_2019 (13h05) - September_9_2019 (7h40)/Outside/Hobo 1 -Excel.xlsx,Hobo 1 -Excel.xlsx,.xlsx,summer 2019,environment_hobo,3,DONNÉES | Données d'événement | Détails,DONNÉES,"Titre du tracé : Outside 1 |  |  |  |  |  |  |  |  |  |  |  |  || # | Date Heure, GMT -0400 | Temp., °C | Temp. - Max., °C | Temp. - Min., °C | Temp. - Moy., °C | Temp. - ÉctTyp, °C | HR, % | HR - Max., % | HR - Min., % | HR - Moy., % | HR - ÉctTyp, % | PtRosée, °C || 1 | 2019-08-23 13:03:35 | 20.803916015625 | 20.803916015625 | 20.803916015625 | 20.803916015625 | 0 | 50.66300450141146 | 50.66300450141146 | 50.66300450141146 | 50.66300450141146 | 0 | 10.215544557512176",
Données completes/Données accelerometres/Summer 2019/Hobo/9 August_23_2019 (13h05) - September_9_2019 (7h40)/Outside/Hobo 2 - Graph.png,Hobo 2 - Graph.png,.png,summer 2019,environment_hobo,,,,,
Données completes/Données accelerometres/Summer 2019/Hobo/9 August_23_2019 (13h05) - September_9_2019 (7h40)/Outside/Hobo 2 - HOBOware.hobo,Hobo 2 - HOBOware.hobo,.hobo,summer 2019,environment_hobo,,,,,
Données completes/Données accelerometres/Summer 2019/Hobo/9 August_23_2019 (13h05) - September_9_2019 (7h40)/Outside/Hobo 2 -Excel.xlsx,Hobo 2 -Excel.xlsx,.xlsx,summer 2019,environment_hobo,3,DONNÉES | Données d'événement | Détails,DONNÉES,"Titre du tracé : Outside 2 |  |  |  |  |  |  |  |  |  |  |  |  |  |  || # | Date Heure, GMT -0400 | Temp., °C | Temp. - Max., °C | Temp. - Min., °C | Temp. - Moy., °C | Temp. - ÉctTyp, °C | HR, % | HR - Max., % | HR - Min., % | HR - Moy., % | HR - ÉctTyp, % | PtRosée, °C |  |  || 1 | 2019-08-23 13:02:32 | 21.4259716796875 | 21.4259716796875 | 21.4259716796875 | 21.4259716796875 | 0 | 49.10658426794843 | 49.10658426794843 | 49.10658426794843 | 49.10658426794843 | 0 | 10.319964174657002 |  | ",
Données completes/Données accelerometres/Summer 2019/Hobo/Excel sheet of THI for all summer's exercise project.xlsx,Excel sheet of THI for all summer's exercise project.xlsx,.xlsx,summer 2019,environment_hobo,20,General data | Semaine 1 Inside | Semaine 2 Inside  | Semaine 3 Inside | Semaine 4 Inside  | Semaine 5 - Inside | Semaine 6 - Inside | Semaine 7 - Inside,General data, |  | Day 1 | Duration of treatment | Starting/ending  time | Mean THI | Min THI | Max THI | Mean THI | Min THI | Max THI || Week 1 |  | Day 1 | 1h |  |  |  |  |  |  |  ||  |  |  | 2h |  |  |  |  |  |  | ,
Données completes/Données accelerometres/Summer 2019/Hobo/THI per day of observation.xlsx,THI per day of observation.xlsx,.xlsx,summer 2019,environment_hobo,18,General data | Semaine 1 Inside | Semaine 2 Inside  | Semaine 3 Inside | Semaine 4 Inside  | Semaine 5 - Inside | Semaine 6 - Inside | Semaine 7 - Inside,General data, |  | Day 1 | Duration of treatment | Starting/ending  time | Mean THI | Min THI | Max THI | Mean THI | Min THI | Max THI || Week 1 |  | Day 1 | 1h |  |  |  |  |  |  |  ||  |  |  | 2h |  |  |  |  |  |  | ,
Données completes/Données accelerometres/Summer 2019/Icetag/IceTags/24h sorties_Before-After_Data_icetag_summer_SEH.xlsx,24h sorties_Before-After_Data_icetag_summer_SEH.xlsx,.xlsx,summer 2019,accelerometer_icetag,5,Habituation | Experimentation | Frustration | Anticipation milk | 24h,Habituation,"Cow_ID | Date | Motion_Index_Before | Steps_Before | Standing_Before | Lying_Before | Lying_bout_Before | Position - 0 min (1:L, 0:S) | Position - 5 min (1:L, 0:S) | Position - 10 min (1:L, 0:S) | Position - 15 min (1:L, 0:S) | Position - 20 min (1:L, 0:S) | Steps- 5 min | Steps- 10 min | Steps- 15 min || 419 | 2019-06-06 00:00:00 | . | . | . | . | . | . | . | . | . | . | . | . | . || 2067 | 2019-06-06 00:00:00 | 1.8 | 7 | 11 | 9 | 1 | 0 | 0 | 0 | 1 | 1 | 4 | 3 | 0",
Données completes/Données accelerometres/Summer 2019/Icetag/IceTags/Before-After_Data_icetag_summer_SEH.xlsx,Before-After_Data_icetag_summer_SEH.xlsx,.xlsx,summer 2019,accelerometer_icetag,4,Habituation | Experimentation | Frustration | Anticipation milk,Habituation,"Cow_ID | Date | Motion_Index_Before | Steps_Before | Standing_Before | Lying_Before | Lying_bout_Before | Position - 0 min (1:L, 0:S) | Position - 5 min (1:L, 0:S) | Position - 10 min (1:L, 0:S) | Position - 15 min (1:L, 0:S) | Position - 20 min (1:L, 0:S) | Steps- 5 min | Steps- 10 min | Steps- 15 min || 419 | 2019-06-06 00:00:00 | . | . | . | . | . | . | . | . | . | . | . | . | . || 2067 | 2019-06-06 00:00:00 | 1.8 | 7 | 11 | 9 | 1 | 0 | 0 | 0 | 1 | 1 | 4 | 3 | 0",
Données completes/Données accelerometres/Summer 2019/Icetag/IceTags/Data_icetag_SEH_1wk.xlsx,Data_icetag_SEH_1wk.xlsx,.xlsx,summer 2019,accelerometer_icetag,1,Feuil1,Feuil1,Cow_ID | Date | Motion_Index_Trip_Go | Steps_Trip_Go | Motion_Index_Trip_Back | Steps_Trip_Back | Motion_Index_Before | Steps_Before | Standing_Before | Lying_Before | Lying_bout_Before || 419 | 2019-06-06 00:00:00 |  |  |  |  |  |  |  |  |  || 2067 | 2019-06-06 00:00:00 | 2.03 | 29 | 6.05 | 5 |  |  |  |  | ,
Données completes/Données accelerometres/Summer 2019/Icetag/IceTags/Data_planning_icetag_SUMMER.xlsx,Data_planning_icetag_SUMMER.xlsx,.xlsx,summer 2019,accelerometer_icetag,1,Feuil1,Feuil1,Date | Tests | Individus | n° IceTag trip | Début du trajet ALLER | Durée trajet ALLER | Fin du trajet RETOUR | Durée trajet RETOUR | Début AVANT | Début APRES |  |  |  || 2019-06-06 00:00:00 | Habituation | 5169-5330 | 97 | 10:07:37 | 00:02:24 | 10:22:02 | 00:00:47 | 09:08:00 | 12:07:00 |  |  |  ||  |  | 5258-5313 | 26 | 10:24:16 | 00:01:24 | 10:37:38 | 00:00:41 |  |  |  |  | ,
Données completes/Données accelerometres/Summer 2019/Icetag/IceTags/Data_planning_icetag_SUMMER_Trajet.xlsx,Data_planning_icetag_SUMMER_Trajet.xlsx,.xlsx,summer 2019,accelerometer_icetag,1,Feuil1,Feuil1,Date | Tests | Individus | n° IceTag trip | Début du trajet ALLER | Fin ALLER | Durée trajet ALLER | Début RETOUR | Fin du trajet RETOUR | Durée trajet RETOUR |  || 2019-06-06 00:00:00 | Habituation | 5169-5330 | 97 | 10:07:37 | 10:10:01 | 00:02:24 | 10:21:15 | 10:22:02 | 00:00:47 |  ||  |  |  |  |  | 00:00:00 |  | 00:00:00 |  |  | ,
Données completes/Données accelerometres/Summer 2019/Icetag/IceTags/IceTag Calendrier.xlsx,IceTag Calendrier.xlsx,.xlsx,summer 2019,accelerometer_icetag,3,Winter | Summer | Sheet1,Winter,Date | Tests | Individus | Nom fichier | Durée | Analyse par | Nom fichier | Durée | Analyse par | Nom fichier | Durée | Analyse par | Nom fichier | Durée | Analyse par || 2019-01-14 00:00:00 | Nouvel objet | 2063 | 2063_14JAN19_NO.MP4 | 17:43:00 |  |  |  |  |  |  |  |  |  |  ||  |  |  | 2063_14JAN19_NO2.MP4 | 02:27:00 |  |  |  |  |  |  |  |  |  | ,
Données completes/Données accelerometres/Summer 2019/Icetag/IceTags/Per minute/2019AUG01-2019AUG08/2062_Tag93_01AUG2019-1305_08AUG2019-1313.csv,2062_Tag93_01AUG2019-1305_08AUG2019-1313.csv,.csv,summer 2019,accelerometer_icetag,,,,,
Données completes/Données accelerometres/Summer 2019/Icetag/IceTags/Per minute/2019AUG01-2019AUG08/2062_Tag93_01AUG2019-1305_08AUG2019-1313_LB.csv,2062_Tag93_01AUG2019-1305_08AUG2019-1313_LB.csv,.csv,summer 2019,accelerometer_icetag,,,,,
Données completes/Données accelerometres/Summer 2019/Icetag/IceTags/Per minute/2019AUG01-2019AUG08/419_Tag86_01AUG2019-1445_08AUG2019-1352.csv,419_Tag86_01AUG2019-1445_08AUG2019-1352.csv,.csv,summer 2019,accelerometer_icetag,,,,,
Données completes/Données accelerometres/Summer 2019/Icetag/IceTags/Per minute/2019AUG01-2019AUG08/419_Tag86_01AUG2019-1445_08AUG2019-1352_LB.csv,419_Tag86_01AUG2019-1445_08AUG2019-1352_LB.csv,.csv,summer 2019,accelerometer_icetag,,,,,
Données completes/Données accelerometres/Summer 2019/Icetag/IceTags/Per minute/2019AUG01-2019AUG08/5258_Tag90_01AUG2019-1446_08AUG2019-1352.csv,5258_Tag90_01AUG2019-1446_08AUG2019-1352.csv,.csv,summer 2019,accelerometer_icetag,,,,,
Données completes/Données accelerometres/Summer 2019/Icetag/IceTags/Per minute/2019AUG01-2019AUG08/5258_Tag90_01AUG2019-1446_08AUG2019-1352_LB.csv,5258_Tag90_01AUG2019-1446_08AUG2019-1352_LB.csv,.csv,summer 2019,accelerometer_icetag,,,,,
Données completes/Données accelerometres/Summer 2019/Icetag/IceTags/Per minute/2019AUG01-2019AUG08/5313_Tag89_01AUG2019-1446_08AUG2019-1412.csv,5313_Tag89_01AUG2019-1446_08AUG2019-1412.csv,.csv,summer 2019,accelerometer_icetag,,,,,
Données completes/Données accelerometres/Summer 2019/Icetag/IceTags/Per minute/2019AUG01-2019AUG08/5313_Tag89_01AUG2019-1446_08AUG2019-1412_LB.csv,5313_Tag89_01AUG2019-1446_08AUG2019-1412_LB.csv,.csv,summer 2019,accelerometer_icetag,,,,,
Données completes/Données accelerometres/Summer 2019/Icetag/IceTags/Per minute/2019AUG01-2019AUG08/5322_Tag26_01AUG2019-1307_08AUG2019-1332.csv,5322_Tag26_01AUG2019-1307_08AUG2019-1332.csv,.csv,summer 2019,accelerometer_icetag,,,,,
Données completes/Données accelerometres/Summer 2019/Icetag/IceTags/Per minute/2019AUG01-2019AUG08/5322_Tag26_01AUG2019-1307_08AUG2019-1332_LB.csv,5322_Tag26_01AUG2019-1307_08AUG2019-1332_LB.csv,.csv,summer 2019,accelerometer_icetag,,,,,
Données completes/Données accelerometres/Summer 2019/Icetag/IceTags/Per minute/2019AUG01-2019AUG08/5330_Tag20_01AUG2019-1445_08AUG2019-1352.csv,5330_Tag20_01AUG2019-1445_08AUG2019-1352.csv,.csv,summer 2019,accelerometer_icetag,,,,,
Données completes/Données accelerometres/Summer 2019/Icetag/IceTags/Per minute/2019AUG01-2019AUG08/5330_Tag20_01AUG2019-1445_08AUG2019-1352_LB.csv,5330_Tag20_01AUG2019-1445_08AUG2019-1352_LB.csv,.csv,summer 2019,accelerometer_icetag,,,,,
Données completes/Données accelerometres/Summer 2019/Icetag/IceTags/Per minute/2019AUG01-2019AUG08/5854_Tag95_01AUG2019-1416_08AUG2019-1333.csv,5854_Tag95_01AUG2019-1416_08AUG2019-1333.csv,.csv,summer 2019,accelerometer_icetag,,,,,
Données completes/Données accelerometres/Summer 2019/Icetag/IceTags/Per minute/2019AUG01-2019AUG08/5854_Tag95_01AUG2019-1416_08AUG2019-1333_LB.csv,5854_Tag95_01AUG2019-1416_08AUG2019-1333_LB.csv,.csv,summer 2019,accelerometer_icetag,,,,,
Données completes/Données accelerometres/Summer 2019/Icetag/IceTags/Per minute/2019AUG01-2019AUG08/5857_Tag88_01AUG2019-1306_08AUG2019-1314.csv,5857_Tag88_01AUG2019-1306_08AUG2019-1314.csv,.csv,summer 2019,accelerometer_icetag,,,,,
Données completes/Données accelerometres/Summer 2019/Icetag/IceTags/Per minute/2019AUG01-2019AUG08/5857_Tag88_01AUG2019-1306_08AUG2019-1314_LB.csv,5857_Tag88_01AUG2019-1306_08AUG2019-1314_LB.csv,.csv,summer 2019,accelerometer_icetag,,,,,
Données completes/Données accelerometres/Summer 2019/Icetag/IceTags/Per minute/2019AUG01-2019AUG08/5862_Tag85_01AUG2019-1416_08AUG2019-1333.csv,5862_Tag85_01AUG2019-1416_08AUG2019-1333.csv,.csv,summer 2019,accelerometer_icetag,,,,,
Données completes/Données accelerometres/Summer 2019/Icetag/IceTags/Per minute/2019AUG01-2019AUG08/5862_Tag85_01AUG2019-1416_08AUG2019-1333_LB.csv,5862_Tag85_01AUG2019-1416_08AUG2019-1333_LB.csv,.csv,summer 2019,accelerometer_icetag,,,,,
Données completes/Données accelerometres/Summer 2019/Icetag/IceTags/Per minute/2019AUG01-2019AUG08/5865_Tag97_01AUG2019-1515_08AUG2019-1412.csv,5865_Tag97_01AUG2019-1515_08AUG2019-1412.csv,.csv,summer 2019,accelerometer_icetag,,,,,
Données completes/Données accelerometres/Summer 2019/Icetag/IceTags/Per minute/2019AUG01-2019AUG08/5865_Tag97_01AUG2019-1515_08AUG2019-1412_LB.csv,5865_Tag97_01AUG2019-1515_08AUG2019-1412_LB.csv,.csv,summer 2019,accelerometer_icetag,,,,,
Données completes/Données accelerometres/Summer 2019/Icetag/IceTags/Per minute/2019AUG01-2019AUG08/5871_Tag91_01AUG2019-1514_08AUG2019-1412.csv,5871_Tag91_01AUG2019-1514_08AUG2019-1412.csv,.csv,summer 2019,accelerometer_icetag,,,,,
Données completes/Données accelerometres/Summer 2019/Icetag/IceTags/Per minute/2019AUG01-2019AUG08/5871_Tag91_01AUG2019-1514_08AUG2019-1412_LB.csv,5871_Tag91_01AUG2019-1514_08AUG2019-1412_LB.csv,.csv,summer 2019,accelerometer_icetag,,,,,
Données completes/Données accelerometres/Summer 2019/Icetag/IceTags/Per minute/2019AUG01-2019AUG08/8515_Tag96_01AUG2019-1305_08AUG2019-1312.csv,8515_Tag96_01AUG2019-1305_08AUG2019-1312.csv,.csv,summer 2019,accelerometer_icetag,,,,,
Données completes/Données accelerometres/Summer 2019/Icetag/IceTags/Per minute/2019AUG01-2019AUG08/8515_Tag96_01AUG2019-1305_08AUG2019-1312_LB.csv,8515_Tag96_01AUG2019-1305_08AUG2019-1312_LB.csv,.csv,summer 2019,accelerometer_icetag,,,,,
Données completes/Données accelerometres/Summer 2019/Icetag/IceTags/Per minute/2019AUG01-2019AUG08/8520_Tag87_01AUG2019-1305_08AUG2019-1312.csv,8520_Tag87_01AUG2019-1305_08AUG2019-1312.csv,.csv,summer 2019,accelerometer_icetag,,,,,
Données completes/Données accelerometres/Summer 2019/Icetag/IceTags/Per minute/2019AUG01-2019AUG08/8520_Tag87_01AUG2019-1305_08AUG2019-1312_LB.csv,8520_Tag87_01AUG2019-1305_08AUG2019-1312_LB.csv,.csv,summer 2019,accelerometer_icetag,,,,,
Données completes/Données accelerometres/Summer 2019/Icetag/IceTags/Per minute/2019AUG01-2019AUG08/8525_Tag94_01AUG2019-1417_08AUG2019-1352.csv,8525_Tag94_01AUG2019-1417_08AUG2019-1352.csv,.csv,summer 2019,accelerometer_icetag,,,,,
Données completes/Données accelerometres/Summer 2019/Icetag/IceTags/Per minute/2019AUG01-2019AUG08/8525_Tag94_01AUG2019-1417_08AUG2019-1352_LB.csv,8525_Tag94_01AUG2019-1417_08AUG2019-1352_LB.csv,.csv,summer 2019,accelerometer_icetag,,,,,
Données completes/Données accelerometres/Summer 2019/Icetag/IceTags/Per minute/2019AUG01-2019AUG08/8536_Tag22_01AUG2019-1416_08AUG2019-1334.csv,8536_Tag22_01AUG2019-1416_08AUG2019-1334.csv,.csv,summer 2019,accelerometer_icetag,,,,,
Données completes/Données accelerometres/Summer 2019/Icetag/IceTags/Per minute/2019AUG01-2019AUG08/8536_Tag22_01AUG2019-1416_08AUG2019-1334_LB.csv,8536_Tag22_01AUG2019-1416_08AUG2019-1334_LB.csv,.csv,summer 2019,accelerometer_icetag,,,,,
Données completes/Données accelerometres/Summer 2019/Icetag/IceTags/Per minute/2019AUG08-2019AUG16/2062_Tag76_08AUG2019-1311_16AUG2019-1314.csv,2062_Tag76_08AUG2019-1311_16AUG2019-1314.csv,.csv,summer 2019,accelerometer_icetag,,,,,
Données completes/Données accelerometres/Summer 2019/Icetag/IceTags/Per minute/2019AUG08-2019AUG16/2062_Tag76_08AUG2019-1311_16AUG2019-1314_LB.csv,2062_Tag76_08AUG2019-1311_16AUG2019-1314_LB.csv,.csv,summer 2019,accelerometer_icetag,,,,,
Données completes/Données accelerometres/Summer 2019/Icetag/IceTags/Per minute/2019AUG08-2019AUG16/419_Tag26_08AUG2019-1351_16AUG2019-1356.csv,419_Tag26_08AUG2019-1351_16AUG2019-1356.csv,.csv,summer 2019,accelerometer_icetag,,,,,
Données completes/Données accelerometres/Summer 2019/Icetag/IceTags/Per minute/2019AUG08-2019AUG16/419_Tag26_08AUG2019-1351_16AUG2019-1356_LB.csv,419_Tag26_08AUG2019-1351_16AUG2019-1356_LB.csv,.csv,summer 2019,accelerometer_icetag,,,,,
Données completes/Données accelerometres/Summer 2019/Icetag/IceTags/Per minute/2019AUG08-2019AUG16/5258_Tag22_08AUG2019-1352_16AUG2019-1357.csv,5258_Tag22_08AUG2019-1352_16AUG2019-1357.csv,.csv,summer 2019,accelerometer_icetag,,,,,
Données completes/Données accelerometres/Summer 2019/Icetag/IceTags/Per minute/2019AUG08-2019AUG16/5258_Tag22_08AUG2019-1352_16AUG2019-1357_LB.csv,5258_Tag22_08AUG2019-1352_16AUG2019-1357_LB.csv,.csv,summer 2019,accelerometer_icetag,,,,,
Données completes/Données accelerometres/Summer 2019/Icetag/IceTags/Per minute/2019AUG08-2019AUG16/5313_Tag86_08AUG2019-1410_16AUG2019-1414.csv,5313_Tag86_08AUG2019-1410_16AUG2019-1414.csv,.csv,summer 2019,accelerometer_icetag,,,,,
Données completes/Données accelerometres/Summer 2019/Icetag/IceTags/Per minute/2019AUG08-2019AUG16/5313_Tag86_08AUG2019-1410_16AUG2019-1414_LB.csv,5313_Tag86_08AUG2019-1410_16AUG2019-1414_LB.csv,.csv,summer 2019,accelerometer_icetag,,,,,
Données completes/Données accelerometres/Summer 2019/Icetag/IceTags/Per minute/2019AUG08-2019AUG16/5322_Tag93_08AUG2019-1330_16AUG2019-1355.csv,5322_Tag93_08AUG2019-1330_16AUG2019-1355.csv,.csv,summer 2019,accelerometer_icetag,,,,,
Données completes/Données accelerometres/Summer 2019/Icetag/IceTags/Per minute/2019AUG08-2019AUG16/5322_Tag93_08AUG2019-1330_16AUG2019-1355_LB.csv,5322_Tag93_08AUG2019-1330_16AUG2019-1355_LB.csv,.csv,summer 2019,accelerometer_icetag,,,,,
Données completes/Données accelerometres/Summer 2019/Icetag/IceTags/Per minute/2019AUG08-2019AUG16/5330_Tag95_08AUG2019-1351_16AUG2019-1356.csv,5330_Tag95_08AUG2019-1351_16AUG2019-1356.csv,.csv,summer 2019,accelerometer_icetag,,,,,
Données completes/Données accelerometres/Summer 2019/Icetag/IceTags/Per minute/2019AUG08-2019AUG16/5330_Tag95_08AUG2019-1351_16AUG2019-1356_LB.csv,5330_Tag95_08AUG2019-1351_16AUG2019-1356_LB.csv,.csv,summer 2019,accelerometer_icetag,,,,,
Données completes/Données accelerometres/Summer 2019/Icetag/IceTags/Per minute/2019AUG08-2019AUG16/5854_Tag88_08AUG2019-1331_16AUG2019-1335.csv,5854_Tag88_08AUG2019-1331_16AUG2019-1335.csv,.csv,summer 2019,accelerometer_icetag,,,,,
Données completes/Données accelerometres/Summer 2019/Icetag/IceTags/Per minute/2019AUG08-2019AUG16/5854_Tag88_08AUG2019-1331_16AUG2019-1335_LB.csv,5854_Tag88_08AUG2019-1331_16AUG2019-1335_LB.csv,.csv,summer 2019,accelerometer_icetag,,,,,
Données completes/Données accelerometres/Summer 2019/Icetag/IceTags/Per minute/2019AUG08-2019AUG16/5857_Tag92_08AUG2019-1311_16AUG2019-1314.csv,5857_Tag92_08AUG2019-1311_16AUG2019-1314.csv,.csv,summer 2019,accelerometer_icetag,,,,,
Données completes/Données accelerometres/Summer 2019/Icetag/IceTags/Per minute/2019AUG08-2019AUG16/5857_Tag92_08AUG2019-1311_16AUG2019-1314_LB.csv,5857_Tag92_08AUG2019-1311_16AUG2019-1314_LB.csv,.csv,summer 2019,accelerometer_icetag,,,,,
Données completes/Données accelerometres/Summer 2019/Icetag/IceTags/Per minute/2019AUG08-2019AUG16/5862_Tag87_08AUG2019-1331_16AUG2019-1335.csv,5862_Tag87_08AUG2019-1331_16AUG2019-1335.csv,.csv,summer 2019,accelerometer_icetag,,,,,
Données completes/Données accelerometres/Summer 2019/Icetag/IceTags/Per minute/2019AUG08-2019AUG16/5862_Tag87_08AUG2019-1331_16AUG2019-1335_LB.csv,5862_Tag87_08AUG2019-1331_16AUG2019-1335_LB.csv,.csv,summer 2019,accelerometer_icetag,,,,,
Données completes/Données accelerometres/Summer 2019/Icetag/IceTags/Per minute/2019AUG08-2019AUG16/5865_Tag90_08AUG2019-1411_16AUG2019-1415.csv,5865_Tag90_08AUG2019-1411_16AUG2019-1415.csv,.csv,summer 2019,accelerometer_icetag,,,,,
Données completes/Données accelerometres/Summer 2019/Icetag/IceTags/Per minute/2019AUG08-2019AUG16/5865_Tag90_08AUG2019-1411_16AUG2019-1415_LB.csv,5865_Tag90_08AUG2019-1411_16AUG2019-1415_LB.csv,.csv,summer 2019,accelerometer_icetag,,,,,
Données completes/Données accelerometres/Summer 2019/Icetag/IceTags/Per minute/2019AUG08-2019AUG16/5871_Tag94_08AUG2019-1411_16AUG2019-1414.csv,5871_Tag94_08AUG2019-1411_16AUG2019-1414.csv,.csv,summer 2019,accelerometer_icetag,,,,,
Données completes/Données accelerometres/Summer 2019/Icetag/IceTags/Per minute/2019AUG08-2019AUG16/5871_Tag94_08AUG2019-1411_16AUG2019-1414_LB.csv,5871_Tag94_08AUG2019-1411_16AUG2019-1414_LB.csv,.csv,summer 2019,accelerometer_icetag,,,,,
Données completes/Données accelerometres/Summer 2019/Icetag/IceTags/Per minute/2019AUG08-2019AUG16/8515_Tag21_08AUG2019-1310_16AUG2019-1314.csv,8515_Tag21_08AUG2019-1310_16AUG2019-1314.csv,.csv,summer 2019,accelerometer_icetag,,,,,
Données completes/Données accelerometres/Summer 2019/Icetag/IceTags/Per minute/2019AUG08-2019AUG16/8515_Tag21_08AUG2019-1310_16AUG2019-1314_LB.csv,8515_Tag21_08AUG2019-1310_16AUG2019-1314_LB.csv,.csv,summer 2019,accelerometer_icetag,,,,,
Données completes/Données accelerometres/Summer 2019/Icetag/IceTags/Per minute/2019AUG08-2019AUG16/8520_Tag25_08AUG2019-1310_16AUG2019-1313.csv,8520_Tag25_08AUG2019-1310_16AUG2019-1313.csv,.csv,summer 2019,accelerometer_icetag,,,,,
Données completes/Données accelerometres/Summer 2019/Icetag/IceTags/Per minute/2019AUG08-2019AUG16/8520_Tag25_08AUG2019-1310_16AUG2019-1313_LB.csv,8520_Tag25_08AUG2019-1310_16AUG2019-1313_LB.csv,.csv,summer 2019,accelerometer_icetag,,,,,
Données completes/Données accelerometres/Summer 2019/Icetag/IceTags/Per minute/2019AUG08-2019AUG16/8525_Tag85_08AUG2019-1350_16AUG2019-1356.csv,8525_Tag85_08AUG2019-1350_16AUG2019-1356.csv,.csv,summer 2019,accelerometer_icetag,,,,,
Données completes/Données accelerometres/Summer 2019/Icetag/IceTags/Per minute/2019AUG08-2019AUG16/8525_Tag85_08AUG2019-1350_16AUG2019-1356_LB.csv,8525_Tag85_08AUG2019-1350_16AUG2019-1356_LB.csv,.csv,summer 2019,accelerometer_icetag,,,,,
Données completes/Données accelerometres/Summer 2019/Icetag/IceTags/Per minute/2019AUG08-2019AUG16/8536_Tag96_08AUG2019-1332_16AUG2019-1336.csv,8536_Tag96_08AUG2019-1332_16AUG2019-1336.csv,.csv,summer 2019,accelerometer_icetag,,,,,
Données completes/Données accelerometres/Summer 2019/Icetag/IceTags/Per minute/2019AUG08-2019AUG16/8536_Tag96_08AUG2019-1332_16AUG2019-1336_LB.csv,8536_Tag96_08AUG2019-1332_16AUG2019-1336_LB.csv,.csv,summer 2019,accelerometer_icetag,,,,,
Données completes/Données accelerometres/Summer 2019/Icetag/IceTags/Per minute/2019AUG16-2019AUG22/2062_Tag91_16AUG2019-1312_22AUG2019-1311.csv,2062_Tag91_16AUG2019-1312_22AUG2019-1311.csv,.csv,summer 2019,accelerometer_icetag,,,,,
Données completes/Données accelerometres/Summer 2019/Icetag/IceTags/Per minute/2019AUG16-2019AUG22/2062_Tag91_16AUG2019-1312_22AUG2019-1311_LB.csv,2062_Tag91_16AUG2019-1312_22AUG2019-1311_LB.csv,.csv,summer 2019,accelerometer_icetag,,,,,
Données completes/Données accelerometres/Summer 2019/Icetag/IceTags/Per minute/2019AUG16-2019AUG22/419_Tag88_16AUG2019-1355_22AUG2019-1349.csv,419_Tag88_16AUG2019-1355_22AUG2019-1349.csv,.csv,summer 2019,accelerometer_icetag,,,,,
Données completes/Données accelerometres/Summer 2019/Icetag/IceTags/Per minute/2019AUG16-2019AUG22/419_Tag88_16AUG2019-1355_22AUG2019-1349_LB.csv,419_Tag88_16AUG2019-1355_22AUG2019-1349_LB.csv,.csv,summer 2019,accelerometer_icetag,,,,,
Données completes/Données accelerometres/Summer 2019/Icetag/IceTags/Per minute/2019AUG16-2019AUG22/5258_Tag93_16AUG2019-1355_22AUG2019-1350.csv,5258_Tag93_16AUG2019-1355_22AUG2019-1350.csv,.csv,summer 2019,accelerometer_icetag,,,,,
Données completes/Données accelerometres/Summer 2019/Icetag/IceTags/Per minute/2019AUG16-2019AUG22/5258_Tag93_16AUG2019-1355_22AUG2019-1350_LB.csv,5258_Tag93_16AUG2019-1355_22AUG2019-1350_LB.csv,.csv,summer 2019,accelerometer_icetag,,,,,
Données completes/Données accelerometres/Summer 2019/Icetag/IceTags/Per minute/2019AUG16-2019AUG22/5313_Tag95_16AUG2019-1413_22AUG2019-1411.csv,5313_Tag95_16AUG2019-1413_22AUG2019-1411.csv,.csv,summer 2019,accelerometer_icetag,,,,,
Données completes/Données accelerometres/Summer 2019/Icetag/IceTags/Per minute/2019AUG16-2019AUG22/5313_Tag95_16AUG2019-1413_22AUG2019-1411_LB.csv,5313_Tag95_16AUG2019-1413_22AUG2019-1411_LB.csv,.csv,summer 2019,accelerometer_icetag,,,,,
Données completes/Données accelerometres/Summer 2019/Icetag/IceTags/Per minute/2019AUG16-2019AUG22/5322_Tag21_16AUG2019-1332_22AUG2019-1332.csv,5322_Tag21_16AUG2019-1332_22AUG2019-1332.csv,.csv,summer 2019,accelerometer_icetag,,,,,
Données completes/Données accelerometres/Summer 2019/Icetag/IceTags/Per minute/2019AUG16-2019AUG22/5322_Tag21_16AUG2019-1332_22AUG2019-1332_LB.csv,5322_Tag21_16AUG2019-1332_22AUG2019-1332_LB.csv,.csv,summer 2019,accelerometer_icetag,,,,,
Données completes/Données accelerometres/Summer 2019/Icetag/IceTags/Per minute/2019AUG16-2019AUG22/5330_Tag87_16AUG2019-1355_22AUG2019-1349.csv,5330_Tag87_16AUG2019-1355_22AUG2019-1349.csv,.csv,summer 2019,accelerometer_icetag,,,,,
Données completes/Données accelerometres/Summer 2019/Icetag/IceTags/Per minute/2019AUG16-2019AUG22/5330_Tag87_16AUG2019-1355_22AUG2019-1349_LB.csv,5330_Tag87_16AUG2019-1355_22AUG2019-1349_LB.csv,.csv,summer 2019,accelerometer_icetag,,,,,
Données completes/Données accelerometres/Summer 2019/Icetag/IceTags/Per minute/2019AUG16-2019AUG22/5854_Tag25_16AUG2019-1333_22AUG2019-1332.csv,5854_Tag25_16AUG2019-1333_22AUG2019-1332.csv,.csv,summer 2019,accelerometer_icetag,,,,,
Données completes/Données accelerometres/Summer 2019/Icetag/IceTags/Per minute/2019AUG16-2019AUG22/5854_Tag25_16AUG2019-1333_22AUG2019-1332_LB.csv,5854_Tag25_16AUG2019-1333_22AUG2019-1332_LB.csv,.csv,summer 2019,accelerometer_icetag,,,,,
Données completes/Données accelerometres/Summer 2019/Icetag/IceTags/Per minute/2019AUG16-2019AUG22/5857_Tag89_16AUG2019-1311_22AUG2019-1313.csv,5857_Tag89_16AUG2019-1311_22AUG2019-1313.csv,.csv,summer 2019,accelerometer_icetag,,,,,
Données completes/Données accelerometres/Summer 2019/Icetag/IceTags/Per minute/2019AUG16-2019AUG22/5857_Tag89_16AUG2019-1311_22AUG2019-1313_LB.csv,5857_Tag89_16AUG2019-1311_22AUG2019-1313_LB.csv,.csv,summer 2019,accelerometer_icetag,,,,,
Données completes/Données accelerometres/Summer 2019/Icetag/IceTags/Per minute/2019AUG16-2019AUG22/5862_Tag92_16AUG2019-1332_22AUG2019-1332.csv,5862_Tag92_16AUG2019-1332_22AUG2019-1332.csv,.csv,summer 2019,accelerometer_icetag,,,,,
Données completes/Données accelerometres/Summer 2019/Icetag/IceTags/Per minute/2019AUG16-2019AUG22/5862_Tag92_16AUG2019-1332_22AUG2019-1332_LB.csv,5862_Tag92_16AUG2019-1332_22AUG2019-1332_LB.csv,.csv,summer 2019,accelerometer_icetag,,,,,
Données completes/Données accelerometres/Summer 2019/Icetag/IceTags/Per minute/2019AUG16-2019AUG22/5865_Tag26_16AUG2019-1412_22AUG2019-1413.csv,5865_Tag26_16AUG2019-1412_22AUG2019-1413.csv,.csv,summer 2019,accelerometer_icetag,,,,,
Données completes/Données accelerometres/Summer 2019/Icetag/IceTags/Per minute/2019AUG16-2019AUG22/5865_Tag26_16AUG2019-1412_22AUG2019-1413_LB.csv,5865_Tag26_16AUG2019-1412_22AUG2019-1413_LB.csv,.csv,summer 2019,accelerometer_icetag,,,,,
Données completes/Données accelerometres/Summer 2019/Icetag/IceTags/Per minute/2019AUG16-2019AUG22/5871_Tag22_16AUG2019-1413_22AUG2019-1411.csv,5871_Tag22_16AUG2019-1413_22AUG2019-1411.csv,.csv,summer 2019,accelerometer_icetag,,,,,
Données completes/Données accelerometres/Summer 2019/Icetag/IceTags/Per minute/2019AUG16-2019AUG22/5871_Tag22_16AUG2019-1413_22AUG2019-1411_LB.csv,5871_Tag22_16AUG2019-1413_22AUG2019-1411_LB.csv,.csv,summer 2019,accelerometer_icetag,,,,,
Données completes/Données accelerometres/Summer 2019/Icetag/IceTags/Per minute/2019AUG16-2019AUG22/8515_Tag97_16AUG2019-1312_22AUG2019-1310.csv,8515_Tag97_16AUG2019-1312_22AUG2019-1310.csv,.csv,summer 2019,accelerometer_icetag,,,,,
Données completes/Données accelerometres/Summer 2019/Icetag/IceTags/Per minute/2019AUG16-2019AUG22/8515_Tag97_16AUG2019-1312_22AUG2019-1310_LB.csv,8515_Tag97_16AUG2019-1312_22AUG2019-1310_LB.csv,.csv,summer 2019,accelerometer_icetag,,,,,
Données completes/Données accelerometres/Summer 2019/Icetag/IceTags/Per minute/2019AUG16-2019AUG22/8520_Tag20_16AUG2019-1311_22AUG2019-1310.csv,8520_Tag20_16AUG2019-1311_22AUG2019-1310.csv,.csv,summer 2019,accelerometer_icetag,,,,,
Données completes/Données accelerometres/Summer 2019/Icetag/IceTags/Per minute/2019AUG16-2019AUG22/8520_Tag20_16AUG2019-1311_22AUG2019-1310_LB.csv,8520_Tag20_16AUG2019-1311_22AUG2019-1310_LB.csv,.csv,summer 2019,accelerometer_icetag,,,,,
Données completes/Données accelerometres/Summer 2019/Icetag/IceTags/Per minute/2019AUG16-2019AUG22/8525_Tag96_16AUG2019-1354_22AUG2019-1349.csv,8525_Tag96_16AUG2019-1354_22AUG2019-1349.csv,.csv,summer 2019,accelerometer_icetag,,,,,
Données completes/Données accelerometres/Summer 2019/Icetag/IceTags/Per minute/2019AUG16-2019AUG22/8525_Tag96_16AUG2019-1354_22AUG2019-1349_LB.csv,8525_Tag96_16AUG2019-1354_22AUG2019-1349_LB.csv,.csv,summer 2019,accelerometer_icetag,,,,,
Données completes/Données accelerometres/Summer 2019/Icetag/IceTags/Per minute/2019AUG16-2019AUG22/8536_Tag76_16AUG2019-1334_22AUG2019-1333.csv,8536_Tag76_16AUG2019-1334_22AUG2019-1333.csv,.csv,summer 2019,accelerometer_icetag,,,,,
Données completes/Données accelerometres/Summer 2019/Icetag/IceTags/Per minute/2019AUG16-2019AUG22/8536_Tag76_16AUG2019-1334_22AUG2019-1333_LB.csv,8536_Tag76_16AUG2019-1334_22AUG2019-1333_LB.csv,.csv,summer 2019,accelerometer_icetag,,,,,
Données completes/Données accelerometres/Summer 2019/Icetag/IceTags/Per minute/2019AUG22-2019SEP06-IceTag double/IceTag 50001991 (P)_08-16-2019__13;06;40_LB.csv,IceTag 50001991 (P)_08-16-2019__13;06;40_LB.csv,.csv,summer 2019,accelerometer_icetag,,,,,
Données completes/Données accelerometres/Summer 2019/Icetag/IceTags/Per minute/2019AUG22-2019SEPT06/2062_Tag86_22AUG2019-1309_06SEP2019-1026.csv,2062_Tag86_22AUG2019-1309_06SEP2019-1026.csv,.csv,summer 2019,accelerometer_icetag,,,,,
Données completes/Données accelerometres/Summer 2019/Icetag/IceTags/Per minute/2019AUG22-2019SEPT06/2062_Tag86_22AUG2019-1309_06SEP2019-1026_LB.csv,2062_Tag86_22AUG2019-1309_06SEP2019-1026_LB.csv,.csv,summer 2019,accelerometer_icetag,,,,,
Données completes/Données accelerometres/Summer 2019/Icetag/IceTags/Per minute/2019AUG22-2019SEPT06/419_Tag76_22AUG2019-1348_06SEP2019-1033.csv,419_Tag76_22AUG2019-1348_06SEP2019-1033.csv,.csv,summer 2019,accelerometer_icetag,,,,,
Données completes/Données accelerometres/Summer 2019/Icetag/IceTags/Per minute/2019AUG22-2019SEPT06/419_Tag76_22AUG2019-1348_06SEP2019-1033_LB.csv,419_Tag76_22AUG2019-1348_06SEP2019-1033_LB.csv,.csv,summer 2019,accelerometer_icetag,,,,,
Données completes/Données accelerometres/Summer 2019/Icetag/IceTags/Per minute/2019AUG22-2019SEPT06/5313_Tag93_22AUG2019-1410_06SEP2019-1035.csv,5313_Tag93_22AUG2019-1410_06SEP2019-1035.csv,.csv,summer 2019,accelerometer_icetag,,,,,
Données completes/Données accelerometres/Summer 2019/Icetag/IceTags/Per minute/2019AUG22-2019SEPT06/5313_Tag93_22AUG2019-1410_06SEP2019-1035_LB.csv,5313_Tag93_22AUG2019-1410_06SEP2019-1035_LB.csv,.csv,summer 2019,accelerometer_icetag,,,,,
Données completes/Données accelerometres/Summer 2019/Icetag/IceTags/Per minute/2019AUG22-2019SEPT06/5322_Tag91_22AUG2019-1329_29AUG2019-0959.xlsx,5322_Tag91_22AUG2019-1329_29AUG2019-0959.xlsx,.xlsx,summer 2019,accelerometer_icetag,1,Sheet1,Sheet1,IceTag ID: |  | 50001991 |  |  |  |  |  || Site ID: |  | n/a |  |  |  |  |  || Animal ID: |  | n/a |  |  |  |  | ,
Données completes/Données accelerometres/Summer 2019/Icetag/IceTags/Per minute/2019AUG22-2019SEPT06/5322_Tag91_22AUG2019-1329_29AUG2019-0959_LB.xlsx,5322_Tag91_22AUG2019-1329_29AUG2019-0959_LB.xlsx,.xlsx,summer 2019,accelerometer_icetag,1,Sheet1,Sheet1,IceTag ID: | 50001991 |  |  |  || Site ID: | n/a |  |  |  || Animal ID: | n/a |  |  | ,
Données completes/Données accelerometres/Summer 2019/Icetag/IceTags/Per minute/2019AUG22-2019SEPT06/5322_Tag95_29AUG2019-1000_06SEP2019-1031.csv,5322_Tag95_29AUG2019-1000_06SEP2019-1031.csv,.csv,summer 2019,accelerometer_icetag,,,,,
Données completes/Données accelerometres/Summer 2019/Icetag/IceTags/Per minute/2019AUG22-2019SEPT06/5322_Tag95_29AUG2019-1329_06SEP2019-1031_LB.csv,5322_Tag95_29AUG2019-1329_06SEP2019-1031_LB.csv,.csv,summer 2019,accelerometer_icetag,,,,,
Données completes/Données accelerometres/Summer 2019/Icetag/IceTags/Per minute/2019AUG22-2019SEPT06/5330_Tag92_22AUG2019-1347_06SEP2019-1032.csv,5330_Tag92_22AUG2019-1347_06SEP2019-1032.csv,.csv,summer 2019,accelerometer_icetag,,,,,
Données completes/Données accelerometres/Summer 2019/Icetag/IceTags/Per minute/2019AUG22-2019SEPT06/5330_Tag92_22AUG2019-1347_06SEP2019-1032_LB.csv,5330_Tag92_22AUG2019-1347_06SEP2019-1032_LB.csv,.csv,summer 2019,accelerometer_icetag,,,,,
Données completes/Données accelerometres/Summer 2019/Icetag/IceTags/Per minute/2019AUG22-2019SEPT06/5854_Tag97_22AUG2019-1329_06SEP2019-1031.csv,5854_Tag97_22AUG2019-1329_06SEP2019-1031.csv,.csv,summer 2019,accelerometer_icetag,,,,,
Données completes/Données accelerometres/Summer 2019/Icetag/IceTags/Per minute/2019AUG22-2019SEPT06/5854_Tag97_22AUG2019-1329_06SEP2019-1031_LB.csv,5854_Tag97_22AUG2019-1329_06SEP2019-1031_LB.csv,.csv,summer 2019,accelerometer_icetag,,,,,
Données completes/Données accelerometres/Summer 2019/Icetag/IceTags/Per minute/2019AUG22-2019SEPT06/5857_Tag85_22AUG2019-1309_06SEP2019-1026.csv,5857_Tag85_22AUG2019-1309_06SEP2019-1026.csv,.csv,summer 2019,accelerometer_icetag,,,,,
Données completes/Données accelerometres/Summer 2019/Icetag/IceTags/Per minute/2019AUG22-2019SEPT06/5857_Tag85_22AUG2019-1309_06SEP2019-1026_LB.csv,5857_Tag85_22AUG2019-1309_06SEP2019-1026_LB.csv,.csv,summer 2019,accelerometer_icetag,,,,,
Données completes/Données accelerometres/Summer 2019/Icetag/IceTags/Per minute/2019AUG22-2019SEPT06/5862_Tag20_22AUG2019-1330_06SEP2019-1031.csv,5862_Tag20_22AUG2019-1330_06SEP2019-1031.csv,.csv,summer 2019,accelerometer_icetag,,,,,
Données completes/Données accelerometres/Summer 2019/Icetag/IceTags/Per minute/2019AUG22-2019SEPT06/5862_Tag20_22AUG2019-1330_06SEP2019-1031_LB.csv,5862_Tag20_22AUG2019-1330_06SEP2019-1031_LB.csv,.csv,summer 2019,accelerometer_icetag,,,,,
Données completes/Données accelerometres/Summer 2019/Icetag/IceTags/Per minute/2019AUG22-2019SEPT06/5865_Tag87_22AUG2019-1410_06SEP2019-1036.csv,5865_Tag87_22AUG2019-1410_06SEP2019-1036.csv,.csv,summer 2019,accelerometer_icetag,,,,,
Données completes/Données accelerometres/Summer 2019/Icetag/IceTags/Per minute/2019AUG22-2019SEPT06/5865_Tag87_22AUG2019-1410_06SEP2019-1036_LB.csv,5865_Tag87_22AUG2019-1410_06SEP2019-1036_LB.csv,.csv,summer 2019,accelerometer_icetag,,,,,
Données completes/Données accelerometres/Summer 2019/Icetag/IceTags/Per minute/2019AUG22-2019SEPT06/5871_Tag88_22AUG2019-1410_06SEP2019-1036.csv,5871_Tag88_22AUG2019-1410_06SEP2019-1036.csv,.csv,summer 2019,accelerometer_icetag,,,,,
Données completes/Données accelerometres/Summer 2019/Icetag/IceTags/Per minute/2019AUG22-2019SEPT06/5871_Tag88_22AUG2019-1410_06SEP2019-1036_LB.csv,5871_Tag88_22AUG2019-1410_06SEP2019-1036_LB.csv,.csv,summer 2019,accelerometer_icetag,,,,,
Données completes/Données accelerometres/Summer 2019/Icetag/IceTags/Per minute/2019AUG22-2019SEPT06/8515_Tag94_22AUG2019-1308_06SEP2019-1026.csv,8515_Tag94_22AUG2019-1308_06SEP2019-1026.csv,.csv,summer 2019,accelerometer_icetag,,,,,
Données completes/Données accelerometres/Summer 2019/Icetag/IceTags/Per minute/2019AUG22-2019SEPT06/8515_Tag94_22AUG2019-1308_06SEP2019-1026_LB.csv,8515_Tag94_22AUG2019-1308_06SEP2019-1026_LB.csv,.csv,summer 2019,accelerometer_icetag,,,,,
Données completes/Données accelerometres/Summer 2019/Icetag/IceTags/Per minute/2019AUG22-2019SEPT06/8520_Tag90_22AUG2019-1308_06SEP2019-1025.csv,8520_Tag90_22AUG2019-1308_06SEP2019-1025.csv,.csv,summer 2019,accelerometer_icetag,,,,,
Données completes/Données accelerometres/Summer 2019/Icetag/IceTags/Per minute/2019AUG22-2019SEPT06/8520_Tag90_22AUG2019-1308_06SEP2019-1025_LB.csv,8520_Tag90_22AUG2019-1308_06SEP2019-1025_LB.csv,.csv,summer 2019,accelerometer_icetag,,,,,
Données completes/Données accelerometres/Summer 2019/Icetag/IceTags/Per minute/2019AUG22-2019SEPT06/8525_Tag21_22AUG2019-1347_06SEP2019-1032.csv,8525_Tag21_22AUG2019-1347_06SEP2019-1032.csv,.csv,summer 2019,accelerometer_icetag,,,,,
Données completes/Données accelerometres/Summer 2019/Icetag/IceTags/Per minute/2019AUG22-2019SEPT06/8525_Tag21_22AUG2019-1347_06SEP2019-1032_LB.csv,8525_Tag21_22AUG2019-1347_06SEP2019-1032_LB.csv,.csv,summer 2019,accelerometer_icetag,,,,,
Données completes/Données accelerometres/Summer 2019/Icetag/IceTags/Per minute/2019AUG22-2019SEPT06/8536_Tag89_22AUG2019-1331_06SEP2019-1029.csv,8536_Tag89_22AUG2019-1331_06SEP2019-1029.csv,.csv,summer 2019,accelerometer_icetag,,,,,
Données completes/Données accelerometres/Summer 2019/Icetag/IceTags/Per minute/2019AUG22-2019SEPT06/8536_Tag89_22AUG2019-1331_06SEP2019-1029_LB.csv,8536_Tag89_22AUG2019-1331_06SEP2019-1029_LB.csv,.csv,summer 2019,accelerometer_icetag,,,,,
Données completes/Données accelerometres/Summer 2019/Icetag/IceTags/Per minute/2019JUL04-2019JUL11/2062_Tag97_04JUL2019-1248_11JUL2019-0948.csv,2062_Tag97_04JUL2019-1248_11JUL2019-0948.csv,.csv,summer 2019,accelerometer_icetag,,,,,
Données completes/Données accelerometres/Summer 2019/Icetag/IceTags/Per minute/2019JUL04-2019JUL11/2062_Tag97_04JUL2019-1248_11JUL2019-0948_LB.csv,2062_Tag97_04JUL2019-1248_11JUL2019-0948_LB.csv,.csv,summer 2019,accelerometer_icetag,,,,,
Données completes/Données accelerometres/Summer 2019/Icetag/IceTags/Per minute/2019JUL04-2019JUL11/419_Tag24_04JUL2019-1338_11JUL2019-1026.csv,419_Tag24_04JUL2019-1338_11JUL2019-1026.csv,.csv,summer 2019,accelerometer_icetag,,,,,
Données completes/Données accelerometres/Summer 2019/Icetag/IceTags/Per minute/2019JUL04-2019JUL11/419_Tag24_04JUL2019-1338_11JUL2019-1026_LB.csv,419_Tag24_04JUL2019-1338_11JUL2019-1026_LB.csv,.csv,summer 2019,accelerometer_icetag,,,,,
Données completes/Données accelerometres/Summer 2019/Icetag/IceTags/Per minute/2019JUL04-2019JUL11/5169_Tag90_04JUL2019-1312_11JUL2019-1058.csv,5169_Tag90_04JUL2019-1312_11JUL2019-1058.csv,.csv,summer 2019,accelerometer_icetag,,,,,
Données completes/Données accelerometres/Summer 2019/Icetag/IceTags/Per minute/2019JUL04-2019JUL11/5169_Tag90_04JUL2019-1312_11JUL2019-1058_LB.csv,5169_Tag90_04JUL2019-1312_11JUL2019-1058_LB.csv,.csv,summer 2019,accelerometer_icetag,,,,,
Données completes/Données accelerometres/Summer 2019/Icetag/IceTags/Per minute/2019JUL04-2019JUL11/5214_Tag96_05JUL2019-831_11JUL2019-1006.csv,5214_Tag96_05JUL2019-831_11JUL2019-1006.csv,.csv,summer 2019,accelerometer_icetag,,,,,
Données completes/Données accelerometres/Summer 2019/Icetag/IceTags/Per minute/2019JUL04-2019JUL11/5214_Tag96_05JUL2019-831_11JUL2019-1006_LB.csv,5214_Tag96_05JUL2019-831_11JUL2019-1006_LB.csv,.csv,summer 2019,accelerometer_icetag,,,,,
Données completes/Données accelerometres/Summer 2019/Icetag/IceTags/Per minute/2019JUL04-2019JUL11/5258_Tag22_04JUL2019-1338_11JUL2019-1041.csv,5258_Tag22_04JUL2019-1338_11JUL2019-1041.csv,.csv,summer 2019,accelerometer_icetag,,,,,
Données completes/Données accelerometres/Summer 2019/Icetag/IceTags/Per minute/2019JUL04-2019JUL11/5258_Tag22_04JUL2019-1338_11JUL2019-1041_LB.csv,5258_Tag22_04JUL2019-1338_11JUL2019-1041_LB.csv,.csv,summer 2019,accelerometer_icetag,,,,,
Données completes/Données accelerometres/Summer 2019/Icetag/IceTags/Per minute/2019JUL04-2019JUL11/5313_Tag86_04JUL2019-1339_11JUL2019-1042.csv,5313_Tag86_04JUL2019-1339_11JUL2019-1042.csv,.csv,summer 2019,accelerometer_icetag,,,,,
Données completes/Données accelerometres/Summer 2019/Icetag/IceTags/Per minute/2019JUL04-2019JUL11/5313_Tag86_04JUL2019-1339_11JUL2019-1042_LB.csv,5313_Tag86_04JUL2019-1339_11JUL2019-1042_LB.csv,.csv,summer 2019,accelerometer_icetag,,,,,
Données completes/Données accelerometres/Summer 2019/Icetag/IceTags/Per minute/2019JUL04-2019JUL11/5322_Tag87_04JUL2019-1248_11JUL2019-1006.csv,5322_Tag87_04JUL2019-1248_11JUL2019-1006.csv,.csv,summer 2019,accelerometer_icetag,,,,,
Données completes/Données accelerometres/Summer 2019/Icetag/IceTags/Per minute/2019JUL04-2019JUL11/5322_Tag87_04JUL2019-1248_11JUL2019-1006_LB.csv,5322_Tag87_04JUL2019-1248_11JUL2019-1006_LB.csv,.csv,summer 2019,accelerometer_icetag,,,,,
Données completes/Données accelerometres/Summer 2019/Icetag/IceTags/Per minute/2019JUL04-2019JUL11/5330_Tag76_04JUL2019-1338_11JUL2019-1026.csv,5330_Tag76_04JUL2019-1338_11JUL2019-1026.csv,.csv,summer 2019,accelerometer_icetag,,,,,
Données completes/Données accelerometres/Summer 2019/Icetag/IceTags/Per minute/2019JUL04-2019JUL11/5330_Tag76_04JUL2019-1338_11JUL2019-1026_LB.csv,5330_Tag76_04JUL2019-1338_11JUL2019-1026_LB.csv,.csv,summer 2019,accelerometer_icetag,,,,,
Données completes/Données accelerometres/Summer 2019/Icetag/IceTags/Per minute/2019JUL04-2019JUL11/5854_Tag26_04JUL2019-1312_11JUL2019-1007.csv,5854_Tag26_04JUL2019-1312_11JUL2019-1007.csv,.csv,summer 2019,accelerometer_icetag,,,,,
Données completes/Données accelerometres/Summer 2019/Icetag/IceTags/Per minute/2019JUL04-2019JUL11/5854_Tag26_04JUL2019-1312_11JUL2019-1007_LB.csv,5854_Tag26_04JUL2019-1312_11JUL2019-1007_LB.csv,.csv,summer 2019,accelerometer_icetag,,,,,
Données completes/Données accelerometres/Summer 2019/Icetag/IceTags/Per minute/2019JUL04-2019JUL11/5857_Tag88_04JUL2019-1247_11JUL2019-0949.csv,5857_Tag88_04JUL2019-1247_11JUL2019-0949.csv,.csv,summer 2019,accelerometer_icetag,,,,,
Données completes/Données accelerometres/Summer 2019/Icetag/IceTags/Per minute/2019JUL04-2019JUL11/5857_Tag88_04JUL2019-1247_11JUL2019-0949_LB.csv,5857_Tag88_04JUL2019-1247_11JUL2019-0949_LB.csv,.csv,summer 2019,accelerometer_icetag,,,,,
Données completes/Données accelerometres/Summer 2019/Icetag/IceTags/Per minute/2019JUL04-2019JUL11/5862_Tag93_04JUL2019-1313_11JUL2019-1006.csv,5862_Tag93_04JUL2019-1313_11JUL2019-1006.csv,.csv,summer 2019,accelerometer_icetag,,,,,
Données completes/Données accelerometres/Summer 2019/Icetag/IceTags/Per minute/2019JUL04-2019JUL11/5862_Tag93_04JUL2019-1313_11JUL2019-1006_LB.csv,5862_Tag93_04JUL2019-1313_11JUL2019-1006_LB.csv,.csv,summer 2019,accelerometer_icetag,,,,,
Données completes/Données accelerometres/Summer 2019/Icetag/IceTags/Per minute/2019JUL04-2019JUL11/5865_Tag20_04JUL2019-1402_11JUL2019-1042.csv,5865_Tag20_04JUL2019-1402_11JUL2019-1042.csv,.csv,summer 2019,accelerometer_icetag,,,,,
Données completes/Données accelerometres/Summer 2019/Icetag/IceTags/Per minute/2019JUL04-2019JUL11/5865_Tag20_04JUL2019-1402_11JUL2019-1042_LB.csv,5865_Tag20_04JUL2019-1402_11JUL2019-1042_LB.csv,.csv,summer 2019,accelerometer_icetag,,,,,
Données completes/Données accelerometres/Summer 2019/Icetag/IceTags/Per minute/2019JUL04-2019JUL11/5871_Tag89_04JUL2019-1346_11JUL2019-1042.csv,5871_Tag89_04JUL2019-1346_11JUL2019-1042.csv,.csv,summer 2019,accelerometer_icetag,,,,,
Données completes/Données accelerometres/Summer 2019/Icetag/IceTags/Per minute/2019JUL04-2019JUL11/5871_Tag89_04JUL2019-1346_11JUL2019-1042_LB.csv,5871_Tag89_04JUL2019-1346_11JUL2019-1042_LB.csv,.csv,summer 2019,accelerometer_icetag,,,,,
Données completes/Données accelerometres/Summer 2019/Icetag/IceTags/Per minute/2019JUL04-2019JUL11/8515_Tag92_04JUL2019-1245_11JUL2019-0947.csv,8515_Tag92_04JUL2019-1245_11JUL2019-0947.csv,.csv,summer 2019,accelerometer_icetag,,,,,
Données completes/Données accelerometres/Summer 2019/Icetag/IceTags/Per minute/2019JUL04-2019JUL11/8515_Tag92_04JUL2019-1245_11JUL2019-0947_LB.csv,8515_Tag92_04JUL2019-1245_11JUL2019-0947_LB.csv,.csv,summer 2019,accelerometer_icetag,,,,,
Données completes/Données accelerometres/Summer 2019/Icetag/IceTags/Per minute/2019JUL04-2019JUL11/8520_Tag16_04JUL2019-1244_11JUL2019-0948.csv,8520_Tag16_04JUL2019-1244_11JUL2019-0948.csv,.csv,summer 2019,accelerometer_icetag,,,,,
Données completes/Données accelerometres/Summer 2019/Icetag/IceTags/Per minute/2019JUL04-2019JUL11/8520_Tag16_04JUL2019-1244_11JUL2019-0948_LB.csv,8520_Tag16_04JUL2019-1244_11JUL2019-0948_LB.csv,.csv,summer 2019,accelerometer_icetag,,,,,
Données completes/Données accelerometres/Summer 2019/Icetag/IceTags/Per minute/2019JUL04-2019JUL11/8525_Tag95_04JUL2019-1315_11JUL2019-1025.csv,8525_Tag95_04JUL2019-1315_11JUL2019-1025.csv,.csv,summer 2019,accelerometer_icetag,,,,,
Données completes/Données accelerometres/Summer 2019/Icetag/IceTags/Per minute/2019JUL04-2019JUL11/8525_Tag95_04JUL2019-1315_11JUL2019-1025_LB.csv,8525_Tag95_04JUL2019-1315_11JUL2019-1025_LB.csv,.csv,summer 2019,accelerometer_icetag,,,,,
Données completes/Données accelerometres/Summer 2019/Icetag/IceTags/Per minute/2019JUL04-2019JUL11/8536_Tag94_04JUL2019-1314_11JUL2019-1025.csv,8536_Tag94_04JUL2019-1314_11JUL2019-1025.csv,.csv,summer 2019,accelerometer_icetag,,,,,
Données completes/Données accelerometres/Summer 2019/Icetag/IceTags/Per minute/2019JUL04-2019JUL11/8536_Tag94_04JUL2019-1314_11JUL2019-1025_LB.csv,8536_Tag94_04JUL2019-1314_11JUL2019-1025_LB.csv,.csv,summer 2019,accelerometer_icetag,,,,,
Données completes/Données accelerometres/Summer 2019/Icetag/IceTags/Per minute/2019JUL11-2019JUL18/2062_Tag91_11JUL2019-0946_18JUL2019-1349.csv,2062_Tag91_11JUL2019-0946_18JUL2019-1349.csv,.csv,summer 2019,accelerometer_icetag,,,,,
Données completes/Données accelerometres/Summer 2019/Icetag/IceTags/Per minute/2019JUL11-2019JUL18/2062_Tag91_11JUL2019-0946_18JUL2019-1349_LB.csv,2062_Tag91_11JUL2019-0946_18JUL2019-1349_LB.csv,.csv,summer 2019,accelerometer_icetag,,,,,
Données completes/Données accelerometres/Summer 2019/Icetag/IceTags/Per minute/2019JUL11-2019JUL18/419_Tag93_11JUL2019-1024_18JUL2019-1442.csv,419_Tag93_11JUL2019-1024_18JUL2019-1442.csv,.csv,summer 2019,accelerometer_icetag,,,,,
Données completes/Données accelerometres/Summer 2019/Icetag/IceTags/Per minute/2019JUL11-2019JUL18/419_Tag93_11JUL2019-1024_18JUL2019-1442_LB.csv,419_Tag93_11JUL2019-1024_18JUL2019-1442_LB.csv,.csv,summer 2019,accelerometer_icetag,,,,,
Données completes/Données accelerometres/Summer 2019/Icetag/IceTags/Per minute/2019JUL11-2019JUL18/5169_Tag22_11JUL2019-1055_18JUL2019-1525.csv,5169_Tag22_11JUL2019-1055_18JUL2019-1525.csv,.csv,summer 2019,accelerometer_icetag,,,,,
Données completes/Données accelerometres/Summer 2019/Icetag/IceTags/Per minute/2019JUL11-2019JUL18/5169_Tag22_11JUL2019-1055_18JUL2019-1525_LB.csv,5169_Tag22_11JUL2019-1055_18JUL2019-1525_LB.csv,.csv,summer 2019,accelerometer_icetag,,,,,
Données completes/Données accelerometres/Summer 2019/Icetag/IceTags/Per minute/2019JUL11-2019JUL18/5214_Tag16_11JUL2019-1002_18JUL2019-1414.csv,5214_Tag16_11JUL2019-1002_18JUL2019-1414.csv,.csv,summer 2019,accelerometer_icetag,,,,,
Données completes/Données accelerometres/Summer 2019/Icetag/IceTags/Per minute/2019JUL11-2019JUL18/5214_Tag16_11JUL2019-1002_18JUL2019-1414_LB.csv,5214_Tag16_11JUL2019-1002_18JUL2019-1414_LB.csv,.csv,summer 2019,accelerometer_icetag,,,,,
Données completes/Données accelerometres/Summer 2019/Icetag/IceTags/Per minute/2019JUL11-2019JUL18/5258_Tag95_11JUL2019-1039_18JUL2019-1507.csv,5258_Tag95_11JUL2019-1039_18JUL2019-1507.csv,.csv,summer 2019,accelerometer_icetag,,,,,
Données completes/Données accelerometres/Summer 2019/Icetag/IceTags/Per minute/2019JUL11-2019JUL18/5258_Tag95_11JUL2019-1039_18JUL2019-1507_LB.csv,5258_Tag95_11JUL2019-1039_18JUL2019-1507_LB.csv,.csv,summer 2019,accelerometer_icetag,,,,,
Données completes/Données accelerometres/Summer 2019/Icetag/IceTags/Per minute/2019JUL11-2019JUL18/5313_Tag76_11JUL2019-1040_18JUL2019-1506.csv,5313_Tag76_11JUL2019-1040_18JUL2019-1506.csv,.csv,summer 2019,accelerometer_icetag,,,,,
Données completes/Données accelerometres/Summer 2019/Icetag/IceTags/Per minute/2019JUL11-2019JUL18/5313_Tag76_11JUL2019-1040_18JUL2019-1506_LB.csv,5313_Tag76_11JUL2019-1040_18JUL2019-1506_LB.csv,.csv,summer 2019,accelerometer_icetag,,,,,
Données completes/Données accelerometres/Summer 2019/Icetag/IceTags/Per minute/2019JUL11-2019JUL18/5322_Tag97_11JUL2019-1003_18JUL2019-1416.csv,5322_Tag97_11JUL2019-1003_18JUL2019-1416.csv,.csv,summer 2019,accelerometer_icetag,,,,,
Données completes/Données accelerometres/Summer 2019/Icetag/IceTags/Per minute/2019JUL11-2019JUL18/5322_Tag97_11JUL2019-1003_18JUL2019-1416_LB.csv,5322_Tag97_11JUL2019-1003_18JUL2019-1416_LB.csv,.csv,summer 2019,accelerometer_icetag,,,,,
Données completes/Données accelerometres/Summer 2019/Icetag/IceTags/Per minute/2019JUL11-2019JUL18/5330_Tag96_11JUL2019-1022_18JUL2019-1442.csv,5330_Tag96_11JUL2019-1022_18JUL2019-1442.csv,.csv,summer 2019,accelerometer_icetag,,,,,
Données completes/Données accelerometres/Summer 2019/Icetag/IceTags/Per minute/2019JUL11-2019JUL18/5330_Tag96_11JUL2019-1022_18JUL2019-1442_LB.csv,5330_Tag96_11JUL2019-1022_18JUL2019-1442_LB.csv,.csv,summer 2019,accelerometer_icetag,,,,,
Données completes/Données accelerometres/Summer 2019/Icetag/IceTags/Per minute/2019JUL11-2019JUL18/5854_Tag92_11JUL2019-1005_18JUL2019-1417.csv,5854_Tag92_11JUL2019-1005_18JUL2019-1417.csv,.csv,summer 2019,accelerometer_icetag,,,,,
Données completes/Données accelerometres/Summer 2019/Icetag/IceTags/Per minute/2019JUL11-2019JUL18/5854_Tag92_11JUL2019-1005_18JUL2019-1417_LB.csv,5854_Tag92_11JUL2019-1005_18JUL2019-1417_LB.csv,.csv,summer 2019,accelerometer_icetag,,,,,
Données completes/Données accelerometres/Summer 2019/Icetag/IceTags/Per minute/2019JUL11-2019JUL18/5857_Tag25_11JUL2019-0947_18JUL2019-1350.csv,5857_Tag25_11JUL2019-0947_18JUL2019-1350.csv,.csv,summer 2019,accelerometer_icetag,,,,,
Données completes/Données accelerometres/Summer 2019/Icetag/IceTags/Per minute/2019JUL11-2019JUL18/5857_Tag25_11JUL2019-0947_18JUL2019-1350_LB.csv,5857_Tag25_11JUL2019-0947_18JUL2019-1350_LB.csv,.csv,summer 2019,accelerometer_icetag,,,,,
Données completes/Données accelerometres/Summer 2019/Icetag/IceTags/Per minute/2019JUL11-2019JUL18/5862_Tag88_11JUL2019-1004_18JUL2019-1416.csv,5862_Tag88_11JUL2019-1004_18JUL2019-1416.csv,.csv,summer 2019,accelerometer_icetag,,,,,
Données completes/Données accelerometres/Summer 2019/Icetag/IceTags/Per minute/2019JUL11-2019JUL18/5862_Tag88_11JUL2019-1004_18JUL2019-1416_LB.csv,5862_Tag88_11JUL2019-1004_18JUL2019-1416_LB.csv,.csv,summer 2019,accelerometer_icetag,,,,,
Données completes/Données accelerometres/Summer 2019/Icetag/IceTags/Per minute/2019JUL11-2019JUL18/5865_Tag24_11JUL2019-1040_18JUL2019-1507.csv,5865_Tag24_11JUL2019-1040_18JUL2019-1507.csv,.csv,summer 2019,accelerometer_icetag,,,,,
Données completes/Données accelerometres/Summer 2019/Icetag/IceTags/Per minute/2019JUL11-2019JUL18/5865_Tag24_11JUL2019-1040_18JUL2019-1507_LB.csv,5865_Tag24_11JUL2019-1040_18JUL2019-1507_LB.csv,.csv,summer 2019,accelerometer_icetag,,,,,
Données completes/Données accelerometres/Summer 2019/Icetag/IceTags/Per minute/2019JUL11-2019JUL18/5871_Tag94_11JUL2019-1040_18JUL2019-1506.csv,5871_Tag94_11JUL2019-1040_18JUL2019-1506.csv,.csv,summer 2019,accelerometer_icetag,,,,,
Données completes/Données accelerometres/Summer 2019/Icetag/IceTags/Per minute/2019JUL11-2019JUL18/5871_Tag94_11JUL2019-1040_18JUL2019-1506_LB.csv,5871_Tag94_11JUL2019-1040_18JUL2019-1506_LB.csv,.csv,summer 2019,accelerometer_icetag,,,,,
Données completes/Données accelerometres/Summer 2019/Icetag/IceTags/Per minute/2019JUL11-2019JUL18/8515_Tag21_11JUL2019-0945_18JUL2019-1349.csv,8515_Tag21_11JUL2019-0945_18JUL2019-1349.csv,.csv,summer 2019,accelerometer_icetag,,,,,
Données completes/Données accelerometres/Summer 2019/Icetag/IceTags/Per minute/2019JUL11-2019JUL18/8515_Tag21_11JUL2019-0945_18JUL2019-1349_LB.csv,8515_Tag21_11JUL2019-0945_18JUL2019-1349_LB.csv,.csv,summer 2019,accelerometer_icetag,,,,,
Données completes/Données accelerometres/Summer 2019/Icetag/IceTags/Per minute/2019JUL11-2019JUL18/8520_Tag85_11JUL2019-0946_18JUL2019-1348.csv,8520_Tag85_11JUL2019-0946_18JUL2019-1348.csv,.csv,summer 2019,accelerometer_icetag,,,,,
Données completes/Données accelerometres/Summer 2019/Icetag/IceTags/Per minute/2019JUL11-2019JUL18/8520_Tag85_11JUL2019-0946_18JUL2019-1348_LB.csv,8520_Tag85_11JUL2019-0946_18JUL2019-1348_LB.csv,.csv,summer 2019,accelerometer_icetag,,,,,
Données completes/Données accelerometres/Summer 2019/Icetag/IceTags/Per minute/2019JUL11-2019JUL18/8525_Tag87_11JUL2019-1020_18JUL2019-1441.csv,8525_Tag87_11JUL2019-1020_18JUL2019-1441.csv,.csv,summer 2019,accelerometer_icetag,,,,,
Données completes/Données accelerometres/Summer 2019/Icetag/IceTags/Per minute/2019JUL11-2019JUL18/8525_Tag87_11JUL2019-1020_18JUL2019-1441_LB.csv,8525_Tag87_11JUL2019-1020_18JUL2019-1441_LB.csv,.csv,summer 2019,accelerometer_icetag,,,,,
Données completes/Données accelerometres/Summer 2019/Icetag/IceTags/Per minute/2019JUL11-2019JUL18/8536_Tag26_11JUL2019-1019_18JUL2019-1440.csv,8536_Tag26_11JUL2019-1019_18JUL2019-1440.csv,.csv,summer 2019,accelerometer_icetag,,,,,
Données completes/Données accelerometres/Summer 2019/Icetag/IceTags/Per minute/2019JUL11-2019JUL18/8536_Tag26_11JUL2019-1019_18JUL2019-1440_LB.csv,8536_Tag26_11JUL2019-1019_18JUL2019-1440_LB.csv,.csv,summer 2019,accelerometer_icetag,,,,,
Données completes/Données accelerometres/Summer 2019/Icetag/IceTags/Per minute/2019JUL18-2019JUL25/2062_Tag86_18JUL2019-1346_25JUL2019-1314.csv,2062_Tag86_18JUL2019-1346_25JUL2019-1314.csv,.csv,summer 2019,accelerometer_icetag,,,,,
Données completes/Données accelerometres/Summer 2019/Icetag/IceTags/Per minute/2019JUL18-2019JUL25/2062_Tag86_18JUL2019-1346_25JUL2019-1314_LB.csv,2062_Tag86_18JUL2019-1346_25JUL2019-1314_LB.csv,.csv,summer 2019,accelerometer_icetag,,,,,
Données completes/Données accelerometres/Summer 2019/Icetag/IceTags/Per minute/2019JUL18-2019JUL25/419_Tag88_18JUL2019-1439_25JUL2019-1404.csv,419_Tag88_18JUL2019-1439_25JUL2019-1404.csv,.csv,summer 2019,accelerometer_icetag,,,,,
Données completes/Données accelerometres/Summer 2019/Icetag/IceTags/Per minute/2019JUL18-2019JUL25/419_Tag88_18JUL2019-1439_25JUL2019-1404_LB.csv,419_Tag88_18JUL2019-1439_25JUL2019-1404_LB.csv,.csv,summer 2019,accelerometer_icetag,,,,,
Données completes/Données accelerometres/Summer 2019/Icetag/IceTags/Per minute/2019JUL18-2019JUL25/5169_Tag76_18JUL2019-1523_25JUL2019-1339.csv,5169_Tag76_18JUL2019-1523_25JUL2019-1339.csv,.csv,summer 2019,accelerometer_icetag,,,,,
Données completes/Données accelerometres/Summer 2019/Icetag/IceTags/Per minute/2019JUL18-2019JUL25/5169_Tag76_18JUL2019-1523_25JUL2019-1339_LB.csv,5169_Tag76_18JUL2019-1523_25JUL2019-1339_LB.csv,.csv,summer 2019,accelerometer_icetag,,,,,
Données completes/Données accelerometres/Summer 2019/Icetag/IceTags/Per minute/2019JUL18-2019JUL25/5214_Tag85_18JUL2019-1410_25JUL2019-0835.csv,5214_Tag85_18JUL2019-1410_25JUL2019-0835.csv,.csv,summer 2019,accelerometer_icetag,,,,,
Données completes/Données accelerometres/Summer 2019/Icetag/IceTags/Per minute/2019JUL18-2019JUL25/5214_Tag85_18JUL2019-1410_25JUL2019-0835_LB.csv,5214_Tag85_18JUL2019-1410_25JUL2019-0835_LB.csv,.csv,summer 2019,accelerometer_icetag,,,,,
Données completes/Données accelerometres/Summer 2019/Icetag/IceTags/Per minute/2019JUL18-2019JUL25/5258_Tag26_18JUL2019-1505_25JUL2019-1404.csv,5258_Tag26_18JUL2019-1505_25JUL2019-1404.csv,.csv,summer 2019,accelerometer_icetag,,,,,
Données completes/Données accelerometres/Summer 2019/Icetag/IceTags/Per minute/2019JUL18-2019JUL25/5258_Tag26_18JUL2019-1505_25JUL2019-1404_LB.csv,5258_Tag26_18JUL2019-1505_25JUL2019-1404_LB.csv,.csv,summer 2019,accelerometer_icetag,,,,,
Données completes/Données accelerometres/Summer 2019/Icetag/IceTags/Per minute/2019JUL18-2019JUL25/5313_Tag96_18JUL2019-1503_25JUL2019-1405.csv,5313_Tag96_18JUL2019-1503_25JUL2019-1405.csv,.csv,summer 2019,accelerometer_icetag,,,,,
Données completes/Données accelerometres/Summer 2019/Icetag/IceTags/Per minute/2019JUL18-2019JUL25/5313_Tag96_18JUL2019-1503_25JUL2019-1405_LB.csv,5313_Tag96_18JUL2019-1503_25JUL2019-1405_LB.csv,.csv,summer 2019,accelerometer_icetag,,,,,
Données completes/Données accelerometres/Summer 2019/Icetag/IceTags/Per minute/2019JUL18-2019JUL25/5322_Tag25_18JUL2019-1412_25JUL2019-1315.csv,5322_Tag25_18JUL2019-1412_25JUL2019-1315.csv,.csv,summer 2019,accelerometer_icetag,,,,,
Données completes/Données accelerometres/Summer 2019/Icetag/IceTags/Per minute/2019JUL18-2019JUL25/5322_Tag25_18JUL2019-1412_25JUL2019-1315_LB.csv,5322_Tag25_18JUL2019-1412_25JUL2019-1315_LB.csv,.csv,summer 2019,accelerometer_icetag,,,,,
Données completes/Données accelerometres/Summer 2019/Icetag/IceTags/Per minute/2019JUL18-2019JUL25/5854_Tag91_18JUL2019-1416_25JUL2019-1340.csv,5854_Tag91_18JUL2019-1416_25JUL2019-1340.csv,.csv,summer 2019,accelerometer_icetag,,,,,
Données completes/Données accelerometres/Summer 2019/Icetag/IceTags/Per minute/2019JUL18-2019JUL25/5854_Tag91_18JUL2019-1416_25JUL2019-1340_LB.csv,5854_Tag91_18JUL2019-1416_25JUL2019-1340_LB.csv,.csv,summer 2019,accelerometer_icetag,,,,,
Données completes/Données accelerometres/Summer 2019/Icetag/IceTags/Per minute/2019JUL18-2019JUL25/5857_Tag90_18JUL2019-1347_25JUL2019-1315.csv,5857_Tag90_18JUL2019-1347_25JUL2019-1315.csv,.csv,summer 2019,accelerometer_icetag,,,,,
Données completes/Données accelerometres/Summer 2019/Icetag/IceTags/Per minute/2019JUL18-2019JUL25/5857_Tag90_18JUL2019-1347_25JUL2019-1315_LB.csv,5857_Tag90_18JUL2019-1347_25JUL2019-1315_LB.csv,.csv,summer 2019,accelerometer_icetag,,,,,
Données completes/Données accelerometres/Summer 2019/Icetag/IceTags/Per minute/2019JUL18-2019JUL25/5862_Tag21_18JUL2019-1413_25JUL2019-1340.csv,5862_Tag21_18JUL2019-1413_25JUL2019-1340.csv,.csv,summer 2019,accelerometer_icetag,,,,,
Données completes/Données accelerometres/Summer 2019/Icetag/IceTags/Per minute/2019JUL18-2019JUL25/5862_Tag21_18JUL2019-1413_25JUL2019-1340_LB.csv,5862_Tag21_18JUL2019-1413_25JUL2019-1340_LB.csv,.csv,summer 2019,accelerometer_icetag,,,,,
Données completes/Données accelerometres/Summer 2019/Icetag/IceTags/Per minute/2019JUL18-2019JUL25/5865_Tag87_18JUL2019-1504_25JUL2019-1406.csv,5865_Tag87_18JUL2019-1504_25JUL2019-1406.csv,.csv,summer 2019,accelerometer_icetag,,,,,
Données completes/Données accelerometres/Summer 2019/Icetag/IceTags/Per minute/2019JUL18-2019JUL25/5865_Tag87_18JUL2019-1504_25JUL2019-1406_LB.csv,5865_Tag87_18JUL2019-1504_25JUL2019-1406_LB.csv,.csv,summer 2019,accelerometer_icetag,,,,,
Données completes/Données accelerometres/Summer 2019/Icetag/IceTags/Per minute/2019JUL18-2019JUL25/5871_Tag93_18JUL2019-1503_25JUL2019-1405.csv,5871_Tag93_18JUL2019-1503_25JUL2019-1405.csv,.csv,summer 2019,accelerometer_icetag,,,,,
Données completes/Données accelerometres/Summer 2019/Icetag/IceTags/Per minute/2019JUL18-2019JUL25/5871_Tag93_18JUL2019-1503_25JUL2019-1405_LB.csv,5871_Tag93_18JUL2019-1503_25JUL2019-1405_LB.csv,.csv,summer 2019,accelerometer_icetag,,,,,
Données completes/Données accelerometres/Summer 2019/Icetag/IceTags/Per minute/2019JUL18-2019JUL25/8515_Tag89_18JUL2019-1345_25JUL2019-1313.csv,8515_Tag89_18JUL2019-1345_25JUL2019-1313.csv,.csv,summer 2019,accelerometer_icetag,,,,,
Données completes/Données accelerometres/Summer 2019/Icetag/IceTags/Per minute/2019JUL18-2019JUL25/8515_Tag89_18JUL2019-1345_25JUL2019-1313_LB.csv,8515_Tag89_18JUL2019-1345_25JUL2019-1313_LB.csv,.csv,summer 2019,accelerometer_icetag,,,,,
Données completes/Données accelerometres/Summer 2019/Icetag/IceTags/Per minute/2019JUL18-2019JUL25/8520_Tag20_18JUL2019-1344_25JUL2019-1313.csv,8520_Tag20_18JUL2019-1344_25JUL2019-1313.csv,.csv,summer 2019,accelerometer_icetag,,,,,
Données completes/Données accelerometres/Summer 2019/Icetag/IceTags/Per minute/2019JUL18-2019JUL25/8520_Tag20_18JUL2019-1344_25JUL2019-1313_LB.csv,8520_Tag20_18JUL2019-1344_25JUL2019-1313_LB.csv,.csv,summer 2019,accelerometer_icetag,,,,,
Données completes/Données accelerometres/Summer 2019/Icetag/IceTags/Per minute/2019JUL18-2019JUL25/8525_Tag97_18JUL2019-1438_25JUL2019-1341.csv,8525_Tag97_18JUL2019-1438_25JUL2019-1341.csv,.csv,summer 2019,accelerometer_icetag,,,,,
Données completes/Données accelerometres/Summer 2019/Icetag/IceTags/Per minute/2019JUL18-2019JUL25/8525_Tag97_18JUL2019-1438_25JUL2019-1341_LB.csv,8525_Tag97_18JUL2019-1438_25JUL2019-1341_LB.csv,.csv,summer 2019,accelerometer_icetag,,,,,
Données completes/Données accelerometres/Summer 2019/Icetag/IceTags/Per minute/2019JUL18-2019JUL25/8536_Tag92_18JUL2019-1437_25JUL2019-1341.csv,8536_Tag92_18JUL2019-1437_25JUL2019-1341.csv,.csv,summer 2019,accelerometer_icetag,,,,,
Données completes/Données accelerometres/Summer 2019/Icetag/IceTags/Per minute/2019JUL18-2019JUL25/8536_Tag92_18JUL2019-1437_25JUL2019-1341_LB.csv,8536_Tag92_18JUL2019-1437_25JUL2019-1341_LB.csv,.csv,summer 2019,accelerometer_icetag,,,,,
Données completes/Données accelerometres/Summer 2019/Icetag/IceTags/Per minute/2019JUL25-2019AUG01/2062_Tag85_25JUL2019-1311_01AUG2019-1308.csv,2062_Tag85_25JUL2019-1311_01AUG2019-1308.csv,.csv,summer 2019,accelerometer_icetag,,,,,
Données completes/Données accelerometres/Summer 2019/Icetag/IceTags/Per minute/2019JUL25-2019AUG01/2062_Tag85_25JUL2019-1311_01AUG2019-1308_LB.csv,2062_Tag85_25JUL2019-1311_01AUG2019-1308_LB.csv,.csv,summer 2019,accelerometer_icetag,,,,,
Données completes/Données accelerometres/Summer 2019/Icetag/IceTags/Per minute/2019JUL25-2019AUG01/419_Tag91_25JUL2019-1401_01AUG2019-1447.csv,419_Tag91_25JUL2019-1401_01AUG2019-1447.csv,.csv,summer 2019,accelerometer_icetag,,,,,
Données completes/Données accelerometres/Summer 2019/Icetag/IceTags/Per minute/2019JUL25-2019AUG01/419_Tag91_25JUL2019-1401_01AUG2019-1447_LB.csv,419_Tag91_25JUL2019-1401_01AUG2019-1447_LB.csv,.csv,summer 2019,accelerometer_icetag,,,,,
Données completes/Données accelerometres/Summer 2019/Icetag/IceTags/Per minute/2019JUL25-2019AUG01/5258_Tag97_25JUL2019-1402_01AUG2019-1448.csv,5258_Tag97_25JUL2019-1402_01AUG2019-1448.csv,.csv,summer 2019,accelerometer_icetag,,,,,
Données completes/Données accelerometres/Summer 2019/Icetag/IceTags/Per minute/2019JUL25-2019AUG01/5258_Tag97_25JUL2019-1402_01AUG2019-1448_LB.csv,5258_Tag97_25JUL2019-1402_01AUG2019-1448_LB.csv,.csv,summer 2019,accelerometer_icetag,,,,,
Données completes/Données accelerometres/Summer 2019/Icetag/IceTags/Per minute/2019JUL25-2019AUG01/5313_Tag21_25JUL2019-1402_01AUG2019-1448.csv,5313_Tag21_25JUL2019-1402_01AUG2019-1448.csv,.csv,summer 2019,accelerometer_icetag,,,,,
Données completes/Données accelerometres/Summer 2019/Icetag/IceTags/Per minute/2019JUL25-2019AUG01/5313_Tag21_25JUL2019-1402_01AUG2019-1448_LB.csv,5313_Tag21_25JUL2019-1402_01AUG2019-1448_LB.csv,.csv,summer 2019,accelerometer_icetag,,,,,
Données completes/Données accelerometres/Summer 2019/Icetag/IceTags/Per minute/2019JUL25-2019AUG01/5322_Tag94_25JUL2019-1313_01AUG2019-1308.csv,5322_Tag94_25JUL2019-1313_01AUG2019-1308.csv,.csv,summer 2019,accelerometer_icetag,,,,,
Données completes/Données accelerometres/Summer 2019/Icetag/IceTags/Per minute/2019JUL25-2019AUG01/5322_Tag94_25JUL2019-1313_01AUG2019-1308_LB.csv,5322_Tag94_25JUL2019-1313_01AUG2019-1308_LB.csv,.csv,summer 2019,accelerometer_icetag,,,,,
Données completes/Données accelerometres/Summer 2019/Icetag/IceTags/Per minute/2019JUL25-2019AUG01/5330_Tag25_25JUL2019-1338_01AUG2019-1448.csv,5330_Tag25_25JUL2019-1338_01AUG2019-1448.csv,.csv,summer 2019,accelerometer_icetag,,,,,
Données completes/Données accelerometres/Summer 2019/Icetag/IceTags/Per minute/2019JUL25-2019AUG01/5330_Tag25_25JUL2019-1338_01AUG2019-1448_LB.csv,5330_Tag25_25JUL2019-1338_01AUG2019-1448_LB.csv,.csv,summer 2019,accelerometer_icetag,,,,,
Données completes/Données accelerometres/Summer 2019/Icetag/IceTags/Per minute/2019JUL25-2019AUG01/5854_Tag20_25JUL2019-1334_01AUG2019-1418.csv,5854_Tag20_25JUL2019-1334_01AUG2019-1418.csv,.csv,summer 2019,accelerometer_icetag,,,,,
Données completes/Données accelerometres/Summer 2019/Icetag/IceTags/Per minute/2019JUL25-2019AUG01/5854_Tag20_25JUL2019-1334_01AUG2019-1418_LB.csv,5854_Tag20_25JUL2019-1334_01AUG2019-1418_LB.csv,.csv,summer 2019,accelerometer_icetag,,,,,
Données completes/Données accelerometres/Summer 2019/Icetag/IceTags/Per minute/2019JUL25-2019AUG01/5857_Tag24_25JUL2019-1312_01AUG2019-1309.csv,5857_Tag24_25JUL2019-1312_01AUG2019-1309.csv,.csv,summer 2019,accelerometer_icetag,,,,,
Données completes/Données accelerometres/Summer 2019/Icetag/IceTags/Per minute/2019JUL25-2019AUG01/5857_Tag24_25JUL2019-1312_01AUG2019-1309_LB.csv,5857_Tag24_25JUL2019-1312_01AUG2019-1309_LB.csv,.csv,summer 2019,accelerometer_icetag,,,,,
Données completes/Données accelerometres/Summer 2019/Icetag/IceTags/Per minute/2019JUL25-2019AUG01/5862_Tag86_25JUL2019-1333_01AUG2019-1418.csv,5862_Tag86_25JUL2019-1333_01AUG2019-1418.csv,.csv,summer 2019,accelerometer_icetag,,,,,
Données completes/Données accelerometres/Summer 2019/Icetag/IceTags/Per minute/2019JUL25-2019AUG01/5862_Tag86_25JUL2019-1333_01AUG2019-1418_LB.csv,5862_Tag86_25JUL2019-1333_01AUG2019-1418_LB.csv,.csv,summer 2019,accelerometer_icetag,,,,,
Données completes/Données accelerometres/Summer 2019/Icetag/IceTags/Per minute/2019JUL25-2019AUG01/5865_Tag92_25JUL2019-1403_01AUG2019-1517.csv,5865_Tag92_25JUL2019-1403_01AUG2019-1517.csv,.csv,summer 2019,accelerometer_icetag,,,,,
Données completes/Données accelerometres/Summer 2019/Icetag/IceTags/Per minute/2019JUL25-2019AUG01/5865_Tag92_25JUL2019-1403_01AUG2019-1517_LB.csv,5865_Tag92_25JUL2019-1403_01AUG2019-1517_LB.csv,.csv,summer 2019,accelerometer_icetag,,,,,
Données completes/Données accelerometres/Summer 2019/Icetag/IceTags/Per minute/2019JUL25-2019AUG01/5871_Tag76_25JUL2019-1403_01AUG2019-1516.csv,5871_Tag76_25JUL2019-1403_01AUG2019-1516.csv,.csv,summer 2019,accelerometer_icetag,,,,,
Données completes/Données accelerometres/Summer 2019/Icetag/IceTags/Per minute/2019JUL25-2019AUG01/5871_Tag76_25JUL2019-1403_01AUG2019-1516_LB.csv,5871_Tag76_25JUL2019-1403_01AUG2019-1516_LB.csv,.csv,summer 2019,accelerometer_icetag,,,,,
Données completes/Données accelerometres/Summer 2019/Icetag/IceTags/Per minute/2019JUL25-2019AUG01/8515_Tag95_25JUL2019-1311_01AUG2019-1308.csv,8515_Tag95_25JUL2019-1311_01AUG2019-1308.csv,.csv,summer 2019,accelerometer_icetag,,,,,
Données completes/Données accelerometres/Summer 2019/Icetag/IceTags/Per minute/2019JUL25-2019AUG01/8515_Tag95_25JUL2019-1311_01AUG2019-1308_LB.csv,8515_Tag95_25JUL2019-1311_01AUG2019-1308_LB.csv,.csv,summer 2019,accelerometer_icetag,,,,,
Données completes/Données accelerometres/Summer 2019/Icetag/IceTags/Per minute/2019JUL25-2019AUG01/8520_Tag22_25JUL2019-1310_01AUG2019-1307.csv,8520_Tag22_25JUL2019-1310_01AUG2019-1307.csv,.csv,summer 2019,accelerometer_icetag,,,,,
Données completes/Données accelerometres/Summer 2019/Icetag/IceTags/Per minute/2019JUL25-2019AUG01/8520_Tag22_25JUL2019-1310_01AUG2019-1307_LB.csv,8520_Tag22_25JUL2019-1310_01AUG2019-1307_LB.csv,.csv,summer 2019,accelerometer_icetag,,,,,
Données completes/Données accelerometres/Summer 2019/Icetag/IceTags/Per minute/2019JUL25-2019AUG01/8525_Tag90_25JUL2019-1338_01AUG2019-1419.csv,8525_Tag90_25JUL2019-1338_01AUG2019-1419.csv,.csv,summer 2019,accelerometer_icetag,,,,,
Données completes/Données accelerometres/Summer 2019/Icetag/IceTags/Per minute/2019JUL25-2019AUG01/8525_Tag90_25JUL2019-1338_01AUG2019-1419_LB.csv,8525_Tag90_25JUL2019-1338_01AUG2019-1419_LB.csv,.csv,summer 2019,accelerometer_icetag,,,,,
Données completes/Données accelerometres/Summer 2019/Icetag/IceTags/Per minute/2019JUL25-2019AUG01/8536_Tag89_25JUL2019-1336_01AUG2019-1419.csv,8536_Tag89_25JUL2019-1336_01AUG2019-1419.csv,.csv,summer 2019,accelerometer_icetag,,,,,
Données completes/Données accelerometres/Summer 2019/Icetag/IceTags/Per minute/2019JUL25-2019AUG01/8536_Tag89_25JUL2019-1336_01AUG2019-1419_LB.csv,8536_Tag89_25JUL2019-1336_01AUG2019-1419_LB.csv,.csv,summer 2019,accelerometer_icetag,,,,,
Données completes/Données accelerometres/Summer 2019/Icetag/IceTags/Per minute/2019JUN05-2019JUN11/2062_Tag92_05JUN2019-1304_11JUN2019-1408.csv,2062_Tag92_05JUN2019-1304_11JUN2019-1408.csv,.csv,summer 2019,accelerometer_icetag,,,,,
Données completes/Données accelerometres/Summer 2019/Icetag/IceTags/Per minute/2019JUN05-2019JUN11/2062_Tag92_05JUN2019-1304_11JUN2019-1408_LB.csv,2062_Tag92_05JUN2019-1304_11JUN2019-1408_LB.csv,.csv,summer 2019,accelerometer_icetag,,,,,
Données completes/Données accelerometres/Summer 2019/Icetag/IceTags/Per minute/2019JUN05-2019JUN11/2067_Tag95_05JUN2019-1309_11JUN2019-1446.csv,2067_Tag95_05JUN2019-1309_11JUN2019-1446.csv,.csv,summer 2019,accelerometer_icetag,,,,,
Données completes/Données accelerometres/Summer 2019/Icetag/IceTags/Per minute/2019JUN05-2019JUN11/2067_Tag95_05JUN2019-1309_11JUN2019-1446_LB.csv,2067_Tag95_05JUN2019-1309_11JUN2019-1446_LB.csv,.csv,summer 2019,accelerometer_icetag,,,,,
Données completes/Données accelerometres/Summer 2019/Icetag/IceTags/Per minute/2019JUN05-2019JUN11/419_Tag90_05JUN2019-1310_11JUN2019-1507.csv,419_Tag90_05JUN2019-1310_11JUN2019-1507.csv,.csv,summer 2019,accelerometer_icetag,,,,,
Données completes/Données accelerometres/Summer 2019/Icetag/IceTags/Per minute/2019JUN05-2019JUN11/419_Tag90_05JUN2019-1310_11JUN2019-1507_LB.csv,419_Tag90_05JUN2019-1310_11JUN2019-1507_LB.csv,.csv,summer 2019,accelerometer_icetag,,,,,
Données completes/Données accelerometres/Summer 2019/Icetag/IceTags/Per minute/2019JUN05-2019JUN11/5169_Tag97_05JUN2019-1306_11JUN2019-1409.csv,5169_Tag97_05JUN2019-1306_11JUN2019-1409.csv,.csv,summer 2019,accelerometer_icetag,,,,,
Données completes/Données accelerometres/Summer 2019/Icetag/IceTags/Per minute/2019JUN05-2019JUN11/5169_Tag97_05JUN2019-1306_11JUN2019-1409_LB.csv,5169_Tag97_05JUN2019-1306_11JUN2019-1409_LB.csv,.csv,summer 2019,accelerometer_icetag,,,,,
Données completes/Données accelerometres/Summer 2019/Icetag/IceTags/Per minute/2019JUN05-2019JUN11/5258_Tag26_05JUN2019-1311_11JUN2019-1508.csv,5258_Tag26_05JUN2019-1311_11JUN2019-1508.csv,.csv,summer 2019,accelerometer_icetag,,,,,
Données completes/Données accelerometres/Summer 2019/Icetag/IceTags/Per minute/2019JUN05-2019JUN11/5258_Tag26_05JUN2019-1311_11JUN2019-1508_LB.csv,5258_Tag26_05JUN2019-1311_11JUN2019-1508_LB.csv,.csv,summer 2019,accelerometer_icetag,,,,,
Données completes/Données accelerometres/Summer 2019/Icetag/IceTags/Per minute/2019JUN05-2019JUN11/5313_Tag86_05JUN2019-1312_11JUN2019-1509.csv,5313_Tag86_05JUN2019-1312_11JUN2019-1509.csv,.csv,summer 2019,accelerometer_icetag,,,,,
Données completes/Données accelerometres/Summer 2019/Icetag/IceTags/Per minute/2019JUN05-2019JUN11/5313_Tag86_05JUN2019-1312_11JUN2019-1509_LB.csv,5313_Tag86_05JUN2019-1312_11JUN2019-1509_LB.csv,.csv,summer 2019,accelerometer_icetag,,,,,
Données completes/Données accelerometres/Summer 2019/Icetag/IceTags/Per minute/2019JUN05-2019JUN11/5322_Tag76_05JUN2019-1306_11JUN2019-1445.csv,5322_Tag76_05JUN2019-1306_11JUN2019-1445.csv,.csv,summer 2019,accelerometer_icetag,,,,,
Données completes/Données accelerometres/Summer 2019/Icetag/IceTags/Per minute/2019JUN05-2019JUN11/5322_Tag76_05JUN2019-1306_11JUN2019-1445_LB.csv,5322_Tag76_05JUN2019-1306_11JUN2019-1445_LB.csv,.csv,summer 2019,accelerometer_icetag,,,,,
Données completes/Données accelerometres/Summer 2019/Icetag/IceTags/Per minute/2019JUN05-2019JUN11/5330_Tag89_05JUN2019-1310_11JUN2019-1507.csv,5330_Tag89_05JUN2019-1310_11JUN2019-1507.csv,.csv,summer 2019,accelerometer_icetag,,,,,
Données completes/Données accelerometres/Summer 2019/Icetag/IceTags/Per minute/2019JUN05-2019JUN11/5330_Tag89_05JUN2019-1310_11JUN2019-1507_LB.csv,5330_Tag89_05JUN2019-1310_11JUN2019-1507_LB.csv,.csv,summer 2019,accelerometer_icetag,,,,,
Données completes/Données accelerometres/Summer 2019/Icetag/IceTags/Per minute/2019JUN05-2019JUN11/5857_Tag96_05JUN2019-1305_11JUN2019-1409.csv,5857_Tag96_05JUN2019-1305_11JUN2019-1409.csv,.csv,summer 2019,accelerometer_icetag,,,,,
Données completes/Données accelerometres/Summer 2019/Icetag/IceTags/Per minute/2019JUN05-2019JUN11/5857_Tag96_05JUN2019-1305_11JUN2019-1409_LB.csv,5857_Tag96_05JUN2019-1305_11JUN2019-1409_LB.csv,.csv,summer 2019,accelerometer_icetag,,,,,
Données completes/Données accelerometres/Summer 2019/Icetag/IceTags/Per minute/2019JUN05-2019JUN11/5862_Tag93_05JUN2019-1307_11JUN2019-1446.csv,5862_Tag93_05JUN2019-1307_11JUN2019-1446.csv,.csv,summer 2019,accelerometer_icetag,,,,,
Données completes/Données accelerometres/Summer 2019/Icetag/IceTags/Per minute/2019JUN05-2019JUN11/5862_Tag93_05JUN2019-1307_11JUN2019-1446_LB.csv,5862_Tag93_05JUN2019-1307_11JUN2019-1446_LB.csv,.csv,summer 2019,accelerometer_icetag,,,,,
Données completes/Données accelerometres/Summer 2019/Icetag/IceTags/Per minute/2019JUN05-2019JUN11/5865_Tag22_05JUN2019-1313_11JUN2019-1524.csv,5865_Tag22_05JUN2019-1313_11JUN2019-1524.csv,.csv,summer 2019,accelerometer_icetag,,,,,
Données completes/Données accelerometres/Summer 2019/Icetag/IceTags/Per minute/2019JUN05-2019JUN11/5865_Tag22_05JUN2019-1313_11JUN2019-1524_LB.csv,5865_Tag22_05JUN2019-1313_11JUN2019-1524_LB.csv,.csv,summer 2019,accelerometer_icetag,,,,,
Données completes/Données accelerometres/Summer 2019/Icetag/IceTags/Per minute/2019JUN05-2019JUN11/5871_Tag24_05JUN2019-1312_11JUN2019-1509.csv,5871_Tag24_05JUN2019-1312_11JUN2019-1509.csv,.csv,summer 2019,accelerometer_icetag,,,,,
Données completes/Données accelerometres/Summer 2019/Icetag/IceTags/Per minute/2019JUN05-2019JUN11/5871_Tag24_05JUN2019-1312_11JUN2019-1509_LB.csv,5871_Tag24_05JUN2019-1312_11JUN2019-1509_LB.csv,.csv,summer 2019,accelerometer_icetag,,,,,
Données completes/Données accelerometres/Summer 2019/Icetag/IceTags/Per minute/2019JUN05-2019JUN11/8515_Tag16_05JUN2019-1302_11JUN2019-1408.csv,8515_Tag16_05JUN2019-1302_11JUN2019-1408.csv,.csv,summer 2019,accelerometer_icetag,,,,,
Données completes/Données accelerometres/Summer 2019/Icetag/IceTags/Per minute/2019JUN05-2019JUN11/8515_Tag16_05JUN2019-1302_11JUN2019-1408_LB.csv,8515_Tag16_05JUN2019-1302_11JUN2019-1408_LB.csv,.csv,summer 2019,accelerometer_icetag,,,,,
Données completes/Données accelerometres/Summer 2019/Icetag/IceTags/Per minute/2019JUN05-2019JUN11/8520_Tag88_05JUN2019-1302_11JUN2019-1407.csv,8520_Tag88_05JUN2019-1302_11JUN2019-1407.csv,.csv,summer 2019,accelerometer_icetag,,,,,
Données completes/Données accelerometres/Summer 2019/Icetag/IceTags/Per minute/2019JUN05-2019JUN11/8520_Tag88_05JUN2019-1302_11JUN2019-1407_LB.csv,8520_Tag88_05JUN2019-1302_11JUN2019-1407_LB.csv,.csv,summer 2019,accelerometer_icetag,,,,,
Données completes/Données accelerometres/Summer 2019/Icetag/IceTags/Per minute/2019JUN05-2019JUN11/8525_Tag94_05JUN2019-1309_11JUN2019-1447.csv,8525_Tag94_05JUN2019-1309_11JUN2019-1447.csv,.csv,summer 2019,accelerometer_icetag,,,,,
Données completes/Données accelerometres/Summer 2019/Icetag/IceTags/Per minute/2019JUN05-2019JUN11/8525_Tag94_05JUN2019-1309_11JUN2019-1447_LB.csv,8525_Tag94_05JUN2019-1309_11JUN2019-1447_LB.csv,.csv,summer 2019,accelerometer_icetag,,,,,
Données completes/Données accelerometres/Summer 2019/Icetag/IceTags/Per minute/2019JUN05-2019JUN11/8536_Tag87_05JUN2019-1308_11JUN2019-1446.csv,8536_Tag87_05JUN2019-1308_11JUN2019-1446.csv,.csv,summer 2019,accelerometer_icetag,,,,,
Données completes/Données accelerometres/Summer 2019/Icetag/IceTags/Per minute/2019JUN05-2019JUN11/8536_Tag87_05JUN2019-1308_11JUN2019-1446_LB.csv,8536_Tag87_05JUN2019-1308_11JUN2019-1446_LB.csv,.csv,summer 2019,accelerometer_icetag,,,,,
Données completes/Données accelerometres/Summer 2019/Icetag/IceTags/Per minute/2019JUN11-2019JUN20/2062_Tag21_11JUN2019-1406_20JUN2019-1235.csv,2062_Tag21_11JUN2019-1406_20JUN2019-1235.csv,.csv,summer 2019,accelerometer_icetag,,,,,
Données completes/Données accelerometres/Summer 2019/Icetag/IceTags/Per minute/2019JUN11-2019JUN20/2062_Tag21_11JUN2019-1406_20JUN2019-1235_LB.csv,2062_Tag21_11JUN2019-1406_20JUN2019-1235_LB.csv,.csv,summer 2019,accelerometer_icetag,,,,,
Données completes/Données accelerometres/Summer 2019/Icetag/IceTags/Per minute/2019JUN11-2019JUN20/2067_Tag96_11JUN2019-1443_20JUN2019-1304.csv,2067_Tag96_11JUN2019-1443_20JUN2019-1304.csv,.csv,summer 2019,accelerometer_icetag,,,,,
Données completes/Données accelerometres/Summer 2019/Icetag/IceTags/Per minute/2019JUN11-2019JUN20/2067_Tag96_11JUN2019-1443_20JUN2019-1304_LB.csv,2067_Tag96_11JUN2019-1443_20JUN2019-1304_LB.csv,.csv,summer 2019,accelerometer_icetag,,,,,
Données completes/Données accelerometres/Summer 2019/Icetag/IceTags/Per minute/2019JUN11-2019JUN20/419_Tag93_11JUN2019-1503_20JUN2019-1332.csv,419_Tag93_11JUN2019-1503_20JUN2019-1332.csv,.csv,summer 2019,accelerometer_icetag,,,,,
Données completes/Données accelerometres/Summer 2019/Icetag/IceTags/Per minute/2019JUN11-2019JUN20/419_Tag93_11JUN2019-1503_20JUN2019-1332_LB.csv,419_Tag93_11JUN2019-1503_20JUN2019-1332_LB.csv,.csv,summer 2019,accelerometer_icetag,,,,,
Données completes/Données accelerometres/Summer 2019/Icetag/IceTags/Per minute/2019JUN11-2019JUN20/5169_Tag85_11JUN2019-1407_20JUN2019-1236.csv,5169_Tag85_11JUN2019-1407_20JUN2019-1236.csv,.csv,summer 2019,accelerometer_icetag,,,,,
Données completes/Données accelerometres/Summer 2019/Icetag/IceTags/Per minute/2019JUN11-2019JUN20/5169_Tag85_11JUN2019-1407_20JUN2019-1236_LB.csv,5169_Tag85_11JUN2019-1407_20JUN2019-1236_LB.csv,.csv,summer 2019,accelerometer_icetag,,,,,
Données completes/Données accelerometres/Summer 2019/Icetag/IceTags/Per minute/2019JUN11-2019JUN20/5258_Tag94_11JUN2019-1504_20JUN2019-1333.csv,5258_Tag94_11JUN2019-1504_20JUN2019-1333.csv,.csv,summer 2019,accelerometer_icetag,,,,,
Données completes/Données accelerometres/Summer 2019/Icetag/IceTags/Per minute/2019JUN11-2019JUN20/5258_Tag94_11JUN2019-1504_20JUN2019-1333_LB.csv,5258_Tag94_11JUN2019-1504_20JUN2019-1333_LB.csv,.csv,summer 2019,accelerometer_icetag,,,,,
Données completes/Données accelerometres/Summer 2019/Icetag/IceTags/Per minute/2019JUN11-2019JUN20/5313_Tag87_11JUN2019-1504_20JUN2019-1333.csv,5313_Tag87_11JUN2019-1504_20JUN2019-1333.csv,.csv,summer 2019,accelerometer_icetag,,,,,
Données completes/Données accelerometres/Summer 2019/Icetag/IceTags/Per minute/2019JUN11-2019JUN20/5313_Tag87_11JUN2019-1504_20JUN2019-1333_LB.csv,5313_Tag87_11JUN2019-1504_20JUN2019-1333_LB.csv,.csv,summer 2019,accelerometer_icetag,,,,,
Données completes/Données accelerometres/Summer 2019/Icetag/IceTags/Per minute/2019JUN11-2019JUN20/5322_Tag97_11JUN2019-1442_20JUN2019-1303.csv,5322_Tag97_11JUN2019-1442_20JUN2019-1303.csv,.csv,summer 2019,accelerometer_icetag,,,,,
Données completes/Données accelerometres/Summer 2019/Icetag/IceTags/Per minute/2019JUN11-2019JUN20/5322_Tag97_11JUN2019-1442_20JUN2019-1303_LB.csv,5322_Tag97_11JUN2019-1442_20JUN2019-1303_LB.csv,.csv,summer 2019,accelerometer_icetag,,,,,
Données completes/Données accelerometres/Summer 2019/Icetag/IceTags/Per minute/2019JUN11-2019JUN20/5330_Tag95_11JUN2019-1502_20JUN2019-1332.csv,5330_Tag95_11JUN2019-1502_20JUN2019-1332.csv,.csv,summer 2019,accelerometer_icetag,,,,,
Données completes/Données accelerometres/Summer 2019/Icetag/IceTags/Per minute/2019JUN11-2019JUN20/5330_Tag95_11JUN2019-1502_20JUN2019-1332_LB.csv,5330_Tag95_11JUN2019-1502_20JUN2019-1332_LB.csv,.csv,summer 2019,accelerometer_icetag,,,,,
Données completes/Données accelerometres/Summer 2019/Icetag/IceTags/Per minute/2019JUN11-2019JUN20/5857_Tag20_11JUN2019-1407_20JUN2019-1236.csv,5857_Tag20_11JUN2019-1407_20JUN2019-1236.csv,.csv,summer 2019,accelerometer_icetag,,,,,
Données completes/Données accelerometres/Summer 2019/Icetag/IceTags/Per minute/2019JUN11-2019JUN20/5857_Tag20_11JUN2019-1407_20JUN2019-1236_LB.csv,5857_Tag20_11JUN2019-1407_20JUN2019-1236_LB.csv,.csv,summer 2019,accelerometer_icetag,,,,,
Données completes/Données accelerometres/Summer 2019/Icetag/IceTags/Per minute/2019JUN11-2019JUN20/5862_Tag88_11JUN2019-1443_20JUN2019-1304.csv,5862_Tag88_11JUN2019-1443_20JUN2019-1304.csv,.csv,summer 2019,accelerometer_icetag,,,,,
Données completes/Données accelerometres/Summer 2019/Icetag/IceTags/Per minute/2019JUN11-2019JUN20/5862_Tag88_11JUN2019-1443_20JUN2019-1304_LB.csv,5862_Tag88_11JUN2019-1443_20JUN2019-1304_LB.csv,.csv,summer 2019,accelerometer_icetag,,,,,
Données completes/Données accelerometres/Summer 2019/Icetag/IceTags/Per minute/2019JUN11-2019JUN20/5865_Tag90_11JUN2019-1522_20JUN2019-1353.csv,5865_Tag90_11JUN2019-1522_20JUN2019-1353.csv,.csv,summer 2019,accelerometer_icetag,,,,,
Données completes/Données accelerometres/Summer 2019/Icetag/IceTags/Per minute/2019JUN11-2019JUN20/5865_Tag90_11JUN2019-1522_20JUN2019-1353_LB.csv,5865_Tag90_11JUN2019-1522_20JUN2019-1353_LB.csv,.csv,summer 2019,accelerometer_icetag,,,,,
Données completes/Données accelerometres/Summer 2019/Icetag/IceTags/Per minute/2019JUN11-2019JUN20/5871_Tag76_11JUN2019-1505_20JUN2019-1334.csv,5871_Tag76_11JUN2019-1505_20JUN2019-1334.csv,.csv,summer 2019,accelerometer_icetag,,,,,
Données completes/Données accelerometres/Summer 2019/Icetag/IceTags/Per minute/2019JUN11-2019JUN20/5871_Tag76_11JUN2019-1505_20JUN2019-1334_LB.csv,5871_Tag76_11JUN2019-1505_20JUN2019-1334_LB.csv,.csv,summer 2019,accelerometer_icetag,,,,,
Données completes/Données accelerometres/Summer 2019/Icetag/IceTags/Per minute/2019JUN11-2019JUN20/8515_Tag25_11JUN2019-1406_20JUN2019-1234.csv,8515_Tag25_11JUN2019-1406_20JUN2019-1234.csv,.csv,summer 2019,accelerometer_icetag,,,,,
Données completes/Données accelerometres/Summer 2019/Icetag/IceTags/Per minute/2019JUN11-2019JUN20/8515_Tag25_11JUN2019-1406_20JUN2019-1234_LB.csv,8515_Tag25_11JUN2019-1406_20JUN2019-1234_LB.csv,.csv,summer 2019,accelerometer_icetag,,,,,
Données completes/Données accelerometres/Summer 2019/Icetag/IceTags/Per minute/2019JUN11-2019JUN20/8520_Tag91_11JUN2019-1405_20JUN2019-1233.csv,8520_Tag91_11JUN2019-1405_20JUN2019-1233.csv,.csv,summer 2019,accelerometer_icetag,,,,,
Données completes/Données accelerometres/Summer 2019/Icetag/IceTags/Per minute/2019JUN11-2019JUN20/8520_Tag91_11JUN2019-1405_20JUN2019-1233_LB.csv,8520_Tag91_11JUN2019-1405_20JUN2019-1233_LB.csv,.csv,summer 2019,accelerometer_icetag,,,,,
Données completes/Données accelerometres/Summer 2019/Icetag/IceTags/Per minute/2019JUN11-2019JUN20/8525_Tag16_11JUN2019-1444_20JUN2019-1305.csv,8525_Tag16_11JUN2019-1444_20JUN2019-1305.csv,.csv,summer 2019,accelerometer_icetag,,,,,
Données completes/Données accelerometres/Summer 2019/Icetag/IceTags/Per minute/2019JUN11-2019JUN20/8525_Tag16_11JUN2019-1444_20JUN2019-1305_LB.csv,8525_Tag16_11JUN2019-1444_20JUN2019-1305_LB.csv,.csv,summer 2019,accelerometer_icetag,,,,,
Données completes/Données accelerometres/Summer 2019/Icetag/IceTags/Per minute/2019JUN11-2019JUN20/8536_Tag92_11JUN2019-1444_20JUN2019-1305.csv,8536_Tag92_11JUN2019-1444_20JUN2019-1305.csv,.csv,summer 2019,accelerometer_icetag,,,,,
Données completes/Données accelerometres/Summer 2019/Icetag/IceTags/Per minute/2019JUN11-2019JUN20/8536_Tag92_11JUN2019-1444_20JUN2019-1305_LB.csv,8536_Tag92_11JUN2019-1444_20JUN2019-1305_LB.csv,.csv,summer 2019,accelerometer_icetag,,,,,
Données completes/Données accelerometres/Summer 2019/Icetag/IceTags/Per minute/2019JUN20-2019JUN27/2062_Tag22_20JUN2019-1232_27JUN2019-1304.csv,2062_Tag22_20JUN2019-1232_27JUN2019-1304.csv,.csv,summer 2019,accelerometer_icetag,,,,,
Données completes/Données accelerometres/Summer 2019/Icetag/IceTags/Per minute/2019JUN20-2019JUN27/2062_Tag22_20JUN2019-1232_27JUN2019-1304_LB.csv,2062_Tag22_20JUN2019-1232_27JUN2019-1304_LB.csv,.csv,summer 2019,accelerometer_icetag,,,,,
Données completes/Données accelerometres/Summer 2019/Icetag/IceTags/Per minute/2019JUN20-2019JUN27/419_Tag16_20JUN2019-1330_27JUN2019-1356.csv,419_Tag16_20JUN2019-1330_27JUN2019-1356.csv,.csv,summer 2019,accelerometer_icetag,,,,,
Données completes/Données accelerometres/Summer 2019/Icetag/IceTags/Per minute/2019JUN20-2019JUN27/419_Tag16_20JUN2019-1330_27JUN2019-1356_LB.csv,419_Tag16_20JUN2019-1330_27JUN2019-1356_LB.csv,.csv,summer 2019,accelerometer_icetag,,,,,
Données completes/Données accelerometres/Summer 2019/Icetag/IceTags/Per minute/2019JUN20-2019JUN27/5169_Tag86_20JUN2019-1233_27JUN2019-1329.csv,5169_Tag86_20JUN2019-1233_27JUN2019-1329.csv,.csv,summer 2019,accelerometer_icetag,,,,,
Données completes/Données accelerometres/Summer 2019/Icetag/IceTags/Per minute/2019JUN20-2019JUN27/5169_Tag86_20JUN2019-1233_27JUN2019-1329_LB.csv,5169_Tag86_20JUN2019-1233_27JUN2019-1329_LB.csv,.csv,summer 2019,accelerometer_icetag,,,,,
Données completes/Données accelerometres/Summer 2019/Icetag/IceTags/Per minute/2019JUN20-2019JUN27/5258_Tag92_20JUN2019-1330_27JUN2019-1356.csv,5258_Tag92_20JUN2019-1330_27JUN2019-1356.csv,.csv,summer 2019,accelerometer_icetag,,,,,
Données completes/Données accelerometres/Summer 2019/Icetag/IceTags/Per minute/2019JUN20-2019JUN27/5258_Tag92_20JUN2019-1330_27JUN2019-1356_LB.csv,5258_Tag92_20JUN2019-1330_27JUN2019-1356_LB.csv,.csv,summer 2019,accelerometer_icetag,,,,,
Données completes/Données accelerometres/Summer 2019/Icetag/IceTags/Per minute/2019JUN20-2019JUN27/5313_Tag88_20JUN2019-1331_27JUN2019-1357.csv,5313_Tag88_20JUN2019-1331_27JUN2019-1357.csv,.csv,summer 2019,accelerometer_icetag,,,,,
Données completes/Données accelerometres/Summer 2019/Icetag/IceTags/Per minute/2019JUN20-2019JUN27/5313_Tag88_20JUN2019-1331_27JUN2019-1357_LB.csv,5313_Tag88_20JUN2019-1331_27JUN2019-1357_LB.csv,.csv,summer 2019,accelerometer_icetag,,,,,
Données completes/Données accelerometres/Summer 2019/Icetag/IceTags/Per minute/2019JUN20-2019JUN27/5322_Tag25_20JUN2019-1300_27JUN2019-1330.csv,5322_Tag25_20JUN2019-1300_27JUN2019-1330.csv,.csv,summer 2019,accelerometer_icetag,,,,,
Données completes/Données accelerometres/Summer 2019/Icetag/IceTags/Per minute/2019JUN20-2019JUN27/5322_Tag25_20JUN2019-1300_27JUN2019-1330_LB.csv,5322_Tag25_20JUN2019-1300_27JUN2019-1330_LB.csv,.csv,summer 2019,accelerometer_icetag,,,,,
Données completes/Données accelerometres/Summer 2019/Icetag/IceTags/Per minute/2019JUN20-2019JUN27/5330_Tag97_20JUN2019-1329_27JUN2019-1356.csv,5330_Tag97_20JUN2019-1329_27JUN2019-1356.csv,.csv,summer 2019,accelerometer_icetag,,,,,
Données completes/Données accelerometres/Summer 2019/Icetag/IceTags/Per minute/2019JUN20-2019JUN27/5330_Tag97_20JUN2019-1329_27JUN2019-1356_LB.csv,5330_Tag97_20JUN2019-1329_27JUN2019-1356_LB.csv,.csv,summer 2019,accelerometer_icetag,,,,,
Données completes/Données accelerometres/Summer 2019/Icetag/IceTags/Per minute/2019JUN20-2019JUN27/5854_Tag20_20JUN2019-1302_27JUN2019-1331.csv,5854_Tag20_20JUN2019-1302_27JUN2019-1331.csv,.csv,summer 2019,accelerometer_icetag,,,,,
Données completes/Données accelerometres/Summer 2019/Icetag/IceTags/Per minute/2019JUN20-2019JUN27/5854_Tag20_20JUN2019-1302_27JUN2019-1331_LB.csv,5854_Tag20_20JUN2019-1302_27JUN2019-1331_LB.csv,.csv,summer 2019,accelerometer_icetag,,,,,
Données completes/Données accelerometres/Summer 2019/Icetag/IceTags/Per minute/2019JUN20-2019JUN27/5857_Tag24_20JUN2019-1232_27JUN2019-1303.csv,5857_Tag24_20JUN2019-1232_27JUN2019-1303.csv,.csv,summer 2019,accelerometer_icetag,,,,,
Données completes/Données accelerometres/Summer 2019/Icetag/IceTags/Per minute/2019JUN20-2019JUN27/5857_Tag24_20JUN2019-1232_27JUN2019-1303_LB.csv,5857_Tag24_20JUN2019-1232_27JUN2019-1303_LB.csv,.csv,summer 2019,accelerometer_icetag,,,,,
Données completes/Données accelerometres/Summer 2019/Icetag/IceTags/Per minute/2019JUN20-2019JUN27/5862_Tag85_20JUN2019-1302_27JUN2019-1330.csv,5862_Tag85_20JUN2019-1302_27JUN2019-1330.csv,.csv,summer 2019,accelerometer_icetag,,,,,
Données completes/Données accelerometres/Summer 2019/Icetag/IceTags/Per minute/2019JUN20-2019JUN27/5862_Tag85_20JUN2019-1302_27JUN2019-1330_LB.csv,5862_Tag85_20JUN2019-1302_27JUN2019-1330_LB.csv,.csv,summer 2019,accelerometer_icetag,,,,,
Données completes/Données accelerometres/Summer 2019/Icetag/IceTags/Per minute/2019JUN20-2019JUN27/5865_Tag87_20JUN2019-1421_27JUN2019-1423.csv,5865_Tag87_20JUN2019-1421_27JUN2019-1423.csv,.csv,summer 2019,accelerometer_icetag,,,,,
Données completes/Données accelerometres/Summer 2019/Icetag/IceTags/Per minute/2019JUN20-2019JUN27/5865_Tag87_20JUN2019-1421_27JUN2019-1423_LB.csv,5865_Tag87_20JUN2019-1421_27JUN2019-1423_LB.csv,.csv,summer 2019,accelerometer_icetag,,,,,
Données completes/Données accelerometres/Summer 2019/Icetag/IceTags/Per minute/2019JUN20-2019JUN27/5871_Tag96_20JUN2019-1331_27JUN2019-1356.csv,5871_Tag96_20JUN2019-1331_27JUN2019-1356.csv,.csv,summer 2019,accelerometer_icetag,,,,,
Données completes/Données accelerometres/Summer 2019/Icetag/IceTags/Per minute/2019JUN20-2019JUN27/5871_Tag96_20JUN2019-1331_27JUN2019-1356_LB.csv,5871_Tag96_20JUN2019-1331_27JUN2019-1356_LB.csv,.csv,summer 2019,accelerometer_icetag,,,,,
Données completes/Données accelerometres/Summer 2019/Icetag/IceTags/Per minute/2019JUN20-2019JUN27/8515_Tag89_20JUN2019-1232_27JUN2019-1302.csv,8515_Tag89_20JUN2019-1232_27JUN2019-1302.csv,.csv,summer 2019,accelerometer_icetag,,,,,
Données completes/Données accelerometres/Summer 2019/Icetag/IceTags/Per minute/2019JUN20-2019JUN27/8515_Tag89_20JUN2019-1232_27JUN2019-1302_LB.csv,8515_Tag89_20JUN2019-1232_27JUN2019-1302_LB.csv,.csv,summer 2019,accelerometer_icetag,,,,,
Données completes/Données accelerometres/Summer 2019/Icetag/IceTags/Per minute/2019JUN20-2019JUN27/8525_Tag21_20JUN2019-1303_27JUN2019-1331.csv,8525_Tag21_20JUN2019-1303_27JUN2019-1331.csv,.csv,summer 2019,accelerometer_icetag,,,,,
Données completes/Données accelerometres/Summer 2019/Icetag/IceTags/Per minute/2019JUN20-2019JUN27/8525_Tag21_20JUN2019-1303_27JUN2019-1331_LB.csv,8525_Tag21_20JUN2019-1303_27JUN2019-1331_LB.csv,.csv,summer 2019,accelerometer_icetag,,,,,
Données completes/Données accelerometres/Summer 2019/Icetag/IceTags/Per minute/2019JUN20-2019JUN27/8536_Tag91_20JUN2019-1303_27JUN2019-1331.csv,8536_Tag91_20JUN2019-1303_27JUN2019-1331.csv,.csv,summer 2019,accelerometer_icetag,,,,,
Données completes/Données accelerometres/Summer 2019/Icetag/IceTags/Per minute/2019JUN20-2019JUN27/8536_Tag91_20JUN2019-1303_27JUN2019-1331_LB.csv,8536_Tag91_20JUN2019-1303_27JUN2019-1331_LB.csv,.csv,summer 2019,accelerometer_icetag,,,,,
Données completes/Données accelerometres/Summer 2019/Icetag/IceTags/Per minute/2019JUN20-2019JUN27/REVERSED! 8520_Tag26_20JUN2019-1231_27JUN2019-1303.csv,REVERSED! 8520_Tag26_20JUN2019-1231_27JUN2019-1303.csv,.csv,summer 2019,accelerometer_icetag,,,,,
Données completes/Données accelerometres/Summer 2019/Icetag/IceTags/Per minute/2019JUN20-2019JUN27/REVERSED! 8520_Tag26_20JUN2019-1231_27JUN2019-1303_LB.csv,REVERSED! 8520_Tag26_20JUN2019-1231_27JUN2019-1303_LB.csv,.csv,summer 2019,accelerometer_icetag,,,,,
Données completes/Données accelerometres/Summer 2019/Icetag/IceTags/Per minute/2019JUN27-2019JUL04/2062_Tag94_27JUN2019-1259_04JUL2019-1250.csv,2062_Tag94_27JUN2019-1259_04JUL2019-1250.csv,.csv,summer 2019,accelerometer_icetag,,,,,
Données completes/Données accelerometres/Summer 2019/Icetag/IceTags/Per minute/2019JUN27-2019JUL04/2062_Tag94_27JUN2019-1259_04JUL2019-1250_LB.csv,2062_Tag94_27JUN2019-1259_04JUL2019-1250_LB.csv,.csv,summer 2019,accelerometer_icetag,,,,,
Données completes/Données accelerometres/Summer 2019/Icetag/IceTags/Per minute/2019JUN27-2019JUL04/419_Tag85_27JUN2019-1354_04JUL2019-1341.csv,419_Tag85_27JUN2019-1354_04JUL2019-1341.csv,.csv,summer 2019,accelerometer_icetag,,,,,
Données completes/Données accelerometres/Summer 2019/Icetag/IceTags/Per minute/2019JUN27-2019JUL04/419_Tag85_27JUN2019-1354_04JUL2019-1341_LB.csv,419_Tag85_27JUN2019-1354_04JUL2019-1341_LB.csv,.csv,summer 2019,accelerometer_icetag,,,,,
Données completes/Données accelerometres/Summer 2019/Icetag/IceTags/Per minute/2019JUN27-2019JUL04/5169_Tag76_27JUN2019-1300_04JUL2019-1312.csv,5169_Tag76_27JUN2019-1300_04JUL2019-1312.csv,.csv,summer 2019,accelerometer_icetag,,,,,
Données completes/Données accelerometres/Summer 2019/Icetag/IceTags/Per minute/2019JUN27-2019JUL04/5169_Tag76_27JUN2019-1300_04JUL2019-1312_LB.csv,5169_Tag76_27JUN2019-1300_04JUL2019-1312_LB.csv,.csv,summer 2019,accelerometer_icetag,,,,,
Données completes/Données accelerometres/Summer 2019/Icetag/IceTags/Per minute/2019JUN27-2019JUL04/5258_Tag21_27JUN2019-1354_04JUL2019-1341.csv,5258_Tag21_27JUN2019-1354_04JUL2019-1341.csv,.csv,summer 2019,accelerometer_icetag,,,,,
Données completes/Données accelerometres/Summer 2019/Icetag/IceTags/Per minute/2019JUN27-2019JUL04/5258_Tag21_27JUN2019-1354_04JUL2019-1341_LB.csv,5258_Tag21_27JUN2019-1354_04JUL2019-1341_LB.csv,.csv,summer 2019,accelerometer_icetag,,,,,
Données completes/Données accelerometres/Summer 2019/Icetag/IceTags/Per minute/2019JUN27-2019JUL04/5313_Tag91_27JUN2019-1355_04JUL2019-1342.csv,5313_Tag91_27JUN2019-1355_04JUL2019-1342.csv,.csv,summer 2019,accelerometer_icetag,,,,,
Données completes/Données accelerometres/Summer 2019/Icetag/IceTags/Per minute/2019JUN27-2019JUL04/5313_Tag91_27JUN2019-1355_04JUL2019-1342_LB.csv,5313_Tag91_27JUN2019-1355_04JUL2019-1342_LB.csv,.csv,summer 2019,accelerometer_icetag,,,,,
Données completes/Données accelerometres/Summer 2019/Icetag/IceTags/Per minute/2019JUN27-2019JUL04/5322_Tag26_27JUN2019-1327_04JUL2019-1250.csv,5322_Tag26_27JUN2019-1327_04JUL2019-1250.csv,.csv,summer 2019,accelerometer_icetag,,,,,
Données completes/Données accelerometres/Summer 2019/Icetag/IceTags/Per minute/2019JUN27-2019JUL04/5322_Tag26_27JUN2019-1327_04JUL2019-1250_LB.csv,5322_Tag26_27JUN2019-1327_04JUL2019-1250_LB.csv,.csv,summer 2019,accelerometer_icetag,,,,,
Données completes/Données accelerometres/Summer 2019/Icetag/IceTags/Per minute/2019JUN27-2019JUL04/5330_Tag20_27JUN2019-1354_04JUL2019-1346.csv,5330_Tag20_27JUN2019-1354_04JUL2019-1346.csv,.csv,summer 2019,accelerometer_icetag,,,,,
Données completes/Données accelerometres/Summer 2019/Icetag/IceTags/Per minute/2019JUN27-2019JUL04/5330_Tag20_27JUN2019-1354_04JUL2019-1346_LB.csv,5330_Tag20_27JUN2019-1354_04JUL2019-1346_LB.csv,.csv,summer 2019,accelerometer_icetag,,,,,
Données completes/Données accelerometres/Summer 2019/Icetag/IceTags/Per minute/2019JUN27-2019JUL04/5854_Tag22_27JUN2019-1329_04JUL2019-1316.csv,5854_Tag22_27JUN2019-1329_04JUL2019-1316.csv,.csv,summer 2019,accelerometer_icetag,,,,,
Données completes/Données accelerometres/Summer 2019/Icetag/IceTags/Per minute/2019JUN27-2019JUL04/5854_Tag22_27JUN2019-1329_04JUL2019-1316_LB.csv,5854_Tag22_27JUN2019-1329_04JUL2019-1316_LB.csv,.csv,summer 2019,accelerometer_icetag,,,,,
Données completes/Données accelerometres/Summer 2019/Icetag/IceTags/Per minute/2019JUN27-2019JUL04/5857_Tag90_27JUN2019-1301_04JUL2019-1250.csv,5857_Tag90_27JUN2019-1301_04JUL2019-1250.csv,.csv,summer 2019,accelerometer_icetag,,,,,
Données completes/Données accelerometres/Summer 2019/Icetag/IceTags/Per minute/2019JUN27-2019JUL04/5857_Tag90_27JUN2019-1301_04JUL2019-1250_LB.csv,5857_Tag90_27JUN2019-1301_04JUL2019-1250_LB.csv,.csv,summer 2019,accelerometer_icetag,,,,,
Données completes/Données accelerometres/Summer 2019/Icetag/IceTags/Per minute/2019JUN27-2019JUL04/5862_Tag89_27JUN2019-1328_04JUL2019-1315.csv,5862_Tag89_27JUN2019-1328_04JUL2019-1315.csv,.csv,summer 2019,accelerometer_icetag,,,,,
Données completes/Données accelerometres/Summer 2019/Icetag/IceTags/Per minute/2019JUN27-2019JUL04/5862_Tag89_27JUN2019-1328_04JUL2019-1315_LB.csv,5862_Tag89_27JUN2019-1328_04JUL2019-1315_LB.csv,.csv,summer 2019,accelerometer_icetag,,,,,
Données completes/Données accelerometres/Summer 2019/Icetag/IceTags/Per minute/2019JUN27-2019JUL04/5865_Tag96_27JUN2019-1421_04JUL2019-1403.csv,5865_Tag96_27JUN2019-1421_04JUL2019-1403.csv,.csv,summer 2019,accelerometer_icetag,,,,,
Données completes/Données accelerometres/Summer 2019/Icetag/IceTags/Per minute/2019JUN27-2019JUL04/5865_Tag96_27JUN2019-1421_04JUL2019-1403_LB.csv,5865_Tag96_27JUN2019-1421_04JUL2019-1403_LB.csv,.csv,summer 2019,accelerometer_icetag,,,,,
Données completes/Données accelerometres/Summer 2019/Icetag/IceTags/Per minute/2019JUN27-2019JUL04/5871_Tag25_27JUN2019-1355_04JUL2019-1342.csv,5871_Tag25_27JUN2019-1355_04JUL2019-1342.csv,.csv,summer 2019,accelerometer_icetag,,,,,
Données completes/Données accelerometres/Summer 2019/Icetag/IceTags/Per minute/2019JUN27-2019JUL04/5871_Tag25_27JUN2019-1355_04JUL2019-1342_LB.csv,5871_Tag25_27JUN2019-1355_04JUL2019-1342_LB.csv,.csv,summer 2019,accelerometer_icetag,,,,,
Données completes/Données accelerometres/Summer 2019/Icetag/IceTags/Per minute/2019JUN27-2019JUL04/8515_Tag95_27JUN2019-1258_04JUL2019-1250.csv,8515_Tag95_27JUN2019-1258_04JUL2019-1250.csv,.csv,summer 2019,accelerometer_icetag,,,,,
Données completes/Données accelerometres/Summer 2019/Icetag/IceTags/Per minute/2019JUN27-2019JUL04/8515_Tag95_27JUN2019-1258_04JUL2019-1250_LB.csv,8515_Tag95_27JUN2019-1258_04JUL2019-1250_LB.csv,.csv,summer 2019,accelerometer_icetag,,,,,
Données completes/Données accelerometres/Summer 2019/Icetag/IceTags/Per minute/2019JUN27-2019JUL04/8520_Tag93_27JUN2019-1254_04JUL2019-1249.csv,8520_Tag93_27JUN2019-1254_04JUL2019-1249.csv,.csv,summer 2019,accelerometer_icetag,,,,,
Données completes/Données accelerometres/Summer 2019/Icetag/IceTags/Per minute/2019JUN27-2019JUL04/8520_Tag93_27JUN2019-1254_04JUL2019-1249_LB.csv,8520_Tag93_27JUN2019-1254_04JUL2019-1249_LB.csv,.csv,summer 2019,accelerometer_icetag,,,,,
Données completes/Données accelerometres/Summer 2019/Icetag/IceTags/Per minute/2019JUN27-2019JUL04/8525_Tag24_27JUN2019-1329_04JUL2019-1317.csv,8525_Tag24_27JUN2019-1329_04JUL2019-1317.csv,.csv,summer 2019,accelerometer_icetag,,,,,
Données completes/Données accelerometres/Summer 2019/Icetag/IceTags/Per minute/2019JUN27-2019JUL04/8525_Tag24_27JUN2019-1329_04JUL2019-1317_LB.csv,8525_Tag24_27JUN2019-1329_04JUL2019-1317_LB.csv,.csv,summer 2019,accelerometer_icetag,,,,,
Données completes/Données accelerometres/Summer 2019/Icetag/IceTags/Per minute/2019JUN27-2019JUL04/8536_Tag86_27JUN2019-1329_04JUL2019-1317.csv,8536_Tag86_27JUN2019-1329_04JUL2019-1317.csv,.csv,summer 2019,accelerometer_icetag,,,,,
Données completes/Données accelerometres/Summer 2019/Icetag/IceTags/Per minute/2019JUN27-2019JUL04/8536_Tag86_27JUN2019-1329_04JUL2019-1317_LB.csv,8536_Tag86_27JUN2019-1329_04JUL2019-1317_LB.csv,.csv,summer 2019,accelerometer_icetag,,,,,
Données completes/Données accelerometres/Summer 2019/Icetag/IceTags/Per second/2019AUG01-2019AUG08/419_Tag86_01AUG2019-1445_08AUG2019-1352.csv,419_Tag86_01AUG2019-1445_08AUG2019-1352.csv,.csv,summer 2019,accelerometer_icetag,,,,,
Données completes/Données accelerometres/Summer 2019/Icetag/IceTags/Per second/2019AUG01-2019AUG08/419_Tag86_01AUG2019-1445_08AUG2019-1352_LB.csv,419_Tag86_01AUG2019-1445_08AUG2019-1352_LB.csv,.csv,summer 2019,accelerometer_icetag,,,,,
Données completes/Données accelerometres/Summer 2019/Icetag/IceTags/Per second/2019AUG01-2019AUG08/5258_Tag90_01AUG2019-1446_08AUG2019-1352.csv,5258_Tag90_01AUG2019-1446_08AUG2019-1352.csv,.csv,summer 2019,accelerometer_icetag,,,,,
Données completes/Données accelerometres/Summer 2019/Icetag/IceTags/Per second/2019AUG01-2019AUG08/5258_Tag90_01AUG2019-1446_08AUG2019-1352_LB.csv,5258_Tag90_01AUG2019-1446_08AUG2019-1352_LB.csv,.csv,summer 2019,accelerometer_icetag,,,,,
Données completes/Données accelerometres/Summer 2019/Icetag/IceTags/Per second/2019AUG01-2019AUG08/5854_Tag95_01AUG2019-1416_08AUG2019-1333.csv,5854_Tag95_01AUG2019-1416_08AUG2019-1333.csv,.csv,summer 2019,accelerometer_icetag,,,,,
Données completes/Données accelerometres/Summer 2019/Icetag/IceTags/Per second/2019AUG01-2019AUG08/5854_Tag95_01AUG2019-1416_08AUG2019-1333_LB.csv,5854_Tag95_01AUG2019-1416_08AUG2019-1333_LB.csv,.csv,summer 2019,accelerometer_icetag,,,,,
Données completes/Données accelerometres/Summer 2019/Icetag/IceTags/Per second/2019AUG01-2019AUG08/5857_Tag88_01AUG2019-1306_08AUG2019-1314.csv,5857_Tag88_01AUG2019-1306_08AUG2019-1314.csv,.csv,summer 2019,accelerometer_icetag,,,,,
Données completes/Données accelerometres/Summer 2019/Icetag/IceTags/Per second/2019AUG01-2019AUG08/5857_Tag88_01AUG2019-1306_08AUG2019-1314_LB.csv,5857_Tag88_01AUG2019-1306_08AUG2019-1314_LB.csv,.csv,summer 2019,accelerometer_icetag,,,,,
Données completes/Données accelerometres/Summer 2019/Icetag/IceTags/Per second/2019AUG01-2019AUG08/5865_Tag97_01AUG2019-1515_08AUG2019-1412.csv,5865_Tag97_01AUG2019-1515_08AUG2019-1412.csv,.csv,summer 2019,accelerometer_icetag,,,,,
Données completes/Données accelerometres/Summer 2019/Icetag/IceTags/Per second/2019AUG01-2019AUG08/5865_Tag97_01AUG2019-1515_08AUG2019-1412_LB.csv,5865_Tag97_01AUG2019-1515_08AUG2019-1412_LB.csv,.csv,summer 2019,accelerometer_icetag,,,,,
Données completes/Données accelerometres/Summer 2019/Icetag/IceTags/Per second/2019AUG01-2019AUG08/8520_Tag87_01AUG2019-1305_08AUG2019-1312.csv,8520_Tag87_01AUG2019-1305_08AUG2019-1312.csv,.csv,summer 2019,accelerometer_icetag,,,,,
Données completes/Données accelerometres/Summer 2019/Icetag/IceTags/Per second/2019AUG01-2019AUG08/8520_Tag87_01AUG2019-1305_08AUG2019-1312_LB.csv,8520_Tag87_01AUG2019-1305_08AUG2019-1312_LB.csv,.csv,summer 2019,accelerometer_icetag,,,,,
Données completes/Données accelerometres/Summer 2019/Icetag/IceTags/Per second/2019AUG01-2019AUG08/8536_Tag22_01AUG2019-1416_08AUG2019-1334.csv,8536_Tag22_01AUG2019-1416_08AUG2019-1334.csv,.csv,summer 2019,accelerometer_icetag,,,,,
Données completes/Données accelerometres/Summer 2019/Icetag/IceTags/Per second/2019AUG01-2019AUG08/8536_Tag22_01AUG2019-1416_08AUG2019-1334_LB.csv,8536_Tag22_01AUG2019-1416_08AUG2019-1334_LB.csv,.csv,summer 2019,accelerometer_icetag,,,,,
Données completes/Données accelerometres/Summer 2019/Icetag/IceTags/Per second/2019AUG08-2019AUG16/419_Tag26_08AUG2019-1351_16AUG2019-1356.csv,419_Tag26_08AUG2019-1351_16AUG2019-1356.csv,.csv,summer 2019,accelerometer_icetag,,,,,
Données completes/Données accelerometres/Summer 2019/Icetag/IceTags/Per second/2019AUG08-2019AUG16/419_Tag26_08AUG2019-1351_16AUG2019-1356_LB.csv,419_Tag26_08AUG2019-1351_16AUG2019-1356_LB.csv,.csv,summer 2019,accelerometer_icetag,,,,,
Données completes/Données accelerometres/Summer 2019/Icetag/IceTags/Per second/2019AUG08-2019AUG16/5258_Tag22_08AUG2019-1352_16AUG2019-1357.csv,5258_Tag22_08AUG2019-1352_16AUG2019-1357.csv,.csv,summer 2019,accelerometer_icetag,,,,,
Données completes/Données accelerometres/Summer 2019/Icetag/IceTags/Per second/2019AUG08-2019AUG16/5258_Tag22_08AUG2019-1352_16AUG2019-1357_LB.csv,5258_Tag22_08AUG2019-1352_16AUG2019-1357_LB.csv,.csv,summer 2019,accelerometer_icetag,,,,,
Données completes/Données accelerometres/Summer 2019/Icetag/IceTags/Per second/2019AUG08-2019AUG16/5854_Tag88_08AUG2019-1331_16AUG2019-1335.csv,5854_Tag88_08AUG2019-1331_16AUG2019-1335.csv,.csv,summer 2019,accelerometer_icetag,,,,,
Données completes/Données accelerometres/Summer 2019/Icetag/IceTags/Per second/2019AUG08-2019AUG16/5854_Tag88_08AUG2019-1331_16AUG2019-1335_LB.csv,5854_Tag88_08AUG2019-1331_16AUG2019-1335_LB.csv,.csv,summer 2019,accelerometer_icetag,,,,,
Données completes/Données accelerometres/Summer 2019/Icetag/IceTags/Per second/2019AUG08-2019AUG16/5857_Tag92_08AUG2019-1311_16AUG2019-1314.csv,5857_Tag92_08AUG2019-1311_16AUG2019-1314.csv,.csv,summer 2019,accelerometer_icetag,,,,,
Données completes/Données accelerometres/Summer 2019/Icetag/IceTags/Per second/2019AUG08-2019AUG16/5857_Tag92_08AUG2019-1311_16AUG2019-1314_LB.csv,5857_Tag92_08AUG2019-1311_16AUG2019-1314_LB.csv,.csv,summer 2019,accelerometer_icetag,,,,,
Données completes/Données accelerometres/Summer 2019/Icetag/IceTags/Per second/2019AUG08-2019AUG16/5865_Tag90_08AUG2019-1411_16AUG2019-1415.csv,5865_Tag90_08AUG2019-1411_16AUG2019-1415.csv,.csv,summer 2019,accelerometer_icetag,,,,,
Données completes/Données accelerometres/Summer 2019/Icetag/IceTags/Per second/2019AUG08-2019AUG16/5865_Tag90_08AUG2019-1411_16AUG2019-1415_LB.csv,5865_Tag90_08AUG2019-1411_16AUG2019-1415_LB.csv,.csv,summer 2019,accelerometer_icetag,,,,,
Données completes/Données accelerometres/Summer 2019/Icetag/IceTags/Per second/2019AUG08-2019AUG16/8520_Tag25_08AUG2019-1310_16AUG2019-1313.csv,8520_Tag25_08AUG2019-1310_16AUG2019-1313.csv,.csv,summer 2019,accelerometer_icetag,,,,,
Données completes/Données accelerometres/Summer 2019/Icetag/IceTags/Per second/2019AUG08-2019AUG16/8520_Tag25_08AUG2019-1310_16AUG2019-1313_LB.csv,8520_Tag25_08AUG2019-1310_16AUG2019-1313_LB.csv,.csv,summer 2019,accelerometer_icetag,,,,,
Données completes/Données accelerometres/Summer 2019/Icetag/IceTags/Per second/2019AUG08-2019AUG16/8536_Tag96_08AUG2019-1332_16AUG2019-1336.csv,8536_Tag96_08AUG2019-1332_16AUG2019-1336.csv,.csv,summer 2019,accelerometer_icetag,,,,,
Données completes/Données accelerometres/Summer 2019/Icetag/IceTags/Per second/2019AUG08-2019AUG16/8536_Tag96_08AUG2019-1332_16AUG2019-1336_LB.csv,8536_Tag96_08AUG2019-1332_16AUG2019-1336_LB.csv,.csv,summer 2019,accelerometer_icetag,,,,,
Données completes/Données accelerometres/Summer 2019/Icetag/IceTags/Per second/2019AUG16-2019AUG22/419_Tag88_16AUG2019-1355_22AUG2019-1349.csv,419_Tag88_16AUG2019-1355_22AUG2019-1349.csv,.csv,summer 2019,accelerometer_icetag,,,,,
Données completes/Données accelerometres/Summer 2019/Icetag/IceTags/Per second/2019AUG16-2019AUG22/419_Tag88_16AUG2019-1355_22AUG2019-1349_LB.csv,419_Tag88_16AUG2019-1355_22AUG2019-1349_LB.csv,.csv,summer 2019,accelerometer_icetag,,,,,
Données completes/Données accelerometres/Summer 2019/Icetag/IceTags/Per second/2019AUG16-2019AUG22/5258_Tag93_16AUG2019-1355_22AUG2019-1350.csv,5258_Tag93_16AUG2019-1355_22AUG2019-1350.csv,.csv,summer 2019,accelerometer_icetag,,,,,
Données completes/Données accelerometres/Summer 2019/Icetag/IceTags/Per second/2019AUG16-2019AUG22/5258_Tag93_16AUG2019-1355_22AUG2019-1350_LB.csv,5258_Tag93_16AUG2019-1355_22AUG2019-1350_LB.csv,.csv,summer 2019,accelerometer_icetag,,,,,
Données completes/Données accelerometres/Summer 2019/Icetag/IceTags/Per second/2019AUG16-2019AUG22/5854_Tag25_16AUG2019-1333_22AUG2019-1332.csv,5854_Tag25_16AUG2019-1333_22AUG2019-1332.csv,.csv,summer 2019,accelerometer_icetag,,,,,
Données completes/Données accelerometres/Summer 2019/Icetag/IceTags/Per second/2019AUG16-2019AUG22/5854_Tag25_16AUG2019-1333_22AUG2019-1332_LB.csv,5854_Tag25_16AUG2019-1333_22AUG2019-1332_LB.csv,.csv,summer 2019,accelerometer_icetag,,,,,
Données completes/Données accelerometres/Summer 2019/Icetag/IceTags/Per second/2019AUG16-2019AUG22/5857_Tag89_16AUG2019-1311_22AUG2019-1313.csv,5857_Tag89_16AUG2019-1311_22AUG2019-1313.csv,.csv,summer 2019,accelerometer_icetag,,,,,
Données completes/Données accelerometres/Summer 2019/Icetag/IceTags/Per second/2019AUG16-2019AUG22/5857_Tag89_16AUG2019-1311_22AUG2019-1313_LB.csv,5857_Tag89_16AUG2019-1311_22AUG2019-1313_LB.csv,.csv,summer 2019,accelerometer_icetag,,,,,
Données completes/Données accelerometres/Summer 2019/Icetag/IceTags/Per second/2019AUG16-2019AUG22/5865_Tag26_16AUG2019-1412_22AUG2019-1413.csv,5865_Tag26_16AUG2019-1412_22AUG2019-1413.csv,.csv,summer 2019,accelerometer_icetag,,,,,
Données completes/Données accelerometres/Summer 2019/Icetag/IceTags/Per second/2019AUG16-2019AUG22/5865_Tag26_16AUG2019-1412_22AUG2019-1413_LB.csv,5865_Tag26_16AUG2019-1412_22AUG2019-1413_LB.csv,.csv,summer 2019,accelerometer_icetag,,,,,
Données completes/Données accelerometres/Summer 2019/Icetag/IceTags/Per second/2019AUG16-2019AUG22/8520_Tag20_16AUG2019-1311_22AUG2019-1310.csv,8520_Tag20_16AUG2019-1311_22AUG2019-1310.csv,.csv,summer 2019,accelerometer_icetag,,,,,
Données completes/Données accelerometres/Summer 2019/Icetag/IceTags/Per second/2019AUG16-2019AUG22/8520_Tag20_16AUG2019-1311_22AUG2019-1310_LB.csv,8520_Tag20_16AUG2019-1311_22AUG2019-1310_LB.csv,.csv,summer 2019,accelerometer_icetag,,,,,
Données completes/Données accelerometres/Summer 2019/Icetag/IceTags/Per second/2019AUG16-2019AUG22/8536_Tag76_16AUG2019-1334_22AUG2019-1333.csv,8536_Tag76_16AUG2019-1334_22AUG2019-1333.csv,.csv,summer 2019,accelerometer_icetag,,,,,
Données completes/Données accelerometres/Summer 2019/Icetag/IceTags/Per second/2019AUG16-2019AUG22/8536_Tag76_16AUG2019-1334_22AUG2019-1333_LB.csv,8536_Tag76_16AUG2019-1334_22AUG2019-1333_LB.csv,.csv,summer 2019,accelerometer_icetag,,,,,
Données completes/Données accelerometres/Summer 2019/Icetag/IceTags/Per second/2019AUG22-2019SEPT06/419_Tag76_22AUG2019-1348_06SEP2019-1033.csv,419_Tag76_22AUG2019-1348_06SEP2019-1033.csv,.csv,summer 2019,accelerometer_icetag,,,,,
Données completes/Données accelerometres/Summer 2019/Icetag/IceTags/Per second/2019AUG22-2019SEPT06/419_Tag76_22AUG2019-1348_06SEP2019-1033_LB.csv,419_Tag76_22AUG2019-1348_06SEP2019-1033_LB.csv,.csv,summer 2019,accelerometer_icetag,,,,,
Données completes/Données accelerometres/Summer 2019/Icetag/IceTags/Per second/2019AUG22-2019SEPT06/5854_Tag97_22AUG2019-1329_06SEP2019-1031.csv,5854_Tag97_22AUG2019-1329_06SEP2019-1031.csv,.csv,summer 2019,accelerometer_icetag,,,,,
Données completes/Données accelerometres/Summer 2019/Icetag/IceTags/Per second/2019AUG22-2019SEPT06/5854_Tag97_22AUG2019-1329_06SEP2019-1031_LB.csv,5854_Tag97_22AUG2019-1329_06SEP2019-1031_LB.csv,.csv,summer 2019,accelerometer_icetag,,,,,
Données completes/Données accelerometres/Summer 2019/Icetag/IceTags/Per second/2019AUG22-2019SEPT06/5857_Tag85_22AUG2019-1309_06SEP2019-1026.csv,5857_Tag85_22AUG2019-1309_06SEP2019-1026.csv,.csv,summer 2019,accelerometer_icetag,,,,,
Données completes/Données accelerometres/Summer 2019/Icetag/IceTags/Per second/2019AUG22-2019SEPT06/5857_Tag85_22AUG2019-1309_06SEP2019-1026_LB.csv,5857_Tag85_22AUG2019-1309_06SEP2019-1026_LB.csv,.csv,summer 2019,accelerometer_icetag,,,,,
Données completes/Données accelerometres/Summer 2019/Icetag/IceTags/Per second/2019AUG22-2019SEPT06/5865_Tag87_22AUG2019-1410_06SEP2019-1036.csv,5865_Tag87_22AUG2019-1410_06SEP2019-1036.csv,.csv,summer 2019,accelerometer_icetag,,,,,
Données completes/Données accelerometres/Summer 2019/Icetag/IceTags/Per second/2019AUG22-2019SEPT06/5865_Tag87_22AUG2019-1410_06SEP2019-1036_LB.csv,5865_Tag87_22AUG2019-1410_06SEP2019-1036_LB.csv,.csv,summer 2019,accelerometer_icetag,,,,,
Données completes/Données accelerometres/Summer 2019/Icetag/IceTags/Per second/2019AUG22-2019SEPT06/8520_Tag90_22AUG2019-1308_06SEP2019-1025.csv,8520_Tag90_22AUG2019-1308_06SEP2019-1025.csv,.csv,summer 2019,accelerometer_icetag,,,,,
Données completes/Données accelerometres/Summer 2019/Icetag/IceTags/Per second/2019AUG22-2019SEPT06/8520_Tag90_22AUG2019-1308_06SEP2019-1025_LB.csv,8520_Tag90_22AUG2019-1308_06SEP2019-1025_LB.csv,.csv,summer 2019,accelerometer_icetag,,,,,
Données completes/Données accelerometres/Summer 2019/Icetag/IceTags/Per second/2019AUG22-2019SEPT06/8536_Tag89_22AUG2019-1331_06SEP2019-1029.csv,8536_Tag89_22AUG2019-1331_06SEP2019-1029.csv,.csv,summer 2019,accelerometer_icetag,,,,,
Données completes/Données accelerometres/Summer 2019/Icetag/IceTags/Per second/2019AUG22-2019SEPT06/8536_Tag89_22AUG2019-1331_06SEP2019-1029_LB.csv,8536_Tag89_22AUG2019-1331_06SEP2019-1029_LB.csv,.csv,summer 2019,accelerometer_icetag,,,,,
Données completes/Données accelerometres/Summer 2019/Icetag/IceTags/Per second/2019JUL04-2019JUL11/419_Tag24_04JUL2019-1338_11JUL2019-1026.csv,419_Tag24_04JUL2019-1338_11JUL2019-1026.csv,.csv,summer 2019,accelerometer_icetag,,,,,
Données completes/Données accelerometres/Summer 2019/Icetag/IceTags/Per second/2019JUL04-2019JUL11/419_Tag24_04JUL2019-1338_11JUL2019-1026_LB.csv,419_Tag24_04JUL2019-1338_11JUL2019-1026_LB.csv,.csv,summer 2019,accelerometer_icetag,,,,,
Données completes/Données accelerometres/Summer 2019/Icetag/IceTags/Per second/2019JUL04-2019JUL11/5169_Tag90_04JUL2019-1312_11JUL2019-1058.csv,5169_Tag90_04JUL2019-1312_11JUL2019-1058.csv,.csv,summer 2019,accelerometer_icetag,,,,,
Données completes/Données accelerometres/Summer 2019/Icetag/IceTags/Per second/2019JUL04-2019JUL11/5169_Tag90_04JUL2019-1312_11JUL2019-1058_LB.csv,5169_Tag90_04JUL2019-1312_11JUL2019-1058_LB.csv,.csv,summer 2019,accelerometer_icetag,,,,,
Données completes/Données accelerometres/Summer 2019/Icetag/IceTags/Per second/2019JUL04-2019JUL11/5214_Tag96_05JUL2019-831_11JUL2019-1006.csv,5214_Tag96_05JUL2019-831_11JUL2019-1006.csv,.csv,summer 2019,accelerometer_icetag,,,,,
Données completes/Données accelerometres/Summer 2019/Icetag/IceTags/Per second/2019JUL04-2019JUL11/5214_Tag96_05JUL2019-831_11JUL2019-1006_LB.csv,5214_Tag96_05JUL2019-831_11JUL2019-1006_LB.csv,.csv,summer 2019,accelerometer_icetag,,,,,
Données completes/Données accelerometres/Summer 2019/Icetag/IceTags/Per second/2019JUL04-2019JUL11/5258_Tag22_04JUL2019-1338_11JUL2019-1041.csv,5258_Tag22_04JUL2019-1338_11JUL2019-1041.csv,.csv,summer 2019,accelerometer_icetag,,,,,
Données completes/Données accelerometres/Summer 2019/Icetag/IceTags/Per second/2019JUL04-2019JUL11/5258_Tag22_04JUL2019-1338_11JUL2019-1041_LB.csv,5258_Tag22_04JUL2019-1338_11JUL2019-1041_LB.csv,.csv,summer 2019,accelerometer_icetag,,,,,
Données completes/Données accelerometres/Summer 2019/Icetag/IceTags/Per second/2019JUL04-2019JUL11/5854_Tag26_04JUL2019-1312_11JUL2019-1007.csv,5854_Tag26_04JUL2019-1312_11JUL2019-1007.csv,.csv,summer 2019,accelerometer_icetag,,,,,
Données completes/Données accelerometres/Summer 2019/Icetag/IceTags/Per second/2019JUL04-2019JUL11/5854_Tag26_04JUL2019-1312_11JUL2019-1007_LB.csv,5854_Tag26_04JUL2019-1312_11JUL2019-1007_LB.csv,.csv,summer 2019,accelerometer_icetag,,,,,
Données completes/Données accelerometres/Summer 2019/Icetag/IceTags/Per second/2019JUL04-2019JUL11/5857_Tag88_04JUL2019-1247_11JUL2019-0949.csv,5857_Tag88_04JUL2019-1247_11JUL2019-0949.csv,.csv,summer 2019,accelerometer_icetag,,,,,
Données completes/Données accelerometres/Summer 2019/Icetag/IceTags/Per second/2019JUL04-2019JUL11/5857_Tag88_04JUL2019-1247_11JUL2019-0949_LB.csv,5857_Tag88_04JUL2019-1247_11JUL2019-0949_LB.csv,.csv,summer 2019,accelerometer_icetag,,,,,
Données completes/Données accelerometres/Summer 2019/Icetag/IceTags/Per second/2019JUL04-2019JUL11/5865_Tag20_04JUL2019-1402_11JUL2019-1042.csv,5865_Tag20_04JUL2019-1402_11JUL2019-1042.csv,.csv,summer 2019,accelerometer_icetag,,,,,
Données completes/Données accelerometres/Summer 2019/Icetag/IceTags/Per second/2019JUL04-2019JUL11/5865_Tag20_04JUL2019-1402_11JUL2019-1042_LB.csv,5865_Tag20_04JUL2019-1402_11JUL2019-1042_LB.csv,.csv,summer 2019,accelerometer_icetag,,,,,
Données completes/Données accelerometres/Summer 2019/Icetag/IceTags/Per second/2019JUL04-2019JUL11/8520_Tag16_04JUL2019-1244_11JUL2019-0948.csv,8520_Tag16_04JUL2019-1244_11JUL2019-0948.csv,.csv,summer 2019,accelerometer_icetag,,,,,
Données completes/Données accelerometres/Summer 2019/Icetag/IceTags/Per second/2019JUL04-2019JUL11/8520_Tag16_04JUL2019-1244_11JUL2019-0948_LB.csv,8520_Tag16_04JUL2019-1244_11JUL2019-0948_LB.csv,.csv,summer 2019,accelerometer_icetag,,,,,
Données completes/Données accelerometres/Summer 2019/Icetag/IceTags/Per second/2019JUL04-2019JUL11/8536_Tag94_04JUL2019-1314_11JUL2019-1025.csv,8536_Tag94_04JUL2019-1314_11JUL2019-1025.csv,.csv,summer 2019,accelerometer_icetag,,,,,
Données completes/Données accelerometres/Summer 2019/Icetag/IceTags/Per second/2019JUL04-2019JUL11/8536_Tag94_04JUL2019-1314_11JUL2019-1025_LB.csv,8536_Tag94_04JUL2019-1314_11JUL2019-1025_LB.csv,.csv,summer 2019,accelerometer_icetag,,,,,
Données completes/Données accelerometres/Summer 2019/Icetag/IceTags/Per second/2019JUL11-2019JUL18/419_Tag93_11JUL2019-1024_18JUL2019-1442.csv,419_Tag93_11JUL2019-1024_18JUL2019-1442.csv,.csv,summer 2019,accelerometer_icetag,,,,,
Données completes/Données accelerometres/Summer 2019/Icetag/IceTags/Per second/2019JUL11-2019JUL18/419_Tag93_11JUL2019-1024_18JUL2019-1442_LB.csv,419_Tag93_11JUL2019-1024_18JUL2019-1442_LB.csv,.csv,summer 2019,accelerometer_icetag,,,,,
Données completes/Données accelerometres/Summer 2019/Icetag/IceTags/Per second/2019JUL11-2019JUL18/5169_Tag22_11JUL2019-1055_18JUL2019-1525.csv,5169_Tag22_11JUL2019-1055_18JUL2019-1525.csv,.csv,summer 2019,accelerometer_icetag,,,,,
Données completes/Données accelerometres/Summer 2019/Icetag/IceTags/Per second/2019JUL11-2019JUL18/5169_Tag22_11JUL2019-1055_18JUL2019-1525_LB.csv,5169_Tag22_11JUL2019-1055_18JUL2019-1525_LB.csv,.csv,summer 2019,accelerometer_icetag,,,,,
Données completes/Données accelerometres/Summer 2019/Icetag/IceTags/Per second/2019JUL11-2019JUL18/5214_Tag16_11JUL2019-1002_18JUL2019-1414.csv,5214_Tag16_11JUL2019-1002_18JUL2019-1414.csv,.csv,summer 2019,accelerometer_icetag,,,,,
Données completes/Données accelerometres/Summer 2019/Icetag/IceTags/Per second/2019JUL11-2019JUL18/5214_Tag16_11JUL2019-1002_18JUL2019-1414_LB.csv,5214_Tag16_11JUL2019-1002_18JUL2019-1414_LB.csv,.csv,summer 2019,accelerometer_icetag,,,,,
Données completes/Données accelerometres/Summer 2019/Icetag/IceTags/Per second/2019JUL11-2019JUL18/5258_Tag95_11JUL2019-1039_18JUL2019-1507.csv,5258_Tag95_11JUL2019-1039_18JUL2019-1507.csv,.csv,summer 2019,accelerometer_icetag,,,,,
Données completes/Données accelerometres/Summer 2019/Icetag/IceTags/Per second/2019JUL11-2019JUL18/5258_Tag95_11JUL2019-1039_18JUL2019-1507_LB.csv,5258_Tag95_11JUL2019-1039_18JUL2019-1507_LB.csv,.csv,summer 2019,accelerometer_icetag,,,,,
Données completes/Données accelerometres/Summer 2019/Icetag/IceTags/Per second/2019JUL11-2019JUL18/5854_Tag92_11JUL2019-1005_18JUL2019-1417.csv,5854_Tag92_11JUL2019-1005_18JUL2019-1417.csv,.csv,summer 2019,accelerometer_icetag,,,,,
Données completes/Données accelerometres/Summer 2019/Icetag/IceTags/Per second/2019JUL11-2019JUL18/5854_Tag92_11JUL2019-1005_18JUL2019-1417_LB.csv,5854_Tag92_11JUL2019-1005_18JUL2019-1417_LB.csv,.csv,summer 2019,accelerometer_icetag,,,,,
Données completes/Données accelerometres/Summer 2019/Icetag/IceTags/Per second/2019JUL11-2019JUL18/5857_Tag25_11JUL2019-0947_18JUL2019-1350.csv,5857_Tag25_11JUL2019-0947_18JUL2019-1350.csv,.csv,summer 2019,accelerometer_icetag,,,,,
Données completes/Données accelerometres/Summer 2019/Icetag/IceTags/Per second/2019JUL11-2019JUL18/5857_Tag25_11JUL2019-0947_18JUL2019-1350_LB.csv,5857_Tag25_11JUL2019-0947_18JUL2019-1350_LB.csv,.csv,summer 2019,accelerometer_icetag,,,,,
Données completes/Données accelerometres/Summer 2019/Icetag/IceTags/Per second/2019JUL11-2019JUL18/5865_Tag24_11JUL2019-1040_18JUL2019-1507.csv,5865_Tag24_11JUL2019-1040_18JUL2019-1507.csv,.csv,summer 2019,accelerometer_icetag,,,,,
Données completes/Données accelerometres/Summer 2019/Icetag/IceTags/Per second/2019JUL11-2019JUL18/5865_Tag24_11JUL2019-1040_18JUL2019-1507_LB.csv,5865_Tag24_11JUL2019-1040_18JUL2019-1507_LB.csv,.csv,summer 2019,accelerometer_icetag,,,,,
Données completes/Données accelerometres/Summer 2019/Icetag/IceTags/Per second/2019JUL11-2019JUL18/8520_Tag85_11JUL2019-0946_18JUL2019-1348.csv,8520_Tag85_11JUL2019-0946_18JUL2019-1348.csv,.csv,summer 2019,accelerometer_icetag,,,,,
Données completes/Données accelerometres/Summer 2019/Icetag/IceTags/Per second/2019JUL11-2019JUL18/8520_Tag85_11JUL2019-0946_18JUL2019-1348_LB.csv,8520_Tag85_11JUL2019-0946_18JUL2019-1348_LB.csv,.csv,summer 2019,accelerometer_icetag,,,,,
Données completes/Données accelerometres/Summer 2019/Icetag/IceTags/Per second/2019JUL11-2019JUL18/8536_Tag26_11JUL2019-1019_18JUL2019-1440.csv,8536_Tag26_11JUL2019-1019_18JUL2019-1440.csv,.csv,summer 2019,accelerometer_icetag,,,,,
Données completes/Données accelerometres/Summer 2019/Icetag/IceTags/Per second/2019JUL11-2019JUL18/8536_Tag26_11JUL2019-1019_18JUL2019-1440_LB.csv,8536_Tag26_11JUL2019-1019_18JUL2019-1440_LB.csv,.csv,summer 2019,accelerometer_icetag,,,,,
Données completes/Données accelerometres/Summer 2019/Icetag/IceTags/Per second/2019JUL18-2019JUL25/419_Tag88_18JUL2019-1439_25JUL2019-1404.csv,419_Tag88_18JUL2019-1439_25JUL2019-1404.csv,.csv,summer 2019,accelerometer_icetag,,,,,
Données completes/Données accelerometres/Summer 2019/Icetag/IceTags/Per second/2019JUL18-2019JUL25/419_Tag88_18JUL2019-1439_25JUL2019-1404_LB.csv,419_Tag88_18JUL2019-1439_25JUL2019-1404_LB.csv,.csv,summer 2019,accelerometer_icetag,,,,,
Données completes/Données accelerometres/Summer 2019/Icetag/IceTags/Per second/2019JUL18-2019JUL25/5214_Tag85_18JUL2019-1410_25JUL2019-0835.csv,5214_Tag85_18JUL2019-1410_25JUL2019-0835.csv,.csv,summer 2019,accelerometer_icetag,,,,,
Données completes/Données accelerometres/Summer 2019/Icetag/IceTags/Per second/2019JUL18-2019JUL25/5214_Tag85_18JUL2019-1410_25JUL2019-0835_LB.csv,5214_Tag85_18JUL2019-1410_25JUL2019-0835_LB.csv,.csv,summer 2019,accelerometer_icetag,,,,,
Données completes/Données accelerometres/Summer 2019/Icetag/IceTags/Per second/2019JUL18-2019JUL25/5258_Tag26_18JUL2019-1505_25JUL2019-1404.csv,5258_Tag26_18JUL2019-1505_25JUL2019-1404.csv,.csv,summer 2019,accelerometer_icetag,,,,,
Données completes/Données accelerometres/Summer 2019/Icetag/IceTags/Per second/2019JUL18-2019JUL25/5258_Tag26_18JUL2019-1505_25JUL2019-1404_LB.csv,5258_Tag26_18JUL2019-1505_25JUL2019-1404_LB.csv,.csv,summer 2019,accelerometer_icetag,,,,,
Données completes/Données accelerometres/Summer 2019/Icetag/IceTags/Per second/2019JUL18-2019JUL25/5854_Tag91_18JUL2019-1416_25JUL2019-1340.csv,5854_Tag91_18JUL2019-1416_25JUL2019-1340.csv,.csv,summer 2019,accelerometer_icetag,,,,,
Données completes/Données accelerometres/Summer 2019/Icetag/IceTags/Per second/2019JUL18-2019JUL25/5854_Tag91_18JUL2019-1416_25JUL2019-1340_LB.csv,5854_Tag91_18JUL2019-1416_25JUL2019-1340_LB.csv,.csv,summer 2019,accelerometer_icetag,,,,,
Données completes/Données accelerometres/Summer 2019/Icetag/IceTags/Per second/2019JUL18-2019JUL25/5857_Tag90_18JUL2019-1347_25JUL2019-1315.csv,5857_Tag90_18JUL2019-1347_25JUL2019-1315.csv,.csv,summer 2019,accelerometer_icetag,,,,,
Données completes/Données accelerometres/Summer 2019/Icetag/IceTags/Per second/2019JUL18-2019JUL25/5857_Tag90_18JUL2019-1347_25JUL2019-1315_LB.csv,5857_Tag90_18JUL2019-1347_25JUL2019-1315_LB.csv,.csv,summer 2019,accelerometer_icetag,,,,,
Données completes/Données accelerometres/Summer 2019/Icetag/IceTags/Per second/2019JUL18-2019JUL25/5865_Tag87_18JUL2019-1504_25JUL2019-1406.csv,5865_Tag87_18JUL2019-1504_25JUL2019-1406.csv,.csv,summer 2019,accelerometer_icetag,,,,,
Données completes/Données accelerometres/Summer 2019/Icetag/IceTags/Per second/2019JUL18-2019JUL25/5865_Tag87_18JUL2019-1504_25JUL2019-1406_LB.csv,5865_Tag87_18JUL2019-1504_25JUL2019-1406_LB.csv,.csv,summer 2019,accelerometer_icetag,,,,,
Données completes/Données accelerometres/Summer 2019/Icetag/IceTags/Per second/2019JUL18-2019JUL25/8520_Tag20_18JUL2019-1344_25JUL2019-1313.csv,8520_Tag20_18JUL2019-1344_25JUL2019-1313.csv,.csv,summer 2019,accelerometer_icetag,,,,,
Données completes/Données accelerometres/Summer 2019/Icetag/IceTags/Per second/2019JUL18-2019JUL25/8520_Tag20_18JUL2019-1344_25JUL2019-1313_LB.csv,8520_Tag20_18JUL2019-1344_25JUL2019-1313_LB.csv,.csv,summer 2019,accelerometer_icetag,,,,,
Données completes/Données accelerometres/Summer 2019/Icetag/IceTags/Per second/2019JUL18-2019JUL25/8536_Tag92_18JUL2019-1437_25JUL2019-1341.csv,8536_Tag92_18JUL2019-1437_25JUL2019-1341.csv,.csv,summer 2019,accelerometer_icetag,,,,,
Données completes/Données accelerometres/Summer 2019/Icetag/IceTags/Per second/2019JUL18-2019JUL25/8536_Tag92_18JUL2019-1437_25JUL2019-1341_LB.csv,8536_Tag92_18JUL2019-1437_25JUL2019-1341_LB.csv,.csv,summer 2019,accelerometer_icetag,,,,,
Données completes/Données accelerometres/Summer 2019/Icetag/IceTags/Per second/2019JUL25-2019AUG01/419_Tag91_25JUL2019-1401_01AUG2019-1447.csv,419_Tag91_25JUL2019-1401_01AUG2019-1447.csv,.csv,summer 2019,accelerometer_icetag,,,,,
Données completes/Données accelerometres/Summer 2019/Icetag/IceTags/Per second/2019JUL25-2019AUG01/419_Tag91_25JUL2019-1401_01AUG2019-1447_LB.csv,419_Tag91_25JUL2019-1401_01AUG2019-1447_LB.csv,.csv,summer 2019,accelerometer_icetag,,,,,
Données completes/Données accelerometres/Summer 2019/Icetag/IceTags/Per second/2019JUL25-2019AUG01/5258_Tag97_25JUL2019-1402_01AUG2019-1448.csv,5258_Tag97_25JUL2019-1402_01AUG2019-1448.csv,.csv,summer 2019,accelerometer_icetag,,,,,
Données completes/Données accelerometres/Summer 2019/Icetag/IceTags/Per second/2019JUL25-2019AUG01/5258_Tag97_25JUL2019-1402_01AUG2019-1448_LB.csv,5258_Tag97_25JUL2019-1402_01AUG2019-1448_LB.csv,.csv,summer 2019,accelerometer_icetag,,,,,
Données completes/Données accelerometres/Summer 2019/Icetag/IceTags/Per second/2019JUL25-2019AUG01/5854_Tag20_25JUL2019-1334_01AUG2019-1418.csv,5854_Tag20_25JUL2019-1334_01AUG2019-1418.csv,.csv,summer 2019,accelerometer_icetag,,,,,
Données completes/Données accelerometres/Summer 2019/Icetag/IceTags/Per second/2019JUL25-2019AUG01/5854_Tag20_25JUL2019-1334_01AUG2019-1418_LB.csv,5854_Tag20_25JUL2019-1334_01AUG2019-1418_LB.csv,.csv,summer 2019,accelerometer_icetag,,,,,
Données completes/Données accelerometres/Summer 2019/Icetag/IceTags/Per second/2019JUL25-2019AUG01/5857_Tag24_25JUL2019-1312_01AUG2019-1309.csv,5857_Tag24_25JUL2019-1312_01AUG2019-1309.csv,.csv,summer 2019,accelerometer_icetag,,,,,
Données completes/Données accelerometres/Summer 2019/Icetag/IceTags/Per second/2019JUL25-2019AUG01/5857_Tag24_25JUL2019-1312_01AUG2019-1309_LB.csv,5857_Tag24_25JUL2019-1312_01AUG2019-1309_LB.csv,.csv,summer 2019,accelerometer_icetag,,,,,
Données completes/Données accelerometres/Summer 2019/Icetag/IceTags/Per second/2019JUL25-2019AUG01/5865_Tag92_25JUL2019-1403_01AUG2019-1448.csv,5865_Tag92_25JUL2019-1403_01AUG2019-1448.csv,.csv,summer 2019,accelerometer_icetag,,,,,
Données completes/Données accelerometres/Summer 2019/Icetag/IceTags/Per second/2019JUL25-2019AUG01/5865_Tag92_25JUL2019-1403_01AUG2019-1448_LB.csv,5865_Tag92_25JUL2019-1403_01AUG2019-1448_LB.csv,.csv,summer 2019,accelerometer_icetag,,,,,
Données completes/Données accelerometres/Summer 2019/Icetag/IceTags/Per second/2019JUL25-2019AUG01/8520_Tag22_25JUL2019-1310_01AUG2019-1307.csv,8520_Tag22_25JUL2019-1310_01AUG2019-1307.csv,.csv,summer 2019,accelerometer_icetag,,,,,
Données completes/Données accelerometres/Summer 2019/Icetag/IceTags/Per second/2019JUL25-2019AUG01/8520_Tag22_25JUL2019-1310_01AUG2019-1307_LB.csv,8520_Tag22_25JUL2019-1310_01AUG2019-1307_LB.csv,.csv,summer 2019,accelerometer_icetag,,,,,
Données completes/Données accelerometres/Summer 2019/Icetag/IceTags/Per second/2019JUL25-2019AUG01/8536_Tag89_25JUL2019-1336_01AUG2019-1419.csv,8536_Tag89_25JUL2019-1336_01AUG2019-1419.csv,.csv,summer 2019,accelerometer_icetag,,,,,
Données completes/Données accelerometres/Summer 2019/Icetag/IceTags/Per second/2019JUL25-2019AUG01/8536_Tag89_25JUL2019-1336_01AUG2019-1419_LB.csv,8536_Tag89_25JUL2019-1336_01AUG2019-1419_LB.csv,.csv,summer 2019,accelerometer_icetag,,,,,
Données completes/Données accelerometres/Summer 2019/Icetag/IceTags/Per second/2019JUN05-2019JUN11/2062_Tag92_05JUN2019-1304_11JUN2019-1408.csv,2062_Tag92_05JUN2019-1304_11JUN2019-1408.csv,.csv,summer 2019,accelerometer_icetag,,,,,
Données completes/Données accelerometres/Summer 2019/Icetag/IceTags/Per second/2019JUN05-2019JUN11/2062_Tag92_05JUN2019-1304_11JUN2019-1408_LB.csv,2062_Tag92_05JUN2019-1304_11JUN2019-1408_LB.csv,.csv,summer 2019,accelerometer_icetag,,,,,
Données completes/Données accelerometres/Summer 2019/Icetag/IceTags/Per second/2019JUN05-2019JUN11/2067_Tag95_05JUN2019-1309_11JUN2019-1446.csv,2067_Tag95_05JUN2019-1309_11JUN2019-1446.csv,.csv,summer 2019,accelerometer_icetag,,,,,
Données completes/Données accelerometres/Summer 2019/Icetag/IceTags/Per second/2019JUN05-2019JUN11/2067_Tag95_05JUN2019-1309_11JUN2019-1446_LB.csv,2067_Tag95_05JUN2019-1309_11JUN2019-1446_LB.csv,.csv,summer 2019,accelerometer_icetag,,,,,
Données completes/Données accelerometres/Summer 2019/Icetag/IceTags/Per second/2019JUN05-2019JUN11/419_Tag90_05JUN2019-1310_11JUN2019-1507.csv,419_Tag90_05JUN2019-1310_11JUN2019-1507.csv,.csv,summer 2019,accelerometer_icetag,,,,,
Données completes/Données accelerometres/Summer 2019/Icetag/IceTags/Per second/2019JUN05-2019JUN11/419_Tag90_05JUN2019-1310_11JUN2019-1507_LB.csv,419_Tag90_05JUN2019-1310_11JUN2019-1507_LB.csv,.csv,summer 2019,accelerometer_icetag,,,,,
Données completes/Données accelerometres/Summer 2019/Icetag/IceTags/Per second/2019JUN05-2019JUN11/5169_Tag97_05JUN2019-1306_11JUN2019-1409.csv,5169_Tag97_05JUN2019-1306_11JUN2019-1409.csv,.csv,summer 2019,accelerometer_icetag,,,,,
Données completes/Données accelerometres/Summer 2019/Icetag/IceTags/Per second/2019JUN05-2019JUN11/5169_Tag97_05JUN2019-1306_11JUN2019-1409_LB.csv,5169_Tag97_05JUN2019-1306_11JUN2019-1409_LB.csv,.csv,summer 2019,accelerometer_icetag,,,,,
Données completes/Données accelerometres/Summer 2019/Icetag/IceTags/Per second/2019JUN05-2019JUN11/5258_Tag26_05JUN2019-1311_11JUN2019-1508.csv,5258_Tag26_05JUN2019-1311_11JUN2019-1508.csv,.csv,summer 2019,accelerometer_icetag,,,,,
Données completes/Données accelerometres/Summer 2019/Icetag/IceTags/Per second/2019JUN05-2019JUN11/5258_Tag26_05JUN2019-1311_11JUN2019-1508_LB.csv,5258_Tag26_05JUN2019-1311_11JUN2019-1508_LB.csv,.csv,summer 2019,accelerometer_icetag,,,,,
Données completes/Données accelerometres/Summer 2019/Icetag/IceTags/Per second/2019JUN05-2019JUN11/5313_Tag86_05JUN2019-1312_11JUN2019-1509.csv,5313_Tag86_05JUN2019-1312_11JUN2019-1509.csv,.csv,summer 2019,accelerometer_icetag,,,,,
Données completes/Données accelerometres/Summer 2019/Icetag/IceTags/Per second/2019JUN05-2019JUN11/5313_Tag86_05JUN2019-1312_11JUN2019-1509_LB.csv,5313_Tag86_05JUN2019-1312_11JUN2019-1509_LB.csv,.csv,summer 2019,accelerometer_icetag,,,,,
Données completes/Données accelerometres/Summer 2019/Icetag/IceTags/Per second/2019JUN05-2019JUN11/5322_Tag76_05JUN2019-1306_11JUN2019-1445.csv,5322_Tag76_05JUN2019-1306_11JUN2019-1445.csv,.csv,summer 2019,accelerometer_icetag,,,,,
Données completes/Données accelerometres/Summer 2019/Icetag/IceTags/Per second/2019JUN05-2019JUN11/5322_Tag76_05JUN2019-1306_11JUN2019-1445_LB.csv,5322_Tag76_05JUN2019-1306_11JUN2019-1445_LB.csv,.csv,summer 2019,accelerometer_icetag,,,,,
Données completes/Données accelerometres/Summer 2019/Icetag/IceTags/Per second/2019JUN05-2019JUN11/5330_Tag89_05JUN2019-1310_11JUN2019-1507.csv,5330_Tag89_05JUN2019-1310_11JUN2019-1507.csv,.csv,summer 2019,accelerometer_icetag,,,,,
Données completes/Données accelerometres/Summer 2019/Icetag/IceTags/Per second/2019JUN05-2019JUN11/5330_Tag89_05JUN2019-1310_11JUN2019-1507_LB.csv,5330_Tag89_05JUN2019-1310_11JUN2019-1507_LB.csv,.csv,summer 2019,accelerometer_icetag,,,,,
Données completes/Données accelerometres/Summer 2019/Icetag/IceTags/Per second/2019JUN05-2019JUN11/5857_Tag96_05JUN2019-1305_11JUN2019-1409.csv,5857_Tag96_05JUN2019-1305_11JUN2019-1409.csv,.csv,summer 2019,accelerometer_icetag,,,,,
Données completes/Données accelerometres/Summer 2019/Icetag/IceTags/Per second/2019JUN05-2019JUN11/5857_Tag96_05JUN2019-1305_11JUN2019-1409_LB.csv,5857_Tag96_05JUN2019-1305_11JUN2019-1409_LB.csv,.csv,summer 2019,accelerometer_icetag,,,,,
Données completes/Données accelerometres/Summer 2019/Icetag/IceTags/Per second/2019JUN05-2019JUN11/5862_Tag93_05JUN2019-1307_11JUN2019-1446.csv,5862_Tag93_05JUN2019-1307_11JUN2019-1446.csv,.csv,summer 2019,accelerometer_icetag,,,,,
Données completes/Données accelerometres/Summer 2019/Icetag/IceTags/Per second/2019JUN05-2019JUN11/5862_Tag93_05JUN2019-1307_11JUN2019-1446_LB.csv,5862_Tag93_05JUN2019-1307_11JUN2019-1446_LB.csv,.csv,summer 2019,accelerometer_icetag,,,,,
Données completes/Données accelerometres/Summer 2019/Icetag/IceTags/Per second/2019JUN05-2019JUN11/5865_Tag22_05JUN2019-1313_11JUN2019-1524.csv,5865_Tag22_05JUN2019-1313_11JUN2019-1524.csv,.csv,summer 2019,accelerometer_icetag,,,,,
Données completes/Données accelerometres/Summer 2019/Icetag/IceTags/Per second/2019JUN05-2019JUN11/5865_Tag22_05JUN2019-1313_11JUN2019-1524_LB.csv,5865_Tag22_05JUN2019-1313_11JUN2019-1524_LB.csv,.csv,summer 2019,accelerometer_icetag,,,,,
Données completes/Données accelerometres/Summer 2019/Icetag/IceTags/Per second/2019JUN05-2019JUN11/5871_Tag24_05JUN2019-1312_11JUN2019-1509.csv,5871_Tag24_05JUN2019-1312_11JUN2019-1509.csv,.csv,summer 2019,accelerometer_icetag,,,,,
Données completes/Données accelerometres/Summer 2019/Icetag/IceTags/Per second/2019JUN05-2019JUN11/5871_Tag24_05JUN2019-1312_11JUN2019-1509_LB.csv,5871_Tag24_05JUN2019-1312_11JUN2019-1509_LB.csv,.csv,summer 2019,accelerometer_icetag,,,,,
Données completes/Données accelerometres/Summer 2019/Icetag/IceTags/Per second/2019JUN05-2019JUN11/8515_Tag16_05JUN2019-1302_11JUN2019-1408.csv,8515_Tag16_05JUN2019-1302_11JUN2019-1408.csv,.csv,summer 2019,accelerometer_icetag,,,,,
Données completes/Données accelerometres/Summer 2019/Icetag/IceTags/Per second/2019JUN05-2019JUN11/8515_Tag16_05JUN2019-1302_11JUN2019-1408_LB.csv,8515_Tag16_05JUN2019-1302_11JUN2019-1408_LB.csv,.csv,summer 2019,accelerometer_icetag,,,,,
Données completes/Données accelerometres/Summer 2019/Icetag/IceTags/Per second/2019JUN05-2019JUN11/8520_Tag88_05JUN2019-1302_11JUN2019-1407.csv,8520_Tag88_05JUN2019-1302_11JUN2019-1407.csv,.csv,summer 2019,accelerometer_icetag,,,,,
Données completes/Données accelerometres/Summer 2019/Icetag/IceTags/Per second/2019JUN05-2019JUN11/8520_Tag88_05JUN2019-1302_11JUN2019-1407_LB.csv,8520_Tag88_05JUN2019-1302_11JUN2019-1407_LB.csv,.csv,summer 2019,accelerometer_icetag,,,,,
Données completes/Données accelerometres/Summer 2019/Icetag/IceTags/Per second/2019JUN05-2019JUN11/8525_Tag94_05JUN2019-1309_11JUN2019-1447.csv,8525_Tag94_05JUN2019-1309_11JUN2019-1447.csv,.csv,summer 2019,accelerometer_icetag,,,,,
Données completes/Données accelerometres/Summer 2019/Icetag/IceTags/Per second/2019JUN05-2019JUN11/8525_Tag94_05JUN2019-1309_11JUN2019-1447_LB.csv,8525_Tag94_05JUN2019-1309_11JUN2019-1447_LB.csv,.csv,summer 2019,accelerometer_icetag,,,,,
Données completes/Données accelerometres/Summer 2019/Icetag/IceTags/Per second/2019JUN05-2019JUN11/8536_Tag87_05JUN2019-1308_11JUN2019-1446.csv,8536_Tag87_05JUN2019-1308_11JUN2019-1446.csv,.csv,summer 2019,accelerometer_icetag,,,,,
Données completes/Données accelerometres/Summer 2019/Icetag/IceTags/Per second/2019JUN05-2019JUN11/8536_Tag87_05JUN2019-1308_11JUN2019-1446_LB.csv,8536_Tag87_05JUN2019-1308_11JUN2019-1446_LB.csv,.csv,summer 2019,accelerometer_icetag,,,,,
Données completes/Données accelerometres/Summer 2019/Icetag/IceTags/Per second/2019JUN11-2019JUN20/2067_Tag96_11JUN2019-1443_20JUN2019-1304.csv,2067_Tag96_11JUN2019-1443_20JUN2019-1304.csv,.csv,summer 2019,accelerometer_icetag,,,,,
Données completes/Données accelerometres/Summer 2019/Icetag/IceTags/Per second/2019JUN11-2019JUN20/2067_Tag96_11JUN2019-1443_20JUN2019-1304_LB.csv,2067_Tag96_11JUN2019-1443_20JUN2019-1304_LB.csv,.csv,summer 2019,accelerometer_icetag,,,,,
Données completes/Données accelerometres/Summer 2019/Icetag/IceTags/Per second/2019JUN11-2019JUN20/419_Tag93_11JUN2019-1503_20JUN2019-1332.csv,419_Tag93_11JUN2019-1503_20JUN2019-1332.csv,.csv,summer 2019,accelerometer_icetag,,,,,
Données completes/Données accelerometres/Summer 2019/Icetag/IceTags/Per second/2019JUN11-2019JUN20/419_Tag93_11JUN2019-1503_20JUN2019-1332_LB.csv,419_Tag93_11JUN2019-1503_20JUN2019-1332_LB.csv,.csv,summer 2019,accelerometer_icetag,,,,,
Données completes/Données accelerometres/Summer 2019/Icetag/IceTags/Per second/2019JUN11-2019JUN20/5169_Tag85_11JUN2019-1407_20JUN2019-1236.csv,5169_Tag85_11JUN2019-1407_20JUN2019-1236.csv,.csv,summer 2019,accelerometer_icetag,,,,,
Données completes/Données accelerometres/Summer 2019/Icetag/IceTags/Per second/2019JUN11-2019JUN20/5169_Tag85_11JUN2019-1407_20JUN2019-1236_LB.csv,5169_Tag85_11JUN2019-1407_20JUN2019-1236_LB.csv,.csv,summer 2019,accelerometer_icetag,,,,,
Données completes/Données accelerometres/Summer 2019/Icetag/IceTags/Per second/2019JUN11-2019JUN20/5258_Tag94_11JUN2019-1504_20JUN2019-1333.csv,5258_Tag94_11JUN2019-1504_20JUN2019-1333.csv,.csv,summer 2019,accelerometer_icetag,,,,,
Données completes/Données accelerometres/Summer 2019/Icetag/IceTags/Per second/2019JUN11-2019JUN20/5258_Tag94_11JUN2019-1504_20JUN2019-1333_LB.csv,5258_Tag94_11JUN2019-1504_20JUN2019-1333_LB.csv,.csv,summer 2019,accelerometer_icetag,,,,,
Données completes/Données accelerometres/Summer 2019/Icetag/IceTags/Per second/2019JUN11-2019JUN20/5857_Tag20_11JUN2019-1407_20JUN2019-1236.csv,5857_Tag20_11JUN2019-1407_20JUN2019-1236.csv,.csv,summer 2019,accelerometer_icetag,,,,,
Données completes/Données accelerometres/Summer 2019/Icetag/IceTags/Per second/2019JUN11-2019JUN20/5857_Tag20_11JUN2019-1407_20JUN2019-1236_LB.csv,5857_Tag20_11JUN2019-1407_20JUN2019-1236_LB.csv,.csv,summer 2019,accelerometer_icetag,,,,,
Données completes/Données accelerometres/Summer 2019/Icetag/IceTags/Per second/2019JUN11-2019JUN20/5865_Tag90_11JUN2019-1522_20JUN2019-1353.csv,5865_Tag90_11JUN2019-1522_20JUN2019-1353.csv,.csv,summer 2019,accelerometer_icetag,,,,,
Données completes/Données accelerometres/Summer 2019/Icetag/IceTags/Per second/2019JUN11-2019JUN20/5865_Tag90_11JUN2019-1522_20JUN2019-1353_LB.csv,5865_Tag90_11JUN2019-1522_20JUN2019-1353_LB.csv,.csv,summer 2019,accelerometer_icetag,,,,,
Données completes/Données accelerometres/Summer 2019/Icetag/IceTags/Per second/2019JUN11-2019JUN20/8520_Tag91_11JUN2019-1405_20JUN2019-1233.csv,8520_Tag91_11JUN2019-1405_20JUN2019-1233.csv,.csv,summer 2019,accelerometer_icetag,,,,,
Données completes/Données accelerometres/Summer 2019/Icetag/IceTags/Per second/2019JUN11-2019JUN20/8520_Tag91_11JUN2019-1405_20JUN2019-1233_LB.csv,8520_Tag91_11JUN2019-1405_20JUN2019-1233_LB.csv,.csv,summer 2019,accelerometer_icetag,,,,,
Données completes/Données accelerometres/Summer 2019/Icetag/IceTags/Per second/2019JUN11-2019JUN20/8536_Tag92_11JUN2019-1444_20JUN2019-1305.csv,8536_Tag92_11JUN2019-1444_20JUN2019-1305.csv,.csv,summer 2019,accelerometer_icetag,,,,,
Données completes/Données accelerometres/Summer 2019/Icetag/IceTags/Per second/2019JUN11-2019JUN20/8536_Tag92_11JUN2019-1444_20JUN2019-1305_LB.csv,8536_Tag92_11JUN2019-1444_20JUN2019-1305_LB.csv,.csv,summer 2019,accelerometer_icetag,,,,,
Données completes/Données accelerometres/Summer 2019/Icetag/IceTags/Per second/2019JUN20-2019JUN27/419_Tag16_20JUN2019-1330_27JUN2019-1356.csv,419_Tag16_20JUN2019-1330_27JUN2019-1356.csv,.csv,summer 2019,accelerometer_icetag,,,,,
Données completes/Données accelerometres/Summer 2019/Icetag/IceTags/Per second/2019JUN20-2019JUN27/419_Tag16_20JUN2019-1330_27JUN2019-1356_LB.csv,419_Tag16_20JUN2019-1330_27JUN2019-1356_LB.csv,.csv,summer 2019,accelerometer_icetag,,,,,
Données completes/Données accelerometres/Summer 2019/Icetag/IceTags/Per second/2019JUN20-2019JUN27/5169_Tag86_20JUN2019-1233_27JUN2019-1329.csv,5169_Tag86_20JUN2019-1233_27JUN2019-1329.csv,.csv,summer 2019,accelerometer_icetag,,,,,
Données completes/Données accelerometres/Summer 2019/Icetag/IceTags/Per second/2019JUN20-2019JUN27/5169_Tag86_20JUN2019-1233_27JUN2019-1329_LB.csv,5169_Tag86_20JUN2019-1233_27JUN2019-1329_LB.csv,.csv,summer 2019,accelerometer_icetag,,,,,
Données completes/Données accelerometres/Summer 2019/Icetag/IceTags/Per second/2019JUN20-2019JUN27/5258_Tag92_20JUN2019-1330_27JUN2019-1356.csv,5258_Tag92_20JUN2019-1330_27JUN2019-1356.csv,.csv,summer 2019,accelerometer_icetag,,,,,
Données completes/Données accelerometres/Summer 2019/Icetag/IceTags/Per second/2019JUN20-2019JUN27/5258_Tag92_20JUN2019-1330_27JUN2019-1356_LB.csv,5258_Tag92_20JUN2019-1330_27JUN2019-1356_LB.csv,.csv,summer 2019,accelerometer_icetag,,,,,
Données completes/Données accelerometres/Summer 2019/Icetag/IceTags/Per second/2019JUN20-2019JUN27/5854_Tag20_20JUN2019-1302_27JUN2019-1331.csv,5854_Tag20_20JUN2019-1302_27JUN2019-1331.csv,.csv,summer 2019,accelerometer_icetag,,,,,
Données completes/Données accelerometres/Summer 2019/Icetag/IceTags/Per second/2019JUN20-2019JUN27/5854_Tag20_20JUN2019-1302_27JUN2019-1331_LB.csv,5854_Tag20_20JUN2019-1302_27JUN2019-1331_LB.csv,.csv,summer 2019,accelerometer_icetag,,,,,
Données completes/Données accelerometres/Summer 2019/Icetag/IceTags/Per second/2019JUN20-2019JUN27/5857_Tag24_20JUN2019-1232_27JUN2019-1303.csv,5857_Tag24_20JUN2019-1232_27JUN2019-1303.csv,.csv,summer 2019,accelerometer_icetag,,,,,
Données completes/Données accelerometres/Summer 2019/Icetag/IceTags/Per second/2019JUN20-2019JUN27/5857_Tag24_20JUN2019-1232_27JUN2019-1303_LB.csv,5857_Tag24_20JUN2019-1232_27JUN2019-1303_LB.csv,.csv,summer 2019,accelerometer_icetag,,,,,
Données completes/Données accelerometres/Summer 2019/Icetag/IceTags/Per second/2019JUN20-2019JUN27/5865_Tag87_20JUN2019-1421_27JUN2019-1423.csv,5865_Tag87_20JUN2019-1421_27JUN2019-1423.csv,.csv,summer 2019,accelerometer_icetag,,,,,
Données completes/Données accelerometres/Summer 2019/Icetag/IceTags/Per second/2019JUN20-2019JUN27/5865_Tag87_20JUN2019-1421_27JUN2019-1423_LB.csv,5865_Tag87_20JUN2019-1421_27JUN2019-1423_LB.csv,.csv,summer 2019,accelerometer_icetag,,,,,
Données completes/Données accelerometres/Summer 2019/Icetag/IceTags/Per second/2019JUN20-2019JUN27/8536_Tag91_20JUN2019-1303_27JUN2019-1331.csv,8536_Tag91_20JUN2019-1303_27JUN2019-1331.csv,.csv,summer 2019,accelerometer_icetag,,,,,
Données completes/Données accelerometres/Summer 2019/Icetag/IceTags/Per second/2019JUN20-2019JUN27/8536_Tag91_20JUN2019-1303_27JUN2019-1331_LB.csv,8536_Tag91_20JUN2019-1303_27JUN2019-1331_LB.csv,.csv,summer 2019,accelerometer_icetag,,,,,
Données completes/Données accelerometres/Summer 2019/Icetag/IceTags/Per second/2019JUN20-2019JUN27/REVERSED! 8520_Tag26_20JUN2019-1231_27JUN2019-1303.csv,REVERSED! 8520_Tag26_20JUN2019-1231_27JUN2019-1303.csv,.csv,summer 2019,accelerometer_icetag,,,,,
Données completes/Données accelerometres/Summer 2019/Icetag/IceTags/Per second/2019JUN20-2019JUN27/REVERSED! 8520_Tag26_20JUN2019-1231_27JUN2019-1303_LB.csv,REVERSED! 8520_Tag26_20JUN2019-1231_27JUN2019-1303_LB.csv,.csv,summer 2019,accelerometer_icetag,,,,,
Données completes/Données accelerometres/Summer 2019/Icetag/IceTags/Per second/2019JUN27-2019JUL04/419_Tag85_27JUN2019-1354_04JUL2019-1341.csv,419_Tag85_27JUN2019-1354_04JUL2019-1341.csv,.csv,summer 2019,accelerometer_icetag,,,,,
Données completes/Données accelerometres/Summer 2019/Icetag/IceTags/Per second/2019JUN27-2019JUL04/419_Tag85_27JUN2019-1354_04JUL2019-1341_LB.csv,419_Tag85_27JUN2019-1354_04JUL2019-1341_LB.csv,.csv,summer 2019,accelerometer_icetag,,,,,
Données completes/Données accelerometres/Summer 2019/Icetag/IceTags/Per second/2019JUN27-2019JUL04/5169_Tag76_27JUN2019-1300_04JUL2019-1312.csv,5169_Tag76_27JUN2019-1300_04JUL2019-1312.csv,.csv,summer 2019,accelerometer_icetag,,,,,
Données completes/Données accelerometres/Summer 2019/Icetag/IceTags/Per second/2019JUN27-2019JUL04/5169_Tag76_27JUN2019-1300_04JUL2019-1312_LB.csv,5169_Tag76_27JUN2019-1300_04JUL2019-1312_LB.csv,.csv,summer 2019,accelerometer_icetag,,,,,
Données completes/Données accelerometres/Summer 2019/Icetag/IceTags/Per second/2019JUN27-2019JUL04/5258_Tag21_27JUN2019-1354_04JUL2019-1341.csv,5258_Tag21_27JUN2019-1354_04JUL2019-1341.csv,.csv,summer 2019,accelerometer_icetag,,,,,
Données completes/Données accelerometres/Summer 2019/Icetag/IceTags/Per second/2019JUN27-2019JUL04/5258_Tag21_27JUN2019-1354_04JUL2019-1341_LB.csv,5258_Tag21_27JUN2019-1354_04JUL2019-1341_LB.csv,.csv,summer 2019,accelerometer_icetag,,,,,
Données completes/Données accelerometres/Summer 2019/Icetag/IceTags/Per second/2019JUN27-2019JUL04/5854_Tag22_27JUN2019-1329_04JUL2019-1316.csv,5854_Tag22_27JUN2019-1329_04JUL2019-1316.csv,.csv,summer 2019,accelerometer_icetag,,,,,
Données completes/Données accelerometres/Summer 2019/Icetag/IceTags/Per second/2019JUN27-2019JUL04/5854_Tag22_27JUN2019-1329_04JUL2019-1316_LB.csv,5854_Tag22_27JUN2019-1329_04JUL2019-1316_LB.csv,.csv,summer 2019,accelerometer_icetag,,,,,
Données completes/Données accelerometres/Summer 2019/Icetag/IceTags/Per second/2019JUN27-2019JUL04/5857_Tag90_27JUN2019-1301_04JUL2019-1250.csv,5857_Tag90_27JUN2019-1301_04JUL2019-1250.csv,.csv,summer 2019,accelerometer_icetag,,,,,
Données completes/Données accelerometres/Summer 2019/Icetag/IceTags/Per second/2019JUN27-2019JUL04/5857_Tag90_27JUN2019-1301_04JUL2019-1250_LB.csv,5857_Tag90_27JUN2019-1301_04JUL2019-1250_LB.csv,.csv,summer 2019,accelerometer_icetag,,,,,
Données completes/Données accelerometres/Summer 2019/Icetag/IceTags/Per second/2019JUN27-2019JUL04/5865_Tag96_27JUN2019-1421_04JUL2019-1403.csv,5865_Tag96_27JUN2019-1421_04JUL2019-1403.csv,.csv,summer 2019,accelerometer_icetag,,,,,
Données completes/Données accelerometres/Summer 2019/Icetag/IceTags/Per second/2019JUN27-2019JUL04/5865_Tag96_27JUN2019-1421_04JUL2019-1403_LB.csv,5865_Tag96_27JUN2019-1421_04JUL2019-1403_LB.csv,.csv,summer 2019,accelerometer_icetag,,,,,
Données completes/Données accelerometres/Summer 2019/Icetag/IceTags/Per second/2019JUN27-2019JUL04/8520_Tag93_27JUN2019-1254_04JUL2019-1249.csv,8520_Tag93_27JUN2019-1254_04JUL2019-1249.csv,.csv,summer 2019,accelerometer_icetag,,,,,
Données completes/Données accelerometres/Summer 2019/Icetag/IceTags/Per second/2019JUN27-2019JUL04/8520_Tag93_27JUN2019-1254_04JUL2019-1249_LB.csv,8520_Tag93_27JUN2019-1254_04JUL2019-1249_LB.csv,.csv,summer 2019,accelerometer_icetag,,,,,
Données completes/Données accelerometres/Summer 2019/Icetag/IceTags/Per second/2019JUN27-2019JUL04/8536_Tag86_27JUN2019-1329_04JUL2019-1317.csv,8536_Tag86_27JUN2019-1329_04JUL2019-1317.csv,.csv,summer 2019,accelerometer_icetag,,,,,
Données completes/Données accelerometres/Summer 2019/Icetag/IceTags/Per second/2019JUN27-2019JUL04/8536_Tag86_27JUN2019-1329_04JUL2019-1317_LB.csv,8536_Tag86_27JUN2019-1329_04JUL2019-1317_LB.csv,.csv,summer 2019,accelerometer_icetag,,,,,
Données completes/Données accelerometres/Summer 2019/Icetag/IceTags/Per second/IceTag 50001986 (P)_06-17-2019__12;39;32.csv,IceTag 50001986 (P)_06-17-2019__12;39;32.csv,.csv,summer 2019,accelerometer_icetag,,,,,
Données completes/Données accelerometres/Summer 2019/Icetag/IceTags/Per second/IceTag 50001986 (P)_06-17-2019__12;39;32_LB.csv,IceTag 50001986 (P)_06-17-2019__12;39;32_LB.csv,.csv,summer 2019,accelerometer_icetag,,,,,
Données completes/Données accelerometres/Summer 2019/Icetag/IceTags/Session files/Summer Exercise Project/IceTag 50001516 (P)_06-05-2019__12;58;19.ses,IceTag 50001516 (P)_06-05-2019__12;58;19.ses,.ses,summer 2019,accelerometer_icetag,,,,,
Données completes/Données accelerometres/Summer 2019/Icetag/IceTags/Session files/Summer Exercise Project/IceTag 50001516 (P)_06-11-2019__14;40;38.ses,IceTag 50001516 (P)_06-11-2019__14;40;38.ses,.ses,summer 2019,accelerometer_icetag,,,,,
Données completes/Données accelerometres/Summer 2019/Icetag/IceTags/Session files/Summer Exercise Project/IceTag 50001516 (P)_06-20-2019__13;25;19.ses,IceTag 50001516 (P)_06-20-2019__13;25;19.ses,.ses,summer 2019,accelerometer_icetag,,,,,
Données completes/Données accelerometres/Summer 2019/Icetag/IceTags/Session files/Summer Exercise Project/IceTag 50001516 (P)_07-04-2019__12;42;13.ses,IceTag 50001516 (P)_07-04-2019__12;42;13.ses,.ses,summer 2019,accelerometer_icetag,,,,,
Données completes/Données accelerometres/Summer 2019/Icetag/IceTags/Session files/Summer Exercise Project/IceTag 50001516 (P)_07-11-2019__10;00;36.ses,IceTag 50001516 (P)_07-11-2019__10;00;36.ses,.ses,summer 2019,accelerometer_icetag,,,,,
Données completes/Données accelerometres/Summer 2019/Icetag/IceTags/Session files/Summer Exercise Project/IceTag 50001520 (P)_06-11-2019__13;56;07.ses,IceTag 50001520 (P)_06-11-2019__13;56;07.ses,.ses,summer 2019,accelerometer_icetag,,,,,
Données completes/Données accelerometres/Summer 2019/Icetag/IceTags/Session files/Summer Exercise Project/IceTag 50001520 (P)_06-20-2019__12;57;58.ses,IceTag 50001520 (P)_06-20-2019__12;57;58.ses,.ses,summer 2019,accelerometer_icetag,,,,,
Données completes/Données accelerometres/Summer 2019/Icetag/IceTags/Session files/Summer Exercise Project/IceTag 50001520 (P)_06-27-2019__13;51;22.ses,IceTag 50001520 (P)_06-27-2019__13;51;22.ses,.ses,summer 2019,accelerometer_icetag,,,,,
Données completes/Données accelerometres/Summer 2019/Icetag/IceTags/Session files/Summer Exercise Project/IceTag 50001520 (P)_07-04-2019__14;01;15.ses,IceTag 50001520 (P)_07-04-2019__14;01;15.ses,.ses,summer 2019,accelerometer_icetag,,,,,
Données completes/Données accelerometres/Summer 2019/Icetag/IceTags/Session files/Summer Exercise Project/IceTag 50001520 (P)_07-18-2019__13;41;56.ses,IceTag 50001520 (P)_07-18-2019__13;41;56.ses,.ses,summer 2019,accelerometer_icetag,,,,,
Données completes/Données accelerometres/Summer 2019/Icetag/IceTags/Session files/Summer Exercise Project/IceTag 50001520 (P)_08-01-2019__14;42;59.ses,IceTag 50001520 (P)_08-01-2019__14;42;59.ses,.ses,summer 2019,accelerometer_icetag,,,,,
Données completes/Données accelerometres/Summer 2019/Icetag/IceTags/Session files/Summer Exercise Project/IceTag 50001520 (P)_08-16-2019__13;06;46.ses,IceTag 50001520 (P)_08-16-2019__13;06;46.ses,.ses,summer 2019,accelerometer_icetag,,,,,
Données completes/Données accelerometres/Summer 2019/Icetag/IceTags/Session files/Summer Exercise Project/IceTag 50001520 (P)_08-22-2019__13;27;34.ses,IceTag 50001520 (P)_08-22-2019__13;27;34.ses,.ses,summer 2019,accelerometer_icetag,,,,,
Données completes/Données accelerometres/Summer 2019/Icetag/IceTags/Session files/Summer Exercise Project/IceTag 50001521 (P)_06-11-2019__13;55;57.ses,IceTag 50001521 (P)_06-11-2019__13;55;57.ses,.ses,summer 2019,accelerometer_icetag,,,,,
Données completes/Données accelerometres/Summer 2019/Icetag/IceTags/Session files/Summer Exercise Project/IceTag 50001521 (P)_06-20-2019__12;58;02.ses,IceTag 50001521 (P)_06-20-2019__12;58;02.ses,.ses,summer 2019,accelerometer_icetag,,,,,
Données completes/Données accelerometres/Summer 2019/Icetag/IceTags/Session files/Summer Exercise Project/IceTag 50001521 (P)_06-27-2019__13;51;14.ses,IceTag 50001521 (P)_06-27-2019__13;51;14.ses,.ses,summer 2019,accelerometer_icetag,,,,,
Données completes/Données accelerometres/Summer 2019/Icetag/IceTags/Session files/Summer Exercise Project/IceTag 50001521 (P)_07-11-2019__09;43;31.ses,IceTag 50001521 (P)_07-11-2019__09;43;31.ses,.ses,summer 2019,accelerometer_icetag,,,,,
Données completes/Données accelerometres/Summer 2019/Icetag/IceTags/Session files/Summer Exercise Project/IceTag 50001521 (P)_07-18-2019__14;08;27.ses,IceTag 50001521 (P)_07-18-2019__14;08;27.ses,.ses,summer 2019,accelerometer_icetag,,,,,
Données completes/Données accelerometres/Summer 2019/Icetag/IceTags/Session files/Summer Exercise Project/IceTag 50001521 (P)_08-08-2019__12;44;08.ses,IceTag 50001521 (P)_08-08-2019__12;44;08.ses,.ses,summer 2019,accelerometer_icetag,,,,,
Données completes/Données accelerometres/Summer 2019/Icetag/IceTags/Session files/Summer Exercise Project/IceTag 50001521 (P)_08-16-2019__13;27;58.ses,IceTag 50001521 (P)_08-16-2019__13;27;58.ses,.ses,summer 2019,accelerometer_icetag,,,,,
Données completes/Données accelerometres/Summer 2019/Icetag/IceTags/Session files/Summer Exercise Project/IceTag 50001521 (P)_08-22-2019__13;44;02.ses,IceTag 50001521 (P)_08-22-2019__13;44;02.ses,.ses,summer 2019,accelerometer_icetag,,,,,
Données completes/Données accelerometres/Summer 2019/Icetag/IceTags/Session files/Summer Exercise Project/IceTag 50001522 (P)_06-05-2019__12;58;09.ses,IceTag 50001522 (P)_06-05-2019__12;58;09.ses,.ses,summer 2019,accelerometer_icetag,,,,,
Données completes/Données accelerometres/Summer 2019/Icetag/IceTags/Session files/Summer Exercise Project/IceTag 50001522 (P)_06-20-2019__12;27;03.ses,IceTag 50001522 (P)_06-20-2019__12;27;03.ses,.ses,summer 2019,accelerometer_icetag,,,,,
Données completes/Données accelerometres/Summer 2019/Icetag/IceTags/Session files/Summer Exercise Project/IceTag 50001522 (P)_06-27-2019__13;23;21.ses,IceTag 50001522 (P)_06-27-2019__13;23;21.ses,.ses,summer 2019,accelerometer_icetag,,,,,
Données completes/Données accelerometres/Summer 2019/Icetag/IceTags/Session files/Summer Exercise Project/IceTag 50001522 (P)_07-04-2019__13;35;30.ses,IceTag 50001522 (P)_07-04-2019__13;35;30.ses,.ses,summer 2019,accelerometer_icetag,,,,,
Données completes/Données accelerometres/Summer 2019/Icetag/IceTags/Session files/Summer Exercise Project/IceTag 50001522 (P)_07-11-2019__10;53;30.ses,IceTag 50001522 (P)_07-11-2019__10;53;30.ses,.ses,summer 2019,accelerometer_icetag,,,,,
Données completes/Données accelerometres/Summer 2019/Icetag/IceTags/Session files/Summer Exercise Project/IceTag 50001522 (P)_07-25-2019__13;07;57.ses,IceTag 50001522 (P)_07-25-2019__13;07;57.ses,.ses,summer 2019,accelerometer_icetag,,,,,
Données completes/Données accelerometres/Summer 2019/Icetag/IceTags/Session files/Summer Exercise Project/IceTag 50001522 (P)_08-01-2019__14;04;26.ses,IceTag 50001522 (P)_08-01-2019__14;04;26.ses,.ses,summer 2019,accelerometer_icetag,,,,,
Données completes/Données accelerometres/Summer 2019/Icetag/IceTags/Session files/Summer Exercise Project/IceTag 50001522 (P)_08-08-2019__13;48;28.ses,IceTag 50001522 (P)_08-08-2019__13;48;28.ses,.ses,summer 2019,accelerometer_icetag,,,,,
Données completes/Données accelerometres/Summer 2019/Icetag/IceTags/Session files/Summer Exercise Project/IceTag 50001522 (P)_08-16-2019__14;11;33.ses,IceTag 50001522 (P)_08-16-2019__14;11;33.ses,.ses,summer 2019,accelerometer_icetag,,,,,
Données completes/Données accelerometres/Summer 2019/Icetag/IceTags/Session files/Summer Exercise Project/IceTag 50001524 (P)_06-05-2019__12;57;37.ses,IceTag 50001524 (P)_06-05-2019__12;57;37.ses,.ses,summer 2019,accelerometer_icetag,,,,,
Données completes/Données accelerometres/Summer 2019/Icetag/IceTags/Session files/Summer Exercise Project/IceTag 50001524 (P)_06-20-2019__12;26;56.ses,IceTag 50001524 (P)_06-20-2019__12;26;56.ses,.ses,summer 2019,accelerometer_icetag,,,,,
Données completes/Données accelerometres/Summer 2019/Icetag/IceTags/Session files/Summer Exercise Project/IceTag 50001524 (P)_06-27-2019__13;23;14.ses,IceTag 50001524 (P)_06-27-2019__13;23;14.ses,.ses,summer 2019,accelerometer_icetag,,,,,
Données completes/Données accelerometres/Summer 2019/Icetag/IceTags/Session files/Summer Exercise Project/IceTag 50001524 (P)_07-04-2019__13;35;36.ses,IceTag 50001524 (P)_07-04-2019__13;35;36.ses,.ses,summer 2019,accelerometer_icetag,,,,,
Données completes/Données accelerometres/Summer 2019/Icetag/IceTags/Session files/Summer Exercise Project/IceTag 50001524 (P)_07-11-2019__10;37;06.ses,IceTag 50001524 (P)_07-11-2019__10;37;06.ses,.ses,summer 2019,accelerometer_icetag,,,,,
Données completes/Données accelerometres/Summer 2019/Icetag/IceTags/Session files/Summer Exercise Project/IceTag 50001524 (P)_07-25-2019__13;07;59.ses,IceTag 50001524 (P)_07-25-2019__13;07;59.ses,.ses,summer 2019,accelerometer_icetag,,,,,
Données completes/Données accelerometres/Summer 2019/Icetag/IceTags/Session files/Summer Exercise Project/IceTag 50001525 (P)_06-11-2019__13;56;01.ses,IceTag 50001525 (P)_06-11-2019__13;56;01.ses,.ses,summer 2019,accelerometer_icetag,,,,,
Données completes/Données accelerometres/Summer 2019/Icetag/IceTags/Session files/Summer Exercise Project/IceTag 50001525 (P)_06-20-2019__12;58;06.ses,IceTag 50001525 (P)_06-20-2019__12;58;06.ses,.ses,summer 2019,accelerometer_icetag,,,,,
Données completes/Données accelerometres/Summer 2019/Icetag/IceTags/Session files/Summer Exercise Project/IceTag 50001525 (P)_06-27-2019__13;51;27.ses,IceTag 50001525 (P)_06-27-2019__13;51;27.ses,.ses,summer 2019,accelerometer_icetag,,,,,
Données completes/Données accelerometres/Summer 2019/Icetag/IceTags/Session files/Summer Exercise Project/IceTag 50001525 (P)_07-11-2019__09;43;35.ses,IceTag 50001525 (P)_07-11-2019__09;43;35.ses,.ses,summer 2019,accelerometer_icetag,,,,,
Données completes/Données accelerometres/Summer 2019/Icetag/IceTags/Session files/Summer Exercise Project/IceTag 50001525 (P)_07-18-2019__14;08;21.ses,IceTag 50001525 (P)_07-18-2019__14;08;21.ses,.ses,summer 2019,accelerometer_icetag,,,,,
Données completes/Données accelerometres/Summer 2019/Icetag/IceTags/Session files/Summer Exercise Project/IceTag 50001525 (P)_08-08-2019__12;44;14.ses,IceTag 50001525 (P)_08-08-2019__12;44;14.ses,.ses,summer 2019,accelerometer_icetag,,,,,
Données completes/Données accelerometres/Summer 2019/Icetag/IceTags/Session files/Summer Exercise Project/IceTag 50001525 (P)_08-16-2019__13;28;05.ses,IceTag 50001525 (P)_08-16-2019__13;28;05.ses,.ses,summer 2019,accelerometer_icetag,,,,,
Données completes/Données accelerometres/Summer 2019/Icetag/IceTags/Session files/Summer Exercise Project/IceTag 50001526 (P)_06-05-2019__12;57;52.ses,IceTag 50001526 (P)_06-05-2019__12;57;52.ses,.ses,summer 2019,accelerometer_icetag,,,,,
Données completes/Données accelerometres/Summer 2019/Icetag/IceTags/Session files/Summer Exercise Project/IceTag 50001526 (P)_06-20-2019__12;26;48.ses,IceTag 50001526 (P)_06-20-2019__12;26;48.ses,.ses,summer 2019,accelerometer_icetag,,,,,
Données completes/Données accelerometres/Summer 2019/Icetag/IceTags/Session files/Summer Exercise Project/IceTag 50001526 (P)_06-27-2019__13;22;45.ses,IceTag 50001526 (P)_06-27-2019__13;22;45.ses,.ses,summer 2019,accelerometer_icetag,,,,,
Données completes/Données accelerometres/Summer 2019/Icetag/IceTags/Session files/Summer Exercise Project/IceTag 50001526 (P)_07-04-2019__13;10;14.ses,IceTag 50001526 (P)_07-04-2019__13;10;14.ses,.ses,summer 2019,accelerometer_icetag,,,,,
Données completes/Données accelerometres/Summer 2019/Icetag/IceTags/Session files/Summer Exercise Project/IceTag 50001526 (P)_07-11-2019__10;18;19.ses,IceTag 50001526 (P)_07-11-2019__10;18;19.ses,.ses,summer 2019,accelerometer_icetag,,,,,
Données completes/Données accelerometres/Summer 2019/Icetag/IceTags/Session files/Summer Exercise Project/IceTag 50001526 (P)_07-18-2019__14;59;18.ses,IceTag 50001526 (P)_07-18-2019__14;59;18.ses,.ses,summer 2019,accelerometer_icetag,,,,,
Données completes/Données accelerometres/Summer 2019/Icetag/IceTags/Session files/Summer Exercise Project/IceTag 50001526 (P)_08-01-2019__12;58;31.ses,IceTag 50001526 (P)_08-01-2019__12;58;31.ses,.ses,summer 2019,accelerometer_icetag,,,,,
Données completes/Données accelerometres/Summer 2019/Icetag/IceTags/Session files/Summer Exercise Project/IceTag 50001526 (P)_08-08-2019__13;48;16.ses,IceTag 50001526 (P)_08-08-2019__13;48;16.ses,.ses,summer 2019,accelerometer_icetag,,,,,
Données completes/Données accelerometres/Summer 2019/Icetag/IceTags/Session files/Summer Exercise Project/IceTag 50001526 (P)_08-16-2019__14;11;28.ses,IceTag 50001526 (P)_08-16-2019__14;11;28.ses,.ses,summer 2019,accelerometer_icetag,,,,,
Données completes/Données accelerometres/Summer 2019/Icetag/IceTags/Session files/Summer Exercise Project/IceTag 50001576 (P)_06-05-2019__12;58;28.ses,IceTag 50001576 (P)_06-05-2019__12;58;28.ses,.ses,summer 2019,accelerometer_icetag,,,,,
Données completes/Données accelerometres/Summer 2019/Icetag/IceTags/Session files/Summer Exercise Project/IceTag 50001576 (P)_06-11-2019__14;59;24.ses,IceTag 50001576 (P)_06-11-2019__14;59;24.ses,.ses,summer 2019,accelerometer_icetag,,,,,
Données completes/Données accelerometres/Summer 2019/Icetag/IceTags/Session files/Summer Exercise Project/IceTag 50001576 (P)_06-27-2019__12;46;55.ses,IceTag 50001576 (P)_06-27-2019__12;46;55.ses,.ses,summer 2019,accelerometer_icetag,,,,,
Données completes/Données accelerometres/Summer 2019/Icetag/IceTags/Session files/Summer Exercise Project/IceTag 50001576 (P)_07-04-2019__13;35;40.ses,IceTag 50001576 (P)_07-04-2019__13;35;40.ses,.ses,summer 2019,accelerometer_icetag,,,,,
Données completes/Données accelerometres/Summer 2019/Icetag/IceTags/Session files/Summer Exercise Project/IceTag 50001576 (P)_07-11-2019__10;37;00.ses,IceTag 50001576 (P)_07-11-2019__10;37;00.ses,.ses,summer 2019,accelerometer_icetag,,,,,
Données completes/Données accelerometres/Summer 2019/Icetag/IceTags/Session files/Summer Exercise Project/IceTag 50001576 (P)_07-18-2019__15;22;50.ses,IceTag 50001576 (P)_07-18-2019__15;22;50.ses,.ses,summer 2019,accelerometer_icetag,,,,,
Données completes/Données accelerometres/Summer 2019/Icetag/IceTags/Session files/Summer Exercise Project/IceTag 50001576 (P)_08-08-2019__12;44;11.ses,IceTag 50001576 (P)_08-08-2019__12;44;11.ses,.ses,summer 2019,accelerometer_icetag,,,,,
Données completes/Données accelerometres/Summer 2019/Icetag/IceTags/Session files/Summer Exercise Project/IceTag 50001576 (P)_08-16-2019__13;28;05.ses,IceTag 50001576 (P)_08-16-2019__13;28;05.ses,.ses,summer 2019,accelerometer_icetag,,,,,
Données completes/Données accelerometres/Summer 2019/Icetag/IceTags/Session files/Summer Exercise Project/IceTag 50001576 (P)_08-22-2019__13;43;58.ses,IceTag 50001576 (P)_08-22-2019__13;43;58.ses,.ses,summer 2019,accelerometer_icetag,,,,,
Données completes/Données accelerometres/Summer 2019/Icetag/IceTags/Session files/Summer Exercise Project/IceTag 50001985 (P)_06-11-2019__13;56;14.ses,IceTag 50001985 (P)_06-11-2019__13;56;14.ses,.ses,summer 2019,accelerometer_icetag,,,,,
Données completes/Données accelerometres/Summer 2019/Icetag/IceTags/Session files/Summer Exercise Project/IceTag 50001985 (P)_06-20-2019__12;57;56.ses,IceTag 50001985 (P)_06-20-2019__12;57;56.ses,.ses,summer 2019,accelerometer_icetag,,,,,
Données completes/Données accelerometres/Summer 2019/Icetag/IceTags/Session files/Summer Exercise Project/IceTag 50001985 (P)_06-27-2019__13;51;40.ses,IceTag 50001985 (P)_06-27-2019__13;51;40.ses,.ses,summer 2019,accelerometer_icetag,,,,,
Données completes/Données accelerometres/Summer 2019/Icetag/IceTags/Session files/Summer Exercise Project/IceTag 50001985 (P)_07-11-2019__09;43;39.ses,IceTag 50001985 (P)_07-11-2019__09;43;39.ses,.ses,summer 2019,accelerometer_icetag,,,,,
Données completes/Données accelerometres/Summer 2019/Icetag/IceTags/Session files/Summer Exercise Project/IceTag 50001985 (P)_07-18-2019__14;08;16.ses,IceTag 50001985 (P)_07-18-2019__14;08;16.ses,.ses,summer 2019,accelerometer_icetag,,,,,
Données completes/Données accelerometres/Summer 2019/Icetag/IceTags/Session files/Summer Exercise Project/IceTag 50001985 (P)_07-25-2019__13;07;50.ses,IceTag 50001985 (P)_07-25-2019__13;07;50.ses,.ses,summer 2019,accelerometer_icetag,,,,,
Données completes/Données accelerometres/Summer 2019/Icetag/IceTags/Session files/Summer Exercise Project/IceTag 50001985 (P)_08-01-2019__14;04;29.ses,IceTag 50001985 (P)_08-01-2019__14;04;29.ses,.ses,summer 2019,accelerometer_icetag,,,,,
Données completes/Données accelerometres/Summer 2019/Icetag/IceTags/Session files/Summer Exercise Project/IceTag 50001985 (P)_08-16-2019__14;11;37.ses,IceTag 50001985 (P)_08-16-2019__14;11;37.ses,.ses,summer 2019,accelerometer_icetag,,,,,
Données completes/Données accelerometres/Summer 2019/Icetag/IceTags/Session files/Summer Exercise Project/IceTag 50001985 (P)_08-22-2019__13;05;54.ses,IceTag 50001985 (P)_08-22-2019__13;05;54.ses,.ses,summer 2019,accelerometer_icetag,,,,,
Données completes/Données accelerometres/Summer 2019/Icetag/IceTags/Session files/Summer Exercise Project/IceTag 50001986 (P)_06-05-2019__12;57;40.ses,IceTag 50001986 (P)_06-05-2019__12;57;40.ses,.ses,summer 2019,accelerometer_icetag,,,,,
Données completes/Données accelerometres/Summer 2019/Icetag/IceTags/Session files/Summer Exercise Project/IceTag 50001986 (P)_06-17-2019__12;39;32.ses,IceTag 50001986 (P)_06-17-2019__12;39;32.ses,.ses,summer 2019,accelerometer_icetag,,,,,
Données completes/Données accelerometres/Summer 2019/Icetag/IceTags/Session files/Summer Exercise Project/IceTag 50001986 (P)_06-20-2019__12;26;59.ses,IceTag 50001986 (P)_06-20-2019__12;26;59.ses,.ses,summer 2019,accelerometer_icetag,,,,,
Données completes/Données accelerometres/Summer 2019/Icetag/IceTags/Session files/Summer Exercise Project/IceTag 50001986 (P)_06-27-2019__13;23;06.ses,IceTag 50001986 (P)_06-27-2019__13;23;06.ses,.ses,summer 2019,accelerometer_icetag,,,,,
Données completes/Données accelerometres/Summer 2019/Icetag/IceTags/Session files/Summer Exercise Project/IceTag 50001986 (P)_07-04-2019__13;35;33.ses,IceTag 50001986 (P)_07-04-2019__13;35;33.ses,.ses,summer 2019,accelerometer_icetag,,,,,
Données completes/Données accelerometres/Summer 2019/Icetag/IceTags/Session files/Summer Exercise Project/IceTag 50001986 (P)_07-18-2019__13;41;45.ses,IceTag 50001986 (P)_07-18-2019__13;41;45.ses,.ses,summer 2019,accelerometer_icetag,,,,,
Données completes/Données accelerometres/Summer 2019/Icetag/IceTags/Session files/Summer Exercise Project/IceTag 50001986 (P)_08-01-2019__14;43;10.ses,IceTag 50001986 (P)_08-01-2019__14;43;10.ses,.ses,summer 2019,accelerometer_icetag,,,,,
Données completes/Données accelerometres/Summer 2019/Icetag/IceTags/Session files/Summer Exercise Project/IceTag 50001986 (P)_08-08-2019__14;08;35.ses,IceTag 50001986 (P)_08-08-2019__14;08;35.ses,.ses,summer 2019,accelerometer_icetag,,,,,
Données completes/Données accelerometres/Summer 2019/Icetag/IceTags/Session files/Summer Exercise Project/IceTag 50001986 (P)_08-22-2019__13;05;47.ses,IceTag 50001986 (P)_08-22-2019__13;05;47.ses,.ses,summer 2019,accelerometer_icetag,,,,,
Données completes/Données accelerometres/Summer 2019/Icetag/IceTags/Session files/Summer Exercise Project/IceTag 50001987 (P)_06-05-2019__12;57;46.ses,IceTag 50001987 (P)_06-05-2019__12;57;46.ses,.ses,summer 2019,accelerometer_icetag,,,,,
Données completes/Données accelerometres/Summer 2019/Icetag/IceTags/Session files/Summer Exercise Project/IceTag 50001987 (P)_06-11-2019__14;59;18.ses,IceTag 50001987 (P)_06-11-2019__14;59;18.ses,.ses,summer 2019,accelerometer_icetag,,,,,
Données completes/Données accelerometres/Summer 2019/Icetag/IceTags/Session files/Summer Exercise Project/IceTag 50001987 (P)_06-20-2019__13;51;37.ses,IceTag 50001987 (P)_06-20-2019__13;51;37.ses,.ses,summer 2019,accelerometer_icetag,,,,,
Données completes/Données accelerometres/Summer 2019/Icetag/IceTags/Session files/Summer Exercise Project/IceTag 50001987 (P)_07-04-2019__12;42;20.ses,IceTag 50001987 (P)_07-04-2019__12;42;20.ses,.ses,summer 2019,accelerometer_icetag,,,,,
Données completes/Données accelerometres/Summer 2019/Icetag/IceTags/Session files/Summer Exercise Project/IceTag 50001987 (P)_07-11-2019__10;18;08.ses,IceTag 50001987 (P)_07-11-2019__10;18;08.ses,.ses,summer 2019,accelerometer_icetag,,,,,
Données completes/Données accelerometres/Summer 2019/Icetag/IceTags/Session files/Summer Exercise Project/IceTag 50001987 (P)_07-18-2019__14;59;20.ses,IceTag 50001987 (P)_07-18-2019__14;59;20.ses,.ses,summer 2019,accelerometer_icetag,,,,,
Données completes/Données accelerometres/Summer 2019/Icetag/IceTags/Session files/Summer Exercise Project/IceTag 50001987 (P)_08-01-2019__12;58;26.ses,IceTag 50001987 (P)_08-01-2019__12;58;26.ses,.ses,summer 2019,accelerometer_icetag,,,,,
Données completes/Données accelerometres/Summer 2019/Icetag/IceTags/Session files/Summer Exercise Project/IceTag 50001987 (P)_08-08-2019__13;29;20.ses,IceTag 50001987 (P)_08-08-2019__13;29;20.ses,.ses,summer 2019,accelerometer_icetag,,,,,
Données completes/Données accelerometres/Summer 2019/Icetag/IceTags/Session files/Summer Exercise Project/IceTag 50001987 (P)_08-16-2019__13;51;55.ses,IceTag 50001987 (P)_08-16-2019__13;51;55.ses,.ses,summer 2019,accelerometer_icetag,,,,,
Données completes/Données accelerometres/Summer 2019/Icetag/IceTags/Session files/Summer Exercise Project/IceTag 50001987 (P)_08-22-2019__14;08;05.ses,IceTag 50001987 (P)_08-22-2019__14;08;05.ses,.ses,summer 2019,accelerometer_icetag,,,,,
Données completes/Données accelerometres/Summer 2019/Icetag/IceTags/Session files/Summer Exercise Project/IceTag 50001988 (P)_06-05-2019__12;58;31.ses,IceTag 50001988 (P)_06-05-2019__12;58;31.ses,.ses,summer 2019,accelerometer_icetag,,,,,
Données completes/Données accelerometres/Summer 2019/Icetag/IceTags/Session files/Summer Exercise Project/IceTag 50001988 (P)_06-11-2019__14;40;28.ses,IceTag 50001988 (P)_06-11-2019__14;40;28.ses,.ses,summer 2019,accelerometer_icetag,,,,,
Données completes/Données accelerometres/Summer 2019/Icetag/IceTags/Session files/Summer Exercise Project/IceTag 50001988 (P)_06-20-2019__13;25;09.ses,IceTag 50001988 (P)_06-20-2019__13;25;09.ses,.ses,summer 2019,accelerometer_icetag,,,,,
Données completes/Données accelerometres/Summer 2019/Icetag/IceTags/Session files/Summer Exercise Project/IceTag 50001988 (P)_07-04-2019__12;42;24.ses,IceTag 50001988 (P)_07-04-2019__12;42;24.ses,.ses,summer 2019,accelerometer_icetag,,,,,
Données completes/Données accelerometres/Summer 2019/Icetag/IceTags/Session files/Summer Exercise Project/IceTag 50001988 (P)_07-11-2019__10;00;39.ses,IceTag 50001988 (P)_07-11-2019__10;00;39.ses,.ses,summer 2019,accelerometer_icetag,,,,,
Données completes/Données accelerometres/Summer 2019/Icetag/IceTags/Session files/Summer Exercise Project/IceTag 50001988 (P)_07-18-2019__14;34;16.ses,IceTag 50001988 (P)_07-18-2019__14;34;16.ses,.ses,summer 2019,accelerometer_icetag,,,,,
Données completes/Données accelerometres/Summer 2019/Icetag/IceTags/Session files/Summer Exercise Project/IceTag 50001988 (P)_08-01-2019__12;58;50.ses,IceTag 50001988 (P)_08-01-2019__12;58;50.ses,.ses,summer 2019,accelerometer_icetag,,,,,
Données completes/Données accelerometres/Summer 2019/Icetag/IceTags/Session files/Summer Exercise Project/IceTag 50001988 (P)_08-08-2019__13;29;15.ses,IceTag 50001988 (P)_08-08-2019__13;29;15.ses,.ses,summer 2019,accelerometer_icetag,,,,,
Données completes/Données accelerometres/Summer 2019/Icetag/IceTags/Session files/Summer Exercise Project/IceTag 50001988 (P)_08-16-2019__13;52;03.ses,IceTag 50001988 (P)_08-16-2019__13;52;03.ses,.ses,summer 2019,accelerometer_icetag,,,,,
Données completes/Données accelerometres/Summer 2019/Icetag/IceTags/Session files/Summer Exercise Project/IceTag 50001988 (P)_08-22-2019__14;07;58.ses,IceTag 50001988 (P)_08-22-2019__14;07;58.ses,.ses,summer 2019,accelerometer_icetag,,,,,
Données completes/Données accelerometres/Summer 2019/Icetag/IceTags/Session files/Summer Exercise Project/IceTag 50001989 (P)_06-05-2019__12;57;55.ses,IceTag 50001989 (P)_06-05-2019__12;57;55.ses,.ses,summer 2019,accelerometer_icetag,,,,,
Données completes/Données accelerometres/Summer 2019/Icetag/IceTags/Session files/Summer Exercise Project/IceTag 50001989 (P)_06-20-2019__12;26;53.ses,IceTag 50001989 (P)_06-20-2019__12;26;53.ses,.ses,summer 2019,accelerometer_icetag,,,,,
Données completes/Données accelerometres/Summer 2019/Icetag/IceTags/Session files/Summer Exercise Project/IceTag 50001989 (P)_06-27-2019__13;22;55.ses,IceTag 50001989 (P)_06-27-2019__13;22;55.ses,.ses,summer 2019,accelerometer_icetag,,,,,
Données completes/Données accelerometres/Summer 2019/Icetag/IceTags/Session files/Summer Exercise Project/IceTag 50001989 (P)_07-04-2019__13;35;27.ses,IceTag 50001989 (P)_07-04-2019__13;35;27.ses,.ses,summer 2019,accelerometer_icetag,,,,,
Données completes/Données accelerometres/Summer 2019/Icetag/IceTags/Session files/Summer Exercise Project/IceTag 50001989 (P)_07-18-2019__13;41;50.ses,IceTag 50001989 (P)_07-18-2019__13;41;50.ses,.ses,summer 2019,accelerometer_icetag,,,,,
Données completes/Données accelerometres/Summer 2019/Icetag/IceTags/Session files/Summer Exercise Project/IceTag 50001989 (P)_08-01-2019__14;43;03.ses,IceTag 50001989 (P)_08-01-2019__14;43;03.ses,.ses,summer 2019,accelerometer_icetag,,,,,
Données completes/Données accelerometres/Summer 2019/Icetag/IceTags/Session files/Summer Exercise Project/IceTag 50001989 (P)_08-16-2019__13;06;43.ses,IceTag 50001989 (P)_08-16-2019__13;06;43.ses,.ses,summer 2019,accelerometer_icetag,,,,,
Données completes/Données accelerometres/Summer 2019/Icetag/IceTags/Session files/Summer Exercise Project/IceTag 50001989 (P)_08-22-2019__13;27;32.ses,IceTag 50001989 (P)_08-22-2019__13;27;32.ses,.ses,summer 2019,accelerometer_icetag,,,,,
Données completes/Données accelerometres/Summer 2019/Icetag/IceTags/Session files/Summer Exercise Project/IceTag 50001990 (P)_06-05-2019__12;57;48.ses,IceTag 50001990 (P)_06-05-2019__12;57;48.ses,.ses,summer 2019,accelerometer_icetag,,,,,
Données completes/Données accelerometres/Summer 2019/Icetag/IceTags/Session files/Summer Exercise Project/IceTag 50001990 (P)_06-11-2019__15;21;15.ses,IceTag 50001990 (P)_06-11-2019__15;21;15.ses,.ses,summer 2019,accelerometer_icetag,,,,,
Données completes/Données accelerometres/Summer 2019/Icetag/IceTags/Session files/Summer Exercise Project/IceTag 50001990 (P)_06-27-2019__12;46;58.ses,IceTag 50001990 (P)_06-27-2019__12;46;58.ses,.ses,summer 2019,accelerometer_icetag,,,,,
Données completes/Données accelerometres/Summer 2019/Icetag/IceTags/Session files/Summer Exercise Project/IceTag 50001990 (P)_07-04-2019__13;10;28.ses,IceTag 50001990 (P)_07-04-2019__13;10;28.ses,.ses,summer 2019,accelerometer_icetag,,,,,
Données completes/Données accelerometres/Summer 2019/Icetag/IceTags/Session files/Summer Exercise Project/IceTag 50001990 (P)_07-18-2019__13;41;41.ses,IceTag 50001990 (P)_07-18-2019__13;41;41.ses,.ses,summer 2019,accelerometer_icetag,,,,,
Données completes/Données accelerometres/Summer 2019/Icetag/IceTags/Session files/Summer Exercise Project/IceTag 50001990 (P)_08-01-2019__14;43;07.ses,IceTag 50001990 (P)_08-01-2019__14;43;07.ses,.ses,summer 2019,accelerometer_icetag,,,,,
Données completes/Données accelerometres/Summer 2019/Icetag/IceTags/Session files/Summer Exercise Project/IceTag 50001990 (P)_08-08-2019__14;08;32.ses,IceTag 50001990 (P)_08-08-2019__14;08;32.ses,.ses,summer 2019,accelerometer_icetag,,,,,
Données completes/Données accelerometres/Summer 2019/Icetag/IceTags/Session files/Summer Exercise Project/IceTag 50001990 (P)_08-22-2019__13;05;44.ses,IceTag 50001990 (P)_08-22-2019__13;05;44.ses,.ses,summer 2019,accelerometer_icetag,,,,,
Données completes/Données accelerometres/Summer 2019/Icetag/IceTags/Session files/Summer Exercise Project/IceTag 50001991 (P)_06-11-2019__13;55;53.ses,IceTag 50001991 (P)_06-11-2019__13;55;53.ses,.ses,summer 2019,accelerometer_icetag,,,,,
Données completes/Données accelerometres/Summer 2019/Icetag/IceTags/Session files/Summer Exercise Project/IceTag 50001991 (P)_06-20-2019__12;58;09.ses,IceTag 50001991 (P)_06-20-2019__12;58;09.ses,.ses,summer 2019,accelerometer_icetag,,,,,
Données completes/Données accelerometres/Summer 2019/Icetag/IceTags/Session files/Summer Exercise Project/IceTag 50001991 (P)_06-27-2019__13;51;32.ses,IceTag 50001991 (P)_06-27-2019__13;51;32.ses,.ses,summer 2019,accelerometer_icetag,,,,,
Données completes/Données accelerometres/Summer 2019/Icetag/IceTags/Session files/Summer Exercise Project/IceTag 50001991 (P)_07-11-2019__09;43;33.ses,IceTag 50001991 (P)_07-11-2019__09;43;33.ses,.ses,summer 2019,accelerometer_icetag,,,,,
Données completes/Données accelerometres/Summer 2019/Icetag/IceTags/Session files/Summer Exercise Project/IceTag 50001991 (P)_07-18-2019__14;08;11.ses,IceTag 50001991 (P)_07-18-2019__14;08;11.ses,.ses,summer 2019,accelerometer_icetag,,,,,
Données completes/Données accelerometres/Summer 2019/Icetag/IceTags/Session files/Summer Exercise Project/IceTag 50001991 (P)_08-01-2019__15;00;53.ses,IceTag 50001991 (P)_08-01-2019__15;00;53.ses,.ses,summer 2019,accelerometer_icetag,,,,,
Données completes/Données accelerometres/Summer 2019/Icetag/IceTags/Session files/Summer Exercise Project/IceTag 50001991 (P)_08-16-2019__13;06;40.ses,IceTag 50001991 (P)_08-16-2019__13;06;40.ses,.ses,summer 2019,accelerometer_icetag,,,,,
Données completes/Données accelerometres/Summer 2019/Icetag/IceTags/Session files/Summer Exercise Project/IceTag 50001992 (P)_06-05-2019__12;58;04.ses,IceTag 50001992 (P)_06-05-2019__12;58;04.ses,.ses,summer 2019,accelerometer_icetag,,,,,
Données completes/Données accelerometres/Summer 2019/Icetag/IceTags/Session files/Summer Exercise Project/IceTag 50001992 (P)_06-11-2019__14;40;25.ses,IceTag 50001992 (P)_06-11-2019__14;40;25.ses,.ses,summer 2019,accelerometer_icetag,,,,,
Données completes/Données accelerometres/Summer 2019/Icetag/IceTags/Session files/Summer Exercise Project/IceTag 50001992 (P)_06-20-2019__13;25;17.ses,IceTag 50001992 (P)_06-20-2019__13;25;17.ses,.ses,summer 2019,accelerometer_icetag,,,,,
Données completes/Données accelerometres/Summer 2019/Icetag/IceTags/Session files/Summer Exercise Project/IceTag 50001992 (P)_07-04-2019__12;42;33.ses,IceTag 50001992 (P)_07-04-2019__12;42;33.ses,.ses,summer 2019,accelerometer_icetag,,,,,
Données completes/Données accelerometres/Summer 2019/Icetag/IceTags/Session files/Summer Exercise Project/IceTag 50001992 (P)_07-11-2019__10;00;43.ses,IceTag 50001992 (P)_07-11-2019__10;00;43.ses,.ses,summer 2019,accelerometer_icetag,,,,,
Données completes/Données accelerometres/Summer 2019/Icetag/IceTags/Session files/Summer Exercise Project/IceTag 50001992 (P)_07-18-2019__14;34;25.ses,IceTag 50001992 (P)_07-18-2019__14;34;25.ses,.ses,summer 2019,accelerometer_icetag,,,,,
Données completes/Données accelerometres/Summer 2019/Icetag/IceTags/Session files/Summer Exercise Project/IceTag 50001992 (P)_08-08-2019__12;44;17.ses,IceTag 50001992 (P)_08-08-2019__12;44;17.ses,.ses,summer 2019,accelerometer_icetag,,,,,
Données completes/Données accelerometres/Summer 2019/Icetag/IceTags/Session files/Summer Exercise Project/IceTag 50001992 (P)_08-16-2019__13;27;57.ses,IceTag 50001992 (P)_08-16-2019__13;27;57.ses,.ses,summer 2019,accelerometer_icetag,,,,,
Données completes/Données accelerometres/Summer 2019/Icetag/IceTags/Session files/Summer Exercise Project/IceTag 50001992 (P)_08-22-2019__13;44;06.ses,IceTag 50001992 (P)_08-22-2019__13;44;06.ses,.ses,summer 2019,accelerometer_icetag,,,,,
Données completes/Données accelerometres/Summer 2019/Icetag/IceTags/Session files/Summer Exercise Project/IceTag 50001993 (P)_06-05-2019__12;58;16.ses,IceTag 50001993 (P)_06-05-2019__12;58;16.ses,.ses,summer 2019,accelerometer_icetag,,,,,
Données completes/Données accelerometres/Summer 2019/Icetag/IceTags/Session files/Summer Exercise Project/IceTag 50001993 (P)_06-11-2019__14;59;31.ses,IceTag 50001993 (P)_06-11-2019__14;59;31.ses,.ses,summer 2019,accelerometer_icetag,,,,,
Données completes/Données accelerometres/Summer 2019/Icetag/IceTags/Session files/Summer Exercise Project/IceTag 50001993 (P)_06-27-2019__12;46;50.ses,IceTag 50001993 (P)_06-27-2019__12;46;50.ses,.ses,summer 2019,accelerometer_icetag,,,,,
Données completes/Données accelerometres/Summer 2019/Icetag/IceTags/Session files/Summer Exercise Project/IceTag 50001993 (P)_07-04-2019__13;10;26.ses,IceTag 50001993 (P)_07-04-2019__13;10;26.ses,.ses,summer 2019,accelerometer_icetag,,,,,
Données completes/Données accelerometres/Summer 2019/Icetag/IceTags/Session files/Summer Exercise Project/IceTag 50001993 (P)_07-11-2019__10;18;29.ses,IceTag 50001993 (P)_07-11-2019__10;18;29.ses,.ses,summer 2019,accelerometer_icetag,,,,,
Données completes/Données accelerometres/Summer 2019/Icetag/IceTags/Session files/Summer Exercise Project/IceTag 50001993 (P)_07-18-2019__14;59;23.ses,IceTag 50001993 (P)_07-18-2019__14;59;23.ses,.ses,summer 2019,accelerometer_icetag,,,,,
Données completes/Données accelerometres/Summer 2019/Icetag/IceTags/Session files/Summer Exercise Project/IceTag 50001993 (P)_08-01-2019__12;58;39.ses,IceTag 50001993 (P)_08-01-2019__12;58;39.ses,.ses,summer 2019,accelerometer_icetag,,,,,
Données completes/Données accelerometres/Summer 2019/Icetag/IceTags/Session files/Summer Exercise Project/IceTag 50001993 (P)_08-08-2019__13;29;12.ses,IceTag 50001993 (P)_08-08-2019__13;29;12.ses,.ses,summer 2019,accelerometer_icetag,,,,,
Données completes/Données accelerometres/Summer 2019/Icetag/IceTags/Session files/Summer Exercise Project/IceTag 50001993 (P)_08-16-2019__13;52;05.ses,IceTag 50001993 (P)_08-16-2019__13;52;05.ses,.ses,summer 2019,accelerometer_icetag,,,,,
Données completes/Données accelerometres/Summer 2019/Icetag/IceTags/Session files/Summer Exercise Project/IceTag 50001993 (P)_08-22-2019__14;07;59.ses,IceTag 50001993 (P)_08-22-2019__14;07;59.ses,.ses,summer 2019,accelerometer_icetag,,,,,
Données completes/Données accelerometres/Summer 2019/Icetag/IceTags/Session files/Summer Exercise Project/IceTag 50001994 (P)_06-05-2019__12;58;33.ses,IceTag 50001994 (P)_06-05-2019__12;58;33.ses,.ses,summer 2019,accelerometer_icetag,,,,,
Données completes/Données accelerometres/Summer 2019/Icetag/IceTags/Session files/Summer Exercise Project/IceTag 50001994 (P)_06-11-2019__14;59;25.ses,IceTag 50001994 (P)_06-11-2019__14;59;25.ses,.ses,summer 2019,accelerometer_icetag,,,,,
Données completes/Données accelerometres/Summer 2019/Icetag/IceTags/Session files/Summer Exercise Project/IceTag 50001994 (P)_06-27-2019__12;47;05.ses,IceTag 50001994 (P)_06-27-2019__12;47;05.ses,.ses,summer 2019,accelerometer_icetag,,,,,
Données completes/Données accelerometres/Summer 2019/Icetag/IceTags/Session files/Summer Exercise Project/IceTag 50001994 (P)_07-04-2019__13;10;21.ses,IceTag 50001994 (P)_07-04-2019__13;10;21.ses,.ses,summer 2019,accelerometer_icetag,,,,,
Données completes/Données accelerometres/Summer 2019/Icetag/IceTags/Session files/Summer Exercise Project/IceTag 50001994 (P)_07-11-2019__10;37;17.ses,IceTag 50001994 (P)_07-11-2019__10;37;17.ses,.ses,summer 2019,accelerometer_icetag,,,,,
Données completes/Données accelerometres/Summer 2019/Icetag/IceTags/Session files/Summer Exercise Project/IceTag 50001994 (P)_07-25-2019__13;07;54.ses,IceTag 50001994 (P)_07-25-2019__13;07;54.ses,.ses,summer 2019,accelerometer_icetag,,,,,
Données completes/Données accelerometres/Summer 2019/Icetag/IceTags/Session files/Summer Exercise Project/IceTag 50001994 (P)_08-01-2019__14;04;34.ses,IceTag 50001994 (P)_08-01-2019__14;04;34.ses,.ses,summer 2019,accelerometer_icetag,,,,,
Données completes/Données accelerometres/Summer 2019/Icetag/IceTags/Session files/Summer Exercise Project/IceTag 50001994 (P)_08-08-2019__14;08;40.ses,IceTag 50001994 (P)_08-08-2019__14;08;40.ses,.ses,summer 2019,accelerometer_icetag,,,,,
Données completes/Données accelerometres/Summer 2019/Icetag/IceTags/Session files/Summer Exercise Project/IceTag 50001994 (P)_08-22-2019__13;05;51.ses,IceTag 50001994 (P)_08-22-2019__13;05;51.ses,.ses,summer 2019,accelerometer_icetag,,,,,
Données completes/Données accelerometres/Summer 2019/Icetag/IceTags/Session files/Summer Exercise Project/IceTag 50001995 (P)_06-05-2019__12;57;58.ses,IceTag 50001995 (P)_06-05-2019__12;57;58.ses,.ses,summer 2019,accelerometer_icetag,,,,,
Données completes/Données accelerometres/Summer 2019/Icetag/IceTags/Session files/Summer Exercise Project/IceTag 50001995 (P)_06-11-2019__14;59;35.ses,IceTag 50001995 (P)_06-11-2019__14;59;35.ses,.ses,summer 2019,accelerometer_icetag,,,,,
Données completes/Données accelerometres/Summer 2019/Icetag/IceTags/Session files/Summer Exercise Project/IceTag 50001995 (P)_06-27-2019__12;47;02.ses,IceTag 50001995 (P)_06-27-2019__12;47;02.ses,.ses,summer 2019,accelerometer_icetag,,,,,
Données completes/Données accelerometres/Summer 2019/Icetag/IceTags/Session files/Summer Exercise Project/IceTag 50001995 (P)_07-04-2019__13;10;09.ses,IceTag 50001995 (P)_07-04-2019__13;10;09.ses,.ses,summer 2019,accelerometer_icetag,,,,,
Données completes/Données accelerometres/Summer 2019/Icetag/IceTags/Session files/Summer Exercise Project/IceTag 50001995 (P)_07-11-2019__10;37;09.ses,IceTag 50001995 (P)_07-11-2019__10;37;09.ses,.ses,summer 2019,accelerometer_icetag,,,,,
Données completes/Données accelerometres/Summer 2019/Icetag/IceTags/Session files/Summer Exercise Project/IceTag 50001995 (P)_07-25-2019__13;08;02.ses,IceTag 50001995 (P)_07-25-2019__13;08;02.ses,.ses,summer 2019,accelerometer_icetag,,,,,
Données completes/Données accelerometres/Summer 2019/Icetag/IceTags/Session files/Summer Exercise Project/IceTag 50001995 (P)_08-01-2019__14;04;32.ses,IceTag 50001995 (P)_08-01-2019__14;04;32.ses,.ses,summer 2019,accelerometer_icetag,,,,,
Données completes/Données accelerometres/Summer 2019/Icetag/IceTags/Session files/Summer Exercise Project/IceTag 50001995 (P)_08-08-2019__13;48;22.ses,IceTag 50001995 (P)_08-08-2019__13;48;22.ses,.ses,summer 2019,accelerometer_icetag,,,,,
Données completes/Données accelerometres/Summer 2019/Icetag/IceTags/Session files/Summer Exercise Project/IceTag 50001995 (P)_08-16-2019__14;11;27.ses,IceTag 50001995 (P)_08-16-2019__14;11;27.ses,.ses,summer 2019,accelerometer_icetag,,,,,
Données completes/Données accelerometres/Summer 2019/Icetag/IceTags/Session files/Summer Exercise Project/IceTag 50001995 (P)_08-29-2019__09;56;11.ses,IceTag 50001995 (P)_08-29-2019__09;56;11.ses,.ses,summer 2019,accelerometer_icetag,,,,,
Données completes/Données accelerometres/Summer 2019/Icetag/IceTags/Session files/Summer Exercise Project/IceTag 50001996 (P)_06-05-2019__12;58;24.ses,IceTag 50001996 (P)_06-05-2019__12;58;24.ses,.ses,summer 2019,accelerometer_icetag,,,,,
Données completes/Données accelerometres/Summer 2019/Icetag/IceTags/Session files/Summer Exercise Project/IceTag 50001996 (P)_06-11-2019__14;40;31.ses,IceTag 50001996 (P)_06-11-2019__14;40;31.ses,.ses,summer 2019,accelerometer_icetag,,,,,
Données completes/Données accelerometres/Summer 2019/Icetag/IceTags/Session files/Summer Exercise Project/IceTag 50001996 (P)_06-20-2019__13;25;14.ses,IceTag 50001996 (P)_06-20-2019__13;25;14.ses,.ses,summer 2019,accelerometer_icetag,,,,,
Données completes/Données accelerometres/Summer 2019/Icetag/IceTags/Session files/Summer Exercise Project/IceTag 50001996 (P)_06-27-2019__14;19;17.ses,IceTag 50001996 (P)_06-27-2019__14;19;17.ses,.ses,summer 2019,accelerometer_icetag,,,,,
Données completes/Données accelerometres/Summer 2019/Icetag/IceTags/Session files/Summer Exercise Project/IceTag 50001996 (P)_07-05-2019__08;29;20.ses,IceTag 50001996 (P)_07-05-2019__08;29;20.ses,.ses,summer 2019,accelerometer_icetag,,,,,
Données completes/Données accelerometres/Summer 2019/Icetag/IceTags/Session files/Summer Exercise Project/IceTag 50001996 (P)_07-11-2019__10;18;25.ses,IceTag 50001996 (P)_07-11-2019__10;18;25.ses,.ses,summer 2019,accelerometer_icetag,,,,,
Données completes/Données accelerometres/Summer 2019/Icetag/IceTags/Session files/Summer Exercise Project/IceTag 50001996 (P)_07-18-2019__14;59;25.ses,IceTag 50001996 (P)_07-18-2019__14;59;25.ses,.ses,summer 2019,accelerometer_icetag,,,,,
Données completes/Données accelerometres/Summer 2019/Icetag/IceTags/Session files/Summer Exercise Project/IceTag 50001996 (P)_08-01-2019__12;58;44.ses,IceTag 50001996 (P)_08-01-2019__12;58;44.ses,.ses,summer 2019,accelerometer_icetag,,,,,
Données completes/Données accelerometres/Summer 2019/Icetag/IceTags/Session files/Summer Exercise Project/IceTag 50001996 (P)_08-08-2019__13;29;23.ses,IceTag 50001996 (P)_08-08-2019__13;29;23.ses,.ses,summer 2019,accelerometer_icetag,,,,,
Données completes/Données accelerometres/Summer 2019/Icetag/IceTags/Session files/Summer Exercise Project/IceTag 50001996 (P)_08-16-2019__13;51;56.ses,IceTag 50001996 (P)_08-16-2019__13;51;56.ses,.ses,summer 2019,accelerometer_icetag,,,,,
Données completes/Données accelerometres/Summer 2019/Icetag/IceTags/Session files/Summer Exercise Project/IceTag 50001997 (P)_06-05-2019__12;57;50.ses,IceTag 50001997 (P)_06-05-2019__12;57;50.ses,.ses,summer 2019,accelerometer_icetag,,,,,
Données completes/Données accelerometres/Summer 2019/Icetag/IceTags/Session files/Summer Exercise Project/IceTag 50001997 (P)_06-11-2019__14;40;35.ses,IceTag 50001997 (P)_06-11-2019__14;40;35.ses,.ses,summer 2019,accelerometer_icetag,,,,,
Données completes/Données accelerometres/Summer 2019/Icetag/IceTags/Session files/Summer Exercise Project/IceTag 50001997 (P)_06-20-2019__13;25;11.ses,IceTag 50001997 (P)_06-20-2019__13;25;11.ses,.ses,summer 2019,accelerometer_icetag,,,,,
Données completes/Données accelerometres/Summer 2019/Icetag/IceTags/Session files/Summer Exercise Project/IceTag 50001997 (P)_07-04-2019__12;42;27.ses,IceTag 50001997 (P)_07-04-2019__12;42;27.ses,.ses,summer 2019,accelerometer_icetag,,,,,
Données completes/Données accelerometres/Summer 2019/Icetag/IceTags/Session files/Summer Exercise Project/IceTag 50001997 (P)_07-11-2019__10;00;32.ses,IceTag 50001997 (P)_07-11-2019__10;00;32.ses,.ses,summer 2019,accelerometer_icetag,,,,,
Données completes/Données accelerometres/Summer 2019/Icetag/IceTags/Session files/Summer Exercise Project/IceTag 50001997 (P)_07-18-2019__14;34;12.ses,IceTag 50001997 (P)_07-18-2019__14;34;12.ses,.ses,summer 2019,accelerometer_icetag,,,,,
Données completes/Données accelerometres/Summer 2019/Icetag/IceTags/Session files/Summer Exercise Project/IceTag 50001997 (P)_08-01-2019__15;00;49.ses,IceTag 50001997 (P)_08-01-2019__15;00;49.ses,.ses,summer 2019,accelerometer_icetag,,,,,
Données completes/Données accelerometres/Summer 2019/Icetag/IceTags/Session files/Summer Exercise Project/IceTag 50001997 (P)_08-16-2019__13;06;53.ses,IceTag 50001997 (P)_08-16-2019__13;06;53.ses,.ses,summer 2019,accelerometer_icetag,,,,,
Données completes/Données accelerometres/Summer 2019/Icetag/IceTags/Session files/Summer Exercise Project/IceTag 50001997 (P)_08-22-2019__13;27;28.ses,IceTag 50001997 (P)_08-22-2019__13;27;28.ses,.ses,summer 2019,accelerometer_icetag,,,,,
Données completes/Données accelerometres/Summer 2019/Icetag/IceTags/Steps-Trajet_Data_icetag_summer_SEH.xlsx,Steps-Trajet_Data_icetag_summer_SEH.xlsx,.xlsx,summer 2019,accelerometer_icetag,3,Pas totaux | Pas par allure | Comparaison,Pas totaux,Cow_ID | Date | Motion_Index_Trip_Go | Steps_Trip_Go | Steps_Video | % difference | Motion_Index_Trip_Back | Steps_Trip_Back | Steps_Video | % difference |  |  |  || 419 | 2019-06-06 00:00:00 | NA | NA | NA | NA | NA | NA | NA | NA |  |  |  || 2067 | 2019-06-06 00:00:00 | 2.03 | 29 | 41 | 0.2926829268292683 | 6.05 | 5 | . | . |  |  | ,
Données completes/Données accelerometres/Winter 2019/Icetag/IceTags_Data/1 day trip IceTags (per second)/Habituation/2019FEB04/2056_Tag1989_04FEB2019.csv,2056_Tag1989_04FEB2019.csv,.csv,winter 2019,accelerometer_icetag,,,,,
Données completes/Données accelerometres/Winter 2019/Icetag/IceTags_Data/1 day trip IceTags (per second)/Habituation/2019FEB04/2056_Tag1989_04FEB2019_LB.csv,2056_Tag1989_04FEB2019_LB.csv,.csv,winter 2019,accelerometer_icetag,,,,,
Données completes/Données accelerometres/Winter 2019/Icetag/IceTags_Data/1 day trip IceTags (per second)/Habituation/2019FEB04/2081_Tag1997_04FEB2019.csv,2081_Tag1997_04FEB2019.csv,.csv,winter 2019,accelerometer_icetag,,,,,
Données completes/Données accelerometres/Winter 2019/Icetag/IceTags_Data/1 day trip IceTags (per second)/Habituation/2019FEB04/2081_Tag1997_04FEB2019_LB.csv,2081_Tag1997_04FEB2019_LB.csv,.csv,winter 2019,accelerometer_icetag,,,,,
Données completes/Données accelerometres/Winter 2019/Icetag/IceTags_Data/1 day trip IceTags (per second)/Habituation/2019FEB04/3437_Tag1518_04FEB2019.csv,3437_Tag1518_04FEB2019.csv,.csv,winter 2019,accelerometer_icetag,,,,,
Données completes/Données accelerometres/Winter 2019/Icetag/IceTags_Data/1 day trip IceTags (per second)/Habituation/2019FEB04/3437_Tag1518_04FEB2019_LB.csv,3437_Tag1518_04FEB2019_LB.csv,.csv,winter 2019,accelerometer_icetag,,,,,
Données completes/Données accelerometres/Winter 2019/Icetag/IceTags_Data/1 day trip IceTags (per second)/Habituation/2019FEB04/5246_Tag1526_04FEB2019.csv,5246_Tag1526_04FEB2019.csv,.csv,winter 2019,accelerometer_icetag,,,,,
Données completes/Données accelerometres/Winter 2019/Icetag/IceTags_Data/1 day trip IceTags (per second)/Habituation/2019FEB04/5246_Tag1526_04FEB2019_LB.csv,5246_Tag1526_04FEB2019_LB.csv,.csv,winter 2019,accelerometer_icetag,,,,,
Données completes/Données accelerometres/Winter 2019/Icetag/IceTags_Data/1 day trip IceTags (per second)/Habituation/2019FEB04/5250_Tag1521_04FEB2019.csv,5250_Tag1521_04FEB2019.csv,.csv,winter 2019,accelerometer_icetag,,,,,
Données completes/Données accelerometres/Winter 2019/Icetag/IceTags_Data/1 day trip IceTags (per second)/Habituation/2019FEB04/5250_Tag1521_04FEB2019_LB.csv,5250_Tag1521_04FEB2019_LB.csv,.csv,winter 2019,accelerometer_icetag,,,,,
Données completes/Données accelerometres/Winter 2019/Icetag/IceTags_Data/1 day trip IceTags (per second)/Habituation/2019FEB04/8508_Tag1992_04FEB2019.csv,8508_Tag1992_04FEB2019.csv,.csv,winter 2019,accelerometer_icetag,,,,,
Données completes/Données accelerometres/Winter 2019/Icetag/IceTags_Data/1 day trip IceTags (per second)/Habituation/2019FEB04/8508_Tag1992_04FEB2019_LB.csv,8508_Tag1992_04FEB2019_LB.csv,.csv,winter 2019,accelerometer_icetag,,,,,
Données completes/Données accelerometres/Winter 2019/Icetag/IceTags_Data/1 day trip IceTags (per second)/Habituation/2019FEB04/8510_Tag1520_04FEB2019.csv,8510_Tag1520_04FEB2019.csv,.csv,winter 2019,accelerometer_icetag,,,,,
Données completes/Données accelerometres/Winter 2019/Icetag/IceTags_Data/1 day trip IceTags (per second)/Habituation/2019FEB04/8510_Tag1520_04FEB2019_LB.csv,8510_Tag1520_04FEB2019_LB.csv,.csv,winter 2019,accelerometer_icetag,,,,,
Données completes/Données accelerometres/Winter 2019/Icetag/IceTags_Data/1 day trip IceTags (per second)/Habituation/2019FEB05/2056_Tag1526_05FEB2019.csv,2056_Tag1526_05FEB2019.csv,.csv,winter 2019,accelerometer_icetag,,,,,
Données completes/Données accelerometres/Winter 2019/Icetag/IceTags_Data/1 day trip IceTags (per second)/Habituation/2019FEB05/2056_Tag1526_05FEB2019_LB.csv,2056_Tag1526_05FEB2019_LB.csv,.csv,winter 2019,accelerometer_icetag,,,,,
Données completes/Données accelerometres/Winter 2019/Icetag/IceTags_Data/1 day trip IceTags (per second)/Habituation/2019FEB05/2081_Tag1997_05FEB2019.csv,2081_Tag1997_05FEB2019.csv,.csv,winter 2019,accelerometer_icetag,,,,,
Données completes/Données accelerometres/Winter 2019/Icetag/IceTags_Data/1 day trip IceTags (per second)/Habituation/2019FEB05/2081_Tag1997_05FEB2019_LB.csv,2081_Tag1997_05FEB2019_LB.csv,.csv,winter 2019,accelerometer_icetag,,,,,
Données completes/Données accelerometres/Winter 2019/Icetag/IceTags_Data/1 day trip IceTags (per second)/Habituation/2019FEB05/3437_Tag1521_05FEB2019.csv,3437_Tag1521_05FEB2019.csv,.csv,winter 2019,accelerometer_icetag,,,,,
Données completes/Données accelerometres/Winter 2019/Icetag/IceTags_Data/1 day trip IceTags (per second)/Habituation/2019FEB05/3437_Tag1521_05FEB2019_LB.csv,3437_Tag1521_05FEB2019_LB.csv,.csv,winter 2019,accelerometer_icetag,,,,,
Données completes/Données accelerometres/Winter 2019/Icetag/IceTags_Data/1 day trip IceTags (per second)/Habituation/2019FEB05/5246_Tag1992_05FEB2019.csv,5246_Tag1992_05FEB2019.csv,.csv,winter 2019,accelerometer_icetag,,,,,
Données completes/Données accelerometres/Winter 2019/Icetag/IceTags_Data/1 day trip IceTags (per second)/Habituation/2019FEB05/5246_Tag1992_05FEB2019_LB.csv,5246_Tag1992_05FEB2019_LB.csv,.csv,winter 2019,accelerometer_icetag,,,,,
Données completes/Données accelerometres/Winter 2019/Icetag/IceTags_Data/1 day trip IceTags (per second)/Habituation/2019FEB05/5250_Tag1989_05FEB2019.csv,5250_Tag1989_05FEB2019.csv,.csv,winter 2019,accelerometer_icetag,,,,,
Données completes/Données accelerometres/Winter 2019/Icetag/IceTags_Data/1 day trip IceTags (per second)/Habituation/2019FEB05/5250_Tag1989_05FEB2019_LB.csv,5250_Tag1989_05FEB2019_LB.csv,.csv,winter 2019,accelerometer_icetag,,,,,
Données completes/Données accelerometres/Winter 2019/Icetag/IceTags_Data/1 day trip IceTags (per second)/Habituation/2019FEB05/8508_Tag1520_05FEB2019.csv,8508_Tag1520_05FEB2019.csv,.csv,winter 2019,accelerometer_icetag,,,,,
Données completes/Données accelerometres/Winter 2019/Icetag/IceTags_Data/1 day trip IceTags (per second)/Habituation/2019FEB05/8508_Tag1520_05FEB2019_LB.csv,8508_Tag1520_05FEB2019_LB.csv,.csv,winter 2019,accelerometer_icetag,,,,,
Données completes/Données accelerometres/Winter 2019/Icetag/IceTags_Data/1 day trip IceTags (per second)/Habituation/2019FEB05/8510_Tag1518_05FEB2019.csv,8510_Tag1518_05FEB2019.csv,.csv,winter 2019,accelerometer_icetag,,,,,
Données completes/Données accelerometres/Winter 2019/Icetag/IceTags_Data/1 day trip IceTags (per second)/Habituation/2019FEB05/8510_Tag1518_05FEB2019_LB.csv,8510_Tag1518_05FEB2019_LB.csv,.csv,winter 2019,accelerometer_icetag,,,,,
Données completes/Données accelerometres/Winter 2019/Icetag/IceTags_Data/1 day trip IceTags (per second)/Habituation/2019FEB06/2056Tag20_06FEB2019.csv,2056Tag20_06FEB2019.csv,.csv,winter 2019,accelerometer_icetag,,,,,
Données completes/Données accelerometres/Winter 2019/Icetag/IceTags_Data/1 day trip IceTags (per second)/Habituation/2019FEB06/2056Tag20_06FEB2019_LB.csv,2056Tag20_06FEB2019_LB.csv,.csv,winter 2019,accelerometer_icetag,,,,,
Données completes/Données accelerometres/Winter 2019/Icetag/IceTags_Data/1 day trip IceTags (per second)/Habituation/2019FEB06/2081Ta21_06FEB2019_LB.csv,2081Ta21_06FEB2019_LB.csv,.csv,winter 2019,accelerometer_icetag,,,,,
Données completes/Données accelerometres/Winter 2019/Icetag/IceTags_Data/1 day trip IceTags (per second)/Habituation/2019FEB06/2081Tag21_06FEB2019.csv,2081Tag21_06FEB2019.csv,.csv,winter 2019,accelerometer_icetag,,,,,
Données completes/Données accelerometres/Winter 2019/Icetag/IceTags_Data/1 day trip IceTags (per second)/Habituation/2019FEB06/3437Tag97_06FEB2019.csv,3437Tag97_06FEB2019.csv,.csv,winter 2019,accelerometer_icetag,,,,,
Données completes/Données accelerometres/Winter 2019/Icetag/IceTags_Data/1 day trip IceTags (per second)/Habituation/2019FEB06/3437Tag97_06FEB2019_LB.csv,3437Tag97_06FEB2019_LB.csv,.csv,winter 2019,accelerometer_icetag,,,,,
Données completes/Données accelerometres/Winter 2019/Icetag/IceTags_Data/1 day trip IceTags (per second)/Habituation/2019FEB06/3443Tag92_06FEB2019.csv,3443Tag92_06FEB2019.csv,.csv,winter 2019,accelerometer_icetag,,,,,
Données completes/Données accelerometres/Winter 2019/Icetag/IceTags_Data/1 day trip IceTags (per second)/Habituation/2019FEB06/3443Tag92_06FEB2019_LB.csv,3443Tag92_06FEB2019_LB.csv,.csv,winter 2019,accelerometer_icetag,,,,,
Données completes/Données accelerometres/Winter 2019/Icetag/IceTags_Data/1 day trip IceTags (per second)/Habituation/2019FEB06/5246Tag26_06FEB2019.csv,5246Tag26_06FEB2019.csv,.csv,winter 2019,accelerometer_icetag,,,,,
Données completes/Données accelerometres/Winter 2019/Icetag/IceTags_Data/1 day trip IceTags (per second)/Habituation/2019FEB06/5246Tag26_06FEB2019_LB.csv,5246Tag26_06FEB2019_LB.csv,.csv,winter 2019,accelerometer_icetag,,,,,
Données completes/Données accelerometres/Winter 2019/Icetag/IceTags_Data/1 day trip IceTags (per second)/Habituation/2019FEB06/5250Tag89_06FEB2019.csv,5250Tag89_06FEB2019.csv,.csv,winter 2019,accelerometer_icetag,,,,,
Données completes/Données accelerometres/Winter 2019/Icetag/IceTags_Data/1 day trip IceTags (per second)/Habituation/2019FEB06/5250Tag89_06FEB2019_LB.csv,5250Tag89_06FEB2019_LB.csv,.csv,winter 2019,accelerometer_icetag,,,,,
Données completes/Données accelerometres/Winter 2019/Icetag/IceTags_Data/1 day trip IceTags (per second)/Habituation/2019FEB06/8510Tag18_06FEB2019.csv,8510Tag18_06FEB2019.csv,.csv,winter 2019,accelerometer_icetag,,,,,
Données completes/Données accelerometres/Winter 2019/Icetag/IceTags_Data/1 day trip IceTags (per second)/Habituation/2019FEB06/8510Tag18_06FEB2019_LB.csv,8510Tag18_06FEB2019_LB.csv,.csv,winter 2019,accelerometer_icetag,,,,,
Données completes/Données accelerometres/Winter 2019/Icetag/IceTags_Data/1 day trip IceTags (per second)/Habituation/2019FEB07/2056Tag26_07FEB2019.csv,2056Tag26_07FEB2019.csv,.csv,winter 2019,accelerometer_icetag,,,,,
Données completes/Données accelerometres/Winter 2019/Icetag/IceTags_Data/1 day trip IceTags (per second)/Habituation/2019FEB07/2056Tag26_07FEB2019_LB.csv,2056Tag26_07FEB2019_LB.csv,.csv,winter 2019,accelerometer_icetag,,,,,
Données completes/Données accelerometres/Winter 2019/Icetag/IceTags_Data/1 day trip IceTags (per second)/Habituation/2019FEB07/2081Tag20_07FEB2019.csv,2081Tag20_07FEB2019.csv,.csv,winter 2019,accelerometer_icetag,,,,,
Données completes/Données accelerometres/Winter 2019/Icetag/IceTags_Data/1 day trip IceTags (per second)/Habituation/2019FEB07/2081Tag20_07FEB2019_LB.csv,2081Tag20_07FEB2019_LB.csv,.csv,winter 2019,accelerometer_icetag,,,,,
Données completes/Données accelerometres/Winter 2019/Icetag/IceTags_Data/1 day trip IceTags (per second)/Habituation/2019FEB07/3437Tag18_07FEB2019.csv,3437Tag18_07FEB2019.csv,.csv,winter 2019,accelerometer_icetag,,,,,
Données completes/Données accelerometres/Winter 2019/Icetag/IceTags_Data/1 day trip IceTags (per second)/Habituation/2019FEB07/3437Tag18_07FEB2019_LB.csv,3437Tag18_07FEB2019_LB.csv,.csv,winter 2019,accelerometer_icetag,,,,,
Données completes/Données accelerometres/Winter 2019/Icetag/IceTags_Data/1 day trip IceTags (per second)/Habituation/2019FEB07/3443Tag21_07FEB2019.csv,3443Tag21_07FEB2019.csv,.csv,winter 2019,accelerometer_icetag,,,,,
Données completes/Données accelerometres/Winter 2019/Icetag/IceTags_Data/1 day trip IceTags (per second)/Habituation/2019FEB07/3443Tag21_07FEB2019_LB.csv,3443Tag21_07FEB2019_LB.csv,.csv,winter 2019,accelerometer_icetag,,,,,
Données completes/Données accelerometres/Winter 2019/Icetag/IceTags_Data/1 day trip IceTags (per second)/Habituation/2019FEB07/5246Tag89_07FEB2019.csv,5246Tag89_07FEB2019.csv,.csv,winter 2019,accelerometer_icetag,,,,,
Données completes/Données accelerometres/Winter 2019/Icetag/IceTags_Data/1 day trip IceTags (per second)/Habituation/2019FEB07/5246Tag89_07FEB2019_LB.csv,5246Tag89_07FEB2019_LB.csv,.csv,winter 2019,accelerometer_icetag,,,,,
Données completes/Données accelerometres/Winter 2019/Icetag/IceTags_Data/1 day trip IceTags (per second)/Habituation/2019FEB07/8508_Tag97_07FEB2019.csv,8508_Tag97_07FEB2019.csv,.csv,winter 2019,accelerometer_icetag,,,,,
Données completes/Données accelerometres/Winter 2019/Icetag/IceTags_Data/1 day trip IceTags (per second)/Habituation/2019FEB07/8508_Tag97_07FEB2019_LB.csv,8508_Tag97_07FEB2019_LB.csv,.csv,winter 2019,accelerometer_icetag,,,,,
Données completes/Données accelerometres/Winter 2019/Icetag/IceTags_Data/1 day trip IceTags (per second)/Habituation/2019FEB07/8510Tag92_07FEB2019;43.csv,8510Tag92_07FEB2019;43.csv,.csv,winter 2019,accelerometer_icetag,,,,,
Données completes/Données accelerometres/Winter 2019/Icetag/IceTags_Data/1 day trip IceTags (per second)/Habituation/2019FEB07/8510Tag92_07FEB2019_LB.csv,8510Tag92_07FEB2019_LB.csv,.csv,winter 2019,accelerometer_icetag,,,,,
Données completes/Données accelerometres/Winter 2019/Icetag/IceTags_Data/1 day trip IceTags (per second)/Habituation/2019FEB08/2056_Tag92_08FEB2019.csv,2056_Tag92_08FEB2019.csv,.csv,winter 2019,accelerometer_icetag,,,,,
Données completes/Données accelerometres/Winter 2019/Icetag/IceTags_Data/1 day trip IceTags (per second)/Habituation/2019FEB08/2056_Tag92_08FEB2019_LB.csv,2056_Tag92_08FEB2019_LB.csv,.csv,winter 2019,accelerometer_icetag,,,,,
Données completes/Données accelerometres/Winter 2019/Icetag/IceTags_Data/1 day trip IceTags (per second)/Habituation/2019FEB08/2081_Tag97_08FEB2019.csv,2081_Tag97_08FEB2019.csv,.csv,winter 2019,accelerometer_icetag,,,,,
Données completes/Données accelerometres/Winter 2019/Icetag/IceTags_Data/1 day trip IceTags (per second)/Habituation/2019FEB08/2081_Tag97_08FEB2019_LB.csv,2081_Tag97_08FEB2019_LB.csv,.csv,winter 2019,accelerometer_icetag,,,,,
Données completes/Données accelerometres/Winter 2019/Icetag/IceTags_Data/1 day trip IceTags (per second)/Habituation/2019FEB08/3437_Tag21_08FEB2019.csv,3437_Tag21_08FEB2019.csv,.csv,winter 2019,accelerometer_icetag,,,,,
Données completes/Données accelerometres/Winter 2019/Icetag/IceTags_Data/1 day trip IceTags (per second)/Habituation/2019FEB08/3437_Tag21_08FEB2019_LB.csv,3437_Tag21_08FEB2019_LB.csv,.csv,winter 2019,accelerometer_icetag,,,,,
Données completes/Données accelerometres/Winter 2019/Icetag/IceTags_Data/1 day trip IceTags (per second)/Habituation/2019FEB08/3443_Tag26_08FEB2019.csv,3443_Tag26_08FEB2019.csv,.csv,winter 2019,accelerometer_icetag,,,,,
Données completes/Données accelerometres/Winter 2019/Icetag/IceTags_Data/1 day trip IceTags (per second)/Habituation/2019FEB08/3443_Tag26_08FEB2019_LB.csv,3443_Tag26_08FEB2019_LB.csv,.csv,winter 2019,accelerometer_icetag,,,,,
Données completes/Données accelerometres/Winter 2019/Icetag/IceTags_Data/1 day trip IceTags (per second)/Habituation/2019FEB08/5250_Tag18_08FEB2019.csv,5250_Tag18_08FEB2019.csv,.csv,winter 2019,accelerometer_icetag,,,,,
Données completes/Données accelerometres/Winter 2019/Icetag/IceTags_Data/1 day trip IceTags (per second)/Habituation/2019FEB08/5250_Tag18_08FEB2019_LB.csv,5250_Tag18_08FEB2019_LB.csv,.csv,winter 2019,accelerometer_icetag,,,,,
Données completes/Données accelerometres/Winter 2019/Icetag/IceTags_Data/1 day trip IceTags (per second)/Habituation/2019FEB08/8508_Tag20_08FEB2019.csv,8508_Tag20_08FEB2019.csv,.csv,winter 2019,accelerometer_icetag,,,,,
Données completes/Données accelerometres/Winter 2019/Icetag/IceTags_Data/1 day trip IceTags (per second)/Habituation/2019FEB08/8508_Tag20_08FEB2019_LB.csv,8508_Tag20_08FEB2019_LB.csv,.csv,winter 2019,accelerometer_icetag,,,,,
Données completes/Données accelerometres/Winter 2019/Icetag/IceTags_Data/1 day trip IceTags (per second)/Habituation/2019FEB08/8510_Tag89_08FEB2019.csv,8510_Tag89_08FEB2019.csv,.csv,winter 2019,accelerometer_icetag,,,,,
Données completes/Données accelerometres/Winter 2019/Icetag/IceTags_Data/1 day trip IceTags (per second)/Habituation/2019FEB08/8510_Tag89_08FEB2019_LB.csv,8510_Tag89_08FEB2019_LB.csv,.csv,winter 2019,accelerometer_icetag,,,,,
Données completes/Données accelerometres/Winter 2019/Icetag/IceTags_Data/1 day trip IceTags (per second)/Habituation/2019JAN17/IceTag 50001992 (P)_01-17-2019__08;23;39.csv,IceTag 50001992 (P)_01-17-2019__08;23;39.csv,.csv,winter 2019,accelerometer_icetag,,,,,
Données completes/Données accelerometres/Winter 2019/Icetag/IceTags_Data/1 day trip IceTags (per second)/Habituation/2019JAN17/IceTag 50001992 (P)_01-17-2019__08;23;39_LB.csv,IceTag 50001992 (P)_01-17-2019__08;23;39_LB.csv,.csv,winter 2019,accelerometer_icetag,,,,,
Données completes/Données accelerometres/Winter 2019/Icetag/IceTags_Data/1 day trip IceTags (per second)/Habituation/2019JAN18/2056_Tag21_18JAN2019.csv,2056_Tag21_18JAN2019.csv,.csv,winter 2019,accelerometer_icetag,,,,,
Données completes/Données accelerometres/Winter 2019/Icetag/IceTags_Data/1 day trip IceTags (per second)/Habituation/2019JAN18/2056_Tag21_18JAN2019_LB.csv,2056_Tag21_18JAN2019_LB.csv,.csv,winter 2019,accelerometer_icetag,,,,,
Données completes/Données accelerometres/Winter 2019/Icetag/IceTags_Data/1 day trip IceTags (per second)/Habituation/2019JAN18/2081_Tag96_18JAN2019.csv,2081_Tag96_18JAN2019.csv,.csv,winter 2019,accelerometer_icetag,,,,,
Données completes/Données accelerometres/Winter 2019/Icetag/IceTags_Data/1 day trip IceTags (per second)/Habituation/2019JAN18/2081_Tag96_18JAN2019_LB.csv,2081_Tag96_18JAN2019_LB.csv,.csv,winter 2019,accelerometer_icetag,,,,,
Données completes/Données accelerometres/Winter 2019/Icetag/IceTags_Data/1 day trip IceTags (per second)/Habituation/2019JAN18/3437_Tag86_18JAN2019.csv,3437_Tag86_18JAN2019.csv,.csv,winter 2019,accelerometer_icetag,,,,,
Données completes/Données accelerometres/Winter 2019/Icetag/IceTags_Data/1 day trip IceTags (per second)/Habituation/2019JAN18/3437_Tag86_18JAN2019_LB.csv,3437_Tag86_18JAN2019_LB.csv,.csv,winter 2019,accelerometer_icetag,,,,,
Données completes/Données accelerometres/Winter 2019/Icetag/IceTags_Data/1 day trip IceTags (per second)/Habituation/2019JAN18/3443_Tag87_18JAN2019.csv,3443_Tag87_18JAN2019.csv,.csv,winter 2019,accelerometer_icetag,,,,,
Données completes/Données accelerometres/Winter 2019/Icetag/IceTags_Data/1 day trip IceTags (per second)/Habituation/2019JAN18/3443_Tag87_18JAN2019_LB.csv,3443_Tag87_18JAN2019_LB.csv,.csv,winter 2019,accelerometer_icetag,,,,,
Données completes/Données accelerometres/Winter 2019/Icetag/IceTags_Data/1 day trip IceTags (per second)/Habituation/2019JAN18/5246_Tag92_18JAN2019.csv,5246_Tag92_18JAN2019.csv,.csv,winter 2019,accelerometer_icetag,,,,,
Données completes/Données accelerometres/Winter 2019/Icetag/IceTags_Data/1 day trip IceTags (per second)/Habituation/2019JAN18/5246_Tag92_18JAN2019_LB.csv,5246_Tag92_18JAN2019_LB.csv,.csv,winter 2019,accelerometer_icetag,,,,,
Données completes/Données accelerometres/Winter 2019/Icetag/IceTags_Data/1 day trip IceTags (per second)/Habituation/2019JAN18/5250_Tag97_18JAN2019.csv,5250_Tag97_18JAN2019.csv,.csv,winter 2019,accelerometer_icetag,,,,,
Données completes/Données accelerometres/Winter 2019/Icetag/IceTags_Data/1 day trip IceTags (per second)/Habituation/2019JAN18/5250_Tag97_18JAN2019_LB.csv,5250_Tag97_18JAN2019_LB.csv,.csv,winter 2019,accelerometer_icetag,,,,,
Données completes/Données accelerometres/Winter 2019/Icetag/IceTags_Data/1 day trip IceTags (per second)/Habituation/2019JAN18/8508_Tag89_18JAN2019.csv,8508_Tag89_18JAN2019.csv,.csv,winter 2019,accelerometer_icetag,,,,,
Données completes/Données accelerometres/Winter 2019/Icetag/IceTags_Data/1 day trip IceTags (per second)/Habituation/2019JAN18/8508_Tag89_18JAN2019_LB.csv,8508_Tag89_18JAN2019_LB.csv,.csv,winter 2019,accelerometer_icetag,,,,,
Données completes/Données accelerometres/Winter 2019/Icetag/IceTags_Data/1 day trip IceTags (per second)/Habituation/2019JAN23/2056_Tag87_23JAN2019.csv,2056_Tag87_23JAN2019.csv,.csv,winter 2019,accelerometer_icetag,,,,,
Données completes/Données accelerometres/Winter 2019/Icetag/IceTags_Data/1 day trip IceTags (per second)/Habituation/2019JAN23/2056_Tag87_23JAN2019_LB.csv,2056_Tag87_23JAN2019_LB.csv,.csv,winter 2019,accelerometer_icetag,,,,,
Données completes/Données accelerometres/Winter 2019/Icetag/IceTags_Data/1 day trip IceTags (per second)/Habituation/2019JAN23/2081_Tag97_23JAN2019.csv,2081_Tag97_23JAN2019.csv,.csv,winter 2019,accelerometer_icetag,,,,,
Données completes/Données accelerometres/Winter 2019/Icetag/IceTags_Data/1 day trip IceTags (per second)/Habituation/2019JAN23/2081_Tag97_23JAN2019_LB.csv,2081_Tag97_23JAN2019_LB.csv,.csv,winter 2019,accelerometer_icetag,,,,,
Données completes/Données accelerometres/Winter 2019/Icetag/IceTags_Data/1 day trip IceTags (per second)/Habituation/2019JAN23/3437_Tag89_23JAN2019.csv,3437_Tag89_23JAN2019.csv,.csv,winter 2019,accelerometer_icetag,,,,,
Données completes/Données accelerometres/Winter 2019/Icetag/IceTags_Data/1 day trip IceTags (per second)/Habituation/2019JAN23/3437_Tag89_23JAN2019_LB.csv,3437_Tag89_23JAN2019_LB.csv,.csv,winter 2019,accelerometer_icetag,,,,,
Données completes/Données accelerometres/Winter 2019/Icetag/IceTags_Data/1 day trip IceTags (per second)/Habituation/2019JAN23/3443_Tag96_23JAN2019.csv,3443_Tag96_23JAN2019.csv,.csv,winter 2019,accelerometer_icetag,,,,,
Données completes/Données accelerometres/Winter 2019/Icetag/IceTags_Data/1 day trip IceTags (per second)/Habituation/2019JAN23/3443_Tag96_23JAN2019_LB.csv,3443_Tag96_23JAN2019_LB.csv,.csv,winter 2019,accelerometer_icetag,,,,,
Données completes/Données accelerometres/Winter 2019/Icetag/IceTags_Data/1 day trip IceTags (per second)/Habituation/2019JAN23/5246_Tag92_23JAN2019.csv,5246_Tag92_23JAN2019.csv,.csv,winter 2019,accelerometer_icetag,,,,,
Données completes/Données accelerometres/Winter 2019/Icetag/IceTags_Data/1 day trip IceTags (per second)/Habituation/2019JAN23/5246_Tag92_23JAN2019_LB.csv,5246_Tag92_23JAN2019_LB.csv,.csv,winter 2019,accelerometer_icetag,,,,,
Données completes/Données accelerometres/Winter 2019/Icetag/IceTags_Data/1 day trip IceTags (per second)/Habituation/2019JAN23/5250_Tag86_23JAN2019.csv,5250_Tag86_23JAN2019.csv,.csv,winter 2019,accelerometer_icetag,,,,,
Données completes/Données accelerometres/Winter 2019/Icetag/IceTags_Data/1 day trip IceTags (per second)/Habituation/2019JAN23/5250_Tag86_23JAN2019_LB.csv,5250_Tag86_23JAN2019_LB.csv,.csv,winter 2019,accelerometer_icetag,,,,,
Données completes/Données accelerometres/Winter 2019/Icetag/IceTags_Data/1 day trip IceTags (per second)/Habituation/2019JAN23/8508_Tag21_23JAN2019.csv,8508_Tag21_23JAN2019.csv,.csv,winter 2019,accelerometer_icetag,,,,,
Données completes/Données accelerometres/Winter 2019/Icetag/IceTags_Data/1 day trip IceTags (per second)/Habituation/2019JAN23/8508_Tag21_23JAN2019_LB.csv,8508_Tag21_23JAN2019_LB.csv,.csv,winter 2019,accelerometer_icetag,,,,,
Données completes/Données accelerometres/Winter 2019/Icetag/IceTags_Data/1 day trip IceTags (per second)/Habituation/2019JAN25/2081_Tag90_25JAN2019.csv,2081_Tag90_25JAN2019.csv,.csv,winter 2019,accelerometer_icetag,,,,,
Données completes/Données accelerometres/Winter 2019/Icetag/IceTags_Data/1 day trip IceTags (per second)/Habituation/2019JAN25/2081_Tag90_25JAN2019_LB.csv,2081_Tag90_25JAN2019_LB.csv,.csv,winter 2019,accelerometer_icetag,,,,,
Données completes/Données accelerometres/Winter 2019/Icetag/IceTags_Data/1 day trip IceTags (per second)/Habituation/2019JAN25/3437_Tag88_25JAN2019.csv,3437_Tag88_25JAN2019.csv,.csv,winter 2019,accelerometer_icetag,,,,,
Données completes/Données accelerometres/Winter 2019/Icetag/IceTags_Data/1 day trip IceTags (per second)/Habituation/2019JAN25/3437_Tag88_25JAN2019_LB.csv,3437_Tag88_25JAN2019_LB.csv,.csv,winter 2019,accelerometer_icetag,,,,,
Données completes/Données accelerometres/Winter 2019/Icetag/IceTags_Data/1 day trip IceTags (per second)/Habituation/2019JAN25/3443_Tag85_25JAN2019.csv,3443_Tag85_25JAN2019.csv,.csv,winter 2019,accelerometer_icetag,,,,,
Données completes/Données accelerometres/Winter 2019/Icetag/IceTags_Data/1 day trip IceTags (per second)/Habituation/2019JAN25/3443_Tag85_25JAN2019_LB.csv,3443_Tag85_25JAN2019_LB.csv,.csv,winter 2019,accelerometer_icetag,,,,,
Données completes/Données accelerometres/Winter 2019/Icetag/IceTags_Data/1 day trip IceTags (per second)/Habituation/2019JAN25/5246_Tag95_25JAN2019.csv,5246_Tag95_25JAN2019.csv,.csv,winter 2019,accelerometer_icetag,,,,,
Données completes/Données accelerometres/Winter 2019/Icetag/IceTags_Data/1 day trip IceTags (per second)/Habituation/2019JAN25/5246_Tag95_25JAN2019_LB.csv,5246_Tag95_25JAN2019_LB.csv,.csv,winter 2019,accelerometer_icetag,,,,,
Données completes/Données accelerometres/Winter 2019/Icetag/IceTags_Data/1 day trip IceTags (per second)/Habituation/2019JAN25/5250_Tag76_25JAN2019.csv,5250_Tag76_25JAN2019.csv,.csv,winter 2019,accelerometer_icetag,,,,,
Données completes/Données accelerometres/Winter 2019/Icetag/IceTags_Data/1 day trip IceTags (per second)/Habituation/2019JAN25/5250_Tag76_25JAN2019_LB.csv,5250_Tag76_25JAN2019_LB.csv,.csv,winter 2019,accelerometer_icetag,,,,,
Données completes/Données accelerometres/Winter 2019/Icetag/IceTags_Data/1 day trip IceTags (per second)/Habituation/2019JAN25/8508_Tag24_25JAN2019.csv,8508_Tag24_25JAN2019.csv,.csv,winter 2019,accelerometer_icetag,,,,,
Données completes/Données accelerometres/Winter 2019/Icetag/IceTags_Data/1 day trip IceTags (per second)/Habituation/2019JAN25/8508_Tag24_25JAN2019_LB.csv,8508_Tag24_25JAN2019_LB.csv,.csv,winter 2019,accelerometer_icetag,,,,,
Données completes/Données accelerometres/Winter 2019/Icetag/IceTags_Data/1 day trip IceTags (per second)/Habituation/2019JAN25/8510_Tag91_25JAN2019.csv,8510_Tag91_25JAN2019.csv,.csv,winter 2019,accelerometer_icetag,,,,,
Données completes/Données accelerometres/Winter 2019/Icetag/IceTags_Data/1 day trip IceTags (per second)/Habituation/2019JAN25/8510_Tag91_25JAN2019_LB.csv,8510_Tag91_25JAN2019_LB.csv,.csv,winter 2019,accelerometer_icetag,,,,,
Données completes/Données accelerometres/Winter 2019/Icetag/IceTags_Data/1 day trip IceTags (per second)/Habituation/2019JAN28/IceTag 50001524 (P)_01-28-2019__08;01;48.csv,IceTag 50001524 (P)_01-28-2019__08;01;48.csv,.csv,winter 2019,accelerometer_icetag,,,,,
Données completes/Données accelerometres/Winter 2019/Icetag/IceTags_Data/1 day trip IceTags (per second)/Habituation/2019JAN28/IceTag 50001524 (P)_01-28-2019__08;01;48.raw_bin,IceTag 50001524 (P)_01-28-2019__08;01;48.raw_bin,.raw_bin,winter 2019,accelerometer_icetag,,,,,
Données completes/Données accelerometres/Winter 2019/Icetag/IceTags_Data/1 day trip IceTags (per second)/Habituation/2019JAN28/IceTag 50001524 (P)_01-28-2019__08;01;48.ses,IceTag 50001524 (P)_01-28-2019__08;01;48.ses,.ses,winter 2019,accelerometer_icetag,,,,,
Données completes/Données accelerometres/Winter 2019/Icetag/IceTags_Data/1 day trip IceTags (per second)/Habituation/2019JAN28/IceTag 50001524 (P)_01-28-2019__08;01;48_LB.csv,IceTag 50001524 (P)_01-28-2019__08;01;48_LB.csv,.csv,winter 2019,accelerometer_icetag,,,,,
Données completes/Données accelerometres/Winter 2019/Icetag/IceTags_Data/1 day trip IceTags (per second)/Habituation/2019JAN28/IceTag 50001576 (P)_01-28-2019__08;01;52.csv,IceTag 50001576 (P)_01-28-2019__08;01;52.csv,.csv,winter 2019,accelerometer_icetag,,,,,
Données completes/Données accelerometres/Winter 2019/Icetag/IceTags_Data/1 day trip IceTags (per second)/Habituation/2019JAN28/IceTag 50001576 (P)_01-28-2019__08;01;52.raw_bin,IceTag 50001576 (P)_01-28-2019__08;01;52.raw_bin,.raw_bin,winter 2019,accelerometer_icetag,,,,,
Données completes/Données accelerometres/Winter 2019/Icetag/IceTags_Data/1 day trip IceTags (per second)/Habituation/2019JAN28/IceTag 50001576 (P)_01-28-2019__08;01;52.ses,IceTag 50001576 (P)_01-28-2019__08;01;52.ses,.ses,winter 2019,accelerometer_icetag,,,,,
Données completes/Données accelerometres/Winter 2019/Icetag/IceTags_Data/1 day trip IceTags (per second)/Habituation/2019JAN28/IceTag 50001576 (P)_01-28-2019__08;01;52_LB.csv,IceTag 50001576 (P)_01-28-2019__08;01;52_LB.csv,.csv,winter 2019,accelerometer_icetag,,,,,
Données completes/Données accelerometres/Winter 2019/Icetag/IceTags_Data/1 day trip IceTags (per second)/Habituation/2019JAN28/IceTag 50001985 (P)_01-28-2019__08;01;39.csv,IceTag 50001985 (P)_01-28-2019__08;01;39.csv,.csv,winter 2019,accelerometer_icetag,,,,,
Données completes/Données accelerometres/Winter 2019/Icetag/IceTags_Data/1 day trip IceTags (per second)/Habituation/2019JAN28/IceTag 50001985 (P)_01-28-2019__08;01;39.raw_bin,IceTag 50001985 (P)_01-28-2019__08;01;39.raw_bin,.raw_bin,winter 2019,accelerometer_icetag,,,,,
Données completes/Données accelerometres/Winter 2019/Icetag/IceTags_Data/1 day trip IceTags (per second)/Habituation/2019JAN28/IceTag 50001985 (P)_01-28-2019__08;01;39.ses,IceTag 50001985 (P)_01-28-2019__08;01;39.ses,.ses,winter 2019,accelerometer_icetag,,,,,
Données completes/Données accelerometres/Winter 2019/Icetag/IceTags_Data/1 day trip IceTags (per second)/Habituation/2019JAN28/IceTag 50001985 (P)_01-28-2019__08;01;39_LB.csv,IceTag 50001985 (P)_01-28-2019__08;01;39_LB.csv,.csv,winter 2019,accelerometer_icetag,,,,,
Données completes/Données accelerometres/Winter 2019/Icetag/IceTags_Data/1 day trip IceTags (per second)/Habituation/2019JAN28/IceTag 50001988 (P)_01-28-2019__08;01;42.csv,IceTag 50001988 (P)_01-28-2019__08;01;42.csv,.csv,winter 2019,accelerometer_icetag,,,,,
Données completes/Données accelerometres/Winter 2019/Icetag/IceTags_Data/1 day trip IceTags (per second)/Habituation/2019JAN28/IceTag 50001988 (P)_01-28-2019__08;01;42.raw_bin,IceTag 50001988 (P)_01-28-2019__08;01;42.raw_bin,.raw_bin,winter 2019,accelerometer_icetag,,,,,
Données completes/Données accelerometres/Winter 2019/Icetag/IceTags_Data/1 day trip IceTags (per second)/Habituation/2019JAN28/IceTag 50001988 (P)_01-28-2019__08;01;42.ses,IceTag 50001988 (P)_01-28-2019__08;01;42.ses,.ses,winter 2019,accelerometer_icetag,,,,,
Données completes/Données accelerometres/Winter 2019/Icetag/IceTags_Data/1 day trip IceTags (per second)/Habituation/2019JAN28/IceTag 50001988 (P)_01-28-2019__08;01;42_LB.csv,IceTag 50001988 (P)_01-28-2019__08;01;42_LB.csv,.csv,winter 2019,accelerometer_icetag,,,,,
Données completes/Données accelerometres/Winter 2019/Icetag/IceTags_Data/1 day trip IceTags (per second)/Habituation/2019JAN28/IceTag 50001990 (P)_01-28-2019__08;01;35.csv,IceTag 50001990 (P)_01-28-2019__08;01;35.csv,.csv,winter 2019,accelerometer_icetag,,,,,
Données completes/Données accelerometres/Winter 2019/Icetag/IceTags_Data/1 day trip IceTags (per second)/Habituation/2019JAN28/IceTag 50001990 (P)_01-28-2019__08;01;35.raw_bin,IceTag 50001990 (P)_01-28-2019__08;01;35.raw_bin,.raw_bin,winter 2019,accelerometer_icetag,,,,,
Données completes/Données accelerometres/Winter 2019/Icetag/IceTags_Data/1 day trip IceTags (per second)/Habituation/2019JAN28/IceTag 50001990 (P)_01-28-2019__08;01;35.ses,IceTag 50001990 (P)_01-28-2019__08;01;35.ses,.ses,winter 2019,accelerometer_icetag,,,,,
Données completes/Données accelerometres/Winter 2019/Icetag/IceTags_Data/1 day trip IceTags (per second)/Habituation/2019JAN28/IceTag 50001990 (P)_01-28-2019__08;01;35_LB.csv,IceTag 50001990 (P)_01-28-2019__08;01;35_LB.csv,.csv,winter 2019,accelerometer_icetag,,,,,
Données completes/Données accelerometres/Winter 2019/Icetag/IceTags_Data/1 day trip IceTags (per second)/Habituation/2019JAN28/IceTag 50001991 (P)_01-28-2019__08;01;59.csv,IceTag 50001991 (P)_01-28-2019__08;01;59.csv,.csv,winter 2019,accelerometer_icetag,,,,,
Données completes/Données accelerometres/Winter 2019/Icetag/IceTags_Data/1 day trip IceTags (per second)/Habituation/2019JAN28/IceTag 50001991 (P)_01-28-2019__08;01;59.raw_bin,IceTag 50001991 (P)_01-28-2019__08;01;59.raw_bin,.raw_bin,winter 2019,accelerometer_icetag,,,,,
Données completes/Données accelerometres/Winter 2019/Icetag/IceTags_Data/1 day trip IceTags (per second)/Habituation/2019JAN28/IceTag 50001991 (P)_01-28-2019__08;01;59.ses,IceTag 50001991 (P)_01-28-2019__08;01;59.ses,.ses,winter 2019,accelerometer_icetag,,,,,
Données completes/Données accelerometres/Winter 2019/Icetag/IceTags_Data/1 day trip IceTags (per second)/Habituation/2019JAN28/IceTag 50001991 (P)_01-28-2019__08;01;59_LB.csv,IceTag 50001991 (P)_01-28-2019__08;01;59_LB.csv,.csv,winter 2019,accelerometer_icetag,,,,,
Données completes/Données accelerometres/Winter 2019/Icetag/IceTags_Data/1 day trip IceTags (per second)/Habituation/2019JAN28/IceTag 50001995 (P)_01-28-2019__08;01;55.csv,IceTag 50001995 (P)_01-28-2019__08;01;55.csv,.csv,winter 2019,accelerometer_icetag,,,,,
Données completes/Données accelerometres/Winter 2019/Icetag/IceTags_Data/1 day trip IceTags (per second)/Habituation/2019JAN28/IceTag 50001995 (P)_01-28-2019__08;01;55.raw_bin,IceTag 50001995 (P)_01-28-2019__08;01;55.raw_bin,.raw_bin,winter 2019,accelerometer_icetag,,,,,
Données completes/Données accelerometres/Winter 2019/Icetag/IceTags_Data/1 day trip IceTags (per second)/Habituation/2019JAN28/IceTag 50001995 (P)_01-28-2019__08;01;55.ses,IceTag 50001995 (P)_01-28-2019__08;01;55.ses,.ses,winter 2019,accelerometer_icetag,,,,,
Données completes/Données accelerometres/Winter 2019/Icetag/IceTags_Data/1 day trip IceTags (per second)/Habituation/2019JAN28/IceTag 50001995 (P)_01-28-2019__08;01;55_LB.csv,IceTag 50001995 (P)_01-28-2019__08;01;55_LB.csv,.csv,winter 2019,accelerometer_icetag,,,,,
Données completes/Données accelerometres/Winter 2019/Icetag/IceTags_Data/1 day trip IceTags (per second)/Habituation/2019JAN29/2056_Tag85_29JAN2019.csv,2056_Tag85_29JAN2019.csv,.csv,winter 2019,accelerometer_icetag,,,,,
Données completes/Données accelerometres/Winter 2019/Icetag/IceTags_Data/1 day trip IceTags (per second)/Habituation/2019JAN29/2056_Tag85_29JAN2019_LB.csv,2056_Tag85_29JAN2019_LB.csv,.csv,winter 2019,accelerometer_icetag,,,,,
Données completes/Données accelerometres/Winter 2019/Icetag/IceTags_Data/1 day trip IceTags (per second)/Habituation/2019JAN29/2081_Tag90_29JAN2019.csv,2081_Tag90_29JAN2019.csv,.csv,winter 2019,accelerometer_icetag,,,,,
Données completes/Données accelerometres/Winter 2019/Icetag/IceTags_Data/1 day trip IceTags (per second)/Habituation/2019JAN29/2081_Tag90_29JAN2019_LB.csv,2081_Tag90_29JAN2019_LB.csv,.csv,winter 2019,accelerometer_icetag,,,,,
Données completes/Données accelerometres/Winter 2019/Icetag/IceTags_Data/1 day trip IceTags (per second)/Habituation/2019JAN29/3437_Tag24_29JAN2019.csv,3437_Tag24_29JAN2019.csv,.csv,winter 2019,accelerometer_icetag,,,,,
Données completes/Données accelerometres/Winter 2019/Icetag/IceTags_Data/1 day trip IceTags (per second)/Habituation/2019JAN29/3437_Tag24_29JAN2019_LB.csv,3437_Tag24_29JAN2019_LB.csv,.csv,winter 2019,accelerometer_icetag,,,,,
Données completes/Données accelerometres/Winter 2019/Icetag/IceTags_Data/1 day trip IceTags (per second)/Habituation/2019JAN29/3443_Tag88_29JAN2019.csv,3443_Tag88_29JAN2019.csv,.csv,winter 2019,accelerometer_icetag,,,,,
Données completes/Données accelerometres/Winter 2019/Icetag/IceTags_Data/1 day trip IceTags (per second)/Habituation/2019JAN29/3443_Tag88_29JAN2019_LB.csv,3443_Tag88_29JAN2019_LB.csv,.csv,winter 2019,accelerometer_icetag,,,,,
Données completes/Données accelerometres/Winter 2019/Icetag/IceTags_Data/1 day trip IceTags (per second)/Habituation/2019JAN29/5246_Tag76_29JAN2019.csv,5246_Tag76_29JAN2019.csv,.csv,winter 2019,accelerometer_icetag,,,,,
Données completes/Données accelerometres/Winter 2019/Icetag/IceTags_Data/1 day trip IceTags (per second)/Habituation/2019JAN29/5246_Tag76_29JAN2019_LB.csv,5246_Tag76_29JAN2019_LB.csv,.csv,winter 2019,accelerometer_icetag,,,,,
Données completes/Données accelerometres/Winter 2019/Icetag/IceTags_Data/1 day trip IceTags (per second)/Habituation/2019JAN29/5250_Tag95_29JAN2019.csv,5250_Tag95_29JAN2019.csv,.csv,winter 2019,accelerometer_icetag,,,,,
Données completes/Données accelerometres/Winter 2019/Icetag/IceTags_Data/1 day trip IceTags (per second)/Habituation/2019JAN29/5250_Tag95_29JAN2019_LB.csv,5250_Tag95_29JAN2019_LB.csv,.csv,winter 2019,accelerometer_icetag,,,,,
Données completes/Données accelerometres/Winter 2019/Icetag/IceTags_Data/1 day trip IceTags (per second)/Habituation/2019JAN29/8510_Tag91_29JAN2019.csv,8510_Tag91_29JAN2019.csv,.csv,winter 2019,accelerometer_icetag,,,,,
Données completes/Données accelerometres/Winter 2019/Icetag/IceTags_Data/1 day trip IceTags (per second)/Habituation/2019JAN29/8510_Tag91_29JAN2019_LB.csv,8510_Tag91_29JAN2019_LB.csv,.csv,winter 2019,accelerometer_icetag,,,,,
Données completes/Données accelerometres/Winter 2019/Icetag/IceTags_Data/1 day trip IceTags (per second)/Habituation/2019JAN30/2056_Tag24_30JAN2019.csv,2056_Tag24_30JAN2019.csv,.csv,winter 2019,accelerometer_icetag,,,,,
Données completes/Données accelerometres/Winter 2019/Icetag/IceTags_Data/1 day trip IceTags (per second)/Habituation/2019JAN30/2056_Tag24_30JAN2019_LB.csv,2056_Tag24_30JAN2019_LB.csv,.csv,winter 2019,accelerometer_icetag,,,,,
Données completes/Données accelerometres/Winter 2019/Icetag/IceTags_Data/1 day trip IceTags (per second)/Habituation/2019JAN30/2081_Tag90_30JAN2019.csv,2081_Tag90_30JAN2019.csv,.csv,winter 2019,accelerometer_icetag,,,,,
Données completes/Données accelerometres/Winter 2019/Icetag/IceTags_Data/1 day trip IceTags (per second)/Habituation/2019JAN30/2081_Tag90_30JAN2019_LB.csv,2081_Tag90_30JAN2019_LB.csv,.csv,winter 2019,accelerometer_icetag,,,,,
Données completes/Données accelerometres/Winter 2019/Icetag/IceTags_Data/1 day trip IceTags (per second)/Habituation/2019JAN30/3443_Tag95_30JAN2019.csv,3443_Tag95_30JAN2019.csv,.csv,winter 2019,accelerometer_icetag,,,,,
Données completes/Données accelerometres/Winter 2019/Icetag/IceTags_Data/1 day trip IceTags (per second)/Habituation/2019JAN30/3443_Tag95_30JAN2019_LB.csv,3443_Tag95_30JAN2019_LB.csv,.csv,winter 2019,accelerometer_icetag,,,,,
Données completes/Données accelerometres/Winter 2019/Icetag/IceTags_Data/1 day trip IceTags (per second)/Habituation/2019JAN30/5246_Tag88_30JAN2019.csv,5246_Tag88_30JAN2019.csv,.csv,winter 2019,accelerometer_icetag,,,,,
Données completes/Données accelerometres/Winter 2019/Icetag/IceTags_Data/1 day trip IceTags (per second)/Habituation/2019JAN30/5246_Tag88_30JAN2019_LB.csv,5246_Tag88_30JAN2019_LB.csv,.csv,winter 2019,accelerometer_icetag,,,,,
Données completes/Données accelerometres/Winter 2019/Icetag/IceTags_Data/1 day trip IceTags (per second)/Habituation/2019JAN30/5250_Tag85_30JAN2019.csv,5250_Tag85_30JAN2019.csv,.csv,winter 2019,accelerometer_icetag,,,,,
Données completes/Données accelerometres/Winter 2019/Icetag/IceTags_Data/1 day trip IceTags (per second)/Habituation/2019JAN30/5250_Tag85_30JAN2019_LB.csv,5250_Tag85_30JAN2019_LB.csv,.csv,winter 2019,accelerometer_icetag,,,,,
Données completes/Données accelerometres/Winter 2019/Icetag/IceTags_Data/1 day trip IceTags (per second)/Habituation/2019JAN30/8508_Tag91_30JAN2019.csv,8508_Tag91_30JAN2019.csv,.csv,winter 2019,accelerometer_icetag,,,,,
Données completes/Données accelerometres/Winter 2019/Icetag/IceTags_Data/1 day trip IceTags (per second)/Habituation/2019JAN30/8508_Tag91_30JAN2019_LB.csv,8508_Tag91_30JAN2019_LB.csv,.csv,winter 2019,accelerometer_icetag,,,,,
Données completes/Données accelerometres/Winter 2019/Icetag/IceTags_Data/1 day trip IceTags (per second)/Habituation/2019JAN30/8510_Tag76_30JAN2019.csv,8510_Tag76_30JAN2019.csv,.csv,winter 2019,accelerometer_icetag,,,,,
Données completes/Données accelerometres/Winter 2019/Icetag/IceTags_Data/1 day trip IceTags (per second)/Habituation/2019JAN30/8510_Tag76_30JAN2019_LB.csv,8510_Tag76_30JAN2019_LB.csv,.csv,winter 2019,accelerometer_icetag,,,,,
Données completes/Données accelerometres/Winter 2019/Icetag/IceTags_Data/1 day trip IceTags (per second)/Treatment/2019FEB14/2056_Tag76_14FEB2019.csv,2056_Tag76_14FEB2019.csv,.csv,winter 2019,accelerometer_icetag,,,,,
Données completes/Données accelerometres/Winter 2019/Icetag/IceTags_Data/1 day trip IceTags (per second)/Treatment/2019FEB14/2056_Tag76_14FEB2019_LB.csv,2056_Tag76_14FEB2019_LB.csv,.csv,winter 2019,accelerometer_icetag,,,,,
Données completes/Données accelerometres/Winter 2019/Icetag/IceTags_Data/1 day trip IceTags (per second)/Treatment/2019FEB14/2081_Tag96_14FEB2019.csv,2081_Tag96_14FEB2019.csv,.csv,winter 2019,accelerometer_icetag,,,,,
Données completes/Données accelerometres/Winter 2019/Icetag/IceTags_Data/1 day trip IceTags (per second)/Treatment/2019FEB14/2081_Tag96_14FEB2019_LB.csv,2081_Tag96_14FEB2019_LB.csv,.csv,winter 2019,accelerometer_icetag,,,,,
Données completes/Données accelerometres/Winter 2019/Icetag/IceTags_Data/1 day trip IceTags (per second)/Treatment/2019FEB14/3437_Tag24_14FEB2019.csv,3437_Tag24_14FEB2019.csv,.csv,winter 2019,accelerometer_icetag,,,,,
Données completes/Données accelerometres/Winter 2019/Icetag/IceTags_Data/1 day trip IceTags (per second)/Treatment/2019FEB14/3437_Tag24_14FEB2019_LB.csv,3437_Tag24_14FEB2019_LB.csv,.csv,winter 2019,accelerometer_icetag,,,,,
Données completes/Données accelerometres/Winter 2019/Icetag/IceTags_Data/1 day trip IceTags (per second)/Treatment/2019FEB14/3443_Tag85_14FEB2019.csv,3443_Tag85_14FEB2019.csv,.csv,winter 2019,accelerometer_icetag,,,,,
Données completes/Données accelerometres/Winter 2019/Icetag/IceTags_Data/1 day trip IceTags (per second)/Treatment/2019FEB14/3443_Tag85_14FEB2019_LB.csv,3443_Tag85_14FEB2019_LB.csv,.csv,winter 2019,accelerometer_icetag,,,,,
Données completes/Données accelerometres/Winter 2019/Icetag/IceTags_Data/1 day trip IceTags (per second)/Treatment/2019FEB14/5250_Tag88_14FEB2019.csv,5250_Tag88_14FEB2019.csv,.csv,winter 2019,accelerometer_icetag,,,,,
Données completes/Données accelerometres/Winter 2019/Icetag/IceTags_Data/1 day trip IceTags (per second)/Treatment/2019FEB14/5250_Tag88_14FEB2019_LB.csv,5250_Tag88_14FEB2019_LB.csv,.csv,winter 2019,accelerometer_icetag,,,,,
Données completes/Données accelerometres/Winter 2019/Icetag/IceTags_Data/1 day trip IceTags (per second)/Treatment/2019FEB14/8508_Tag90_14FEB2019.csv,8508_Tag90_14FEB2019.csv,.csv,winter 2019,accelerometer_icetag,,,,,
Données completes/Données accelerometres/Winter 2019/Icetag/IceTags_Data/1 day trip IceTags (per second)/Treatment/2019FEB14/8508_Tag90_14FEB2019_LB.csv,8508_Tag90_14FEB2019_LB.csv,.csv,winter 2019,accelerometer_icetag,,,,,
Données completes/Données accelerometres/Winter 2019/Icetag/IceTags_Data/1 day trip IceTags (per second)/Treatment/2019FEB14/8510_Tag95_14FEB2019.csv,8510_Tag95_14FEB2019.csv,.csv,winter 2019,accelerometer_icetag,,,,,
Données completes/Données accelerometres/Winter 2019/Icetag/IceTags_Data/1 day trip IceTags (per second)/Treatment/2019FEB14/8510_Tag95_14FEB2019_LB.csv,8510_Tag95_14FEB2019_LB.csv,.csv,winter 2019,accelerometer_icetag,,,,,
Données completes/Données accelerometres/Winter 2019/Icetag/IceTags_Data/1 day trip IceTags (per second)/Treatment/2019FEB15/2056_Tag76_15FEB2019.csv,2056_Tag76_15FEB2019.csv,.csv,winter 2019,accelerometer_icetag,,,,,
Données completes/Données accelerometres/Winter 2019/Icetag/IceTags_Data/1 day trip IceTags (per second)/Treatment/2019FEB15/2056_Tag76_15FEB2019_LB.csv,2056_Tag76_15FEB2019_LB.csv,.csv,winter 2019,accelerometer_icetag,,,,,
Données completes/Données accelerometres/Winter 2019/Icetag/IceTags_Data/1 day trip IceTags (per second)/Treatment/2019FEB15/2081_Tag96_15FEB2019.csv,2081_Tag96_15FEB2019.csv,.csv,winter 2019,accelerometer_icetag,,,,,
Données completes/Données accelerometres/Winter 2019/Icetag/IceTags_Data/1 day trip IceTags (per second)/Treatment/2019FEB15/2081_Tag96_15FEB2019_LB.csv,2081_Tag96_15FEB2019_LB.csv,.csv,winter 2019,accelerometer_icetag,,,,,
Données completes/Données accelerometres/Winter 2019/Icetag/IceTags_Data/1 day trip IceTags (per second)/Treatment/2019FEB15/3437_Tag24_15FEB2019.csv,3437_Tag24_15FEB2019.csv,.csv,winter 2019,accelerometer_icetag,,,,,
Données completes/Données accelerometres/Winter 2019/Icetag/IceTags_Data/1 day trip IceTags (per second)/Treatment/2019FEB15/3437_Tag24_15FEB2019_LB.csv,3437_Tag24_15FEB2019_LB.csv,.csv,winter 2019,accelerometer_icetag,,,,,
Données completes/Données accelerometres/Winter 2019/Icetag/IceTags_Data/1 day trip IceTags (per second)/Treatment/2019FEB15/3443_Tag85_15FEB2019.csv,3443_Tag85_15FEB2019.csv,.csv,winter 2019,accelerometer_icetag,,,,,
Données completes/Données accelerometres/Winter 2019/Icetag/IceTags_Data/1 day trip IceTags (per second)/Treatment/2019FEB15/3443_Tag85_15FEB2019_LB.csv,3443_Tag85_15FEB2019_LB.csv,.csv,winter 2019,accelerometer_icetag,,,,,
Données completes/Données accelerometres/Winter 2019/Icetag/IceTags_Data/1 day trip IceTags (per second)/Treatment/2019FEB15/5250_Tag95_15FEB2019.csv,5250_Tag95_15FEB2019.csv,.csv,winter 2019,accelerometer_icetag,,,,,
Données completes/Données accelerometres/Winter 2019/Icetag/IceTags_Data/1 day trip IceTags (per second)/Treatment/2019FEB15/5250_Tag95_15FEB2019_LB.csv,5250_Tag95_15FEB2019_LB.csv,.csv,winter 2019,accelerometer_icetag,,,,,
Données completes/Données accelerometres/Winter 2019/Icetag/IceTags_Data/1 day trip IceTags (per second)/Treatment/2019FEB15/8508_Tag90_15FEB2019.csv,8508_Tag90_15FEB2019.csv,.csv,winter 2019,accelerometer_icetag,,,,,
Données completes/Données accelerometres/Winter 2019/Icetag/IceTags_Data/1 day trip IceTags (per second)/Treatment/2019FEB15/8508_Tag90_15FEB2019_LB.csv,8508_Tag90_15FEB2019_LB.csv,.csv,winter 2019,accelerometer_icetag,,,,,
Données completes/Données accelerometres/Winter 2019/Icetag/IceTags_Data/1 day trip IceTags (per second)/Treatment/2019FEB15/8510_Tag88_15FEB2019.csv,8510_Tag88_15FEB2019.csv,.csv,winter 2019,accelerometer_icetag,,,,,
Données completes/Données accelerometres/Winter 2019/Icetag/IceTags_Data/1 day trip IceTags (per second)/Treatment/2019FEB15/8510_Tag88_15FEB2019_LB.csv,8510_Tag88_15FEB2019_LB.csv,.csv,winter 2019,accelerometer_icetag,,,,,
Données completes/Données accelerometres/Winter 2019/Icetag/IceTags_Data/1 day trip IceTags (per second)/Treatment/2019FEB22/2056_Tag25_22FEB2019.csv,2056_Tag25_22FEB2019.csv,.csv,winter 2019,accelerometer_icetag,,,,,
Données completes/Données accelerometres/Winter 2019/Icetag/IceTags_Data/1 day trip IceTags (per second)/Treatment/2019FEB22/2056_Tag25_22FEB2019_LB.csv,2056_Tag25_22FEB2019_LB.csv,.csv,winter 2019,accelerometer_icetag,,,,,
Données completes/Données accelerometres/Winter 2019/Icetag/IceTags_Data/1 day trip IceTags (per second)/Treatment/2019FEB22/2081_Tag86_22FEB2019.csv,2081_Tag86_22FEB2019.csv,.csv,winter 2019,accelerometer_icetag,,,,,
Données completes/Données accelerometres/Winter 2019/Icetag/IceTags_Data/1 day trip IceTags (per second)/Treatment/2019FEB22/2081_Tag86_22FEB2019_LB.csv,2081_Tag86_22FEB2019_LB.csv,.csv,winter 2019,accelerometer_icetag,,,,,
Données completes/Données accelerometres/Winter 2019/Icetag/IceTags_Data/1 day trip IceTags (per second)/Treatment/2019FEB22/3437_Tag16_22FEB2019.csv,3437_Tag16_22FEB2019.csv,.csv,winter 2019,accelerometer_icetag,,,,,
Données completes/Données accelerometres/Winter 2019/Icetag/IceTags_Data/1 day trip IceTags (per second)/Treatment/2019FEB22/3437_Tag16_22FEB2019_LB.csv,3437_Tag16_22FEB2019_LB.csv,.csv,winter 2019,accelerometer_icetag,,,,,
Données completes/Données accelerometres/Winter 2019/Icetag/IceTags_Data/1 day trip IceTags (per second)/Treatment/2019FEB22/3443_Tag22_22FEB2019.csv,3443_Tag22_22FEB2019.csv,.csv,winter 2019,accelerometer_icetag,,,,,
Données completes/Données accelerometres/Winter 2019/Icetag/IceTags_Data/1 day trip IceTags (per second)/Treatment/2019FEB22/3443_Tag22_22FEB2019_LB.csv,3443_Tag22_22FEB2019_LB.csv,.csv,winter 2019,accelerometer_icetag,,,,,
Données completes/Données accelerometres/Winter 2019/Icetag/IceTags_Data/1 day trip IceTags (per second)/Treatment/2019FEB22/5250_Tag91_22FEB2019.csv,5250_Tag91_22FEB2019.csv,.csv,winter 2019,accelerometer_icetag,,,,,
Données completes/Données accelerometres/Winter 2019/Icetag/IceTags_Data/1 day trip IceTags (per second)/Treatment/2019FEB22/5250_Tag91_22FEB2019_LB.csv,5250_Tag91_22FEB2019_LB.csv,.csv,winter 2019,accelerometer_icetag,,,,,
Données completes/Données accelerometres/Winter 2019/Icetag/IceTags_Data/1 day trip IceTags (per second)/Treatment/2019FEB22/8510_tag93_22FEB2019.csv,8510_tag93_22FEB2019.csv,.csv,winter 2019,accelerometer_icetag,,,,,
Données completes/Données accelerometres/Winter 2019/Icetag/IceTags_Data/1 day trip IceTags (per second)/Treatment/2019FEB22/8510_tag93_22FEB2019_LB.csv,8510_tag93_22FEB2019_LB.csv,.csv,winter 2019,accelerometer_icetag,,,,,
Données completes/Données accelerometres/Winter 2019/Icetag/IceTags_Data/1 day trip IceTags (per second)/Treatment/2019FEB22/IceTag 50001989 (P)_02-15-2019__14;40;19bis.raw_bin,IceTag 50001989 (P)_02-15-2019__14;40;19bis.raw_bin,.raw_bin,winter 2019,accelerometer_icetag,,,,,
Données completes/Données accelerometres/Winter 2019/Icetag/IceTags_Data/1 day trip IceTags (per second)/Treatment/2019MAR01/2056_Tag96 _01MAR2019.csv,2056_Tag96 _01MAR2019.csv,.csv,winter 2019,accelerometer_icetag,,,,,
Données completes/Données accelerometres/Winter 2019/Icetag/IceTags_Data/1 day trip IceTags (per second)/Treatment/2019MAR01/2056_Tag96 _01MAR2019_LB.csv,2056_Tag96 _01MAR2019_LB.csv,.csv,winter 2019,accelerometer_icetag,,,,,
Données completes/Données accelerometres/Winter 2019/Icetag/IceTags_Data/1 day trip IceTags (per second)/Treatment/2019MAR01/2081_Tag95 _01MAR2019.csv,2081_Tag95 _01MAR2019.csv,.csv,winter 2019,accelerometer_icetag,,,,,
Données completes/Données accelerometres/Winter 2019/Icetag/IceTags_Data/1 day trip IceTags (per second)/Treatment/2019MAR01/2081_Tag95 _01MAR2019_LB.csv,2081_Tag95 _01MAR2019_LB.csv,.csv,winter 2019,accelerometer_icetag,,,,,
Données completes/Données accelerometres/Winter 2019/Icetag/IceTags_Data/1 day trip IceTags (per second)/Treatment/2019MAR01/3437_Tag76 _01MAR2019_LB.csv,3437_Tag76 _01MAR2019_LB.csv,.csv,winter 2019,accelerometer_icetag,,,,,
Données completes/Données accelerometres/Winter 2019/Icetag/IceTags_Data/1 day trip IceTags (per second)/Treatment/2019MAR01/3437_Tag76_01MAR2019.csv,3437_Tag76_01MAR2019.csv,.csv,winter 2019,accelerometer_icetag,,,,,
Données completes/Données accelerometres/Winter 2019/Icetag/IceTags_Data/1 day trip IceTags (per second)/Treatment/2019MAR01/3443_Tag87 _01MAR2019.csv,3443_Tag87 _01MAR2019.csv,.csv,winter 2019,accelerometer_icetag,,,,,
Données completes/Données accelerometres/Winter 2019/Icetag/IceTags_Data/1 day trip IceTags (per second)/Treatment/2019MAR01/3443_Tag87 _01MAR2019_LB.csv,3443_Tag87 _01MAR2019_LB.csv,.csv,winter 2019,accelerometer_icetag,,,,,
Données completes/Données accelerometres/Winter 2019/Icetag/IceTags_Data/1 day trip IceTags (per second)/Treatment/2019MAR01/5246_Tag85 _01MAR2019.csv,5246_Tag85 _01MAR2019.csv,.csv,winter 2019,accelerometer_icetag,,,,,
Données completes/Données accelerometres/Winter 2019/Icetag/IceTags_Data/1 day trip IceTags (per second)/Treatment/2019MAR01/5246_Tag85 _01MAR2019_LB.csv,5246_Tag85 _01MAR2019_LB.csv,.csv,winter 2019,accelerometer_icetag,,,,,
Données completes/Données accelerometres/Winter 2019/Icetag/IceTags_Data/1 day trip IceTags (per second)/Treatment/2019MAR01/5250_Tag88 _01MAR2019.csv,5250_Tag88 _01MAR2019.csv,.csv,winter 2019,accelerometer_icetag,,,,,
Données completes/Données accelerometres/Winter 2019/Icetag/IceTags_Data/1 day trip IceTags (per second)/Treatment/2019MAR01/5250_Tag88 _01MAR2019_LB.csv,5250_Tag88 _01MAR2019_LB.csv,.csv,winter 2019,accelerometer_icetag,,,,,
Données completes/Données accelerometres/Winter 2019/Icetag/IceTags_Data/1 day trip IceTags (per second)/Treatment/2019MAR01/8510_Tag90 _01MAR2019.csv,8510_Tag90 _01MAR2019.csv,.csv,winter 2019,accelerometer_icetag,,,,,
Données completes/Données accelerometres/Winter 2019/Icetag/IceTags_Data/1 day trip IceTags (per second)/Treatment/2019MAR01/8510_Tag90 _01MAR2019_LB.csv,8510_Tag90 _01MAR2019_LB.csv,.csv,winter 2019,accelerometer_icetag,,,,,
Données completes/Données accelerometres/Winter 2019/Icetag/IceTags_Data/1 day trip IceTags (per second)/Treatment/2019MAR08/2056_Tag26_08MAR2019.csv,2056_Tag26_08MAR2019.csv,.csv,winter 2019,accelerometer_icetag,,,,,
Données completes/Données accelerometres/Winter 2019/Icetag/IceTags_Data/1 day trip IceTags (per second)/Treatment/2019MAR08/2056_Tag26_08MAR2019_LB.csv,2056_Tag26_08MAR2019_LB.csv,.csv,winter 2019,accelerometer_icetag,,,,,
Données completes/Données accelerometres/Winter 2019/Icetag/IceTags_Data/1 day trip IceTags (per second)/Treatment/2019MAR08/2081_Tag97_08MAR2019.csv,2081_Tag97_08MAR2019.csv,.csv,winter 2019,accelerometer_icetag,,,,,
Données completes/Données accelerometres/Winter 2019/Icetag/IceTags_Data/1 day trip IceTags (per second)/Treatment/2019MAR08/2081_Tag97_08MAR2019_LB.csv,2081_Tag97_08MAR2019_LB.csv,.csv,winter 2019,accelerometer_icetag,,,,,
Données completes/Données accelerometres/Winter 2019/Icetag/IceTags_Data/1 day trip IceTags (per second)/Treatment/2019MAR08/3437_Tag89_08MAR2019.csv,3437_Tag89_08MAR2019.csv,.csv,winter 2019,accelerometer_icetag,,,,,
Données completes/Données accelerometres/Winter 2019/Icetag/IceTags_Data/1 day trip IceTags (per second)/Treatment/2019MAR08/3437_Tag89_08MAR2019_LB.csv,3437_Tag89_08MAR2019_LB.csv,.csv,winter 2019,accelerometer_icetag,,,,,
Données completes/Données accelerometres/Winter 2019/Icetag/IceTags_Data/1 day trip IceTags (per second)/Treatment/2019MAR08/3443_Tag18_08MAR2019.csv,3443_Tag18_08MAR2019.csv,.csv,winter 2019,accelerometer_icetag,,,,,
Données completes/Données accelerometres/Winter 2019/Icetag/IceTags_Data/1 day trip IceTags (per second)/Treatment/2019MAR08/3443_Tag18_08MAR2019_LB.csv,3443_Tag18_08MAR2019_LB.csv,.csv,winter 2019,accelerometer_icetag,,,,,
Données completes/Données accelerometres/Winter 2019/Icetag/IceTags_Data/1 day trip IceTags (per second)/Treatment/2019MAR08/5246_Tag92_08MAR2019.csv,5246_Tag92_08MAR2019.csv,.csv,winter 2019,accelerometer_icetag,,,,,
Données completes/Données accelerometres/Winter 2019/Icetag/IceTags_Data/1 day trip IceTags (per second)/Treatment/2019MAR08/5246_Tag92_08MAR2019_LB.csv,5246_Tag92_08MAR2019_LB.csv,.csv,winter 2019,accelerometer_icetag,,,,,
Données completes/Données accelerometres/Winter 2019/Icetag/IceTags_Data/1 day trip IceTags (per second)/Treatment/2019MAR08/8508_Tag24_08MAR2019.csv,8508_Tag24_08MAR2019.csv,.csv,winter 2019,accelerometer_icetag,,,,,
Données completes/Données accelerometres/Winter 2019/Icetag/IceTags_Data/1 day trip IceTags (per second)/Treatment/2019MAR08/8508_Tag24_08MAR2019_LB.csv,8508_Tag24_08MAR2019_LB.csv,.csv,winter 2019,accelerometer_icetag,,,,,
Données completes/Données accelerometres/Winter 2019/Icetag/IceTags_Data/1 day trip IceTags (per second)/Treatment/2019MAR08/8510_Tag21_08MAR2019.csv,8510_Tag21_08MAR2019.csv,.csv,winter 2019,accelerometer_icetag,,,,,
Données completes/Données accelerometres/Winter 2019/Icetag/IceTags_Data/1 day trip IceTags (per second)/Treatment/2019MAR08/8510_Tag21_08MAR2019_LB.csv,8510_Tag21_08MAR2019_LB.csv,.csv,winter 2019,accelerometer_icetag,,,,,
Données completes/Données accelerometres/Winter 2019/Icetag/IceTags_Data/1 day trip IceTags (per second)/Treatment/2019MAR15/2056_Tag16_15MAR2019.csv,2056_Tag16_15MAR2019.csv,.csv,winter 2019,accelerometer_icetag,,,,,
Données completes/Données accelerometres/Winter 2019/Icetag/IceTags_Data/1 day trip IceTags (per second)/Treatment/2019MAR15/2056_Tag16_15MAR2019_LB.csv,2056_Tag16_15MAR2019_LB.csv,.csv,winter 2019,accelerometer_icetag,,,,,
Données completes/Données accelerometres/Winter 2019/Icetag/IceTags_Data/1 day trip IceTags (per second)/Treatment/2019MAR15/3437_Tag21_15MAR2019.csv,3437_Tag21_15MAR2019.csv,.csv,winter 2019,accelerometer_icetag,,,,,
Données completes/Données accelerometres/Winter 2019/Icetag/IceTags_Data/1 day trip IceTags (per second)/Treatment/2019MAR15/3437_Tag21_15MAR2019_LB.csv,3437_Tag21_15MAR2019_LB.csv,.csv,winter 2019,accelerometer_icetag,,,,,
Données completes/Données accelerometres/Winter 2019/Icetag/IceTags_Data/1 day trip IceTags (per second)/Treatment/2019MAR15/3443_Tag24_15MAR2019.csv,3443_Tag24_15MAR2019.csv,.csv,winter 2019,accelerometer_icetag,,,,,
Données completes/Données accelerometres/Winter 2019/Icetag/IceTags_Data/1 day trip IceTags (per second)/Treatment/2019MAR15/3443_Tag24_15MAR2019_LB.csv,3443_Tag24_15MAR2019_LB.csv,.csv,winter 2019,accelerometer_icetag,,,,,
Données completes/Données accelerometres/Winter 2019/Icetag/IceTags_Data/1 day trip IceTags (per second)/Treatment/2019MAR15/8508_Tag97_15MAR2019.csv,8508_Tag97_15MAR2019.csv,.csv,winter 2019,accelerometer_icetag,,,,,
Données completes/Données accelerometres/Winter 2019/Icetag/IceTags_Data/1 day trip IceTags (per second)/Treatment/2019MAR15/8508_Tag97_15MAR2019_LB.csv,8508_Tag97_15MAR2019_LB.csv,.csv,winter 2019,accelerometer_icetag,,,,,
Données completes/Données accelerometres/Winter 2019/Icetag/IceTags_Data/1 day trip IceTags (per second)/Treatment/2019MAR15/8510_Tag26_15MAR2019.csv,8510_Tag26_15MAR2019.csv,.csv,winter 2019,accelerometer_icetag,,,,,
Données completes/Données accelerometres/Winter 2019/Icetag/IceTags_Data/1 day trip IceTags (per second)/Treatment/2019MAR15/8510_Tag26_15MAR2019_LB.csv,8510_Tag26_15MAR2019_LB.csv,.csv,winter 2019,accelerometer_icetag,,,,,
Données completes/Données accelerometres/Winter 2019/Icetag/IceTags_Data/1 day trip IceTags (per second)/Treatment/2019MAR29/2056_Tag86_29MAR2019.csv,2056_Tag86_29MAR2019.csv,.csv,winter 2019,accelerometer_icetag,,,,,
Données completes/Données accelerometres/Winter 2019/Icetag/IceTags_Data/1 day trip IceTags (per second)/Treatment/2019MAR29/2056_Tag86_29MAR2019_LB.csv,2056_Tag86_29MAR2019_LB.csv,.csv,winter 2019,accelerometer_icetag,,,,,
Données completes/Données accelerometres/Winter 2019/Icetag/IceTags_Data/1 day trip IceTags (per second)/Treatment/2019MAR29/2081_Tag21_29MAR2019.csv,2081_Tag21_29MAR2019.csv,.csv,winter 2019,accelerometer_icetag,,,,,
Données completes/Données accelerometres/Winter 2019/Icetag/IceTags_Data/1 day trip IceTags (per second)/Treatment/2019MAR29/2081_Tag21_29MAR2019_LB.csv,2081_Tag21_29MAR2019_LB.csv,.csv,winter 2019,accelerometer_icetag,,,,,
Données completes/Données accelerometres/Winter 2019/Icetag/IceTags_Data/1 day trip IceTags (per second)/Treatment/2019MAR29/3437_Tag93_29MAR2019.csv,3437_Tag93_29MAR2019.csv,.csv,winter 2019,accelerometer_icetag,,,,,
Données completes/Données accelerometres/Winter 2019/Icetag/IceTags_Data/1 day trip IceTags (per second)/Treatment/2019MAR29/3437_Tag93_29MAR2019_LB.csv,3437_Tag93_29MAR2019_LB.csv,.csv,winter 2019,accelerometer_icetag,,,,,
Données completes/Données accelerometres/Winter 2019/Icetag/IceTags_Data/1 day trip IceTags (per second)/Treatment/2019MAR29/3443_Tag20_29MAR2019.csv,3443_Tag20_29MAR2019.csv,.csv,winter 2019,accelerometer_icetag,,,,,
Données completes/Données accelerometres/Winter 2019/Icetag/IceTags_Data/1 day trip IceTags (per second)/Treatment/2019MAR29/3443_Tag20_29MAR2019_LB.csv,3443_Tag20_29MAR2019_LB.csv,.csv,winter 2019,accelerometer_icetag,,,,,
Données completes/Données accelerometres/Winter 2019/Icetag/IceTags_Data/1 day trip IceTags (per second)/Treatment/2019MAR29/5246_Tag92_29MAR2019.csv,5246_Tag92_29MAR2019.csv,.csv,winter 2019,accelerometer_icetag,,,,,
Données completes/Données accelerometres/Winter 2019/Icetag/IceTags_Data/1 day trip IceTags (per second)/Treatment/2019MAR29/5246_Tag92_29MAR2019_LB.csv,5246_Tag92_29MAR2019_LB.csv,.csv,winter 2019,accelerometer_icetag,,,,,
Données completes/Données accelerometres/Winter 2019/Icetag/IceTags_Data/1 day trip IceTags (per second)/Treatment/2019MAR29/5250_Tag91_29MAR2019.csv,5250_Tag91_29MAR2019.csv,.csv,winter 2019,accelerometer_icetag,,,,,
Données completes/Données accelerometres/Winter 2019/Icetag/IceTags_Data/1 day trip IceTags (per second)/Treatment/2019MAR29/5250_Tag91_29MAR2019_LB.csv,5250_Tag91_29MAR2019_LB.csv,.csv,winter 2019,accelerometer_icetag,,,,,
Données completes/Données accelerometres/Winter 2019/Icetag/IceTags_Data/1 day trip IceTags (per second)/Treatment/2019MAR29/8508_Tag97_29MAR2019.csv,8508_Tag97_29MAR2019.csv,.csv,winter 2019,accelerometer_icetag,,,,,
Données completes/Données accelerometres/Winter 2019/Icetag/IceTags_Data/1 day trip IceTags (per second)/Treatment/2019MAR29/8508_Tag97_29MAR2019_LB.csv,8508_Tag97_29MAR2019_LB.csv,.csv,winter 2019,accelerometer_icetag,,,,,
Données completes/Données accelerometres/Winter 2019/Icetag/IceTags_Data/1 day trip IceTags (per second)/Treatment/2019MAR29/8510_Tag26_29MAR2019.csv,8510_Tag26_29MAR2019.csv,.csv,winter 2019,accelerometer_icetag,,,,,
Données completes/Données accelerometres/Winter 2019/Icetag/IceTags_Data/1 day trip IceTags (per second)/Treatment/2019MAR29/8510_Tag26_29MAR2019_LB.csv,8510_Tag26_29MAR2019_LB.csv,.csv,winter 2019,accelerometer_icetag,,,,,
Données completes/Données accelerometres/Winter 2019/Icetag/IceTags_Data/1 week IceTags (per minute)/01FEB2019-08FEB2019/2047_Tag91_01FEB2019-0950_08FEB2019-1351.csv,2047_Tag91_01FEB2019-0950_08FEB2019-1351.csv,.csv,winter 2019,accelerometer_icetag,,,,,
Données completes/Données accelerometres/Winter 2019/Icetag/IceTags_Data/1 week IceTags (per minute)/01FEB2019-08FEB2019/2047_Tag91_01FEB2019-0950_08FEB2019-1351_LB.csv,2047_Tag91_01FEB2019-0950_08FEB2019-1351_LB.csv,.csv,winter 2019,accelerometer_icetag,,,,,
Données completes/Données accelerometres/Winter 2019/Icetag/IceTags_Data/1 week IceTags (per minute)/01FEB2019-08FEB2019/2056_Tag24_01FEB2019-0950_08FEB2019-1412.csv,2056_Tag24_01FEB2019-0950_08FEB2019-1412.csv,.csv,winter 2019,accelerometer_icetag,,,,,
Données completes/Données accelerometres/Winter 2019/Icetag/IceTags_Data/1 week IceTags (per minute)/01FEB2019-08FEB2019/2056_Tag24_01FEB2019-0950_08FEB2019-1412_LB.csv,2056_Tag24_01FEB2019-0950_08FEB2019-1412_LB.csv,.csv,winter 2019,accelerometer_icetag,,,,,
Données completes/Données accelerometres/Winter 2019/Icetag/IceTags_Data/1 week IceTags (per minute)/01FEB2019-08FEB2019/2063_Tag88_01FEB2019-0950_08FEB2019-1350.csv,2063_Tag88_01FEB2019-0950_08FEB2019-1350.csv,.csv,winter 2019,accelerometer_icetag,,,,,
Données completes/Données accelerometres/Winter 2019/Icetag/IceTags_Data/1 week IceTags (per minute)/01FEB2019-08FEB2019/2063_Tag88_01FEB2019-0950_08FEB2019-1350_LB.csv,2063_Tag88_01FEB2019-0950_08FEB2019-1350_LB.csv,.csv,winter 2019,accelerometer_icetag,,,,,
Données completes/Données accelerometres/Winter 2019/Icetag/IceTags_Data/1 week IceTags (per minute)/01FEB2019-08FEB2019/2069_Tag76_01FEB2019-0950_08FEB2019-1349.csv,2069_Tag76_01FEB2019-0950_08FEB2019-1349.csv,.csv,winter 2019,accelerometer_icetag,,,,,
Données completes/Données accelerometres/Winter 2019/Icetag/IceTags_Data/1 week IceTags (per minute)/01FEB2019-08FEB2019/2069_Tag76_01FEB2019-0950_08FEB2019-1349_LB.csv,2069_Tag76_01FEB2019-0950_08FEB2019-1349_LB.csv,.csv,winter 2019,accelerometer_icetag,,,,,
Données completes/Données accelerometres/Winter 2019/Icetag/IceTags_Data/1 week IceTags (per minute)/01FEB2019-08FEB2019/2081_Tag85_01FEB2019-0950_08FEB2019-1350.csv,2081_Tag85_01FEB2019-0950_08FEB2019-1350.csv,.csv,winter 2019,accelerometer_icetag,,,,,
Données completes/Données accelerometres/Winter 2019/Icetag/IceTags_Data/1 week IceTags (per minute)/01FEB2019-08FEB2019/2081_Tag85_01FEB2019-0950_08FEB2019-1350_LB.csv,2081_Tag85_01FEB2019-0950_08FEB2019-1350_LB.csv,.csv,winter 2019,accelerometer_icetag,,,,,
Données completes/Données accelerometres/Winter 2019/Icetag/IceTags_Data/1 week IceTags (per minute)/01FEB2019-08FEB2019/3437_Tag93_01FEB2019-1037_08FEB2019-1314.csv,3437_Tag93_01FEB2019-1037_08FEB2019-1314.csv,.csv,winter 2019,accelerometer_icetag,,,,,
Données completes/Données accelerometres/Winter 2019/Icetag/IceTags_Data/1 week IceTags (per minute)/01FEB2019-08FEB2019/3437_Tag93_01FEB2019-1037_08FEB2019-1314_LB.csv,3437_Tag93_01FEB2019-1037_08FEB2019-1314_LB.csv,.csv,winter 2019,accelerometer_icetag,,,,,
Données completes/Données accelerometres/Winter 2019/Icetag/IceTags_Data/1 week IceTags (per minute)/01FEB2019-08FEB2019/3443_Tag87_01FEB2019-1035_08FEB2019-1313.csv,3443_Tag87_01FEB2019-1035_08FEB2019-1313.csv,.csv,winter 2019,accelerometer_icetag,,,,,
Données completes/Données accelerometres/Winter 2019/Icetag/IceTags_Data/1 week IceTags (per minute)/01FEB2019-08FEB2019/3443_Tag87_01FEB2019-1035_08FEB2019-1313_LB.csv,3443_Tag87_01FEB2019-1035_08FEB2019-1313_LB.csv,.csv,winter 2019,accelerometer_icetag,,,,,
Données completes/Données accelerometres/Winter 2019/Icetag/IceTags_Data/1 week IceTags (per minute)/01FEB2019-08FEB2019/5221_Tag90_01FEB2019-0950_08FEB2019-1410.csv,5221_Tag90_01FEB2019-0950_08FEB2019-1410.csv,.csv,winter 2019,accelerometer_icetag,,,,,
Données completes/Données accelerometres/Winter 2019/Icetag/IceTags_Data/1 week IceTags (per minute)/01FEB2019-08FEB2019/5221_Tag90_01FEB2019-0950_08FEB2019-1410_LB.csv,5221_Tag90_01FEB2019-0950_08FEB2019-1410_LB.csv,.csv,winter 2019,accelerometer_icetag,,,,,
Données completes/Données accelerometres/Winter 2019/Icetag/IceTags_Data/1 week IceTags (per minute)/01FEB2019-08FEB2019/5246_Tag95_01FEB2019-0950_08FEB2019-1351.csv,5246_Tag95_01FEB2019-0950_08FEB2019-1351.csv,.csv,winter 2019,accelerometer_icetag,,,,,
Données completes/Données accelerometres/Winter 2019/Icetag/IceTags_Data/1 week IceTags (per minute)/01FEB2019-08FEB2019/5246_Tag95_01FEB2019-0950_08FEB2019-1351_LB.csv,5246_Tag95_01FEB2019-0950_08FEB2019-1351_LB.csv,.csv,winter 2019,accelerometer_icetag,,,,,
Données completes/Données accelerometres/Winter 2019/Icetag/IceTags_Data/1 week IceTags (per minute)/01FEB2019-08FEB2019/5250_Tag96_01FEB2019-1038_08FEB2019-1352.csv,5250_Tag96_01FEB2019-1038_08FEB2019-1352.csv,.csv,winter 2019,accelerometer_icetag,,,,,
Données completes/Données accelerometres/Winter 2019/Icetag/IceTags_Data/1 week IceTags (per minute)/01FEB2019-08FEB2019/5250_Tag96_01FEB2019-1038_08FEB2019-1352_LB.csv,5250_Tag96_01FEB2019-1038_08FEB2019-1352_LB.csv,.csv,winter 2019,accelerometer_icetag,,,,,
Données completes/Données accelerometres/Winter 2019/Icetag/IceTags_Data/1 week IceTags (per minute)/01FEB2019-08FEB2019/8500_Tag86_01FEB2019-1036_08FEB2019-1314.csv,8500_Tag86_01FEB2019-1036_08FEB2019-1314.csv,.csv,winter 2019,accelerometer_icetag,,,,,
Données completes/Données accelerometres/Winter 2019/Icetag/IceTags_Data/1 week IceTags (per minute)/01FEB2019-08FEB2019/8500_Tag86_01FEB2019-1036_08FEB2019-1314_LB.csv,8500_Tag86_01FEB2019-1036_08FEB2019-1314_LB.csv,.csv,winter 2019,accelerometer_icetag,,,,,
Données completes/Données accelerometres/Winter 2019/Icetag/IceTags_Data/1 week IceTags (per minute)/01FEB2019-08FEB2019/8505_Tag25_01FEB2019-1041_08FEB2019-1315.csv,8505_Tag25_01FEB2019-1041_08FEB2019-1315.csv,.csv,winter 2019,accelerometer_icetag,,,,,
Données completes/Données accelerometres/Winter 2019/Icetag/IceTags_Data/1 week IceTags (per minute)/01FEB2019-08FEB2019/8505_Tag25_01FEB2019-1041_08FEB2019-1315_LB.csv,8505_Tag25_01FEB2019-1041_08FEB2019-1315_LB.csv,.csv,winter 2019,accelerometer_icetag,,,,,
Données completes/Données accelerometres/Winter 2019/Icetag/IceTags_Data/1 week IceTags (per minute)/01FEB2019-08FEB2019/8506_Tag94_01FEB2019-1039_08FEB2019-1315.csv,8506_Tag94_01FEB2019-1039_08FEB2019-1315.csv,.csv,winter 2019,accelerometer_icetag,,,,,
Données completes/Données accelerometres/Winter 2019/Icetag/IceTags_Data/1 week IceTags (per minute)/01FEB2019-08FEB2019/8506_Tag94_01FEB2019-1039_08FEB2019-1315_LB.csv,8506_Tag94_01FEB2019-1039_08FEB2019-1315_LB.csv,.csv,winter 2019,accelerometer_icetag,,,,,
Données completes/Données accelerometres/Winter 2019/Icetag/IceTags_Data/1 week IceTags (per minute)/01FEB2019-08FEB2019/8508_Tag16_01FEB2019-1120_08FEB2019-1315.csv,8508_Tag16_01FEB2019-1120_08FEB2019-1315.csv,.csv,winter 2019,accelerometer_icetag,,,,,
Données completes/Données accelerometres/Winter 2019/Icetag/IceTags_Data/1 week IceTags (per minute)/01FEB2019-08FEB2019/8508_Tag16_01FEB2019-1120_08FEB2019-1315_LB.csv,8508_Tag16_01FEB2019-1120_08FEB2019-1315_LB.csv,.csv,winter 2019,accelerometer_icetag,,,,,
Données completes/Données accelerometres/Winter 2019/Icetag/IceTags_Data/1 week IceTags (per minute)/01FEB2019-08FEB2019/8510_Tag22_01FEB2019-TT_07FEB2019-1301.csv,8510_Tag22_01FEB2019-TT_07FEB2019-1301.csv,.csv,winter 2019,accelerometer_icetag,,,,,
Données completes/Données accelerometres/Winter 2019/Icetag/IceTags_Data/1 week IceTags (per minute)/01FEB2019-08FEB2019/8510_Tag22_01FEB2019-TT_07FEB2019-1301_LB.csv,8510_Tag22_01FEB2019-TT_07FEB2019-1301_LB.csv,.csv,winter 2019,accelerometer_icetag,,,,,
Données completes/Données accelerometres/Winter 2019/Icetag/IceTags_Data/1 week IceTags (per minute)/01FEB2019-08FEB2019/8510_Tag22_07FEB2019-1323_08FEB2019-1315.csv,8510_Tag22_07FEB2019-1323_08FEB2019-1315.csv,.csv,winter 2019,accelerometer_icetag,,,,,
Données completes/Données accelerometres/Winter 2019/Icetag/IceTags_Data/1 week IceTags (per minute)/01FEB2019-08FEB2019/8510_Tag22_07FEB2019-1323_08FEB2019-1315_LB.csv,8510_Tag22_07FEB2019-1323_08FEB2019-1315_LB.csv,.csv,winter 2019,accelerometer_icetag,,,,,
Données completes/Données accelerometres/Winter 2019/Icetag/IceTags_Data/1 week IceTags (per minute)/01FEB2019-08FEB2019/per minute/2047_Tag91_01FEB2019-0950_08FEB2019-1351.csv,2047_Tag91_01FEB2019-0950_08FEB2019-1351.csv,.csv,winter 2019,accelerometer_icetag,,,,,
Données completes/Données accelerometres/Winter 2019/Icetag/IceTags_Data/1 week IceTags (per minute)/01FEB2019-08FEB2019/per minute/2047_Tag91_01FEB2019-0950_08FEB2019-1351_LB.csv,2047_Tag91_01FEB2019-0950_08FEB2019-1351_LB.csv,.csv,winter 2019,accelerometer_icetag,,,,,
Données completes/Données accelerometres/Winter 2019/Icetag/IceTags_Data/1 week IceTags (per minute)/01FEB2019-08FEB2019/per minute/2056_Tag24_01FEB2019-0950_08FEB2019-1412.csv,2056_Tag24_01FEB2019-0950_08FEB2019-1412.csv,.csv,winter 2019,accelerometer_icetag,,,,,
Données completes/Données accelerometres/Winter 2019/Icetag/IceTags_Data/1 week IceTags (per minute)/01FEB2019-08FEB2019/per minute/2056_Tag24_01FEB2019-0950_08FEB2019-1412_LB.csv,2056_Tag24_01FEB2019-0950_08FEB2019-1412_LB.csv,.csv,winter 2019,accelerometer_icetag,,,,,
Données completes/Données accelerometres/Winter 2019/Icetag/IceTags_Data/1 week IceTags (per minute)/01FEB2019-08FEB2019/per minute/2063_Tag88_01FEB2019-0950_08FEB2019-1350.csv,2063_Tag88_01FEB2019-0950_08FEB2019-1350.csv,.csv,winter 2019,accelerometer_icetag,,,,,
Données completes/Données accelerometres/Winter 2019/Icetag/IceTags_Data/1 week IceTags (per minute)/01FEB2019-08FEB2019/per minute/2063_Tag88_01FEB2019-0950_08FEB2019-1350_LB.csv,2063_Tag88_01FEB2019-0950_08FEB2019-1350_LB.csv,.csv,winter 2019,accelerometer_icetag,,,,,
Données completes/Données accelerometres/Winter 2019/Icetag/IceTags_Data/1 week IceTags (per minute)/01FEB2019-08FEB2019/per minute/2069_Tag76_01FEB2019-0950_08FEB2019-1349.csv,2069_Tag76_01FEB2019-0950_08FEB2019-1349.csv,.csv,winter 2019,accelerometer_icetag,,,,,
Données completes/Données accelerometres/Winter 2019/Icetag/IceTags_Data/1 week IceTags (per minute)/01FEB2019-08FEB2019/per minute/2069_Tag76_01FEB2019-0950_08FEB2019-1349_LB.csv,2069_Tag76_01FEB2019-0950_08FEB2019-1349_LB.csv,.csv,winter 2019,accelerometer_icetag,,,,,
Données completes/Données accelerometres/Winter 2019/Icetag/IceTags_Data/1 week IceTags (per minute)/01FEB2019-08FEB2019/per minute/2081_Tag85_01FEB2019-0950_08FEB2019-1350.csv,2081_Tag85_01FEB2019-0950_08FEB2019-1350.csv,.csv,winter 2019,accelerometer_icetag,,,,,
Données completes/Données accelerometres/Winter 2019/Icetag/IceTags_Data/1 week IceTags (per minute)/01FEB2019-08FEB2019/per minute/2081_Tag85_01FEB2019-0950_08FEB2019-1350_LB.csv,2081_Tag85_01FEB2019-0950_08FEB2019-1350_LB.csv,.csv,winter 2019,accelerometer_icetag,,,,,
Données completes/Données accelerometres/Winter 2019/Icetag/IceTags_Data/1 week IceTags (per minute)/01FEB2019-08FEB2019/per minute/3437_Tag93_01FEB2019-1037_08FEB2019-1314.csv,3437_Tag93_01FEB2019-1037_08FEB2019-1314.csv,.csv,winter 2019,accelerometer_icetag,,,,,
Données completes/Données accelerometres/Winter 2019/Icetag/IceTags_Data/1 week IceTags (per minute)/01FEB2019-08FEB2019/per minute/3437_Tag93_01FEB2019-1037_08FEB2019-1314_LB.csv,3437_Tag93_01FEB2019-1037_08FEB2019-1314_LB.csv,.csv,winter 2019,accelerometer_icetag,,,,,
Données completes/Données accelerometres/Winter 2019/Icetag/IceTags_Data/1 week IceTags (per minute)/01FEB2019-08FEB2019/per minute/3443_Tag87_01FEB2019-1035_08FEB2019-1313.csv,3443_Tag87_01FEB2019-1035_08FEB2019-1313.csv,.csv,winter 2019,accelerometer_icetag,,,,,
Données completes/Données accelerometres/Winter 2019/Icetag/IceTags_Data/1 week IceTags (per minute)/01FEB2019-08FEB2019/per minute/3443_Tag87_01FEB2019-1035_08FEB2019-1313_LB.csv,3443_Tag87_01FEB2019-1035_08FEB2019-1313_LB.csv,.csv,winter 2019,accelerometer_icetag,,,,,
Données completes/Données accelerometres/Winter 2019/Icetag/IceTags_Data/1 week IceTags (per minute)/01FEB2019-08FEB2019/per minute/5221_Tag90_01FEB2019-0950_08FEB2019-1410.csv,5221_Tag90_01FEB2019-0950_08FEB2019-1410.csv,.csv,winter 2019,accelerometer_icetag,,,,,
Données completes/Données accelerometres/Winter 2019/Icetag/IceTags_Data/1 week IceTags (per minute)/01FEB2019-08FEB2019/per minute/5221_Tag90_01FEB2019-0950_08FEB2019-1410_LB.csv,5221_Tag90_01FEB2019-0950_08FEB2019-1410_LB.csv,.csv,winter 2019,accelerometer_icetag,,,,,
Données completes/Données accelerometres/Winter 2019/Icetag/IceTags_Data/1 week IceTags (per minute)/01FEB2019-08FEB2019/per minute/5246_Tag95_01FEB2019-0950_08FEB2019-1351.csv,5246_Tag95_01FEB2019-0950_08FEB2019-1351.csv,.csv,winter 2019,accelerometer_icetag,,,,,
Données completes/Données accelerometres/Winter 2019/Icetag/IceTags_Data/1 week IceTags (per minute)/01FEB2019-08FEB2019/per minute/5246_Tag95_01FEB2019-0950_08FEB2019-1351_LB.csv,5246_Tag95_01FEB2019-0950_08FEB2019-1351_LB.csv,.csv,winter 2019,accelerometer_icetag,,,,,
Données completes/Données accelerometres/Winter 2019/Icetag/IceTags_Data/1 week IceTags (per minute)/01FEB2019-08FEB2019/per minute/5250_Tag96_01FEB2019-1038_08FEB2019-1352.csv,5250_Tag96_01FEB2019-1038_08FEB2019-1352.csv,.csv,winter 2019,accelerometer_icetag,,,,,
Données completes/Données accelerometres/Winter 2019/Icetag/IceTags_Data/1 week IceTags (per minute)/01FEB2019-08FEB2019/per minute/5250_Tag96_01FEB2019-1038_08FEB2019-1352_LB.csv,5250_Tag96_01FEB2019-1038_08FEB2019-1352_LB.csv,.csv,winter 2019,accelerometer_icetag,,,,,
Données completes/Données accelerometres/Winter 2019/Icetag/IceTags_Data/1 week IceTags (per minute)/01FEB2019-08FEB2019/per minute/8500_Tag86_01FEB2019-1036_08FEB2019-1314.csv,8500_Tag86_01FEB2019-1036_08FEB2019-1314.csv,.csv,winter 2019,accelerometer_icetag,,,,,
Données completes/Données accelerometres/Winter 2019/Icetag/IceTags_Data/1 week IceTags (per minute)/01FEB2019-08FEB2019/per minute/8500_Tag86_01FEB2019-1036_08FEB2019-1314_LB.csv,8500_Tag86_01FEB2019-1036_08FEB2019-1314_LB.csv,.csv,winter 2019,accelerometer_icetag,,,,,
Données completes/Données accelerometres/Winter 2019/Icetag/IceTags_Data/1 week IceTags (per minute)/01FEB2019-08FEB2019/per minute/8505_Tag25_01FEB2019-1041_08FEB2019-1315.csv,8505_Tag25_01FEB2019-1041_08FEB2019-1315.csv,.csv,winter 2019,accelerometer_icetag,,,,,
Données completes/Données accelerometres/Winter 2019/Icetag/IceTags_Data/1 week IceTags (per minute)/01FEB2019-08FEB2019/per minute/8505_Tag25_01FEB2019-1041_08FEB2019-1315_LB.csv,8505_Tag25_01FEB2019-1041_08FEB2019-1315_LB.csv,.csv,winter 2019,accelerometer_icetag,,,,,
Données completes/Données accelerometres/Winter 2019/Icetag/IceTags_Data/1 week IceTags (per minute)/01FEB2019-08FEB2019/per minute/8506_Tag94_01FEB2019-1039_08FEB2019-1315.csv,8506_Tag94_01FEB2019-1039_08FEB2019-1315.csv,.csv,winter 2019,accelerometer_icetag,,,,,
Données completes/Données accelerometres/Winter 2019/Icetag/IceTags_Data/1 week IceTags (per minute)/01FEB2019-08FEB2019/per minute/8506_Tag94_01FEB2019-1039_08FEB2019-1315_LB.csv,8506_Tag94_01FEB2019-1039_08FEB2019-1315_LB.csv,.csv,winter 2019,accelerometer_icetag,,,,,
Données completes/Données accelerometres/Winter 2019/Icetag/IceTags_Data/1 week IceTags (per minute)/01FEB2019-08FEB2019/per minute/8508_Tag16_01FEB2019-1120_08FEB2019-1315.csv,8508_Tag16_01FEB2019-1120_08FEB2019-1315.csv,.csv,winter 2019,accelerometer_icetag,,,,,
Données completes/Données accelerometres/Winter 2019/Icetag/IceTags_Data/1 week IceTags (per minute)/01FEB2019-08FEB2019/per minute/8508_Tag16_01FEB2019-1120_08FEB2019-1315_LB.csv,8508_Tag16_01FEB2019-1120_08FEB2019-1315_LB.csv,.csv,winter 2019,accelerometer_icetag,,,,,
Données completes/Données accelerometres/Winter 2019/Icetag/IceTags_Data/1 week IceTags (per minute)/01FEB2019-08FEB2019/per minute/8510_Tag22_01FEB2019-TT_07FEB2019-1301.csv,8510_Tag22_01FEB2019-TT_07FEB2019-1301.csv,.csv,winter 2019,accelerometer_icetag,,,,,
Données completes/Données accelerometres/Winter 2019/Icetag/IceTags_Data/1 week IceTags (per minute)/01FEB2019-08FEB2019/per minute/8510_Tag22_01FEB2019-TT_07FEB2019-1301_LB.csv,8510_Tag22_01FEB2019-TT_07FEB2019-1301_LB.csv,.csv,winter 2019,accelerometer_icetag,,,,,
Données completes/Données accelerometres/Winter 2019/Icetag/IceTags_Data/1 week IceTags (per minute)/01FEB2019-08FEB2019/per minute/8510_Tag22_07FEB2019-1323_08FEB2019-1315.csv,8510_Tag22_07FEB2019-1323_08FEB2019-1315.csv,.csv,winter 2019,accelerometer_icetag,,,,,
Données completes/Données accelerometres/Winter 2019/Icetag/IceTags_Data/1 week IceTags (per minute)/01FEB2019-08FEB2019/per minute/8510_Tag22_07FEB2019-1323_08FEB2019-1315_LB.csv,8510_Tag22_07FEB2019-1323_08FEB2019-1315_LB.csv,.csv,winter 2019,accelerometer_icetag,,,,,
"Données completes/Données accelerometres/Winter 2019/Icetag/IceTags_Data/1 week IceTags (per minute)/01MAR2019-08MAR2019 (Careful! On excel sheet, reverse order between month and days)/2047_Tag93_01MAR2019-1349_08MAR2019-1400.csv",2047_Tag93_01MAR2019-1349_08MAR2019-1400.csv,.csv,winter 2019,accelerometer_icetag,,,,,
"Données completes/Données accelerometres/Winter 2019/Icetag/IceTags_Data/1 week IceTags (per minute)/01MAR2019-08MAR2019 (Careful! On excel sheet, reverse order between month and days)/2047_Tag93_01MAR2019-1349_08MAR2019-1400_LB.csv",2047_Tag93_01MAR2019-1349_08MAR2019-1400_LB.csv,.csv,winter 2019,accelerometer_icetag,,,,,
"Données completes/Données accelerometres/Winter 2019/Icetag/IceTags_Data/1 week IceTags (per minute)/01MAR2019-08MAR2019 (Careful! On excel sheet, reverse order between month and days)/2056_Tag20_01MAR2019-1412_08MAR2019-1443.csv",2056_Tag20_01MAR2019-1412_08MAR2019-1443.csv,.csv,winter 2019,accelerometer_icetag,,,,,
"Données completes/Données accelerometres/Winter 2019/Icetag/IceTags_Data/1 week IceTags (per minute)/01MAR2019-08MAR2019 (Careful! On excel sheet, reverse order between month and days)/2056_Tag20_01MAR2019-1412_08MAR2019-1443_LB.csv",2056_Tag20_01MAR2019-1412_08MAR2019-1443_LB.csv,.csv,winter 2019,accelerometer_icetag,,,,,
"Données completes/Données accelerometres/Winter 2019/Icetag/IceTags_Data/1 week IceTags (per minute)/01MAR2019-08MAR2019 (Careful! On excel sheet, reverse order between month and days)/2063_Tag16_01MAR2019-1351_08MAR2019-1401.csv",2063_Tag16_01MAR2019-1351_08MAR2019-1401.csv,.csv,winter 2019,accelerometer_icetag,,,,,
"Données completes/Données accelerometres/Winter 2019/Icetag/IceTags_Data/1 week IceTags (per minute)/01MAR2019-08MAR2019 (Careful! On excel sheet, reverse order between month and days)/2063_Tag16_01MAR2019-1351_08MAR2019-1401_LB.csv",2063_Tag16_01MAR2019-1351_08MAR2019-1401_LB.csv,.csv,winter 2019,accelerometer_icetag,,,,,
"Données completes/Données accelerometres/Winter 2019/Icetag/IceTags_Data/1 week IceTags (per minute)/01MAR2019-08MAR2019 (Careful! On excel sheet, reverse order between month and days)/2069_Tag25_01MAR2019-1356_08MAR2019-1402.csv",2069_Tag25_01MAR2019-1356_08MAR2019-1402.csv,.csv,winter 2019,accelerometer_icetag,,,,,
"Données completes/Données accelerometres/Winter 2019/Icetag/IceTags_Data/1 week IceTags (per minute)/01MAR2019-08MAR2019 (Careful! On excel sheet, reverse order between month and days)/2069_Tag25_01MAR2019-1356_08MAR2019-1402_LB.csv",2069_Tag25_01MAR2019-1356_08MAR2019-1402_LB.csv,.csv,winter 2019,accelerometer_icetag,,,,,
"Données completes/Données accelerometres/Winter 2019/Icetag/IceTags_Data/1 week IceTags (per minute)/01MAR2019-08MAR2019 (Careful! On excel sheet, reverse order between month and days)/2081_Tag22_01MAR2019-1350_08MAR2019-1401.csv",2081_Tag22_01MAR2019-1350_08MAR2019-1401.csv,.csv,winter 2019,accelerometer_icetag,,,,,
"Données completes/Données accelerometres/Winter 2019/Icetag/IceTags_Data/1 week IceTags (per minute)/01MAR2019-08MAR2019 (Careful! On excel sheet, reverse order between month and days)/2081_Tag22_01MAR2019-1350_08MAR2019-1401_LB.csv",2081_Tag22_01MAR2019-1350_08MAR2019-1401_LB.csv,.csv,winter 2019,accelerometer_icetag,,,,,
"Données completes/Données accelerometres/Winter 2019/Icetag/IceTags_Data/1 week IceTags (per minute)/01MAR2019-08MAR2019 (Careful! On excel sheet, reverse order between month and days)/3437_Tag88_01MAR2019-1301_08MAR2019-1302.csv",3437_Tag88_01MAR2019-1301_08MAR2019-1302.csv,.csv,winter 2019,accelerometer_icetag,,,,,
"Données completes/Données accelerometres/Winter 2019/Icetag/IceTags_Data/1 week IceTags (per minute)/01MAR2019-08MAR2019 (Careful! On excel sheet, reverse order between month and days)/3437_Tag88_01MAR2019-1301_08MAR2019-1302_LB.csv",3437_Tag88_01MAR2019-1301_08MAR2019-1302_LB.csv,.csv,winter 2019,accelerometer_icetag,,,,,
"Données completes/Données accelerometres/Winter 2019/Icetag/IceTags_Data/1 week IceTags (per minute)/01MAR2019-08MAR2019 (Careful! On excel sheet, reverse order between month and days)/3443_Tag85_01MAR2019-1303_08MAR2019-1305.csv",3443_Tag85_01MAR2019-1303_08MAR2019-1305.csv,.csv,winter 2019,accelerometer_icetag,,,,,
"Données completes/Données accelerometres/Winter 2019/Icetag/IceTags_Data/1 week IceTags (per minute)/01MAR2019-08MAR2019 (Careful! On excel sheet, reverse order between month and days)/3443_Tag85_01MAR2019-1303_08MAR2019-1305_LB.csv",3443_Tag85_01MAR2019-1303_08MAR2019-1305_LB.csv,.csv,winter 2019,accelerometer_icetag,,,,,
"Données completes/Données accelerometres/Winter 2019/Icetag/IceTags_Data/1 week IceTags (per minute)/01MAR2019-08MAR2019 (Careful! On excel sheet, reverse order between month and days)/5221_Tag94_01MAR2019-1348_08MAR2019-1359.csv",5221_Tag94_01MAR2019-1348_08MAR2019-1359.csv,.csv,winter 2019,accelerometer_icetag,,,,,
"Données completes/Données accelerometres/Winter 2019/Icetag/IceTags_Data/1 week IceTags (per minute)/01MAR2019-08MAR2019 (Careful! On excel sheet, reverse order between month and days)/5221_Tag94_01MAR2019-1348_08MAR2019-1359_LB.csv",5221_Tag94_01MAR2019-1348_08MAR2019-1359_LB.csv,.csv,winter 2019,accelerometer_icetag,,,,,
"Données completes/Données accelerometres/Winter 2019/Icetag/IceTags_Data/1 week IceTags (per minute)/01MAR2019-08MAR2019 (Careful! On excel sheet, reverse order between month and days)/5246_Tag91_01MAR2019-1350_08MAR2019-1400.csv",5246_Tag91_01MAR2019-1350_08MAR2019-1400.csv,.csv,winter 2019,accelerometer_icetag,,,,,
"Données completes/Données accelerometres/Winter 2019/Icetag/IceTags_Data/1 week IceTags (per minute)/01MAR2019-08MAR2019 (Careful! On excel sheet, reverse order between month and days)/5246_Tag91_01MAR2019-1350_08MAR2019-1400_LB.csv",5246_Tag91_01MAR2019-1350_08MAR2019-1400_LB.csv,.csv,winter 2019,accelerometer_icetag,,,,,
"Données completes/Données accelerometres/Winter 2019/Icetag/IceTags_Data/1 week IceTags (per minute)/01MAR2019-08MAR2019 (Careful! On excel sheet, reverse order between month and days)/5250_Tag86_01MAR2019-1347_08MAR2019-1358.csv",5250_Tag86_01MAR2019-1347_08MAR2019-1358.csv,.csv,winter 2019,accelerometer_icetag,,,,,
"Données completes/Données accelerometres/Winter 2019/Icetag/IceTags_Data/1 week IceTags (per minute)/01MAR2019-08MAR2019 (Careful! On excel sheet, reverse order between month and days)/5250_Tag86_01MAR2019-1347_08MAR2019-1358_LB.csv",5250_Tag86_01MAR2019-1347_08MAR2019-1358_LB.csv,.csv,winter 2019,accelerometer_icetag,,,,,
"Données completes/Données accelerometres/Winter 2019/Icetag/IceTags_Data/1 week IceTags (per minute)/01MAR2019-08MAR2019 (Careful! On excel sheet, reverse order between month and days)/8500_Tag95_01MAR2019-1302_08MAR2019-1305.csv",8500_Tag95_01MAR2019-1302_08MAR2019-1305.csv,.csv,winter 2019,accelerometer_icetag,,,,,
"Données completes/Données accelerometres/Winter 2019/Icetag/IceTags_Data/1 week IceTags (per minute)/01MAR2019-08MAR2019 (Careful! On excel sheet, reverse order between month and days)/8500_Tag95_01MAR2019-1302_08MAR2019-1305_LB.csv",8500_Tag95_01MAR2019-1302_08MAR2019-1305_LB.csv,.csv,winter 2019,accelerometer_icetag,,,,,
"Données completes/Données accelerometres/Winter 2019/Icetag/IceTags_Data/1 week IceTags (per minute)/01MAR2019-08MAR2019 (Careful! On excel sheet, reverse order between month and days)/8505_Tag87_01MAR2019-1300_08MAR2019-1300.csv",8505_Tag87_01MAR2019-1300_08MAR2019-1300.csv,.csv,winter 2019,accelerometer_icetag,,,,,
"Données completes/Données accelerometres/Winter 2019/Icetag/IceTags_Data/1 week IceTags (per minute)/01MAR2019-08MAR2019 (Careful! On excel sheet, reverse order between month and days)/8505_Tag87_01MAR2019-1300_08MAR2019-1300_LB.csv",8505_Tag87_01MAR2019-1300_08MAR2019-1300_LB.csv,.csv,winter 2019,accelerometer_icetag,,,,,
"Données completes/Données accelerometres/Winter 2019/Icetag/IceTags_Data/1 week IceTags (per minute)/01MAR2019-08MAR2019 (Careful! On excel sheet, reverse order between month and days)/8506_Tag96_01MAR2019-1300_08MAR2019-1301.csv",8506_Tag96_01MAR2019-1300_08MAR2019-1301.csv,.csv,winter 2019,accelerometer_icetag,,,,,
"Données completes/Données accelerometres/Winter 2019/Icetag/IceTags_Data/1 week IceTags (per minute)/01MAR2019-08MAR2019 (Careful! On excel sheet, reverse order between month and days)/8506_Tag96_01MAR2019-1300_08MAR2019-1301_LB.csv",8506_Tag96_01MAR2019-1300_08MAR2019-1301_LB.csv,.csv,winter 2019,accelerometer_icetag,,,,,
"Données completes/Données accelerometres/Winter 2019/Icetag/IceTags_Data/1 week IceTags (per minute)/01MAR2019-08MAR2019 (Careful! On excel sheet, reverse order between month and days)/8508_Tag76_01MAR2019-1300_08MAR2019-1300.csv",8508_Tag76_01MAR2019-1300_08MAR2019-1300.csv,.csv,winter 2019,accelerometer_icetag,,,,,
"Données completes/Données accelerometres/Winter 2019/Icetag/IceTags_Data/1 week IceTags (per minute)/01MAR2019-08MAR2019 (Careful! On excel sheet, reverse order between month and days)/8508_Tag76_01MAR2019-1300_08MAR2019-1300_LB.csv",8508_Tag76_01MAR2019-1300_08MAR2019-1300_LB.csv,.csv,winter 2019,accelerometer_icetag,,,,,
"Données completes/Données accelerometres/Winter 2019/Icetag/IceTags_Data/1 week IceTags (per minute)/01MAR2019-08MAR2019 (Careful! On excel sheet, reverse order between month and days)/8510_Tag90_01MAR2019-1301_08MAR2019-1301.csv",8510_Tag90_01MAR2019-1301_08MAR2019-1301.csv,.csv,winter 2019,accelerometer_icetag,,,,,
"Données completes/Données accelerometres/Winter 2019/Icetag/IceTags_Data/1 week IceTags (per minute)/01MAR2019-08MAR2019 (Careful! On excel sheet, reverse order between month and days)/8510_Tag90_01MAR2019-1301_08MAR2019-1301_LB.csv",8510_Tag90_01MAR2019-1301_08MAR2019-1301_LB.csv,.csv,winter 2019,accelerometer_icetag,,,,,
Données completes/Données accelerometres/Winter 2019/Icetag/IceTags_Data/1 week IceTags (per minute)/05APR2019-12APR2019/2056_Tag85_05APR2019-1411_12APR2019-1201.csv,2056_Tag85_05APR2019-1411_12APR2019-1201.csv,.csv,winter 2019,accelerometer_icetag,,,,,
Données completes/Données accelerometres/Winter 2019/Icetag/IceTags_Data/1 week IceTags (per minute)/05APR2019-12APR2019/2056_Tag85_05APR2019-1411_12APR2019-1201_LB.csv,2056_Tag85_05APR2019-1411_12APR2019-1201_LB.csv,.csv,winter 2019,accelerometer_icetag,,,,,
Données completes/Données accelerometres/Winter 2019/Icetag/IceTags_Data/1 week IceTags (per minute)/05APR2019-12APR2019/2063_Tag25_05APR2019-1333_12APR2019-1144.csv,2063_Tag25_05APR2019-1333_12APR2019-1144.csv,.csv,winter 2019,accelerometer_icetag,,,,,
Données completes/Données accelerometres/Winter 2019/Icetag/IceTags_Data/1 week IceTags (per minute)/05APR2019-12APR2019/2063_Tag25_05APR2019-1333_12APR2019-1144_LB.csv,2063_Tag25_05APR2019-1333_12APR2019-1144_LB.csv,.csv,winter 2019,accelerometer_icetag,,,,,
Données completes/Données accelerometres/Winter 2019/Icetag/IceTags_Data/1 week IceTags (per minute)/05APR2019-12APR2019/2069_Tag16_05APR2019-1333_12APR2019-1145.csv,2069_Tag16_05APR2019-1333_12APR2019-1145.csv,.csv,winter 2019,accelerometer_icetag,,,,,
Données completes/Données accelerometres/Winter 2019/Icetag/IceTags_Data/1 week IceTags (per minute)/05APR2019-12APR2019/2069_Tag16_05APR2019-1333_12APR2019-1145_LB.csv,2069_Tag16_05APR2019-1333_12APR2019-1145_LB.csv,.csv,winter 2019,accelerometer_icetag,,,,,
Données completes/Données accelerometres/Winter 2019/Icetag/IceTags_Data/1 week IceTags (per minute)/05APR2019-12APR2019/2081_Tag24_05APR2019-1332_12APR2019-1144.csv,2081_Tag24_05APR2019-1332_12APR2019-1144.csv,.csv,winter 2019,accelerometer_icetag,,,,,
Données completes/Données accelerometres/Winter 2019/Icetag/IceTags_Data/1 week IceTags (per minute)/05APR2019-12APR2019/2081_Tag24_05APR2019-1332_12APR2019-1144_LB.csv,2081_Tag24_05APR2019-1332_12APR2019-1144_LB.csv,.csv,winter 2019,accelerometer_icetag,,,,,
Données completes/Données accelerometres/Winter 2019/Icetag/IceTags_Data/1 week IceTags (per minute)/05APR2019-12APR2019/3437_Tag21_05APR2019-1305_12APR2019-1117.csv,3437_Tag21_05APR2019-1305_12APR2019-1117.csv,.csv,winter 2019,accelerometer_icetag,,,,,
Données completes/Données accelerometres/Winter 2019/Icetag/IceTags_Data/1 week IceTags (per minute)/05APR2019-12APR2019/3437_Tag21_05APR2019-1305_12APR2019-1117_LB.csv,3437_Tag21_05APR2019-1305_12APR2019-1117_LB.csv,.csv,winter 2019,accelerometer_icetag,,,,,
Données completes/Données accelerometres/Winter 2019/Icetag/IceTags_Data/1 week IceTags (per minute)/05APR2019-12APR2019/5221_Tag95_05APR2019-1331_12APR2019-1143.csv,5221_Tag95_05APR2019-1331_12APR2019-1143.csv,.csv,winter 2019,accelerometer_icetag,,,,,
Données completes/Données accelerometres/Winter 2019/Icetag/IceTags_Data/1 week IceTags (per minute)/05APR2019-12APR2019/5221_Tag95_05APR2019-1331_12APR2019-1143_LB.csv,5221_Tag95_05APR2019-1331_12APR2019-1143_LB.csv,.csv,winter 2019,accelerometer_icetag,,,,,
Données completes/Données accelerometres/Winter 2019/Icetag/IceTags_Data/1 week IceTags (per minute)/05APR2019-12APR2019/5246_Tag89_05APR2019-1303_12APR2019-1143.csv,5246_Tag89_05APR2019-1303_12APR2019-1143.csv,.csv,winter 2019,accelerometer_icetag,,,,,
Données completes/Données accelerometres/Winter 2019/Icetag/IceTags_Data/1 week IceTags (per minute)/05APR2019-12APR2019/5246_Tag89_05APR2019-1303_12APR2019-1143_LB.csv,5246_Tag89_05APR2019-1303_12APR2019-1143_LB.csv,.csv,winter 2019,accelerometer_icetag,,,,,
Données completes/Données accelerometres/Winter 2019/Icetag/IceTags_Data/1 week IceTags (per minute)/05APR2019-12APR2019/5250_Tag94_05APR2019-1331_12APR2019-1142.csv,5250_Tag94_05APR2019-1331_12APR2019-1142.csv,.csv,winter 2019,accelerometer_icetag,,,,,
Données completes/Données accelerometres/Winter 2019/Icetag/IceTags_Data/1 week IceTags (per minute)/05APR2019-12APR2019/5250_Tag94_05APR2019-1331_12APR2019-1142_LB.csv,5250_Tag94_05APR2019-1331_12APR2019-1142_LB.csv,.csv,winter 2019,accelerometer_icetag,,,,,
Données completes/Données accelerometres/Winter 2019/Icetag/IceTags_Data/1 week IceTags (per minute)/05APR2019-12APR2019/8500_Tag90_05APR2019-1329_12APR2019-1118.csv,8500_Tag90_05APR2019-1329_12APR2019-1118.csv,.csv,winter 2019,accelerometer_icetag,,,,,
Données completes/Données accelerometres/Winter 2019/Icetag/IceTags_Data/1 week IceTags (per minute)/05APR2019-12APR2019/8500_Tag90_05APR2019-1329_12APR2019-1118_LB.csv,8500_Tag90_05APR2019-1329_12APR2019-1118_LB.csv,.csv,winter 2019,accelerometer_icetag,,,,,
Données completes/Données accelerometres/Winter 2019/Icetag/IceTags_Data/1 week IceTags (per minute)/05APR2019-12APR2019/8502_Tag87_05APR2019-1306_12APR2019-1117.csv,8502_Tag87_05APR2019-1306_12APR2019-1117.csv,.csv,winter 2019,accelerometer_icetag,,,,,
Données completes/Données accelerometres/Winter 2019/Icetag/IceTags_Data/1 week IceTags (per minute)/05APR2019-12APR2019/8502_Tag87_05APR2019-1306_12APR2019-1117_LB.csv,8502_Tag87_05APR2019-1306_12APR2019-1117_LB.csv,.csv,winter 2019,accelerometer_icetag,,,,,
Données completes/Données accelerometres/Winter 2019/Icetag/IceTags_Data/1 week IceTags (per minute)/05APR2019-12APR2019/8505_Tag92_05APR2019-1304_12APR2019-1114.csv,8505_Tag92_05APR2019-1304_12APR2019-1114.csv,.csv,winter 2019,accelerometer_icetag,,,,,
Données completes/Données accelerometres/Winter 2019/Icetag/IceTags_Data/1 week IceTags (per minute)/05APR2019-12APR2019/8505_Tag92_05APR2019-1304_12APR2019-1114_LB.csv,8505_Tag92_05APR2019-1304_12APR2019-1114_LB.csv,.csv,winter 2019,accelerometer_icetag,,,,,
Données completes/Données accelerometres/Winter 2019/Icetag/IceTags_Data/1 week IceTags (per minute)/05APR2019-12APR2019/8506_Tag86_05APR2019-1304_12APR2019-1115.csv,8506_Tag86_05APR2019-1304_12APR2019-1115.csv,.csv,winter 2019,accelerometer_icetag,,,,,
Données completes/Données accelerometres/Winter 2019/Icetag/IceTags_Data/1 week IceTags (per minute)/05APR2019-12APR2019/8506_Tag86_05APR2019-1304_12APR2019-1115_LB.csv,8506_Tag86_05APR2019-1304_12APR2019-1115_LB.csv,.csv,winter 2019,accelerometer_icetag,,,,,
Données completes/Données accelerometres/Winter 2019/Icetag/IceTags_Data/1 week IceTags (per minute)/05APR2019-12APR2019/8508_Tag20_05APR2019-1259_12APR2019-1113.csv,8508_Tag20_05APR2019-1259_12APR2019-1113.csv,.csv,winter 2019,accelerometer_icetag,,,,,
Données completes/Données accelerometres/Winter 2019/Icetag/IceTags_Data/1 week IceTags (per minute)/05APR2019-12APR2019/8508_Tag20_05APR2019-1259_12APR2019-1113_LB.csv,8508_Tag20_05APR2019-1259_12APR2019-1113_LB.csv,.csv,winter 2019,accelerometer_icetag,,,,,
Données completes/Données accelerometres/Winter 2019/Icetag/IceTags_Data/1 week IceTags (per minute)/05APR2019-12APR2019/8510_Tag91_05APR2019-1302_12APR2019-1116.csv,8510_Tag91_05APR2019-1302_12APR2019-1116.csv,.csv,winter 2019,accelerometer_icetag,,,,,
Données completes/Données accelerometres/Winter 2019/Icetag/IceTags_Data/1 week IceTags (per minute)/05APR2019-12APR2019/8510_Tag91_05APR2019-1302_12APR2019-1116_LB.csv,8510_Tag91_05APR2019-1302_12APR2019-1116_LB.csv,.csv,winter 2019,accelerometer_icetag,,,,,
Données completes/Données accelerometres/Winter 2019/Icetag/IceTags_Data/1 week IceTags (per minute)/08FEB2019-15FEB2019/2047_Tag94_08FEB2019-1345_15FEB2019-1502.csv,2047_Tag94_08FEB2019-1345_15FEB2019-1502.csv,.csv,winter 2019,accelerometer_icetag,,,,,
Données completes/Données accelerometres/Winter 2019/Icetag/IceTags_Data/1 week IceTags (per minute)/08FEB2019-15FEB2019/2047_Tag94_08FEB2019-1345_15FEB2019-1502_LB.csv,2047_Tag94_08FEB2019-1345_15FEB2019-1502_LB.csv,.csv,winter 2019,accelerometer_icetag,,,,,
Données completes/Données accelerometres/Winter 2019/Icetag/IceTags_Data/1 week IceTags (per minute)/08FEB2019-15FEB2019/2056_Tag91_08FEB2019-1411_15FEB2019-1523.csv,2056_Tag91_08FEB2019-1411_15FEB2019-1523.csv,.csv,winter 2019,accelerometer_icetag,,,,,
Données completes/Données accelerometres/Winter 2019/Icetag/IceTags_Data/1 week IceTags (per minute)/08FEB2019-15FEB2019/2056_Tag91_08FEB2019-1411_15FEB2019-1523_LB.csv,2056_Tag91_08FEB2019-1411_15FEB2019-1523_LB.csv,.csv,winter 2019,accelerometer_icetag,,,,,
Données completes/Données accelerometres/Winter 2019/Icetag/IceTags_Data/1 week IceTags (per minute)/08FEB2019-15FEB2019/2063_Tag22_08FEB2019-1347_15FEB2019-1504.csv,2063_Tag22_08FEB2019-1347_15FEB2019-1504.csv,.csv,winter 2019,accelerometer_icetag,,,,,
Données completes/Données accelerometres/Winter 2019/Icetag/IceTags_Data/1 week IceTags (per minute)/08FEB2019-15FEB2019/2063_Tag22_08FEB2019-1347_15FEB2019-1504_LB.csv,2063_Tag22_08FEB2019-1347_15FEB2019-1504_LB.csv,.csv,winter 2019,accelerometer_icetag,,,,,
Données completes/Données accelerometres/Winter 2019/Icetag/IceTags_Data/1 week IceTags (per minute)/08FEB2019-15FEB2019/2069_Tag25_08FEB2019-1347_15FEB2019-1505.csv,2069_Tag25_08FEB2019-1347_15FEB2019-1505.csv,.csv,winter 2019,accelerometer_icetag,,,,,
Données completes/Données accelerometres/Winter 2019/Icetag/IceTags_Data/1 week IceTags (per minute)/08FEB2019-15FEB2019/2069_Tag25_08FEB2019-1347_15FEB2019-1505_LB.csv,2069_Tag25_08FEB2019-1347_15FEB2019-1505_LB.csv,.csv,winter 2019,accelerometer_icetag,,,,,
Données completes/Données accelerometres/Winter 2019/Icetag/IceTags_Data/1 week IceTags (per minute)/08FEB2019-15FEB2019/2081_Tag86_14FEB2019-1347_15FEB2019-1503.csv,2081_Tag86_14FEB2019-1347_15FEB2019-1503.csv,.csv,winter 2019,accelerometer_icetag,,,,,
Données completes/Données accelerometres/Winter 2019/Icetag/IceTags_Data/1 week IceTags (per minute)/08FEB2019-15FEB2019/2081_Tag86_14FEB2019-1347_15FEB2019-1503_LB.csv,2081_Tag86_14FEB2019-1347_15FEB2019-1503_LB.csv,.csv,winter 2019,accelerometer_icetag,,,,,
Données completes/Données accelerometres/Winter 2019/Icetag/IceTags_Data/1 week IceTags (per minute)/08FEB2019-15FEB2019/2081_Tag86__08FEB2019-14FEB2019.csv,2081_Tag86__08FEB2019-14FEB2019.csv,.csv,winter 2019,accelerometer_icetag,,,,,
Données completes/Données accelerometres/Winter 2019/Icetag/IceTags_Data/1 week IceTags (per minute)/08FEB2019-15FEB2019/2081_Tag86__08FEB2019-14FEB2019_LB.csv,2081_Tag86__08FEB2019-14FEB2019_LB.csv,.csv,winter 2019,accelerometer_icetag,,,,,
Données completes/Données accelerometres/Winter 2019/Icetag/IceTags_Data/1 week IceTags (per minute)/08FEB2019-15FEB2019/3437_Tag20_08FEB2019-1310_15FEB2019-1342.csv,3437_Tag20_08FEB2019-1310_15FEB2019-1342.csv,.csv,winter 2019,accelerometer_icetag,,,,,
Données completes/Données accelerometres/Winter 2019/Icetag/IceTags_Data/1 week IceTags (per minute)/08FEB2019-15FEB2019/3437_Tag20_08FEB2019-1310_15FEB2019-1342_LB.csv,3437_Tag20_08FEB2019-1310_15FEB2019-1342_LB.csv,.csv,winter 2019,accelerometer_icetag,,,,,
Données completes/Données accelerometres/Winter 2019/Icetag/IceTags_Data/1 week IceTags (per minute)/08FEB2019-15FEB2019/3437_Tag24_15FEB2019-1335_15FEB2019-1451.csv,3437_Tag24_15FEB2019-1335_15FEB2019-1451.csv,.csv,winter 2019,accelerometer_icetag,,,,,
Données completes/Données accelerometres/Winter 2019/Icetag/IceTags_Data/1 week IceTags (per minute)/08FEB2019-15FEB2019/3437_Tag24_15FEB2019-1335_15FEB2019-1451_LB.csv,3437_Tag24_15FEB2019-1335_15FEB2019-1451_LB.csv,.csv,winter 2019,accelerometer_icetag,,,,,
Données completes/Données accelerometres/Winter 2019/Icetag/IceTags_Data/1 week IceTags (per minute)/08FEB2019-15FEB2019/3443_Tag26_08FEB2019-1312_15FEB2019-1343.csv,3443_Tag26_08FEB2019-1312_15FEB2019-1343.csv,.csv,winter 2019,accelerometer_icetag,,,,,
Données completes/Données accelerometres/Winter 2019/Icetag/IceTags_Data/1 week IceTags (per minute)/08FEB2019-15FEB2019/3443_Tag26_08FEB2019-1312_15FEB2019-1343_LB.csv,3443_Tag26_08FEB2019-1312_15FEB2019-1343_LB.csv,.csv,winter 2019,accelerometer_icetag,,,,,
Données completes/Données accelerometres/Winter 2019/Icetag/IceTags_Data/1 week IceTags (per minute)/08FEB2019-15FEB2019/3443_Tag96_15FEB2019-1337_15FEB2019-1452.csv,3443_Tag96_15FEB2019-1337_15FEB2019-1452.csv,.csv,winter 2019,accelerometer_icetag,,,,,
Données completes/Données accelerometres/Winter 2019/Icetag/IceTags_Data/1 week IceTags (per minute)/08FEB2019-15FEB2019/3443_Tag96_15FEB2019-1337_15FEB2019-1452_LB.csv,3443_Tag96_15FEB2019-1337_15FEB2019-1452_LB.csv,.csv,winter 2019,accelerometer_icetag,,,,,
Données completes/Données accelerometres/Winter 2019/Icetag/IceTags_Data/1 week IceTags (per minute)/08FEB2019-15FEB2019/5221_Tag93_08FEB2019-1409_15FEB2019-1502.csv,5221_Tag93_08FEB2019-1409_15FEB2019-1502.csv,.csv,winter 2019,accelerometer_icetag,,,,,
Données completes/Données accelerometres/Winter 2019/Icetag/IceTags_Data/1 week IceTags (per minute)/08FEB2019-15FEB2019/5221_Tag93_08FEB2019-1409_15FEB2019-1502_LB.csv,5221_Tag93_08FEB2019-1409_15FEB2019-1502_LB.csv,.csv,winter 2019,accelerometer_icetag,,,,,
Données completes/Données accelerometres/Winter 2019/Icetag/IceTags_Data/1 week IceTags (per minute)/08FEB2019-15FEB2019/5246_Tag16_08FEB2019-1346_15FEB2019-1503.csv,5246_Tag16_08FEB2019-1346_15FEB2019-1503.csv,.csv,winter 2019,accelerometer_icetag,,,,,
Données completes/Données accelerometres/Winter 2019/Icetag/IceTags_Data/1 week IceTags (per minute)/08FEB2019-15FEB2019/5246_Tag16_08FEB2019-1346_15FEB2019-1503_LB.csv,5246_Tag16_08FEB2019-1346_15FEB2019-1503_LB.csv,.csv,winter 2019,accelerometer_icetag,,,,,
Données completes/Données accelerometres/Winter 2019/Icetag/IceTags_Data/1 week IceTags (per minute)/08FEB2019-15FEB2019/5250_Tag87_08FEB2019-1345_15FEB2019-1501.csv,5250_Tag87_08FEB2019-1345_15FEB2019-1501.csv,.csv,winter 2019,accelerometer_icetag,,,,,
Données completes/Données accelerometres/Winter 2019/Icetag/IceTags_Data/1 week IceTags (per minute)/08FEB2019-15FEB2019/5250_Tag87_08FEB2019-1345_15FEB2019-1501_LB.csv,5250_Tag87_08FEB2019-1345_15FEB2019-1501_LB.csv,.csv,winter 2019,accelerometer_icetag,,,,,
Données completes/Données accelerometres/Winter 2019/Icetag/IceTags_Data/1 week IceTags (per minute)/08FEB2019-15FEB2019/8500_Tag21_08FEB2019-1311_15FEB2019-1342.csv,8500_Tag21_08FEB2019-1311_15FEB2019-1342.csv,.csv,winter 2019,accelerometer_icetag,,,,,
Données completes/Données accelerometres/Winter 2019/Icetag/IceTags_Data/1 week IceTags (per minute)/08FEB2019-15FEB2019/8500_Tag21_08FEB2019-1311_15FEB2019-1342_LB.csv,8500_Tag21_08FEB2019-1311_15FEB2019-1342_LB.csv,.csv,winter 2019,accelerometer_icetag,,,,,
Données completes/Données accelerometres/Winter 2019/Icetag/IceTags_Data/1 week IceTags (per minute)/08FEB2019-15FEB2019/8500_Tag76_15FEB2019-1337_15FEB2019-1451.csv,8500_Tag76_15FEB2019-1337_15FEB2019-1451.csv,.csv,winter 2019,accelerometer_icetag,,,,,
Données completes/Données accelerometres/Winter 2019/Icetag/IceTags_Data/1 week IceTags (per minute)/08FEB2019-15FEB2019/8500_Tag76_15FEB2019-1337_15FEB2019-1451_LB.csv,8500_Tag76_15FEB2019-1337_15FEB2019-1451_LB.csv,.csv,winter 2019,accelerometer_icetag,,,,,
Données completes/Données accelerometres/Winter 2019/Icetag/IceTags_Data/1 week IceTags (per minute)/08FEB2019-15FEB2019/8505_Tag18_08FEB2019-1307_15FEB2019-1339.csv,8505_Tag18_08FEB2019-1307_15FEB2019-1339.csv,.csv,winter 2019,accelerometer_icetag,,,,,
Données completes/Données accelerometres/Winter 2019/Icetag/IceTags_Data/1 week IceTags (per minute)/08FEB2019-15FEB2019/8505_Tag18_08FEB2019-1307_15FEB2019-1339_LB.csv,8505_Tag18_08FEB2019-1307_15FEB2019-1339_LB.csv,.csv,winter 2019,accelerometer_icetag,,,,,
Données completes/Données accelerometres/Winter 2019/Icetag/IceTags_Data/1 week IceTags (per minute)/08FEB2019-15FEB2019/8505_Tag88_15FEB2019-1333_15FEB2019-1449.csv,8505_Tag88_15FEB2019-1333_15FEB2019-1449.csv,.csv,winter 2019,accelerometer_icetag,,,,,
Données completes/Données accelerometres/Winter 2019/Icetag/IceTags_Data/1 week IceTags (per minute)/08FEB2019-15FEB2019/8505_Tag88_15FEB2019-1333_15FEB2019-1449_LB.csv,8505_Tag88_15FEB2019-1333_15FEB2019-1449_LB.csv,.csv,winter 2019,accelerometer_icetag,,,,,
Données completes/Données accelerometres/Winter 2019/Icetag/IceTags_Data/1 week IceTags (per minute)/08FEB2019-15FEB2019/8506_Tag92_08FEB2019-1309_15FEB2019-1340.csv,8506_Tag92_08FEB2019-1309_15FEB2019-1340.csv,.csv,winter 2019,accelerometer_icetag,,,,,
Données completes/Données accelerometres/Winter 2019/Icetag/IceTags_Data/1 week IceTags (per minute)/08FEB2019-15FEB2019/8506_Tag92_08FEB2019-1309_15FEB2019-1340_LB.csv,8506_Tag92_08FEB2019-1309_15FEB2019-1340_LB.csv,.csv,winter 2019,accelerometer_icetag,,,,,
Données completes/Données accelerometres/Winter 2019/Icetag/IceTags_Data/1 week IceTags (per minute)/08FEB2019-15FEB2019/8506_Tag95_15FEB2019-1333_15FEB2019-1449.csv,8506_Tag95_15FEB2019-1333_15FEB2019-1449.csv,.csv,winter 2019,accelerometer_icetag,,,,,
Données completes/Données accelerometres/Winter 2019/Icetag/IceTags_Data/1 week IceTags (per minute)/08FEB2019-15FEB2019/8506_Tag95_15FEB2019-1333_15FEB2019-1449_LB.csv,8506_Tag95_15FEB2019-1333_15FEB2019-1449_LB.csv,.csv,winter 2019,accelerometer_icetag,,,,,
Données completes/Données accelerometres/Winter 2019/Icetag/IceTags_Data/1 week IceTags (per minute)/08FEB2019-15FEB2019/8508_Tag90_15FEB2019-1332_15FEB2019-1449.csv,8508_Tag90_15FEB2019-1332_15FEB2019-1449.csv,.csv,winter 2019,accelerometer_icetag,,,,,
Données completes/Données accelerometres/Winter 2019/Icetag/IceTags_Data/1 week IceTags (per minute)/08FEB2019-15FEB2019/8508_Tag90_15FEB2019-1332_15FEB2019-1449_LB.csv,8508_Tag90_15FEB2019-1332_15FEB2019-1449_LB.csv,.csv,winter 2019,accelerometer_icetag,,,,,
Données completes/Données accelerometres/Winter 2019/Icetag/IceTags_Data/1 week IceTags (per minute)/08FEB2019-15FEB2019/8508_Tag_08FEB2019-1308_15FEB2019-1338.csv,8508_Tag_08FEB2019-1308_15FEB2019-1338.csv,.csv,winter 2019,accelerometer_icetag,,,,,
Données completes/Données accelerometres/Winter 2019/Icetag/IceTags_Data/1 week IceTags (per minute)/08FEB2019-15FEB2019/8508_Tag_08FEB2019-1308_15FEB2019-1338_LB.csv,8508_Tag_08FEB2019-1308_15FEB2019-1338_LB.csv,.csv,winter 2019,accelerometer_icetag,,,,,
Données completes/Données accelerometres/Winter 2019/Icetag/IceTags_Data/1 week IceTags (per minute)/08FEB2019-15FEB2019/8510_Tag85_15FEB2019-1334_15FEB2019-1450.csv,8510_Tag85_15FEB2019-1334_15FEB2019-1450.csv,.csv,winter 2019,accelerometer_icetag,,,,,
Données completes/Données accelerometres/Winter 2019/Icetag/IceTags_Data/1 week IceTags (per minute)/08FEB2019-15FEB2019/8510_Tag85_15FEB2019-1334_15FEB2019-1450_LB.csv,8510_Tag85_15FEB2019-1334_15FEB2019-1450_LB.csv,.csv,winter 2019,accelerometer_icetag,,,,,
Données completes/Données accelerometres/Winter 2019/Icetag/IceTags_Data/1 week IceTags (per minute)/08FEB2019-15FEB2019/8510_Tag89_08FEB2019-1309_15FEB2019-1341.csv,8510_Tag89_08FEB2019-1309_15FEB2019-1341.csv,.csv,winter 2019,accelerometer_icetag,,,,,
Données completes/Données accelerometres/Winter 2019/Icetag/IceTags_Data/1 week IceTags (per minute)/08FEB2019-15FEB2019/8510_Tag89_08FEB2019-1309_15FEB2019-1341_LB.csv,8510_Tag89_08FEB2019-1309_15FEB2019-1341_LB.csv,.csv,winter 2019,accelerometer_icetag,,,,,
Données completes/Données accelerometres/Winter 2019/Icetag/IceTags_Data/1 week IceTags (per minute)/08MAR2019-15MAR2019/2047_Tag76_08MAR2019-1355_15MAR2019-1450.csv,2047_Tag76_08MAR2019-1355_15MAR2019-1450.csv,.csv,winter 2019,accelerometer_icetag,,,,,
Données completes/Données accelerometres/Winter 2019/Icetag/IceTags_Data/1 week IceTags (per minute)/08MAR2019-15MAR2019/2047_Tag76_08MAR2019-1355_15MAR2019-1450_LB.csv,2047_Tag76_08MAR2019-1355_15MAR2019-1450_LB.csv,.csv,winter 2019,accelerometer_icetag,,,,,
Données completes/Données accelerometres/Winter 2019/Icetag/IceTags_Data/1 week IceTags (per minute)/08MAR2019-15MAR2019/2056_Tag16_08MAR2019-1442_15MAR2019-1524.csv,2056_Tag16_08MAR2019-1442_15MAR2019-1524.csv,.csv,winter 2019,accelerometer_icetag,,,,,
Données completes/Données accelerometres/Winter 2019/Icetag/IceTags_Data/1 week IceTags (per minute)/08MAR2019-15MAR2019/2056_Tag16_08MAR2019-1442_15MAR2019-1524_LB.csv,2056_Tag16_08MAR2019-1442_15MAR2019-1524_LB.csv,.csv,winter 2019,accelerometer_icetag,,,,,
Données completes/Données accelerometres/Winter 2019/Icetag/IceTags_Data/1 week IceTags (per minute)/08MAR2019-15MAR2019/2063_Tag96_08MAR2019-1357_15MAR2019-1452.csv,2063_Tag96_08MAR2019-1357_15MAR2019-1452.csv,.csv,winter 2019,accelerometer_icetag,,,,,
Données completes/Données accelerometres/Winter 2019/Icetag/IceTags_Data/1 week IceTags (per minute)/08MAR2019-15MAR2019/2063_Tag96_08MAR2019-1357_15MAR2019-1452_LB.csv,2063_Tag96_08MAR2019-1357_15MAR2019-1452_LB.csv,.csv,winter 2019,accelerometer_icetag,,,,,
Données completes/Données accelerometres/Winter 2019/Icetag/IceTags_Data/1 week IceTags (per minute)/08MAR2019-15MAR2019/2069_Tag95_08MAR2019-1357_15MAR2019-1453.csv,2069_Tag95_08MAR2019-1357_15MAR2019-1453.csv,.csv,winter 2019,accelerometer_icetag,,,,,
Données completes/Données accelerometres/Winter 2019/Icetag/IceTags_Data/1 week IceTags (per minute)/08MAR2019-15MAR2019/2069_Tag95_08MAR2019-1357_15MAR2019-1453_LB.csv,2069_Tag95_08MAR2019-1357_15MAR2019-1453_LB.csv,.csv,winter 2019,accelerometer_icetag,,,,,
Données completes/Données accelerometres/Winter 2019/Icetag/IceTags_Data/1 week IceTags (per minute)/08MAR2019-15MAR2019/2081_Tag88_08MAR2019-1356_15MAR2019-1451.csv,2081_Tag88_08MAR2019-1356_15MAR2019-1451.csv,.csv,winter 2019,accelerometer_icetag,,,,,
Données completes/Données accelerometres/Winter 2019/Icetag/IceTags_Data/1 week IceTags (per minute)/08MAR2019-15MAR2019/2081_Tag88_08MAR2019-1356_15MAR2019-1451_LB.csv,2081_Tag88_08MAR2019-1356_15MAR2019-1451_LB.csv,.csv,winter 2019,accelerometer_icetag,,,,,
Données completes/Données accelerometres/Winter 2019/Icetag/IceTags_Data/1 week IceTags (per minute)/08MAR2019-15MAR2019/3437_Tag21_08MAR2019-1258_15MAR2019-1359.csv,3437_Tag21_08MAR2019-1258_15MAR2019-1359.csv,.csv,winter 2019,accelerometer_icetag,,,,,
Données completes/Données accelerometres/Winter 2019/Icetag/IceTags_Data/1 week IceTags (per minute)/08MAR2019-15MAR2019/3437_Tag21_08MAR2019-1258_15MAR2019-1359_LB.csv,3437_Tag21_08MAR2019-1258_15MAR2019-1359_LB.csv,.csv,winter 2019,accelerometer_icetag,,,,,
Données completes/Données accelerometres/Winter 2019/Icetag/IceTags_Data/1 week IceTags (per minute)/08MAR2019-15MAR2019/3443_Tag24_08MAR2019-1304_15MAR2019-1359.csv,3443_Tag24_08MAR2019-1304_15MAR2019-1359.csv,.csv,winter 2019,accelerometer_icetag,,,,,
Données completes/Données accelerometres/Winter 2019/Icetag/IceTags_Data/1 week IceTags (per minute)/08MAR2019-15MAR2019/3443_Tag24_08MAR2019-1304_15MAR2019-1359_LB.csv,3443_Tag24_08MAR2019-1304_15MAR2019-1359_LB.csv,.csv,winter 2019,accelerometer_icetag,,,,,
Données completes/Données accelerometres/Winter 2019/Icetag/IceTags_Data/1 week IceTags (per minute)/08MAR2019-15MAR2019/5221_Tag90_08MAR2019-1354_15MAR2019-1449.csv,5221_Tag90_08MAR2019-1354_15MAR2019-1449.csv,.csv,winter 2019,accelerometer_icetag,,,,,
Données completes/Données accelerometres/Winter 2019/Icetag/IceTags_Data/1 week IceTags (per minute)/08MAR2019-15MAR2019/5221_Tag90_08MAR2019-1354_15MAR2019-1449_LB.csv,5221_Tag90_08MAR2019-1354_15MAR2019-1449_LB.csv,.csv,winter 2019,accelerometer_icetag,,,,,
Données completes/Données accelerometres/Winter 2019/Icetag/IceTags_Data/1 week IceTags (per minute)/08MAR2019-15MAR2019/5246_Tag87_08MAR2019-1355_15MAR2019-1450.csv,5246_Tag87_08MAR2019-1355_15MAR2019-1450.csv,.csv,winter 2019,accelerometer_icetag,,,,,
Données completes/Données accelerometres/Winter 2019/Icetag/IceTags_Data/1 week IceTags (per minute)/08MAR2019-15MAR2019/5246_Tag87_08MAR2019-1355_15MAR2019-1450_LB.csv,5246_Tag87_08MAR2019-1355_15MAR2019-1450_LB.csv,.csv,winter 2019,accelerometer_icetag,,,,,
Données completes/Données accelerometres/Winter 2019/Icetag/IceTags_Data/1 week IceTags (per minute)/08MAR2019-15MAR2019/5250_Tag85_08MAR2019-1354_15MAR2019-1448.csv,5250_Tag85_08MAR2019-1354_15MAR2019-1448.csv,.csv,winter 2019,accelerometer_icetag,,,,,
Données completes/Données accelerometres/Winter 2019/Icetag/IceTags_Data/1 week IceTags (per minute)/08MAR2019-15MAR2019/5250_Tag85_08MAR2019-1354_15MAR2019-1448_LB.csv,5250_Tag85_08MAR2019-1354_15MAR2019-1448_LB.csv,.csv,winter 2019,accelerometer_icetag,,,,,
Données completes/Données accelerometres/Winter 2019/Icetag/IceTags_Data/1 week IceTags (per minute)/08MAR2019-15MAR2019/8500_Tag18_08MAR2019-1259_15MAR2019-1359.csv,8500_Tag18_08MAR2019-1259_15MAR2019-1359.csv,.csv,winter 2019,accelerometer_icetag,,,,,
Données completes/Données accelerometres/Winter 2019/Icetag/IceTags_Data/1 week IceTags (per minute)/08MAR2019-15MAR2019/8500_Tag18_08MAR2019-1259_15MAR2019-1359_LB.csv,8500_Tag18_08MAR2019-1259_15MAR2019-1359_LB.csv,.csv,winter 2019,accelerometer_icetag,,,,,
Données completes/Données accelerometres/Winter 2019/Icetag/IceTags_Data/1 week IceTags (per minute)/08MAR2019-15MAR2019/8505_Tag92_08MAR2019-1256_15MAR2019-1357.csv,8505_Tag92_08MAR2019-1256_15MAR2019-1357.csv,.csv,winter 2019,accelerometer_icetag,,,,,
Données completes/Données accelerometres/Winter 2019/Icetag/IceTags_Data/1 week IceTags (per minute)/08MAR2019-15MAR2019/8505_Tag92_08MAR2019-1256_15MAR2019-1357_LB.csv,8505_Tag92_08MAR2019-1256_15MAR2019-1357_LB.csv,.csv,winter 2019,accelerometer_icetag,,,,,
Données completes/Données accelerometres/Winter 2019/Icetag/IceTags_Data/1 week IceTags (per minute)/08MAR2019-15MAR2019/8506_Tag89_08MAR2019-1256_15MAR2019-1358.csv,8506_Tag89_08MAR2019-1256_15MAR2019-1358.csv,.csv,winter 2019,accelerometer_icetag,,,,,
Données completes/Données accelerometres/Winter 2019/Icetag/IceTags_Data/1 week IceTags (per minute)/08MAR2019-15MAR2019/8506_Tag89_08MAR2019-1256_15MAR2019-1358_LB.csv,8506_Tag89_08MAR2019-1256_15MAR2019-1358_LB.csv,.csv,winter 2019,accelerometer_icetag,,,,,
Données completes/Données accelerometres/Winter 2019/Icetag/IceTags_Data/1 week IceTags (per minute)/08MAR2019-15MAR2019/8508_Tag97_08MAR2019-1256_15MAR2019-1357.csv,8508_Tag97_08MAR2019-1256_15MAR2019-1357.csv,.csv,winter 2019,accelerometer_icetag,,,,,
Données completes/Données accelerometres/Winter 2019/Icetag/IceTags_Data/1 week IceTags (per minute)/08MAR2019-15MAR2019/8508_Tag97_08MAR2019-1256_15MAR2019-1357_LB.csv,8508_Tag97_08MAR2019-1256_15MAR2019-1357_LB.csv,.csv,winter 2019,accelerometer_icetag,,,,,
Données completes/Données accelerometres/Winter 2019/Icetag/IceTags_Data/1 week IceTags (per minute)/08MAR2019-15MAR2019/8510_Tag26_08MAR2019-1257_15MAR2019-1358.csv,8510_Tag26_08MAR2019-1257_15MAR2019-1358.csv,.csv,winter 2019,accelerometer_icetag,,,,,
Données completes/Données accelerometres/Winter 2019/Icetag/IceTags_Data/1 week IceTags (per minute)/08MAR2019-15MAR2019/8510_Tag26_08MAR2019-1257_15MAR2019-1358_LB.csv,8510_Tag26_08MAR2019-1257_15MAR2019-1358_LB.csv,.csv,winter 2019,accelerometer_icetag,,,,,
Données completes/Données accelerometres/Winter 2019/Icetag/IceTags_Data/1 week IceTags (per minute)/12APR2019-17APR2019/2056_Tag24_12APR2019-1200_17APR2019-1033.csv,2056_Tag24_12APR2019-1200_17APR2019-1033.csv,.csv,winter 2019,accelerometer_icetag,,,,,
Données completes/Données accelerometres/Winter 2019/Icetag/IceTags_Data/1 week IceTags (per minute)/12APR2019-17APR2019/2056_Tag24_12APR2019-1200_17APR2019-1033_LB.csv,2056_Tag24_12APR2019-1200_17APR2019-1033_LB.csv,.csv,winter 2019,accelerometer_icetag,,,,,
Données completes/Données accelerometres/Winter 2019/Icetag/IceTags_Data/1 week IceTags (per minute)/12APR2019-17APR2019/2063_Tag21_12APR2019-1140_17APR2019-1033.csv,2063_Tag21_12APR2019-1140_17APR2019-1033.csv,.csv,winter 2019,accelerometer_icetag,,,,,
Données completes/Données accelerometres/Winter 2019/Icetag/IceTags_Data/1 week IceTags (per minute)/12APR2019-17APR2019/2063_Tag21_12APR2019-1140_17APR2019-1033_LB.csv,2063_Tag21_12APR2019-1140_17APR2019-1033_LB.csv,.csv,winter 2019,accelerometer_icetag,,,,,
Données completes/Données accelerometres/Winter 2019/Icetag/IceTags_Data/1 week IceTags (per minute)/12APR2019-17APR2019/2069_Tag86_12APR2019-1141_17APR2019-1033.csv,2069_Tag86_12APR2019-1141_17APR2019-1033.csv,.csv,winter 2019,accelerometer_icetag,,,,,
Données completes/Données accelerometres/Winter 2019/Icetag/IceTags_Data/1 week IceTags (per minute)/12APR2019-17APR2019/2069_Tag86_12APR2019-1141_17APR2019-1033_LB.csv,2069_Tag86_12APR2019-1141_17APR2019-1033_LB.csv,.csv,winter 2019,accelerometer_icetag,,,,,
Données completes/Données accelerometres/Winter 2019/Icetag/IceTags_Data/1 week IceTags (per minute)/12APR2019-17APR2019/2081_Tag91_12APR2019-1140_17APR2019-1032.csv,2081_Tag91_12APR2019-1140_17APR2019-1032.csv,.csv,winter 2019,accelerometer_icetag,,,,,
Données completes/Données accelerometres/Winter 2019/Icetag/IceTags_Data/1 week IceTags (per minute)/12APR2019-17APR2019/2081_Tag91_12APR2019-1140_17APR2019-1032_LB.csv,2081_Tag91_12APR2019-1140_17APR2019-1032_LB.csv,.csv,winter 2019,accelerometer_icetag,,,,,
Données completes/Données accelerometres/Winter 2019/Icetag/IceTags_Data/1 week IceTags (per minute)/12APR2019-17APR2019/3437_Tag93_12APR2019-1108_17APR2019-1029.csv,3437_Tag93_12APR2019-1108_17APR2019-1029.csv,.csv,winter 2019,accelerometer_icetag,,,,,
Données completes/Données accelerometres/Winter 2019/Icetag/IceTags_Data/1 week IceTags (per minute)/12APR2019-17APR2019/3437_Tag93_12APR2019-1108_17APR2019-1029_LB.csv,3437_Tag93_12APR2019-1108_17APR2019-1029_LB.csv,.csv,winter 2019,accelerometer_icetag,,,,,
Données completes/Données accelerometres/Winter 2019/Icetag/IceTags_Data/1 week IceTags (per minute)/12APR2019-17APR2019/3443_Tag90_12APR2019-1137_17APR2019-1030.csv,3443_Tag90_12APR2019-1137_17APR2019-1030.csv,.csv,winter 2019,accelerometer_icetag,,,,,
Données completes/Données accelerometres/Winter 2019/Icetag/IceTags_Data/1 week IceTags (per minute)/12APR2019-17APR2019/3443_Tag90_12APR2019-1137_17APR2019-1030_LB.csv,3443_Tag90_12APR2019-1137_17APR2019-1030_LB.csv,.csv,winter 2019,accelerometer_icetag,,,,,
Données completes/Données accelerometres/Winter 2019/Icetag/IceTags_Data/1 week IceTags (per minute)/12APR2019-17APR2019/5221_Tag87_12APR2019-1138_17APR2019-1031.csv,5221_Tag87_12APR2019-1138_17APR2019-1031.csv,.csv,winter 2019,accelerometer_icetag,,,,,
Données completes/Données accelerometres/Winter 2019/Icetag/IceTags_Data/1 week IceTags (per minute)/12APR2019-17APR2019/5221_Tag87_12APR2019-1138_17APR2019-1031_LB.csv,5221_Tag87_12APR2019-1138_17APR2019-1031_LB.csv,.csv,winter 2019,accelerometer_icetag,,,,,
Données completes/Données accelerometres/Winter 2019/Icetag/IceTags_Data/1 week IceTags (per minute)/12APR2019-17APR2019/5246_Tag20_12APR2019-1139_17APR2019-1032.csv,5246_Tag20_12APR2019-1139_17APR2019-1032.csv,.csv,winter 2019,accelerometer_icetag,,,,,
Données completes/Données accelerometres/Winter 2019/Icetag/IceTags_Data/1 week IceTags (per minute)/12APR2019-17APR2019/5246_Tag20_12APR2019-1139_17APR2019-1032_LB.csv,5246_Tag20_12APR2019-1139_17APR2019-1032_LB.csv,.csv,winter 2019,accelerometer_icetag,,,,,
Données completes/Données accelerometres/Winter 2019/Icetag/IceTags_Data/1 week IceTags (per minute)/12APR2019-17APR2019/5250_Tag92_12APR2019-1137_17APR2019-1031.csv,5250_Tag92_12APR2019-1137_17APR2019-1031.csv,.csv,winter 2019,accelerometer_icetag,,,,,
Données completes/Données accelerometres/Winter 2019/Icetag/IceTags_Data/1 week IceTags (per minute)/12APR2019-17APR2019/5250_Tag92_12APR2019-1137_17APR2019-1031_LB.csv,5250_Tag92_12APR2019-1137_17APR2019-1031_LB.csv,.csv,winter 2019,accelerometer_icetag,,,,,
Données completes/Données accelerometres/Winter 2019/Icetag/IceTags_Data/1 week IceTags (per minute)/12APR2019-17APR2019/8500_Tag76_12APR2019-1111_17APR2019-1031.csv,8500_Tag76_12APR2019-1111_17APR2019-1031.csv,.csv,winter 2019,accelerometer_icetag,,,,,
Données completes/Données accelerometres/Winter 2019/Icetag/IceTags_Data/1 week IceTags (per minute)/12APR2019-17APR2019/8500_Tag76_12APR2019-1111_17APR2019-1031_LB.csv,8500_Tag76_12APR2019-1111_17APR2019-1031_LB.csv,.csv,winter 2019,accelerometer_icetag,,,,,
Données completes/Données accelerometres/Winter 2019/Icetag/IceTags_Data/1 week IceTags (per minute)/12APR2019-17APR2019/8502_Tag22_12APR2019-1109_17APR2019-1029.csv,8502_Tag22_12APR2019-1109_17APR2019-1029.csv,.csv,winter 2019,accelerometer_icetag,,,,,
Données completes/Données accelerometres/Winter 2019/Icetag/IceTags_Data/1 week IceTags (per minute)/12APR2019-17APR2019/8502_Tag22_12APR2019-1109_17APR2019-1029_LB.csv,8502_Tag22_12APR2019-1109_17APR2019-1029_LB.csv,.csv,winter 2019,accelerometer_icetag,,,,,
Données completes/Données accelerometres/Winter 2019/Icetag/IceTags_Data/1 week IceTags (per minute)/12APR2019-17APR2019/8505_Tag88_12APR2019-1104_17APR2019-1027.csv,8505_Tag88_12APR2019-1104_17APR2019-1027.csv,.csv,winter 2019,accelerometer_icetag,,,,,
Données completes/Données accelerometres/Winter 2019/Icetag/IceTags_Data/1 week IceTags (per minute)/12APR2019-17APR2019/8505_Tag88_12APR2019-1104_17APR2019-1027_LB.csv,8505_Tag88_12APR2019-1104_17APR2019-1027_LB.csv,.csv,winter 2019,accelerometer_icetag,,,,,
Données completes/Données accelerometres/Winter 2019/Icetag/IceTags_Data/1 week IceTags (per minute)/12APR2019-17APR2019/8506_Tag97_12APR2019-1105_17APR2019-1028.csv,8506_Tag97_12APR2019-1105_17APR2019-1028.csv,.csv,winter 2019,accelerometer_icetag,,,,,
Données completes/Données accelerometres/Winter 2019/Icetag/IceTags_Data/1 week IceTags (per minute)/12APR2019-17APR2019/8506_Tag97_12APR2019-1105_17APR2019-1028_LB.csv,8506_Tag97_12APR2019-1105_17APR2019-1028_LB.csv,.csv,winter 2019,accelerometer_icetag,,,,,
Données completes/Données accelerometres/Winter 2019/Icetag/IceTags_Data/1 week IceTags (per minute)/12APR2019-17APR2019/8508_Tag26_12APR2019-1104_17APR2019-1027.csv,8508_Tag26_12APR2019-1104_17APR2019-1027.csv,.csv,winter 2019,accelerometer_icetag,,,,,
Données completes/Données accelerometres/Winter 2019/Icetag/IceTags_Data/1 week IceTags (per minute)/12APR2019-17APR2019/8508_Tag26_12APR2019-1104_17APR2019-1027_LB.csv,8508_Tag26_12APR2019-1104_17APR2019-1027_LB.csv,.csv,winter 2019,accelerometer_icetag,,,,,
Données completes/Données accelerometres/Winter 2019/Icetag/IceTags_Data/1 week IceTags (per minute)/12APR2019-17APR2019/8510_Tag96_12APR2019-1105_17APR2019-1028.csv,8510_Tag96_12APR2019-1105_17APR2019-1028.csv,.csv,winter 2019,accelerometer_icetag,,,,,
Données completes/Données accelerometres/Winter 2019/Icetag/IceTags_Data/1 week IceTags (per minute)/12APR2019-17APR2019/8510_Tag96_12APR2019-1105_17APR2019-1028_LB.csv,8510_Tag96_12APR2019-1105_17APR2019-1028_LB.csv,.csv,winter 2019,accelerometer_icetag,,,,,
Données completes/Données accelerometres/Winter 2019/Icetag/IceTags_Data/1 week IceTags (per minute)/15FEB2019-22FEB2019/2047_Tag24_15FEB2019-XX_22FEB2019-XX.csv,2047_Tag24_15FEB2019-XX_22FEB2019-XX.csv,.csv,winter 2019,accelerometer_icetag,,,,,
Données completes/Données accelerometres/Winter 2019/Icetag/IceTags_Data/1 week IceTags (per minute)/15FEB2019-22FEB2019/2047_Tag24_15FEB2019-XX_22FEB2019-XX_LB.csv,2047_Tag24_15FEB2019-XX_22FEB2019-XX_LB.csv,.csv,winter 2019,accelerometer_icetag,,,,,
Données completes/Données accelerometres/Winter 2019/Icetag/IceTags_Data/1 week IceTags (per minute)/15FEB2019-22FEB2019/2056_Tag87_15FEB2019-XX_22FEB2019-1426.csv,2056_Tag87_15FEB2019-XX_22FEB2019-1426.csv,.csv,winter 2019,accelerometer_icetag,,,,,
Données completes/Données accelerometres/Winter 2019/Icetag/IceTags_Data/1 week IceTags (per minute)/15FEB2019-22FEB2019/2056_Tag87_15FEB2019-XX_22FEB2019-1426_LB.csv,2056_Tag87_15FEB2019-XX_22FEB2019-1426_LB.csv,.csv,winter 2019,accelerometer_icetag,,,,,
Données completes/Données accelerometres/Winter 2019/Icetag/IceTags_Data/1 week IceTags (per minute)/15FEB2019-22FEB2019/2063_Tag96_15FEB2019-XX_22FEB2019-1357.csv,2063_Tag96_15FEB2019-XX_22FEB2019-1357.csv,.csv,winter 2019,accelerometer_icetag,,,,,
Données completes/Données accelerometres/Winter 2019/Icetag/IceTags_Data/1 week IceTags (per minute)/15FEB2019-22FEB2019/2063_Tag96_15FEB2019-XX_22FEB2019-1357_LB.csv,2063_Tag96_15FEB2019-XX_22FEB2019-1357_LB.csv,.csv,winter 2019,accelerometer_icetag,,,,,
Données completes/Données accelerometres/Winter 2019/Icetag/IceTags_Data/1 week IceTags (per minute)/15FEB2019-22FEB2019/2069_Tag85_15FEB2019-XX_22FEB2019-1358.csv,2069_Tag85_15FEB2019-XX_22FEB2019-1358.csv,.csv,winter 2019,accelerometer_icetag,,,,,
Données completes/Données accelerometres/Winter 2019/Icetag/IceTags_Data/1 week IceTags (per minute)/15FEB2019-22FEB2019/2069_Tag85_15FEB2019-XX_22FEB2019-1358_LB.csv,2069_Tag85_15FEB2019-XX_22FEB2019-1358_LB.csv,.csv,winter 2019,accelerometer_icetag,,,,,
Données completes/Données accelerometres/Winter 2019/Icetag/IceTags_Data/1 week IceTags (per minute)/15FEB2019-22FEB2019/2081_Tag90_15FEB2019-XX_22FEB2019-1357.csv,2081_Tag90_15FEB2019-XX_22FEB2019-1357.csv,.csv,winter 2019,accelerometer_icetag,,,,,
Données completes/Données accelerometres/Winter 2019/Icetag/IceTags_Data/1 week IceTags (per minute)/15FEB2019-22FEB2019/2081_Tag90_15FEB2019-XX_22FEB2019-1357_LB.csv,2081_Tag90_15FEB2019-XX_22FEB2019-1357_LB.csv,.csv,winter 2019,accelerometer_icetag,,,,,
Données completes/Données accelerometres/Winter 2019/Icetag/IceTags_Data/1 week IceTags (per minute)/15FEB2019-22FEB2019/2083_Tag24_15FEB2019-XX_22FEB2019-1356.csv,2083_Tag24_15FEB2019-XX_22FEB2019-1356.csv,.csv,winter 2019,accelerometer_icetag,,,,,
Données completes/Données accelerometres/Winter 2019/Icetag/IceTags_Data/1 week IceTags (per minute)/15FEB2019-22FEB2019/2083_Tag24_15FEB2019-XX_22FEB2019-1356_LB.csv,2083_Tag24_15FEB2019-XX_22FEB2019-1356_LB.csv,.csv,winter 2019,accelerometer_icetag,,,,,
Données completes/Données accelerometres/Winter 2019/Icetag/IceTags_Data/1 week IceTags (per minute)/15FEB2019-22FEB2019/3437_Tag18_15FEB2019-XX_22FEB2019-1327.csv,3437_Tag18_15FEB2019-XX_22FEB2019-1327.csv,.csv,winter 2019,accelerometer_icetag,,,,,
Données completes/Données accelerometres/Winter 2019/Icetag/IceTags_Data/1 week IceTags (per minute)/15FEB2019-22FEB2019/3437_Tag18_15FEB2019-XX_22FEB2019-1327_LB.csv,3437_Tag18_15FEB2019-XX_22FEB2019-1327_LB.csv,.csv,winter 2019,accelerometer_icetag,,,,,
Données completes/Données accelerometres/Winter 2019/Icetag/IceTags_Data/1 week IceTags (per minute)/15FEB2019-22FEB2019/3443_Tag89_15FEB2019-XX_22FEB2019-1329.csv,3443_Tag89_15FEB2019-XX_22FEB2019-1329.csv,.csv,winter 2019,accelerometer_icetag,,,,,
Données completes/Données accelerometres/Winter 2019/Icetag/IceTags_Data/1 week IceTags (per minute)/15FEB2019-22FEB2019/3443_Tag89_15FEB2019-XX_22FEB2019-1329_LB.csv,3443_Tag89_15FEB2019-XX_22FEB2019-1329_LB.csv,.csv,winter 2019,accelerometer_icetag,,,,,
Données completes/Données accelerometres/Winter 2019/Icetag/IceTags_Data/1 week IceTags (per minute)/15FEB2019-22FEB2019/5221_Tag95_15FEB2019-XX_22FEB2019-1355.csv,5221_Tag95_15FEB2019-XX_22FEB2019-1355.csv,.csv,winter 2019,accelerometer_icetag,,,,,
Données completes/Données accelerometres/Winter 2019/Icetag/IceTags_Data/1 week IceTags (per minute)/15FEB2019-22FEB2019/5221_Tag95_15FEB2019-XX_22FEB2019-1355_LB.csv,5221_Tag95_15FEB2019-XX_22FEB2019-1355_LB.csv,.csv,winter 2019,accelerometer_icetag,,,,,
Données completes/Données accelerometres/Winter 2019/Icetag/IceTags_Data/1 week IceTags (per minute)/15FEB2019-22FEB2019/5246_Tag76_15FEB2019-XX_22FEB2019-1357.csv,5246_Tag76_15FEB2019-XX_22FEB2019-1357.csv,.csv,winter 2019,accelerometer_icetag,,,,,
Données completes/Données accelerometres/Winter 2019/Icetag/IceTags_Data/1 week IceTags (per minute)/15FEB2019-22FEB2019/5246_Tag76_15FEB2019-XX_22FEB2019-1357_LB.csv,5246_Tag76_15FEB2019-XX_22FEB2019-1357_LB.csv,.csv,winter 2019,accelerometer_icetag,,,,,
Données completes/Données accelerometres/Winter 2019/Icetag/IceTags_Data/1 week IceTags (per minute)/15FEB2019-22FEB2019/5250_Tag88_15FEB2019-XX_22FEB2019-1355.csv,5250_Tag88_15FEB2019-XX_22FEB2019-1355.csv,.csv,winter 2019,accelerometer_icetag,,,,,
Données completes/Données accelerometres/Winter 2019/Icetag/IceTags_Data/1 week IceTags (per minute)/15FEB2019-22FEB2019/5250_Tag88_15FEB2019-XX_22FEB2019-1355_LB.csv,5250_Tag88_15FEB2019-XX_22FEB2019-1355_LB.csv,.csv,winter 2019,accelerometer_icetag,,,,,
Données completes/Données accelerometres/Winter 2019/Icetag/IceTags_Data/1 week IceTags (per minute)/15FEB2019-22FEB2019/8500_Tag21_15FEB2019-XX_22FEB2019-1328.csv,8500_Tag21_15FEB2019-XX_22FEB2019-1328.csv,.csv,winter 2019,accelerometer_icetag,,,,,
Données completes/Données accelerometres/Winter 2019/Icetag/IceTags_Data/1 week IceTags (per minute)/15FEB2019-22FEB2019/8500_Tag21_15FEB2019-XX_22FEB2019-1328_LB.csv,8500_Tag21_15FEB2019-XX_22FEB2019-1328_LB.csv,.csv,winter 2019,accelerometer_icetag,,,,,
Données completes/Données accelerometres/Winter 2019/Icetag/IceTags_Data/1 week IceTags (per minute)/15FEB2019-22FEB2019/8505_Tag92_15FEB2019-XX_22FEB2019-1327.csv,8505_Tag92_15FEB2019-XX_22FEB2019-1327.csv,.csv,winter 2019,accelerometer_icetag,,,,,
Données completes/Données accelerometres/Winter 2019/Icetag/IceTags_Data/1 week IceTags (per minute)/15FEB2019-22FEB2019/8505_Tag92_15FEB2019-XX_22FEB2019-1327_LB.csv,8505_Tag92_15FEB2019-XX_22FEB2019-1327_LB.csv,.csv,winter 2019,accelerometer_icetag,,,,,
Données completes/Données accelerometres/Winter 2019/Icetag/IceTags_Data/1 week IceTags (per minute)/15FEB2019-22FEB2019/8506_Tag26_15FEB2019-XX_22FEB2019-1327.csv,8506_Tag26_15FEB2019-XX_22FEB2019-1327.csv,.csv,winter 2019,accelerometer_icetag,,,,,
Données completes/Données accelerometres/Winter 2019/Icetag/IceTags_Data/1 week IceTags (per minute)/15FEB2019-22FEB2019/8506_Tag26_15FEB2019-XX_22FEB2019-1327_LB.csv,8506_Tag26_15FEB2019-XX_22FEB2019-1327_LB.csv,.csv,winter 2019,accelerometer_icetag,,,,,
Données completes/Données accelerometres/Winter 2019/Icetag/IceTags_Data/1 week IceTags (per minute)/15FEB2019-22FEB2019/8508_Tag20_15FEB2019-XX_22FEB2019-1326.csv,8508_Tag20_15FEB2019-XX_22FEB2019-1326.csv,.csv,winter 2019,accelerometer_icetag,,,,,
Données completes/Données accelerometres/Winter 2019/Icetag/IceTags_Data/1 week IceTags (per minute)/15FEB2019-22FEB2019/8508_Tag20_15FEB2019-XX_22FEB2019-1326_LB.csv,8508_Tag20_15FEB2019-XX_22FEB2019-1326_LB.csv,.csv,winter 2019,accelerometer_icetag,,,,,
Données completes/Données accelerometres/Winter 2019/Icetag/IceTags_Data/1 week IceTags (per minute)/15FEB2019-22FEB2019/8510_Tag97_15FEB2019-XX_22FEB2019-1327.csv,8510_Tag97_15FEB2019-XX_22FEB2019-1327.csv,.csv,winter 2019,accelerometer_icetag,,,,,
Données completes/Données accelerometres/Winter 2019/Icetag/IceTags_Data/1 week IceTags (per minute)/15FEB2019-22FEB2019/8510_Tag97_15FEB2019-XX_22FEB2019-1327_LB.csv,8510_Tag97_15FEB2019-XX_22FEB2019-1327_LB.csv,.csv,winter 2019,accelerometer_icetag,,,,,
Données completes/Données accelerometres/Winter 2019/Icetag/IceTags_Data/1 week IceTags (per minute)/15MAR2019-22MAR2019/2047_Tag97_15MAR2019-1445_19MAR2019-0823.csv,2047_Tag97_15MAR2019-1445_19MAR2019-0823.csv,.csv,winter 2019,accelerometer_icetag,,,,,
Données completes/Données accelerometres/Winter 2019/Icetag/IceTags_Data/1 week IceTags (per minute)/15MAR2019-22MAR2019/2047_Tag97_15MAR2019-1445_22MAR2019-0952.csv,2047_Tag97_15MAR2019-1445_22MAR2019-0952.csv,.csv,winter 2019,accelerometer_icetag,,,,,
Données completes/Données accelerometres/Winter 2019/Icetag/IceTags_Data/1 week IceTags (per minute)/15MAR2019-22MAR2019/2047_Tag97_15MAR2019-1445_22MAR2019-0952_LB.csv,2047_Tag97_15MAR2019-1445_22MAR2019-0952_LB.csv,.csv,winter 2019,accelerometer_icetag,,,,,
Données completes/Données accelerometres/Winter 2019/Icetag/IceTags_Data/1 week IceTags (per minute)/15MAR2019-22MAR2019/2047_Tag97_15MAR2019-19MAR2019-0823_LB.csv,2047_Tag97_15MAR2019-19MAR2019-0823_LB.csv,.csv,winter 2019,accelerometer_icetag,,,,,
Données completes/Données accelerometres/Winter 2019/Icetag/IceTags_Data/1 week IceTags (per minute)/15MAR2019-22MAR2019/2056_Tag95_15MAR2019-1514_22MAR2019-1050.csv,2056_Tag95_15MAR2019-1514_22MAR2019-1050.csv,.csv,winter 2019,accelerometer_icetag,,,,,
Données completes/Données accelerometres/Winter 2019/Icetag/IceTags_Data/1 week IceTags (per minute)/15MAR2019-22MAR2019/2056_Tag95_15MAR2019-1514_22MAR2019-1050_LB.csv,2056_Tag95_15MAR2019-1514_22MAR2019-1050_LB.csv,.csv,winter 2019,accelerometer_icetag,,,,,
Données completes/Données accelerometres/Winter 2019/Icetag/IceTags_Data/1 week IceTags (per minute)/15MAR2019-22MAR2019/2063_Tag26_15MAR2019-1447_22MAR2019-0953.csv,2063_Tag26_15MAR2019-1447_22MAR2019-0953.csv,.csv,winter 2019,accelerometer_icetag,,,,,
Données completes/Données accelerometres/Winter 2019/Icetag/IceTags_Data/1 week IceTags (per minute)/15MAR2019-22MAR2019/2063_Tag26_15MAR2019-1447_22MAR2019-0953_LB.csv,2063_Tag26_15MAR2019-1447_22MAR2019-0953_LB.csv,.csv,winter 2019,accelerometer_icetag,,,,,
Données completes/Données accelerometres/Winter 2019/Icetag/IceTags_Data/1 week IceTags (per minute)/15MAR2019-22MAR2019/2081_Tag18_15MAR2019-1446_22MAR2019-1049.csv,2081_Tag18_15MAR2019-1446_22MAR2019-1049.csv,.csv,winter 2019,accelerometer_icetag,,,,,
Données completes/Données accelerometres/Winter 2019/Icetag/IceTags_Data/1 week IceTags (per minute)/15MAR2019-22MAR2019/2081_Tag18_15MAR2019-1446_22MAR2019-1049_LB.csv,2081_Tag18_15MAR2019-1446_22MAR2019-1049_LB.csv,.csv,winter 2019,accelerometer_icetag,,,,,
Données completes/Données accelerometres/Winter 2019/Icetag/IceTags_Data/1 week IceTags (per minute)/15MAR2019-22MAR2019/3437_Tag86_15MAR2019-1353_22MAR2019-1029.csv,3437_Tag86_15MAR2019-1353_22MAR2019-1029.csv,.csv,winter 2019,accelerometer_icetag,,,,,
Données completes/Données accelerometres/Winter 2019/Icetag/IceTags_Data/1 week IceTags (per minute)/15MAR2019-22MAR2019/3437_Tag86_15MAR2019-1353_22MAR2019-1029_LB.csv,3437_Tag86_15MAR2019-1353_22MAR2019-1029_LB.csv,.csv,winter 2019,accelerometer_icetag,,,,,
Données completes/Données accelerometres/Winter 2019/Icetag/IceTags_Data/1 week IceTags (per minute)/15MAR2019-22MAR2019/3443_Tag22_15MAR2019-1355_22MAR2019-1030.csv,3443_Tag22_15MAR2019-1355_22MAR2019-1030.csv,.csv,winter 2019,accelerometer_icetag,,,,,
Données completes/Données accelerometres/Winter 2019/Icetag/IceTags_Data/1 week IceTags (per minute)/15MAR2019-22MAR2019/3443_Tag22_15MAR2019-1355_22MAR2019-1030_LB.csv,3443_Tag22_15MAR2019-1355_22MAR2019-1030_LB.csv,.csv,winter 2019,accelerometer_icetag,,,,,
Données completes/Données accelerometres/Winter 2019/Icetag/IceTags_Data/1 week IceTags (per minute)/15MAR2019-22MAR2019/5221_Tag92_15MAR2019-1445_22MAR2019-0951.csv,5221_Tag92_15MAR2019-1445_22MAR2019-0951.csv,.csv,winter 2019,accelerometer_icetag,,,,,
Données completes/Données accelerometres/Winter 2019/Icetag/IceTags_Data/1 week IceTags (per minute)/15MAR2019-22MAR2019/5221_Tag92_15MAR2019-1445_22MAR2019-0951_LB.csv,5221_Tag92_15MAR2019-1445_22MAR2019-0951_LB.csv,.csv,winter 2019,accelerometer_icetag,,,,,
Données completes/Données accelerometres/Winter 2019/Icetag/IceTags_Data/1 week IceTags (per minute)/15MAR2019-22MAR2019/5246_Tag21_15MAR2019-1446_22MAR2019-1030.csv,5246_Tag21_15MAR2019-1446_22MAR2019-1030.csv,.csv,winter 2019,accelerometer_icetag,,,,,
Données completes/Données accelerometres/Winter 2019/Icetag/IceTags_Data/1 week IceTags (per minute)/15MAR2019-22MAR2019/5246_Tag21_15MAR2019-1446_22MAR2019-1030_LB.csv,5246_Tag21_15MAR2019-1446_22MAR2019-1030_LB.csv,.csv,winter 2019,accelerometer_icetag,,,,,
Données completes/Données accelerometres/Winter 2019/Icetag/IceTags_Data/1 week IceTags (per minute)/15MAR2019-22MAR2019/5250_Tag24_15MAR2019-1444_22MAR2019-1031.csv,5250_Tag24_15MAR2019-1444_22MAR2019-1031.csv,.csv,winter 2019,accelerometer_icetag,,,,,
Données completes/Données accelerometres/Winter 2019/Icetag/IceTags_Data/1 week IceTags (per minute)/15MAR2019-22MAR2019/5250_Tag24_15MAR2019-1444_22MAR2019-1031_LB.csv,5250_Tag24_15MAR2019-1444_22MAR2019-1031_LB.csv,.csv,winter 2019,accelerometer_icetag,,,,,
Données completes/Données accelerometres/Winter 2019/Icetag/IceTags_Data/1 week IceTags (per minute)/15MAR2019-22MAR2019/8500_Tag20_15MAR2019-1354_22MAR2019-0950.csv,8500_Tag20_15MAR2019-1354_22MAR2019-0950.csv,.csv,winter 2019,accelerometer_icetag,,,,,
Données completes/Données accelerometres/Winter 2019/Icetag/IceTags_Data/1 week IceTags (per minute)/15MAR2019-22MAR2019/8500_Tag20_15MAR2019-1354_22MAR2019-0950_LB.csv,8500_Tag20_15MAR2019-1354_22MAR2019-0950_LB.csv,.csv,winter 2019,accelerometer_icetag,,,,,
Données completes/Données accelerometres/Winter 2019/Icetag/IceTags_Data/1 week IceTags (per minute)/15MAR2019-22MAR2019/8505_Tag93_15MAR2019-1351_22MAR2019-0948.csv,8505_Tag93_15MAR2019-1351_22MAR2019-0948.csv,.csv,winter 2019,accelerometer_icetag,,,,,
Données completes/Données accelerometres/Winter 2019/Icetag/IceTags_Data/1 week IceTags (per minute)/15MAR2019-22MAR2019/8505_Tag93_15MAR2019-1351_22MAR2019-0948_LB.csv,8505_Tag93_15MAR2019-1351_22MAR2019-0948_LB.csv,.csv,winter 2019,accelerometer_icetag,,,,,
Données completes/Données accelerometres/Winter 2019/Icetag/IceTags_Data/1 week IceTags (per minute)/15MAR2019-22MAR2019/8506_Tag91_15MAR2019-1351_22MAR2019-0949.csv,8506_Tag91_15MAR2019-1351_22MAR2019-0949.csv,.csv,winter 2019,accelerometer_icetag,,,,,
Données completes/Données accelerometres/Winter 2019/Icetag/IceTags_Data/1 week IceTags (per minute)/15MAR2019-22MAR2019/8506_Tag91_15MAR2019-1351_22MAR2019-0949_LB.csv,8506_Tag91_15MAR2019-1351_22MAR2019-0949_LB.csv,.csv,winter 2019,accelerometer_icetag,,,,,
Données completes/Données accelerometres/Winter 2019/Icetag/IceTags_Data/1 week IceTags (per minute)/15MAR2019-22MAR2019/8508_Tag94_15MAR2019-1351_22MAR2019-1045.csv,8508_Tag94_15MAR2019-1351_22MAR2019-1045.csv,.csv,winter 2019,accelerometer_icetag,,,,,
Données completes/Données accelerometres/Winter 2019/Icetag/IceTags_Data/1 week IceTags (per minute)/15MAR2019-22MAR2019/8508_Tag94_15MAR2019-1351_22MAR2019-1045_LB.csv,8508_Tag94_15MAR2019-1351_22MAR2019-1045_LB.csv,.csv,winter 2019,accelerometer_icetag,,,,,
Données completes/Données accelerometres/Winter 2019/Icetag/IceTags_Data/1 week IceTags (per minute)/15MAR2019-22MAR2019/8510_Tag25_15MAR2019-1352_22MAR2019-1028.csv,8510_Tag25_15MAR2019-1352_22MAR2019-1028.csv,.csv,winter 2019,accelerometer_icetag,,,,,
Données completes/Données accelerometres/Winter 2019/Icetag/IceTags_Data/1 week IceTags (per minute)/15MAR2019-22MAR2019/8510_Tag25_15MAR2019-1352_22MAR2019-1028_LB.csv,8510_Tag25_15MAR2019-1352_22MAR2019-1028_LB.csv,.csv,winter 2019,accelerometer_icetag,,,,,
Données completes/Données accelerometres/Winter 2019/Icetag/IceTags_Data/1 week IceTags (per minute)/16JAN2019-23JAN2019/01-23-19 (Jordan will fix this)/IceTag 50001516 (P)_01-16-2019__15;12;15.csv,IceTag 50001516 (P)_01-16-2019__15;12;15.csv,.csv,winter 2019,accelerometer_icetag,,,,,
Données completes/Données accelerometres/Winter 2019/Icetag/IceTags_Data/1 week IceTags (per minute)/16JAN2019-23JAN2019/01-23-19 (Jordan will fix this)/IceTag 50001516 (P)_01-16-2019__15;12;15_LB.csv,IceTag 50001516 (P)_01-16-2019__15;12;15_LB.csv,.csv,winter 2019,accelerometer_icetag,,,,,
Données completes/Données accelerometres/Winter 2019/Icetag/IceTags_Data/1 week IceTags (per minute)/16JAN2019-23JAN2019/01-23-19 (Jordan will fix this)/IceTag 50001516 (P)_01-23-2019__13;39;31.csv,IceTag 50001516 (P)_01-23-2019__13;39;31.csv,.csv,winter 2019,accelerometer_icetag,,,,,
Données completes/Données accelerometres/Winter 2019/Icetag/IceTags_Data/1 week IceTags (per minute)/16JAN2019-23JAN2019/01-23-19 (Jordan will fix this)/IceTag 50001516 (P)_01-23-2019__13;39;31_LB.csv,IceTag 50001516 (P)_01-23-2019__13;39;31_LB.csv,.csv,winter 2019,accelerometer_icetag,,,,,
Données completes/Données accelerometres/Winter 2019/Icetag/IceTags_Data/1 week IceTags (per minute)/16JAN2019-23JAN2019/01-23-19 (Jordan will fix this)/IceTag 50001518 (P)_01-16-2019__15;17;25.csv,IceTag 50001518 (P)_01-16-2019__15;17;25.csv,.csv,winter 2019,accelerometer_icetag,,,,,
Données completes/Données accelerometres/Winter 2019/Icetag/IceTags_Data/1 week IceTags (per minute)/16JAN2019-23JAN2019/01-23-19 (Jordan will fix this)/IceTag 50001518 (P)_01-16-2019__15;17;25_LB.csv,IceTag 50001518 (P)_01-16-2019__15;17;25_LB.csv,.csv,winter 2019,accelerometer_icetag,,,,,
Données completes/Données accelerometres/Winter 2019/Icetag/IceTags_Data/1 week IceTags (per minute)/16JAN2019-23JAN2019/01-23-19 (Jordan will fix this)/IceTag 50001520 (P)_01-16-2019__15;16;30.csv,IceTag 50001520 (P)_01-16-2019__15;16;30.csv,.csv,winter 2019,accelerometer_icetag,,,,,
Données completes/Données accelerometres/Winter 2019/Icetag/IceTags_Data/1 week IceTags (per minute)/16JAN2019-23JAN2019/01-23-19 (Jordan will fix this)/IceTag 50001520 (P)_01-16-2019__15;16;30_LB.csv,IceTag 50001520 (P)_01-16-2019__15;16;30_LB.csv,.csv,winter 2019,accelerometer_icetag,,,,,
Données completes/Données accelerometres/Winter 2019/Icetag/IceTags_Data/1 week IceTags (per minute)/16JAN2019-23JAN2019/01-23-19 (Jordan will fix this)/IceTag 50001522 (P)_01-16-2019__15;11;06.csv,IceTag 50001522 (P)_01-16-2019__15;11;06.csv,.csv,winter 2019,accelerometer_icetag,,,,,
Données completes/Données accelerometres/Winter 2019/Icetag/IceTags_Data/1 week IceTags (per minute)/16JAN2019-23JAN2019/01-23-19 (Jordan will fix this)/IceTag 50001522 (P)_01-16-2019__15;11;06_LB.csv,IceTag 50001522 (P)_01-16-2019__15;11;06_LB.csv,.csv,winter 2019,accelerometer_icetag,,,,,
Données completes/Données accelerometres/Winter 2019/Icetag/IceTags_Data/1 week IceTags (per minute)/16JAN2019-23JAN2019/01-23-19 (Jordan will fix this)/IceTag 50001524 (P)_01-16-2019__15;12;42.csv,IceTag 50001524 (P)_01-16-2019__15;12;42.csv,.csv,winter 2019,accelerometer_icetag,,,,,
Données completes/Données accelerometres/Winter 2019/Icetag/IceTags_Data/1 week IceTags (per minute)/16JAN2019-23JAN2019/01-23-19 (Jordan will fix this)/IceTag 50001524 (P)_01-16-2019__15;12;42_LB.csv,IceTag 50001524 (P)_01-16-2019__15;12;42_LB.csv,.csv,winter 2019,accelerometer_icetag,,,,,
Données completes/Données accelerometres/Winter 2019/Icetag/IceTags_Data/1 week IceTags (per minute)/16JAN2019-23JAN2019/01-23-19 (Jordan will fix this)/IceTag 50001525 (P)_01-16-2019__15;12;17.csv,IceTag 50001525 (P)_01-16-2019__15;12;17.csv,.csv,winter 2019,accelerometer_icetag,,,,,
Données completes/Données accelerometres/Winter 2019/Icetag/IceTags_Data/1 week IceTags (per minute)/16JAN2019-23JAN2019/01-23-19 (Jordan will fix this)/IceTag 50001525 (P)_01-16-2019__15;12;17_LB.csv,IceTag 50001525 (P)_01-16-2019__15;12;17_LB.csv,.csv,winter 2019,accelerometer_icetag,,,,,
Données completes/Données accelerometres/Winter 2019/Icetag/IceTags_Data/1 week IceTags (per minute)/16JAN2019-23JAN2019/01-23-19 (Jordan will fix this)/IceTag 50001526 (P)_01-16-2019__15;17;04.csv,IceTag 50001526 (P)_01-16-2019__15;17;04.csv,.csv,winter 2019,accelerometer_icetag,,,,,
Données completes/Données accelerometres/Winter 2019/Icetag/IceTags_Data/1 week IceTags (per minute)/16JAN2019-23JAN2019/01-23-19 (Jordan will fix this)/IceTag 50001526 (P)_01-16-2019__15;17;04_LB.csv,IceTag 50001526 (P)_01-16-2019__15;17;04_LB.csv,.csv,winter 2019,accelerometer_icetag,,,,,
Données completes/Données accelerometres/Winter 2019/Icetag/IceTags_Data/1 week IceTags (per minute)/16JAN2019-23JAN2019/01-23-19 (Jordan will fix this)/IceTag 50001576 (P)_01-16-2019__15;16;05.csv,IceTag 50001576 (P)_01-16-2019__15;16;05.csv,.csv,winter 2019,accelerometer_icetag,,,,,
Données completes/Données accelerometres/Winter 2019/Icetag/IceTags_Data/1 week IceTags (per minute)/16JAN2019-23JAN2019/01-23-19 (Jordan will fix this)/IceTag 50001576 (P)_01-16-2019__15;16;05_LB.csv,IceTag 50001576 (P)_01-16-2019__15;16;05_LB.csv,.csv,winter 2019,accelerometer_icetag,,,,,
Données completes/Données accelerometres/Winter 2019/Icetag/IceTags_Data/1 week IceTags (per minute)/16JAN2019-23JAN2019/01-23-19 (Jordan will fix this)/IceTag 50001985 (P)_01-16-2019__15;17;50.csv,IceTag 50001985 (P)_01-16-2019__15;17;50.csv,.csv,winter 2019,accelerometer_icetag,,,,,
Données completes/Données accelerometres/Winter 2019/Icetag/IceTags_Data/1 week IceTags (per minute)/16JAN2019-23JAN2019/01-23-19 (Jordan will fix this)/IceTag 50001985 (P)_01-16-2019__15;17;50_LB.csv,IceTag 50001985 (P)_01-16-2019__15;17;50_LB.csv,.csv,winter 2019,accelerometer_icetag,,,,,
Données completes/Données accelerometres/Winter 2019/Icetag/IceTags_Data/1 week IceTags (per minute)/16JAN2019-23JAN2019/01-23-19 (Jordan will fix this)/IceTag 50001988 (P)_01-16-2019__15;18;19.csv,IceTag 50001988 (P)_01-16-2019__15;18;19.csv,.csv,winter 2019,accelerometer_icetag,,,,,
Données completes/Données accelerometres/Winter 2019/Icetag/IceTags_Data/1 week IceTags (per minute)/16JAN2019-23JAN2019/01-23-19 (Jordan will fix this)/IceTag 50001988 (P)_01-16-2019__15;18;19_LB.csv,IceTag 50001988 (P)_01-16-2019__15;18;19_LB.csv,.csv,winter 2019,accelerometer_icetag,,,,,
Données completes/Données accelerometres/Winter 2019/Icetag/IceTags_Data/1 week IceTags (per minute)/16JAN2019-23JAN2019/01-23-19 (Jordan will fix this)/IceTag 50001990 (P)_01-16-2019__15;18;08.csv,IceTag 50001990 (P)_01-16-2019__15;18;08.csv,.csv,winter 2019,accelerometer_icetag,,,,,
Données completes/Données accelerometres/Winter 2019/Icetag/IceTags_Data/1 week IceTags (per minute)/16JAN2019-23JAN2019/01-23-19 (Jordan will fix this)/IceTag 50001990 (P)_01-16-2019__15;18;08_LB.csv,IceTag 50001990 (P)_01-16-2019__15;18;08_LB.csv,.csv,winter 2019,accelerometer_icetag,,,,,
Données completes/Données accelerometres/Winter 2019/Icetag/IceTags_Data/1 week IceTags (per minute)/16JAN2019-23JAN2019/01-23-19 (Jordan will fix this)/IceTag 50001991 (P)_01-17-2019__08;23;47.csv,IceTag 50001991 (P)_01-17-2019__08;23;47.csv,.csv,winter 2019,accelerometer_icetag,,,,,
Données completes/Données accelerometres/Winter 2019/Icetag/IceTags_Data/1 week IceTags (per minute)/16JAN2019-23JAN2019/01-23-19 (Jordan will fix this)/IceTag 50001991 (P)_01-17-2019__08;23;47_LB.csv,IceTag 50001991 (P)_01-17-2019__08;23;47_LB.csv,.csv,winter 2019,accelerometer_icetag,,,,,
Données completes/Données accelerometres/Winter 2019/Icetag/IceTags_Data/1 week IceTags (per minute)/16JAN2019-23JAN2019/01-23-19 (Jordan will fix this)/IceTag 50001993 (P)_01-16-2019__15;18;06.csv,IceTag 50001993 (P)_01-16-2019__15;18;06.csv,.csv,winter 2019,accelerometer_icetag,,,,,
Données completes/Données accelerometres/Winter 2019/Icetag/IceTags_Data/1 week IceTags (per minute)/16JAN2019-23JAN2019/01-23-19 (Jordan will fix this)/IceTag 50001993 (P)_01-16-2019__15;18;06_LB.csv,IceTag 50001993 (P)_01-16-2019__15;18;06_LB.csv,.csv,winter 2019,accelerometer_icetag,,,,,
Données completes/Données accelerometres/Winter 2019/Icetag/IceTags_Data/1 week IceTags (per minute)/16JAN2019-23JAN2019/01-23-19 (Jordan will fix this)/IceTag 50001994 (P)_01-16-2019__15;07;23.csv,IceTag 50001994 (P)_01-16-2019__15;07;23.csv,.csv,winter 2019,accelerometer_icetag,,,,,
Données completes/Données accelerometres/Winter 2019/Icetag/IceTags_Data/1 week IceTags (per minute)/16JAN2019-23JAN2019/01-23-19 (Jordan will fix this)/IceTag 50001994 (P)_01-16-2019__15;07;23_LB.csv,IceTag 50001994 (P)_01-16-2019__15;07;23_LB.csv,.csv,winter 2019,accelerometer_icetag,,,,,
Données completes/Données accelerometres/Winter 2019/Icetag/IceTags_Data/1 week IceTags (per minute)/16JAN2019-23JAN2019/01-23-19 (Jordan will fix this)/IceTag 50001995 (P)_01-16-2019__15;18;13.csv,IceTag 50001995 (P)_01-16-2019__15;18;13.csv,.csv,winter 2019,accelerometer_icetag,,,,,
Données completes/Données accelerometres/Winter 2019/Icetag/IceTags_Data/1 week IceTags (per minute)/16JAN2019-23JAN2019/01-23-19 (Jordan will fix this)/IceTag 50001995 (P)_01-16-2019__15;18;13_LB.csv,IceTag 50001995 (P)_01-16-2019__15;18;13_LB.csv,.csv,winter 2019,accelerometer_icetag,,,,,
Données completes/Données accelerometres/Winter 2019/Icetag/IceTags_Data/1 week IceTags (per minute)/16JAN2019-23JAN2019/2047_Tag1985_16JAN2019-XXXX_23JAN2019-1401.csv,2047_Tag1985_16JAN2019-XXXX_23JAN2019-1401.csv,.csv,winter 2019,accelerometer_icetag,,,,,
Données completes/Données accelerometres/Winter 2019/Icetag/IceTags_Data/1 week IceTags (per minute)/16JAN2019-23JAN2019/2047_Tag1985_16JAN2019-XXXX_23JAN2019-1401_LB.csv,2047_Tag1985_16JAN2019-XXXX_23JAN2019-1401_LB.csv,.csv,winter 2019,accelerometer_icetag,,,,,
Données completes/Données accelerometres/Winter 2019/Icetag/IceTags_Data/1 week IceTags (per minute)/16JAN2019-23JAN2019/2056_Tag1518_16JAN2019-XXXX_23JAN2019-1308.csv,2056_Tag1518_16JAN2019-XXXX_23JAN2019-1308.csv,.csv,winter 2019,accelerometer_icetag,,,,,
Données completes/Données accelerometres/Winter 2019/Icetag/IceTags_Data/1 week IceTags (per minute)/16JAN2019-23JAN2019/2056_Tag1518_16JAN2019-XXXX_23JAN2019-1308_LB.csv,2056_Tag1518_16JAN2019-XXXX_23JAN2019-1308_LB.csv,.csv,winter 2019,accelerometer_icetag,,,,,
Données completes/Données accelerometres/Winter 2019/Icetag/IceTags_Data/1 week IceTags (per minute)/16JAN2019-23JAN2019/2063_Tag1995_16JAN2019-XXXX_23JAN2019-1402.csv,2063_Tag1995_16JAN2019-XXXX_23JAN2019-1402.csv,.csv,winter 2019,accelerometer_icetag,,,,,
Données completes/Données accelerometres/Winter 2019/Icetag/IceTags_Data/1 week IceTags (per minute)/16JAN2019-23JAN2019/2063_Tag1995_16JAN2019-XXXX_23JAN2019-1402_LB.csv,2063_Tag1995_16JAN2019-XXXX_23JAN2019-1402_LB.csv,.csv,winter 2019,accelerometer_icetag,,,,,
Données completes/Données accelerometres/Winter 2019/Icetag/IceTags_Data/1 week IceTags (per minute)/16JAN2019-23JAN2019/2069_Tag1524_16JAN2019-XXXX_23JAN2019-1403.csv,2069_Tag1524_16JAN2019-XXXX_23JAN2019-1403.csv,.csv,winter 2019,accelerometer_icetag,,,,,
Données completes/Données accelerometres/Winter 2019/Icetag/IceTags_Data/1 week IceTags (per minute)/16JAN2019-23JAN2019/2069_Tag1524_16JAN2019-XXXX_23JAN2019-1403_LB.csv,2069_Tag1524_16JAN2019-XXXX_23JAN2019-1403_LB.csv,.csv,winter 2019,accelerometer_icetag,,,,,
Données completes/Données accelerometres/Winter 2019/Icetag/IceTags_Data/1 week IceTags (per minute)/16JAN2019-23JAN2019/2081_Tag1994_16JAN2019-XXXX_23JAN2019-1307.csv,2081_Tag1994_16JAN2019-XXXX_23JAN2019-1307.csv,.csv,winter 2019,accelerometer_icetag,,,,,
Données completes/Données accelerometres/Winter 2019/Icetag/IceTags_Data/1 week IceTags (per minute)/16JAN2019-23JAN2019/2081_Tag1994_16JAN2019-XXXX_23JAN2019-1307_LB.csv,2081_Tag1994_16JAN2019-XXXX_23JAN2019-1307_LB.csv,.csv,winter 2019,accelerometer_icetag,,,,,
Données completes/Données accelerometres/Winter 2019/Icetag/IceTags_Data/1 week IceTags (per minute)/16JAN2019-23JAN2019/3437_Tag1526_16JAN2019-XXXX_23JAN2019-1301.csv,3437_Tag1526_16JAN2019-XXXX_23JAN2019-1301.csv,.csv,winter 2019,accelerometer_icetag,,,,,
Données completes/Données accelerometres/Winter 2019/Icetag/IceTags_Data/1 week IceTags (per minute)/16JAN2019-23JAN2019/3437_Tag1526_16JAN2019-XXXX_23JAN2019-1301_LB.csv,3437_Tag1526_16JAN2019-XXXX_23JAN2019-1301_LB.csv,.csv,winter 2019,accelerometer_icetag,,,,,
Données completes/Données accelerometres/Winter 2019/Icetag/IceTags_Data/1 week IceTags (per minute)/16JAN2019-23JAN2019/3443_Tag1993_16JAN2019-XXXX_23JAN2019-1302.csv,3443_Tag1993_16JAN2019-XXXX_23JAN2019-1302.csv,.csv,winter 2019,accelerometer_icetag,,,,,
Données completes/Données accelerometres/Winter 2019/Icetag/IceTags_Data/1 week IceTags (per minute)/16JAN2019-23JAN2019/3443_Tag1993_16JAN2019-XXXX_23JAN2019-1302_LB.csv,3443_Tag1993_16JAN2019-XXXX_23JAN2019-1302_LB.csv,.csv,winter 2019,accelerometer_icetag,,,,,
Données completes/Données accelerometres/Winter 2019/Icetag/IceTags_Data/1 week IceTags (per minute)/16JAN2019-23JAN2019/5221_Tag1576_16JAN2019-XXXX_23JAN2019-1359.csv,5221_Tag1576_16JAN2019-XXXX_23JAN2019-1359.csv,.csv,winter 2019,accelerometer_icetag,,,,,
Données completes/Données accelerometres/Winter 2019/Icetag/IceTags_Data/1 week IceTags (per minute)/16JAN2019-23JAN2019/5221_Tag1576_16JAN2019-XXXX_23JAN2019-1359_LB.csv,5221_Tag1576_16JAN2019-XXXX_23JAN2019-1359_LB.csv,.csv,winter 2019,accelerometer_icetag,,,,,
Données completes/Données accelerometres/Winter 2019/Icetag/IceTags_Data/1 week IceTags (per minute)/16JAN2019-23JAN2019/5250_Tag1520_16JAN2019-XXXX_23JAN2019-1303.csv,5250_Tag1520_16JAN2019-XXXX_23JAN2019-1303.csv,.csv,winter 2019,accelerometer_icetag,,,,,
Données completes/Données accelerometres/Winter 2019/Icetag/IceTags_Data/1 week IceTags (per minute)/16JAN2019-23JAN2019/5250_Tag1520_16JAN2019-XXXX_23JAN2019-1303_LB.csv,5250_Tag1520_16JAN2019-XXXX_23JAN2019-1303_LB.csv,.csv,winter 2019,accelerometer_icetag,,,,,
Données completes/Données accelerometres/Winter 2019/Icetag/IceTags_Data/1 week IceTags (per minute)/16JAN2019-23JAN2019/8500_Tag1990_16JAN2019-XXXX_23JAN2019-1346.csv,8500_Tag1990_16JAN2019-XXXX_23JAN2019-1346.csv,.csv,winter 2019,accelerometer_icetag,,,,,
Données completes/Données accelerometres/Winter 2019/Icetag/IceTags_Data/1 week IceTags (per minute)/16JAN2019-23JAN2019/8500_Tag1990_16JAN2019-XXXX_23JAN2019-1346_LB.csv,8500_Tag1990_16JAN2019-XXXX_23JAN2019-1346_LB.csv,.csv,winter 2019,accelerometer_icetag,,,,,
Données completes/Données accelerometres/Winter 2019/Icetag/IceTags_Data/1 week IceTags (per minute)/16JAN2019-23JAN2019/8502_Tag1988_16JAN2019-XXXX_23JAN2019-XXXX.csv,8502_Tag1988_16JAN2019-XXXX_23JAN2019-XXXX.csv,.csv,winter 2019,accelerometer_icetag,,,,,
Données completes/Données accelerometres/Winter 2019/Icetag/IceTags_Data/1 week IceTags (per minute)/16JAN2019-23JAN2019/8502_Tag1988_16JAN2019-XXXX_23JAN2019-XXXX_LB.csv,8502_Tag1988_16JAN2019-XXXX_23JAN2019-XXXX_LB.csv,.csv,winter 2019,accelerometer_icetag,,,,,
Données completes/Données accelerometres/Winter 2019/Icetag/IceTags_Data/1 week IceTags (per minute)/16JAN2019-23JAN2019/8505_Tag1522_16JAN2019-XXXX_23JAN2019-1351.csv,8505_Tag1522_16JAN2019-XXXX_23JAN2019-1351.csv,.csv,winter 2019,accelerometer_icetag,,,,,
Données completes/Données accelerometres/Winter 2019/Icetag/IceTags_Data/1 week IceTags (per minute)/16JAN2019-23JAN2019/8505_Tag1522_16JAN2019-XXXX_23JAN2019-1351_LB.csv,8505_Tag1522_16JAN2019-XXXX_23JAN2019-1351_LB.csv,.csv,winter 2019,accelerometer_icetag,,,,,
Données completes/Données accelerometres/Winter 2019/Icetag/IceTags_Data/1 week IceTags (per minute)/16JAN2019-23JAN2019/8506_Tag1525_17JAN2019-0845_23JAN2019-1349.csv,8506_Tag1525_17JAN2019-0845_23JAN2019-1349.csv,.csv,winter 2019,accelerometer_icetag,,,,,
Données completes/Données accelerometres/Winter 2019/Icetag/IceTags_Data/1 week IceTags (per minute)/16JAN2019-23JAN2019/8506_Tag1525_17JAN2019-0845_23JAN2019-1349_LB.csv,8506_Tag1525_17JAN2019-0845_23JAN2019-1349_LB.csv,.csv,winter 2019,accelerometer_icetag,,,,,
Données completes/Données accelerometres/Winter 2019/Icetag/IceTags_Data/1 week IceTags (per minute)/16JAN2019-23JAN2019/8508_Tag1516_16JAN2019-XXXX_23JAN2019-1300.csv,8508_Tag1516_16JAN2019-XXXX_23JAN2019-1300.csv,.csv,winter 2019,accelerometer_icetag,,,,,
Données completes/Données accelerometres/Winter 2019/Icetag/IceTags_Data/1 week IceTags (per minute)/16JAN2019-23JAN2019/8508_Tag1516_16JAN2019-XXXX_23JAN2019-1300_LB.csv,8508_Tag1516_16JAN2019-XXXX_23JAN2019-1300_LB.csv,.csv,winter 2019,accelerometer_icetag,,,,,
Données completes/Données accelerometres/Winter 2019/Icetag/IceTags_Data/1 week IceTags (per minute)/16JAN2019-23JAN2019/8510_Tag1991_17JAN2019-XXXX_23JAN2019-XXXX.csv,8510_Tag1991_17JAN2019-XXXX_23JAN2019-XXXX.csv,.csv,winter 2019,accelerometer_icetag,,,,,
Données completes/Données accelerometres/Winter 2019/Icetag/IceTags_Data/1 week IceTags (per minute)/16JAN2019-23JAN2019/8510_Tag1991_17JAN2019-XXXX_23JAN2019-XXXX_LB.csv,8510_Tag1991_17JAN2019-XXXX_23JAN2019-XXXX_LB.csv,.csv,winter 2019,accelerometer_icetag,,,,,
Données completes/Données accelerometres/Winter 2019/Icetag/IceTags_Data/1 week IceTags (per minute)/22FEB2019-01MAR2019/2047_Tag26_22FEB2019-1351_01MAR2019-1353.csv,2047_Tag26_22FEB2019-1351_01MAR2019-1353.csv,.csv,winter 2019,accelerometer_icetag,,,,,
Données completes/Données accelerometres/Winter 2019/Icetag/IceTags_Data/1 week IceTags (per minute)/22FEB2019-01MAR2019/2047_Tag26_22FEB2019-1351_01MAR2019-1353_LB.csv,2047_Tag26_22FEB2019-1351_01MAR2019-1353_LB.csv,.csv,winter 2019,accelerometer_icetag,,,,,
Données completes/Données accelerometres/Winter 2019/Icetag/IceTags_Data/1 week IceTags (per minute)/22FEB2019-01MAR2019/2056_Tag24_22FEB2019-1422_01MAR2019-1413.csv,2056_Tag24_22FEB2019-1422_01MAR2019-1413.csv,.csv,winter 2019,accelerometer_icetag,,,,,
Données completes/Données accelerometres/Winter 2019/Icetag/IceTags_Data/1 week IceTags (per minute)/22FEB2019-01MAR2019/2056_Tag24_22FEB2019-1422_01MAR2019-1413_LB.csv,2056_Tag24_22FEB2019-1422_01MAR2019-1413_LB.csv,.csv,winter 2019,accelerometer_icetag,,,,,
Données completes/Données accelerometres/Winter 2019/Icetag/IceTags_Data/1 week IceTags (per minute)/22FEB2019-01MAR2019/2063_Tag20_22FEB2019-1353_01MAR2019-1355.csv,2063_Tag20_22FEB2019-1353_01MAR2019-1355.csv,.csv,winter 2019,accelerometer_icetag,,,,,
Données completes/Données accelerometres/Winter 2019/Icetag/IceTags_Data/1 week IceTags (per minute)/22FEB2019-01MAR2019/2063_Tag20_22FEB2019-1353_01MAR2019-1355_LB.csv,2063_Tag20_22FEB2019-1353_01MAR2019-1355_LB.csv,.csv,winter 2019,accelerometer_icetag,,,,,
Données completes/Données accelerometres/Winter 2019/Icetag/IceTags_Data/1 week IceTags (per minute)/22FEB2019-01MAR2019/2069_Tag21_22FEB2019-1353_01MAR2019-1413.csv,2069_Tag21_22FEB2019-1353_01MAR2019-1413.csv,.csv,winter 2019,accelerometer_icetag,,,,,
Données completes/Données accelerometres/Winter 2019/Icetag/IceTags_Data/1 week IceTags (per minute)/22FEB2019-01MAR2019/2069_Tag21_22FEB2019-1353_01MAR2019-1413_LB.csv,2069_Tag21_22FEB2019-1353_01MAR2019-1413_LB.csv,.csv,winter 2019,accelerometer_icetag,,,,,
Données completes/Données accelerometres/Winter 2019/Icetag/IceTags_Data/1 week IceTags (per minute)/22FEB2019-01MAR2019/2081_Tag18_22FEB2019-1353_01MAR2019-1355.csv,2081_Tag18_22FEB2019-1353_01MAR2019-1355.csv,.csv,winter 2019,accelerometer_icetag,,,,,
Données completes/Données accelerometres/Winter 2019/Icetag/IceTags_Data/1 week IceTags (per minute)/22FEB2019-01MAR2019/2081_Tag18_22FEB2019-1353_01MAR2019-1355_LB.csv,2081_Tag18_22FEB2019-1353_01MAR2019-1355_LB.csv,.csv,winter 2019,accelerometer_icetag,,,,,
Données completes/Données accelerometres/Winter 2019/Icetag/IceTags_Data/1 week IceTags (per minute)/22FEB2019-01MAR2019/3443_Tag22_22FEB2019-1325_01MAR2019-1312.csv,3443_Tag22_22FEB2019-1325_01MAR2019-1312.csv,.csv,winter 2019,accelerometer_icetag,,,,,
Données completes/Données accelerometres/Winter 2019/Icetag/IceTags_Data/1 week IceTags (per minute)/22FEB2019-01MAR2019/3443_Tag22_22FEB2019-1325_01MAR2019-1312_LB.csv,3443_Tag22_22FEB2019-1325_01MAR2019-1312_LB.csv,.csv,winter 2019,accelerometer_icetag,,,,,
Données completes/Données accelerometres/Winter 2019/Icetag/IceTags_Data/1 week IceTags (per minute)/22FEB2019-01MAR2019/5221_Tag89_22FEB2019-1350_01MAR2019-1353.csv,5221_Tag89_22FEB2019-1350_01MAR2019-1353.csv,.csv,winter 2019,accelerometer_icetag,,,,,
Données completes/Données accelerometres/Winter 2019/Icetag/IceTags_Data/1 week IceTags (per minute)/22FEB2019-01MAR2019/5221_Tag89_22FEB2019-1350_01MAR2019-1353_LB.csv,5221_Tag89_22FEB2019-1350_01MAR2019-1353_LB.csv,.csv,winter 2019,accelerometer_icetag,,,,,
Données completes/Données accelerometres/Winter 2019/Icetag/IceTags_Data/1 week IceTags (per minute)/22FEB2019-01MAR2019/5246_Tag92_22FEB2019-1352_01MAR2019-1354.csv,5246_Tag92_22FEB2019-1352_01MAR2019-1354.csv,.csv,winter 2019,accelerometer_icetag,,,,,
Données completes/Données accelerometres/Winter 2019/Icetag/IceTags_Data/1 week IceTags (per minute)/22FEB2019-01MAR2019/5246_Tag92_22FEB2019-1352_01MAR2019-1354_LB.csv,5246_Tag92_22FEB2019-1352_01MAR2019-1354_LB.csv,.csv,winter 2019,accelerometer_icetag,,,,,
Données completes/Données accelerometres/Winter 2019/Icetag/IceTags_Data/1 week IceTags (per minute)/22FEB2019-01MAR2019/5250_Tag97_22FEB2019-1350_01MAR2019-1351.csv,5250_Tag97_22FEB2019-1350_01MAR2019-1351.csv,.csv,winter 2019,accelerometer_icetag,,,,,
Données completes/Données accelerometres/Winter 2019/Icetag/IceTags_Data/1 week IceTags (per minute)/22FEB2019-01MAR2019/5250_Tag97_22FEB2019-1350_01MAR2019-1351_LB.csv,5250_Tag97_22FEB2019-1350_01MAR2019-1351_LB.csv,.csv,winter 2019,accelerometer_icetag,,,,,
Données completes/Données accelerometres/Winter 2019/Icetag/IceTags_Data/1 week IceTags (per minute)/22FEB2019-01MAR2019/8500_Tag93_22FEB2019-1324_01MAR2019-1311.csv,8500_Tag93_22FEB2019-1324_01MAR2019-1311.csv,.csv,winter 2019,accelerometer_icetag,,,,,
Données completes/Données accelerometres/Winter 2019/Icetag/IceTags_Data/1 week IceTags (per minute)/22FEB2019-01MAR2019/8500_Tag93_22FEB2019-1324_01MAR2019-1311_LB.csv,8500_Tag93_22FEB2019-1324_01MAR2019-1311_LB.csv,.csv,winter 2019,accelerometer_icetag,,,,,
Données completes/Données accelerometres/Winter 2019/Icetag/IceTags_Data/1 week IceTags (per minute)/22FEB2019-01MAR2019/8505_Tag91_22FEB2019-1322_01MAR2019-1306.csv,8505_Tag91_22FEB2019-1322_01MAR2019-1306.csv,.csv,winter 2019,accelerometer_icetag,,,,,
Données completes/Données accelerometres/Winter 2019/Icetag/IceTags_Data/1 week IceTags (per minute)/22FEB2019-01MAR2019/8505_Tag91_22FEB2019-1322_01MAR2019-1306_LB.csv,8505_Tag91_22FEB2019-1322_01MAR2019-1306_LB.csv,.csv,winter 2019,accelerometer_icetag,,,,,
Données completes/Données accelerometres/Winter 2019/Icetag/IceTags_Data/1 week IceTags (per minute)/22FEB2019-01MAR2019/8506_Tag94_22FEB2019-1322_01MAR2019-1307.csv,8506_Tag94_22FEB2019-1322_01MAR2019-1307.csv,.csv,winter 2019,accelerometer_icetag,,,,,
Données completes/Données accelerometres/Winter 2019/Icetag/IceTags_Data/1 week IceTags (per minute)/22FEB2019-01MAR2019/8506_Tag94_22FEB2019-1322_01MAR2019-1307_LB.csv,8506_Tag94_22FEB2019-1322_01MAR2019-1307_LB.csv,.csv,winter 2019,accelerometer_icetag,,,,,
Données completes/Données accelerometres/Winter 2019/Icetag/IceTags_Data/1 week IceTags (per minute)/22FEB2019-01MAR2019/8508_Tag16_22FEB2019-1321_01MAR2019-1306.csv,8508_Tag16_22FEB2019-1321_01MAR2019-1306.csv,.csv,winter 2019,accelerometer_icetag,,,,,
Données completes/Données accelerometres/Winter 2019/Icetag/IceTags_Data/1 week IceTags (per minute)/22FEB2019-01MAR2019/8508_Tag16_22FEB2019-1321_01MAR2019-1306_LB.csv,8508_Tag16_22FEB2019-1321_01MAR2019-1306_LB.csv,.csv,winter 2019,accelerometer_icetag,,,,,
Données completes/Données accelerometres/Winter 2019/Icetag/IceTags_Data/1 week IceTags (per minute)/22FEB2019-01MAR2019/8510_Tag86_22FEB2019-1322_01MAR2019-1308.csv,8510_Tag86_22FEB2019-1322_01MAR2019-1308.csv,.csv,winter 2019,accelerometer_icetag,,,,,
Données completes/Données accelerometres/Winter 2019/Icetag/IceTags_Data/1 week IceTags (per minute)/22FEB2019-01MAR2019/8510_Tag86_22FEB2019-1322_01MAR2019-1308_LB.csv,8510_Tag86_22FEB2019-1322_01MAR2019-1308_LB.csv,.csv,winter 2019,accelerometer_icetag,,,,,
Données completes/Données accelerometres/Winter 2019/Icetag/IceTags_Data/1 week IceTags (per minute)/22MAR2019-29MAR2019/2056_Tag86_22MAR2019-1047_29MAR2019-1442.csv,2056_Tag86_22MAR2019-1047_29MAR2019-1442.csv,.csv,winter 2019,accelerometer_icetag,,,,,
Données completes/Données accelerometres/Winter 2019/Icetag/IceTags_Data/1 week IceTags (per minute)/22MAR2019-29MAR2019/2056_Tag86_22MAR2019-1047_29MAR2019-1442_LB.csv,2056_Tag86_22MAR2019-1047_29MAR2019-1442_LB.csv,.csv,winter 2019,accelerometer_icetag,,,,,
Données completes/Données accelerometres/Winter 2019/Icetag/IceTags_Data/1 week IceTags (per minute)/22MAR2019-29MAR2019/2063_Tag87_22MAR2019-0947_29MAR2019-1415.csv,2063_Tag87_22MAR2019-0947_29MAR2019-1415.csv,.csv,winter 2019,accelerometer_icetag,,,,,
Données completes/Données accelerometres/Winter 2019/Icetag/IceTags_Data/1 week IceTags (per minute)/22MAR2019-29MAR2019/2063_Tag87_22MAR2019-0947_29MAR2019-1415_LB.csv,2063_Tag87_22MAR2019-0947_29MAR2019-1415_LB.csv,.csv,winter 2019,accelerometer_icetag,,,,,
Données completes/Données accelerometres/Winter 2019/Icetag/IceTags_Data/1 week IceTags (per minute)/22MAR2019-29MAR2019/2069_Tag89_22MAR2019-1050_29MAR2019-1442.csv,2069_Tag89_22MAR2019-1050_29MAR2019-1442.csv,.csv,winter 2019,accelerometer_icetag,,,,,
Données completes/Données accelerometres/Winter 2019/Icetag/IceTags_Data/1 week IceTags (per minute)/22MAR2019-29MAR2019/2069_Tag89_22MAR2019-1050_29MAR2019-1442_LB.csv,2069_Tag89_22MAR2019-1050_29MAR2019-1442_LB.csv,.csv,winter 2019,accelerometer_icetag,,,,,
Données completes/Données accelerometres/Winter 2019/Icetag/IceTags_Data/1 week IceTags (per minute)/22MAR2019-29MAR2019/2081_Tag21_22MAR2019-1046_29MAR2019-1415.csv,2081_Tag21_22MAR2019-1046_29MAR2019-1415.csv,.csv,winter 2019,accelerometer_icetag,,,,,
Données completes/Données accelerometres/Winter 2019/Icetag/IceTags_Data/1 week IceTags (per minute)/22MAR2019-29MAR2019/2081_Tag21_22MAR2019-1046_29MAR2019-1415_LB.csv,2081_Tag21_22MAR2019-1046_29MAR2019-1415_LB.csv,.csv,winter 2019,accelerometer_icetag,,,,,
Données completes/Données accelerometres/Winter 2019/Icetag/IceTags_Data/1 week IceTags (per minute)/22MAR2019-29MAR2019/3437_Tag93_22MAR2019-1027_29MAR2019-1317.csv,3437_Tag93_22MAR2019-1027_29MAR2019-1317.csv,.csv,winter 2019,accelerometer_icetag,,,,,
Données completes/Données accelerometres/Winter 2019/Icetag/IceTags_Data/1 week IceTags (per minute)/22MAR2019-29MAR2019/3437_Tag93_22MAR2019-1027_29MAR2019-1317_LB.csv,3437_Tag93_22MAR2019-1027_29MAR2019-1317_LB.csv,.csv,winter 2019,accelerometer_icetag,,,,,
Données completes/Données accelerometres/Winter 2019/Icetag/IceTags_Data/1 week IceTags (per minute)/22MAR2019-29MAR2019/3443_Tag20_22MAR2019-1024_29MAR2019-1409.csv,3443_Tag20_22MAR2019-1024_29MAR2019-1409.csv,.csv,winter 2019,accelerometer_icetag,,,,,
Données completes/Données accelerometres/Winter 2019/Icetag/IceTags_Data/1 week IceTags (per minute)/22MAR2019-29MAR2019/3443_Tag20_22MAR2019-1024_29MAR2019-1409_LB.csv,3443_Tag20_22MAR2019-1024_29MAR2019-1409_LB.csv,.csv,winter 2019,accelerometer_icetag,,,,,
Données completes/Données accelerometres/Winter 2019/Icetag/IceTags_Data/1 week IceTags (per minute)/22MAR2019-29MAR2019/5221_Tag96_22MAR2019-0945_29MAR2019-1410.csv,5221_Tag96_22MAR2019-0945_29MAR2019-1410.csv,.csv,winter 2019,accelerometer_icetag,,,,,
Données completes/Données accelerometres/Winter 2019/Icetag/IceTags_Data/1 week IceTags (per minute)/22MAR2019-29MAR2019/5221_Tag96_22MAR2019-0945_29MAR2019-1410_LB.csv,5221_Tag96_22MAR2019-0945_29MAR2019-1410_LB.csv,.csv,winter 2019,accelerometer_icetag,,,,,
Données completes/Données accelerometres/Winter 2019/Icetag/IceTags_Data/1 week IceTags (per minute)/22MAR2019-29MAR2019/5246_Tag92_22MAR2019-1026_29MAR2019-1411.csv,5246_Tag92_22MAR2019-1026_29MAR2019-1411.csv,.csv,winter 2019,accelerometer_icetag,,,,,
Données completes/Données accelerometres/Winter 2019/Icetag/IceTags_Data/1 week IceTags (per minute)/22MAR2019-29MAR2019/5246_Tag92_22MAR2019-1026_29MAR2019-1411_LB.csv,5246_Tag92_22MAR2019-1026_29MAR2019-1411_LB.csv,.csv,winter 2019,accelerometer_icetag,,,,,
Données completes/Données accelerometres/Winter 2019/Icetag/IceTags_Data/1 week IceTags (per minute)/22MAR2019-29MAR2019/5250_Tag91_22MAR2019-1025_29MAR2019-1409.csv,5250_Tag91_22MAR2019-1025_29MAR2019-1409.csv,.csv,winter 2019,accelerometer_icetag,,,,,
Données completes/Données accelerometres/Winter 2019/Icetag/IceTags_Data/1 week IceTags (per minute)/22MAR2019-29MAR2019/5250_Tag91_22MAR2019-1025_29MAR2019-1409_LB.csv,5250_Tag91_22MAR2019-1025_29MAR2019-1409_LB.csv,.csv,winter 2019,accelerometer_icetag,,,,,
Données completes/Données accelerometres/Winter 2019/Icetag/IceTags_Data/1 week IceTags (per minute)/22MAR2019-29MAR2019/8500_Tag85_22MAR2019-0944_29MAR2019-1318.csv,8500_Tag85_22MAR2019-0944_29MAR2019-1318.csv,.csv,winter 2019,accelerometer_icetag,,,,,
Données completes/Données accelerometres/Winter 2019/Icetag/IceTags_Data/1 week IceTags (per minute)/22MAR2019-29MAR2019/8500_Tag85_22MAR2019-0944_29MAR2019-1318_LB.csv,8500_Tag85_22MAR2019-0944_29MAR2019-1318_LB.csv,.csv,winter 2019,accelerometer_icetag,,,,,
Données completes/Données accelerometres/Winter 2019/Icetag/IceTags_Data/1 week IceTags (per minute)/22MAR2019-29MAR2019/8502_Tag90_22MAR2019-0944_29MAR2019-1318.csv,8502_Tag90_22MAR2019-0944_29MAR2019-1318.csv,.csv,winter 2019,accelerometer_icetag,,,,,
Données completes/Données accelerometres/Winter 2019/Icetag/IceTags_Data/1 week IceTags (per minute)/22MAR2019-29MAR2019/8502_Tag90_22MAR2019-0944_29MAR2019-1318_LB.csv,8502_Tag90_22MAR2019-0944_29MAR2019-1318_LB.csv,.csv,winter 2019,accelerometer_icetag,,,,,
Données completes/Données accelerometres/Winter 2019/Icetag/IceTags_Data/1 week IceTags (per minute)/22MAR2019-29MAR2019/8505_Tag88_22MAR2019-0942_29MAR2019-1315.csv,8505_Tag88_22MAR2019-0942_29MAR2019-1315.csv,.csv,winter 2019,accelerometer_icetag,,,,,
Données completes/Données accelerometres/Winter 2019/Icetag/IceTags_Data/1 week IceTags (per minute)/22MAR2019-29MAR2019/8505_Tag88_22MAR2019-0942_29MAR2019-1315_LB.csv,8505_Tag88_22MAR2019-0942_29MAR2019-1315_LB.csv,.csv,winter 2019,accelerometer_icetag,,,,,
Données completes/Données accelerometres/Winter 2019/Icetag/IceTags_Data/1 week IceTags (per minute)/22MAR2019-29MAR2019/8506_Tag76_22MAR2019-0942_29MAR2019-1316.csv,8506_Tag76_22MAR2019-0942_29MAR2019-1316.csv,.csv,winter 2019,accelerometer_icetag,,,,,
Données completes/Données accelerometres/Winter 2019/Icetag/IceTags_Data/1 week IceTags (per minute)/22MAR2019-29MAR2019/8506_Tag76_22MAR2019-0942_29MAR2019-1316_LB.csv,8506_Tag76_22MAR2019-0942_29MAR2019-1316_LB.csv,.csv,winter 2019,accelerometer_icetag,,,,,
Données completes/Données accelerometres/Winter 2019/Icetag/IceTags_Data/1 week IceTags (per minute)/22MAR2019-29MAR2019/8508_Tag97_22MAR2019-1023_29MAR2019-1315.csv,8508_Tag97_22MAR2019-1023_29MAR2019-1315.csv,.csv,winter 2019,accelerometer_icetag,,,,,
Données completes/Données accelerometres/Winter 2019/Icetag/IceTags_Data/1 week IceTags (per minute)/22MAR2019-29MAR2019/8508_Tag97_22MAR2019-1023_29MAR2019-1315_LB.csv,8508_Tag97_22MAR2019-1023_29MAR2019-1315_LB.csv,.csv,winter 2019,accelerometer_icetag,,,,,
Données completes/Données accelerometres/Winter 2019/Icetag/IceTags_Data/1 week IceTags (per minute)/22MAR2019-29MAR2019/8510_Tag26_22MAR2019-1022_29MAR2019-1316.csv,8510_Tag26_22MAR2019-1022_29MAR2019-1316.csv,.csv,winter 2019,accelerometer_icetag,,,,,
Données completes/Données accelerometres/Winter 2019/Icetag/IceTags_Data/1 week IceTags (per minute)/22MAR2019-29MAR2019/8510_Tag26_22MAR2019-1022_29MAR2019-1316_LB.csv,8510_Tag26_22MAR2019-1022_29MAR2019-1316_LB.csv,.csv,winter 2019,accelerometer_icetag,,,,,
Données completes/Données accelerometres/Winter 2019/Icetag/IceTags_Data/1 week IceTags (per minute)/23JAN2019-01FEB2019/2047_Tag1994_23JAN2019-1401_01FEB2019-0957.csv,2047_Tag1994_23JAN2019-1401_01FEB2019-0957.csv,.csv,winter 2019,accelerometer_icetag,,,,,
Données completes/Données accelerometres/Winter 2019/Icetag/IceTags_Data/1 week IceTags (per minute)/23JAN2019-01FEB2019/2047_Tag1994_23JAN2019-1401_01FEB2019-0957_LB.csv,2047_Tag1994_23JAN2019-1401_01FEB2019-0957_LB.csv,.csv,winter 2019,accelerometer_icetag,,,,,
Données completes/Données accelerometres/Winter 2019/Icetag/IceTags_Data/1 week IceTags (per minute)/23JAN2019-01FEB2019/2056_Tag1996_23JAN2019-1308_01FEB2019-0952.csv,2056_Tag1996_23JAN2019-1308_01FEB2019-0952.csv,.csv,winter 2019,accelerometer_icetag,,,,,
Données completes/Données accelerometres/Winter 2019/Icetag/IceTags_Data/1 week IceTags (per minute)/23JAN2019-01FEB2019/2056_Tag1996_23JAN2019-1308_01FEB2019-0952_LB.csv,2056_Tag1996_23JAN2019-1308_01FEB2019-0952_LB.csv,.csv,winter 2019,accelerometer_icetag,,,,,
Données completes/Données accelerometres/Winter 2019/Icetag/IceTags_Data/1 week IceTags (per minute)/23JAN2019-01FEB2019/2063_Tag25_23JAN2019-1402_01FEB2019-0955.csv,2063_Tag25_23JAN2019-1402_01FEB2019-0955.csv,.csv,winter 2019,accelerometer_icetag,,,,,
Données completes/Données accelerometres/Winter 2019/Icetag/IceTags_Data/1 week IceTags (per minute)/23JAN2019-01FEB2019/2063_Tag25_23JAN2019-1402_01FEB2019-0955_LB.csv,2063_Tag25_23JAN2019-1402_01FEB2019-0955_LB.csv,.csv,winter 2019,accelerometer_icetag,,,,,
Données completes/Données accelerometres/Winter 2019/Icetag/IceTags_Data/1 week IceTags (per minute)/23JAN2019-01FEB2019/2069_Tag22_23JAN2019-1403_01FEB2019-0954.csv,2069_Tag22_23JAN2019-1403_01FEB2019-0954.csv,.csv,winter 2019,accelerometer_icetag,,,,,
Données completes/Données accelerometres/Winter 2019/Icetag/IceTags_Data/1 week IceTags (per minute)/23JAN2019-01FEB2019/2069_Tag22_23JAN2019-1403_01FEB2019-0954_LB.csv,2069_Tag22_23JAN2019-1403_01FEB2019-0954_LB.csv,.csv,winter 2019,accelerometer_icetag,,,,,
Données completes/Données accelerometres/Winter 2019/Icetag/IceTags_Data/1 week IceTags (per minute)/23JAN2019-01FEB2019/2081_Tag1986_23JAN2019-1307_01FEB2019-0956.csv,2081_Tag1986_23JAN2019-1307_01FEB2019-0956.csv,.csv,winter 2019,accelerometer_icetag,,,,,
Données completes/Données accelerometres/Winter 2019/Icetag/IceTags_Data/1 week IceTags (per minute)/23JAN2019-01FEB2019/2081_Tag1986_23JAN2019-1307_01FEB2019-0956_LB.csv,2081_Tag1986_23JAN2019-1307_01FEB2019-0956_LB.csv,.csv,winter 2019,accelerometer_icetag,,,,,
Données completes/Données accelerometres/Winter 2019/Icetag/IceTags_Data/1 week IceTags (per minute)/23JAN2019-01FEB2019/3437_Tag1989_23JAN2019-1302_01FEB2019-1049.csv,3437_Tag1989_23JAN2019-1302_01FEB2019-1049.csv,.csv,winter 2019,accelerometer_icetag,,,,,
Données completes/Données accelerometres/Winter 2019/Icetag/IceTags_Data/1 week IceTags (per minute)/23JAN2019-01FEB2019/3437_Tag1989_23JAN2019-1302_01FEB2019-1049_LB.csv,3437_Tag1989_23JAN2019-1302_01FEB2019-1049_LB.csv,.csv,winter 2019,accelerometer_icetag,,,,,
Données completes/Données accelerometres/Winter 2019/Icetag/IceTags_Data/1 week IceTags (per minute)/23JAN2019-01FEB2019/3443_Tag21_23JAN2019-1302_01FEB2019-1049.csv,3443_Tag21_23JAN2019-1302_01FEB2019-1049.csv,.csv,winter 2019,accelerometer_icetag,,,,,
Données completes/Données accelerometres/Winter 2019/Icetag/IceTags_Data/1 week IceTags (per minute)/23JAN2019-01FEB2019/3443_Tag21_23JAN2019-1302_01FEB2019-1049_LB.csv,3443_Tag21_23JAN2019-1302_01FEB2019-1049_LB.csv,.csv,winter 2019,accelerometer_icetag,,,,,
Données completes/Données accelerometres/Winter 2019/Icetag/IceTags_Data/1 week IceTags (per minute)/23JAN2019-01FEB2019/5221_Tag1993_23JAN2019-1359_01FEB2019-0957.csv,5221_Tag1993_23JAN2019-1359_01FEB2019-0957.csv,.csv,winter 2019,accelerometer_icetag,,,,,
Données completes/Données accelerometres/Winter 2019/Icetag/IceTags_Data/1 week IceTags (per minute)/23JAN2019-01FEB2019/5221_Tag1993_23JAN2019-1359_01FEB2019-0957_LB.csv,5221_Tag1993_23JAN2019-1359_01FEB2019-0957_LB.csv,.csv,winter 2019,accelerometer_icetag,,,,,
Données completes/Données accelerometres/Winter 2019/Icetag/IceTags_Data/1 week IceTags (per minute)/23JAN2019-01FEB2019/5246_Tag1987_23JAN2019-1304_01FEB2019-0956.csv,5246_Tag1987_23JAN2019-1304_01FEB2019-0956.csv,.csv,winter 2019,accelerometer_icetag,,,,,
Données completes/Données accelerometres/Winter 2019/Icetag/IceTags_Data/1 week IceTags (per minute)/23JAN2019-01FEB2019/5246_Tag1987_23JAN2019-1304_01FEB2019-0956_LB.csv,5246_Tag1987_23JAN2019-1304_01FEB2019-0956_LB.csv,.csv,winter 2019,accelerometer_icetag,,,,,
Données completes/Données accelerometres/Winter 2019/Icetag/IceTags_Data/1 week IceTags (per minute)/23JAN2019-01FEB2019/5250_Tag1997_23JAN2019-1303_01FEB2019-1048.csv,5250_Tag1997_23JAN2019-1303_01FEB2019-1048.csv,.csv,winter 2019,accelerometer_icetag,,,,,
Données completes/Données accelerometres/Winter 2019/Icetag/IceTags_Data/1 week IceTags (per minute)/23JAN2019-01FEB2019/5250_Tag1997_23JAN2019-1303_01FEB2019-1048_LB.csv,5250_Tag1997_23JAN2019-1303_01FEB2019-1048_LB.csv,.csv,winter 2019,accelerometer_icetag,,,,,
Données completes/Données accelerometres/Winter 2019/Icetag/IceTags_Data/1 week IceTags (per minute)/23JAN2019-01FEB2019/8500_Tag20_23JAN2019-1346_01FEB2019-1046.csv,8500_Tag20_23JAN2019-1346_01FEB2019-1046.csv,.csv,winter 2019,accelerometer_icetag,,,,,
Données completes/Données accelerometres/Winter 2019/Icetag/IceTags_Data/1 week IceTags (per minute)/23JAN2019-01FEB2019/8500_Tag20_23JAN2019-1346_01FEB2019-1046_LB.csv,8500_Tag20_23JAN2019-1346_01FEB2019-1046_LB.csv,.csv,winter 2019,accelerometer_icetag,,,,,
Données completes/Données accelerometres/Winter 2019/Icetag/IceTags_Data/1 week IceTags (per minute)/23JAN2019-01FEB2019/8505_Tag26_23JAN2019-1351_01FEB2019-1052.csv,8505_Tag26_23JAN2019-1351_01FEB2019-1052.csv,.csv,winter 2019,accelerometer_icetag,,,,,
Données completes/Données accelerometres/Winter 2019/Icetag/IceTags_Data/1 week IceTags (per minute)/23JAN2019-01FEB2019/8505_Tag26_23JAN2019-1351_01FEB2019-1052_LB.csv,8505_Tag26_23JAN2019-1351_01FEB2019-1052_LB.csv,.csv,winter 2019,accelerometer_icetag,,,,,
Données completes/Données accelerometres/Winter 2019/Icetag/IceTags_Data/1 week IceTags (per minute)/23JAN2019-01FEB2019/8506_Tag18_23JAN2019-1349_01FEB2019-1051.csv,8506_Tag18_23JAN2019-1349_01FEB2019-1051.csv,.csv,winter 2019,accelerometer_icetag,,,,,
Données completes/Données accelerometres/Winter 2019/Icetag/IceTags_Data/1 week IceTags (per minute)/23JAN2019-01FEB2019/8506_Tag18_23JAN2019-1349_01FEB2019-1051_LB.csv,8506_Tag18_23JAN2019-1349_01FEB2019-1051_LB.csv,.csv,winter 2019,accelerometer_icetag,,,,,
Données completes/Données accelerometres/Winter 2019/Icetag/IceTags_Data/1 week IceTags (per minute)/23JAN2019-01FEB2019/8508_Tag1992_23JAN2019-1300_01FEB2019-1123.csv,8508_Tag1992_23JAN2019-1300_01FEB2019-1123.csv,.csv,winter 2019,accelerometer_icetag,,,,,
Données completes/Données accelerometres/Winter 2019/Icetag/IceTags_Data/1 week IceTags (per minute)/23JAN2019-01FEB2019/8508_Tag1992_23JAN2019-1300_01FEB2019-1123_LB.csv,8508_Tag1992_23JAN2019-1300_01FEB2019-1123_LB.csv,.csv,winter 2019,accelerometer_icetag,,,,,
Données completes/Données accelerometres/Winter 2019/Icetag/IceTags_Data/1 week IceTags (per minute)/23JAN2019-01FEB2019/8510_Tag16_23JAN2019-1301_01FEB2019-1051.csv,8510_Tag16_23JAN2019-1301_01FEB2019-1051.csv,.csv,winter 2019,accelerometer_icetag,,,,,
Données completes/Données accelerometres/Winter 2019/Icetag/IceTags_Data/1 week IceTags (per minute)/23JAN2019-01FEB2019/8510_Tag16_23JAN2019-1301_01FEB2019-1051_LB.csv,8510_Tag16_23JAN2019-1301_01FEB2019-1051_LB.csv,.csv,winter 2019,accelerometer_icetag,,,,,
Données completes/Données accelerometres/Winter 2019/Icetag/IceTags_Data/1 week IceTags (per minute)/23JAN2019-01FEB2019/IceTag 50001516 (P)_01-23-2019__14;06;43.raw_bin,IceTag 50001516 (P)_01-23-2019__14;06;43.raw_bin,.raw_bin,winter 2019,accelerometer_icetag,,,,,
Données completes/Données accelerometres/Winter 2019/Icetag/IceTags_Data/1 week IceTags (per minute)/23JAN2019-01FEB2019/IceTag 50001516 (P)_01-23-2019__14;06;43.ses,IceTag 50001516 (P)_01-23-2019__14;06;43.ses,.ses,winter 2019,accelerometer_icetag,,,,,
Données completes/Données accelerometres/Winter 2019/Icetag/IceTags_Data/1 week IceTags (per minute)/23JAN2019-01FEB2019/IceTag 50001518 (P)_01-23-2019__13;39;13.raw_bin,IceTag 50001518 (P)_01-23-2019__13;39;13.raw_bin,.raw_bin,winter 2019,accelerometer_icetag,,,,,
Données completes/Données accelerometres/Winter 2019/Icetag/IceTags_Data/1 week IceTags (per minute)/23JAN2019-01FEB2019/IceTag 50001518 (P)_01-23-2019__13;39;13.ses,IceTag 50001518 (P)_01-23-2019__13;39;13.ses,.ses,winter 2019,accelerometer_icetag,,,,,
Données completes/Données accelerometres/Winter 2019/Icetag/IceTags_Data/1 week IceTags (per minute)/23JAN2019-01FEB2019/IceTag 50001520 (P)_01-23-2019__13;39;25.raw_bin,IceTag 50001520 (P)_01-23-2019__13;39;25.raw_bin,.raw_bin,winter 2019,accelerometer_icetag,,,,,
Données completes/Données accelerometres/Winter 2019/Icetag/IceTags_Data/1 week IceTags (per minute)/23JAN2019-01FEB2019/IceTag 50001520 (P)_01-23-2019__13;39;25.ses,IceTag 50001520 (P)_01-23-2019__13;39;25.ses,.ses,winter 2019,accelerometer_icetag,,,,,
Données completes/Données accelerometres/Winter 2019/Icetag/IceTags_Data/1 week IceTags (per minute)/23JAN2019-01FEB2019/IceTag 50001521 (P)_01-23-2019__12;57;48.raw_bin,IceTag 50001521 (P)_01-23-2019__12;57;48.raw_bin,.raw_bin,winter 2019,accelerometer_icetag,,,,,
Données completes/Données accelerometres/Winter 2019/Icetag/IceTags_Data/1 week IceTags (per minute)/23JAN2019-01FEB2019/IceTag 50001521 (P)_01-23-2019__12;57;48.ses,IceTag 50001521 (P)_01-23-2019__12;57;48.ses,.ses,winter 2019,accelerometer_icetag,,,,,
Données completes/Données accelerometres/Winter 2019/Icetag/IceTags_Data/1 week IceTags (per minute)/23JAN2019-01FEB2019/IceTag 50001522 (P)_01-23-2019__14;00;02.raw_bin,IceTag 50001522 (P)_01-23-2019__14;00;02.raw_bin,.raw_bin,winter 2019,accelerometer_icetag,,,,,
Données completes/Données accelerometres/Winter 2019/Icetag/IceTags_Data/1 week IceTags (per minute)/23JAN2019-01FEB2019/IceTag 50001522 (P)_01-23-2019__14;00;02.ses,IceTag 50001522 (P)_01-23-2019__14;00;02.ses,.ses,winter 2019,accelerometer_icetag,,,,,
Données completes/Données accelerometres/Winter 2019/Icetag/IceTags_Data/1 week IceTags (per minute)/23JAN2019-01FEB2019/IceTag 50001525 (P)_01-23-2019__14;00;07.raw_bin,IceTag 50001525 (P)_01-23-2019__14;00;07.raw_bin,.raw_bin,winter 2019,accelerometer_icetag,,,,,
Données completes/Données accelerometres/Winter 2019/Icetag/IceTags_Data/1 week IceTags (per minute)/23JAN2019-01FEB2019/IceTag 50001525 (P)_01-23-2019__14;00;07.ses,IceTag 50001525 (P)_01-23-2019__14;00;07.ses,.ses,winter 2019,accelerometer_icetag,,,,,
Données completes/Données accelerometres/Winter 2019/Icetag/IceTags_Data/1 week IceTags (per minute)/23JAN2019-01FEB2019/IceTag 50001526 (P)_01-23-2019__13;39;26.raw_bin,IceTag 50001526 (P)_01-23-2019__13;39;26.raw_bin,.raw_bin,winter 2019,accelerometer_icetag,,,,,
Données completes/Données accelerometres/Winter 2019/Icetag/IceTags_Data/1 week IceTags (per minute)/23JAN2019-01FEB2019/IceTag 50001526 (P)_01-23-2019__13;39;26.ses,IceTag 50001526 (P)_01-23-2019__13;39;26.ses,.ses,winter 2019,accelerometer_icetag,,,,,
Données completes/Données accelerometres/Winter 2019/Icetag/IceTags_Data/1 week IceTags (per minute)/23JAN2019-01FEB2019/IceTag 50001986 (P)_01-23-2019__12;54;12.raw_bin,IceTag 50001986 (P)_01-23-2019__12;54;12.raw_bin,.raw_bin,winter 2019,accelerometer_icetag,,,,,
Données completes/Données accelerometres/Winter 2019/Icetag/IceTags_Data/1 week IceTags (per minute)/23JAN2019-01FEB2019/IceTag 50001986 (P)_01-23-2019__12;54;12.ses,IceTag 50001986 (P)_01-23-2019__12;54;12.ses,.ses,winter 2019,accelerometer_icetag,,,,,
Données completes/Données accelerometres/Winter 2019/Icetag/IceTags_Data/1 week IceTags (per minute)/23JAN2019-01FEB2019/IceTag 50001987 (P)_01-23-2019__12;56;42.raw_bin,IceTag 50001987 (P)_01-23-2019__12;56;42.raw_bin,.raw_bin,winter 2019,accelerometer_icetag,,,,,
Données completes/Données accelerometres/Winter 2019/Icetag/IceTags_Data/1 week IceTags (per minute)/23JAN2019-01FEB2019/IceTag 50001987 (P)_01-23-2019__12;56;42.ses,IceTag 50001987 (P)_01-23-2019__12;56;42.ses,.ses,winter 2019,accelerometer_icetag,,,,,
Données completes/Données accelerometres/Winter 2019/Icetag/IceTags_Data/1 week IceTags (per minute)/23JAN2019-01FEB2019/IceTag 50001989 (P)_01-23-2019__12;53;26.raw_bin,IceTag 50001989 (P)_01-23-2019__12;53;26.raw_bin,.raw_bin,winter 2019,accelerometer_icetag,,,,,
Données completes/Données accelerometres/Winter 2019/Icetag/IceTags_Data/1 week IceTags (per minute)/23JAN2019-01FEB2019/IceTag 50001989 (P)_01-23-2019__12;53;26.ses,IceTag 50001989 (P)_01-23-2019__12;53;26.ses,.ses,winter 2019,accelerometer_icetag,,,,,
Données completes/Données accelerometres/Winter 2019/Icetag/IceTags_Data/1 week IceTags (per minute)/23JAN2019-01FEB2019/IceTag 50001992 (P)_01-23-2019__12;54;57.raw_bin,IceTag 50001992 (P)_01-23-2019__12;54;57.raw_bin,.raw_bin,winter 2019,accelerometer_icetag,,,,,
Données completes/Données accelerometres/Winter 2019/Icetag/IceTags_Data/1 week IceTags (per minute)/23JAN2019-01FEB2019/IceTag 50001992 (P)_01-23-2019__12;54;57.ses,IceTag 50001992 (P)_01-23-2019__12;54;57.ses,.ses,winter 2019,accelerometer_icetag,,,,,
Données completes/Données accelerometres/Winter 2019/Icetag/IceTags_Data/1 week IceTags (per minute)/23JAN2019-01FEB2019/IceTag 50001993 (P)_01-23-2019__13;39;21.raw_bin,IceTag 50001993 (P)_01-23-2019__13;39;21.raw_bin,.raw_bin,winter 2019,accelerometer_icetag,,,,,
Données completes/Données accelerometres/Winter 2019/Icetag/IceTags_Data/1 week IceTags (per minute)/23JAN2019-01FEB2019/IceTag 50001993 (P)_01-23-2019__13;39;21.ses,IceTag 50001993 (P)_01-23-2019__13;39;21.ses,.ses,winter 2019,accelerometer_icetag,,,,,
Données completes/Données accelerometres/Winter 2019/Icetag/IceTags_Data/1 week IceTags (per minute)/23JAN2019-01FEB2019/IceTag 50001994 (P)_01-23-2019__13;39;10.raw_bin,IceTag 50001994 (P)_01-23-2019__13;39;10.raw_bin,.raw_bin,winter 2019,accelerometer_icetag,,,,,
Données completes/Données accelerometres/Winter 2019/Icetag/IceTags_Data/1 week IceTags (per minute)/23JAN2019-01FEB2019/IceTag 50001994 (P)_01-23-2019__13;39;10.ses,IceTag 50001994 (P)_01-23-2019__13;39;10.ses,.ses,winter 2019,accelerometer_icetag,,,,,
Données completes/Données accelerometres/Winter 2019/Icetag/IceTags_Data/1 week IceTags (per minute)/23JAN2019-01FEB2019/IceTag 50001996 (P)_01-23-2019__12;58;08.raw_bin,IceTag 50001996 (P)_01-23-2019__12;58;08.raw_bin,.raw_bin,winter 2019,accelerometer_icetag,,,,,
Données completes/Données accelerometres/Winter 2019/Icetag/IceTags_Data/1 week IceTags (per minute)/23JAN2019-01FEB2019/IceTag 50001996 (P)_01-23-2019__12;58;08.ses,IceTag 50001996 (P)_01-23-2019__12;58;08.ses,.ses,winter 2019,accelerometer_icetag,,,,,
Données completes/Données accelerometres/Winter 2019/Icetag/IceTags_Data/1 week IceTags (per minute)/23JAN2019-01FEB2019/IceTag 50001997 (P)_01-23-2019__12;56;12.raw_bin,IceTag 50001997 (P)_01-23-2019__12;56;12.raw_bin,.raw_bin,winter 2019,accelerometer_icetag,,,,,
Données completes/Données accelerometres/Winter 2019/Icetag/IceTags_Data/1 week IceTags (per minute)/23JAN2019-01FEB2019/IceTag 50001997 (P)_01-23-2019__12;56;12.ses,IceTag 50001997 (P)_01-23-2019__12;56;12.ses,.ses,winter 2019,accelerometer_icetag,,,,,
Données completes/Données accelerometres/Winter 2019/Icetag/IceTags_Data/1 week IceTags (per minute)/29MAR2019-05APR2019/2056_Tag96_29MAR2019-1440_05APR2019-1411.csv,2056_Tag96_29MAR2019-1440_05APR2019-1411.csv,.csv,winter 2019,accelerometer_icetag,,,,,
Données completes/Données accelerometres/Winter 2019/Icetag/IceTags_Data/1 week IceTags (per minute)/29MAR2019-05APR2019/2056_Tag96_29MAR2019-1440_05APR2019-1411_LB.csv,2056_Tag96_29MAR2019-1440_05APR2019-1411_LB.csv,.csv,winter 2019,accelerometer_icetag,,,,,
Données completes/Données accelerometres/Winter 2019/Icetag/IceTags_Data/1 week IceTags (per minute)/29MAR2019-05APR2019/2063_Tag97_29MAR2019-1408_05APR2019-1337.csv,2063_Tag97_29MAR2019-1408_05APR2019-1337.csv,.csv,winter 2019,accelerometer_icetag,,,,,
Données completes/Données accelerometres/Winter 2019/Icetag/IceTags_Data/1 week IceTags (per minute)/29MAR2019-05APR2019/2063_Tag97_29MAR2019-1408_05APR2019-1337_LB.csv,2063_Tag97_29MAR2019-1408_05APR2019-1337_LB.csv,.csv,winter 2019,accelerometer_icetag,,,,,
Données completes/Données accelerometres/Winter 2019/Icetag/IceTags_Data/1 week IceTags (per minute)/29MAR2019-05APR2019/2069_Tag88_29MAR2019-1408_05APR2019-1338.csv,2069_Tag88_29MAR2019-1408_05APR2019-1338.csv,.csv,winter 2019,accelerometer_icetag,,,,,
Données completes/Données accelerometres/Winter 2019/Icetag/IceTags_Data/1 week IceTags (per minute)/29MAR2019-05APR2019/2069_Tag88_29MAR2019-1408_05APR2019-1338_LB.csv,2069_Tag88_29MAR2019-1408_05APR2019-1338_LB.csv,.csv,winter 2019,accelerometer_icetag,,,,,
Données completes/Données accelerometres/Winter 2019/Icetag/IceTags_Data/1 week IceTags (per minute)/29MAR2019-05APR2019/2081_Tag76_29MAR2019-1407_05APR2019-1337.csv,2081_Tag76_29MAR2019-1407_05APR2019-1337.csv,.csv,winter 2019,accelerometer_icetag,,,,,
Données completes/Données accelerometres/Winter 2019/Icetag/IceTags_Data/1 week IceTags (per minute)/29MAR2019-05APR2019/2081_Tag76_29MAR2019-1407_05APR2019-1337_LB.csv,2081_Tag76_29MAR2019-1407_05APR2019-1337_LB.csv,.csv,winter 2019,accelerometer_icetag,,,,,
Données completes/Données accelerometres/Winter 2019/Icetag/IceTags_Data/1 week IceTags (per minute)/29MAR2019-05APR2019/3437_Tag16_29MAR2019-1313_05APR2019-1310.csv,3437_Tag16_29MAR2019-1313_05APR2019-1310.csv,.csv,winter 2019,accelerometer_icetag,,,,,
Données completes/Données accelerometres/Winter 2019/Icetag/IceTags_Data/1 week IceTags (per minute)/29MAR2019-05APR2019/3437_Tag16_29MAR2019-1313_05APR2019-1310_LB.csv,3437_Tag16_29MAR2019-1313_05APR2019-1310_LB.csv,.csv,winter 2019,accelerometer_icetag,,,,,
Données completes/Données accelerometres/Winter 2019/Icetag/IceTags_Data/1 week IceTags (per minute)/29MAR2019-05APR2019/3443_Tag26_29MAR2019-1403_05APR2019-1334.csv,3443_Tag26_29MAR2019-1403_05APR2019-1334.csv,.csv,winter 2019,accelerometer_icetag,,,,,
Données completes/Données accelerometres/Winter 2019/Icetag/IceTags_Data/1 week IceTags (per minute)/29MAR2019-05APR2019/3443_Tag26_29MAR2019-1403_05APR2019-1334_LB.csv,3443_Tag26_29MAR2019-1403_05APR2019-1334_LB.csv,.csv,winter 2019,accelerometer_icetag,,,,,
Données completes/Données accelerometres/Winter 2019/Icetag/IceTags_Data/1 week IceTags (per minute)/29MAR2019-05APR2019/5221_Tag93_29MAR2019-1403_05APR2019-1336.csv,5221_Tag93_29MAR2019-1403_05APR2019-1336.csv,.csv,winter 2019,accelerometer_icetag,,,,,
Données completes/Données accelerometres/Winter 2019/Icetag/IceTags_Data/1 week IceTags (per minute)/29MAR2019-05APR2019/5221_Tag93_29MAR2019-1403_05APR2019-1336_LB.csv,5221_Tag93_29MAR2019-1403_05APR2019-1336_LB.csv,.csv,winter 2019,accelerometer_icetag,,,,,
Données completes/Données accelerometres/Winter 2019/Icetag/IceTags_Data/1 week IceTags (per minute)/29MAR2019-05APR2019/5246_Tag90_29MAR2019-1406_05APR2019-1308.csv,5246_Tag90_29MAR2019-1406_05APR2019-1308.csv,.csv,winter 2019,accelerometer_icetag,,,,,
Données completes/Données accelerometres/Winter 2019/Icetag/IceTags_Data/1 week IceTags (per minute)/29MAR2019-05APR2019/5246_Tag90_29MAR2019-1406_05APR2019-1308_LB.csv,5246_Tag90_29MAR2019-1406_05APR2019-1308_LB.csv,.csv,winter 2019,accelerometer_icetag,,,,,
Données completes/Données accelerometres/Winter 2019/Icetag/IceTags_Data/1 week IceTags (per minute)/29MAR2019-05APR2019/5250_Tag85_29MAR2019-1406_05APR2019-1335.csv,5250_Tag85_29MAR2019-1406_05APR2019-1335.csv,.csv,winter 2019,accelerometer_icetag,,,,,
Données completes/Données accelerometres/Winter 2019/Icetag/IceTags_Data/1 week IceTags (per minute)/29MAR2019-05APR2019/5250_Tag85_29MAR2019-1406_05APR2019-1335_LB.csv,5250_Tag85_29MAR2019-1406_05APR2019-1335_LB.csv,.csv,winter 2019,accelerometer_icetag,,,,,
Données completes/Données accelerometres/Winter 2019/Icetag/IceTags_Data/1 week IceTags (per minute)/29MAR2019-05APR2019/8500_Tag22_29MAR2019-1314_05APR2019-1334.csv,8500_Tag22_29MAR2019-1314_05APR2019-1334.csv,.csv,winter 2019,accelerometer_icetag,,,,,
Données completes/Données accelerometres/Winter 2019/Icetag/IceTags_Data/1 week IceTags (per minute)/29MAR2019-05APR2019/8500_Tag22_29MAR2019-1314_05APR2019-1334_LB.csv,8500_Tag22_29MAR2019-1314_05APR2019-1334_LB.csv,.csv,winter 2019,accelerometer_icetag,,,,,
Données completes/Données accelerometres/Winter 2019/Icetag/IceTags_Data/1 week IceTags (per minute)/29MAR2019-05APR2019/8502_Tag25_29MAR2019-1313_05APR2019-1310.csv,8502_Tag25_29MAR2019-1313_05APR2019-1310.csv,.csv,winter 2019,accelerometer_icetag,,,,,
Données completes/Données accelerometres/Winter 2019/Icetag/IceTags_Data/1 week IceTags (per minute)/29MAR2019-05APR2019/8502_Tag25_29MAR2019-1313_05APR2019-1310_LB.csv,8502_Tag25_29MAR2019-1313_05APR2019-1310_LB.csv,.csv,winter 2019,accelerometer_icetag,,,,,
Données completes/Données accelerometres/Winter 2019/Icetag/IceTags_Data/1 week IceTags (per minute)/29MAR2019-05APR2019/8505_Tag18_29MAR2019-1311_05APR2019-1309.csv,8505_Tag18_29MAR2019-1311_05APR2019-1309.csv,.csv,winter 2019,accelerometer_icetag,,,,,
Données completes/Données accelerometres/Winter 2019/Icetag/IceTags_Data/1 week IceTags (per minute)/29MAR2019-05APR2019/8505_Tag18_29MAR2019-1311_05APR2019-1309_LB.csv,8505_Tag18_29MAR2019-1311_05APR2019-1309_LB.csv,.csv,winter 2019,accelerometer_icetag,,,,,
Données completes/Données accelerometres/Winter 2019/Icetag/IceTags_Data/1 week IceTags (per minute)/29MAR2019-05APR2019/8506_Tag95_29MAR2019-1312_05APR2019-1309.csv,8506_Tag95_29MAR2019-1312_05APR2019-1309.csv,.csv,winter 2019,accelerometer_icetag,,,,,
Données completes/Données accelerometres/Winter 2019/Icetag/IceTags_Data/1 week IceTags (per minute)/29MAR2019-05APR2019/8506_Tag95_29MAR2019-1312_05APR2019-1309_LB.csv,8506_Tag95_29MAR2019-1312_05APR2019-1309_LB.csv,.csv,winter 2019,accelerometer_icetag,,,,,
Données completes/Données accelerometres/Winter 2019/Icetag/IceTags_Data/1 week IceTags (per minute)/29MAR2019-05APR2019/8508_Tag24_29MAR2019-1311_05APR2019-1307.csv,8508_Tag24_29MAR2019-1311_05APR2019-1307.csv,.csv,winter 2019,accelerometer_icetag,,,,,
Données completes/Données accelerometres/Winter 2019/Icetag/IceTags_Data/1 week IceTags (per minute)/29MAR2019-05APR2019/8508_Tag24_29MAR2019-1311_05APR2019-1307_LB.csv,8508_Tag24_29MAR2019-1311_05APR2019-1307_LB.csv,.csv,winter 2019,accelerometer_icetag,,,,,
Données completes/Données accelerometres/Winter 2019/Icetag/IceTags_Data/1 week IceTags (per minute)/29MAR2019-05APR2019/8510_Tag94_29MAR2019-1312_05APR2019-1307.csv,8510_Tag94_29MAR2019-1312_05APR2019-1307.csv,.csv,winter 2019,accelerometer_icetag,,,,,
Données completes/Données accelerometres/Winter 2019/Icetag/IceTags_Data/1 week IceTags (per minute)/29MAR2019-05APR2019/8510_Tag94_29MAR2019-1312_05APR2019-1307_LB.csv,8510_Tag94_29MAR2019-1312_05APR2019-1307_LB.csv,.csv,winter 2019,accelerometer_icetag,,,,,
Données completes/Données accelerometres/Winter 2019/Icetag/IceTags_Data/IceTag test Min-Sec comp/24h-sorties_Before-After_Data_icetag_winter_SEH.xlsx,24h-sorties_Before-After_Data_icetag_winter_SEH.xlsx,.xlsx,winter 2019,accelerometer_icetag,5,Habituation | Experimentation | Frustration | Anticipation-milk | 24h,Habituation,"Cow_ID | Date | Cow status | Motion_Index_Before | Steps_Before | Standing_Before | Lying_Before | Lying_bout_Before | Position - 0 min (1:L, 0:S) | Position - 5 min (1:L, 0:S) | Position - 10 min (1:L, 0:S) | Position - 15 min (1:L, 0:S) | Position - 20 min (1:L, 0:S) | Steps- 5 min | Steps- 10 min || 2056 | 2019-01-18 00:00:00 | trt | 1.05 | 18 | 20:00:00 | 00:00:00 | 0 | 0 | 0 | 0 | 0 | 0 | 4 | 4 || 2081 | 2019-01-18 00:00:00 | trt | 2.8 | 14 | 11:00:00 | 09:00:00 | 1 | 0 | 0 | 1 | 1 | 1 | 9 | 3",
Données completes/Données accelerometres/Winter 2019/Icetag/IceTags_Data/IceTag test Min-Sec comp/Before-After_Data_icetag_winter_SEH_1min filter.xlsx,Before-After_Data_icetag_winter_SEH_1min filter.xlsx,.xlsx,winter 2019,accelerometer_icetag,5,Habituation | Experimentation | Frustration | Anticipation-milk | 24h,Habituation,"Cow_ID | Date | Cow status | Motion_Index_Before | Steps_Before | Standing_Before | Lying_Before | Lying_bout_Before | Position - 0 min (1:L, 0:S) | Position - 5 min (1:L, 0:S) | Position - 10 min (1:L, 0:S) | Position - 15 min (1:L, 0:S) | Position - 20 min (1:L, 0:S) | Steps- 5 min | Steps- 10 min || 2056 | 2019-01-18 00:00:00 | trt | 1.05 | 18 | 20:00:00 | 00:00:00 | 0 | 0 | 0 | 0 | 0 | 0 | 4 | 4 || 2081 | 2019-01-18 00:00:00 | trt | 2.8 | 14 | 11:00:00 | 09:00:00 | 1 | 0 | 0 | 1 | 1 | 1 | 9 | 3",
Données completes/Données accelerometres/Winter 2019/Icetag/IceTags_Data/IceTag test Min-Sec comp/Data-IceTag_Comparison 1min-5min.xlsx,Data-IceTag_Comparison 1min-5min.xlsx,.xlsx,winter 2019,accelerometer_icetag,1,Sheet1,Sheet1,Cow_ID | Cow status | Date | 1min - total duration lying | 5 min - total duration of lying | Difference | 1 min - number of bout | 5 min - number of bout | Difference || 2056 | trt | 2019-03-15 00:00:00 | 20:00:00 | 20:00:00 | 0 | 0 | 0 | 0 || 2081 | trt | 2019-03-15 00:00:00 | 06:46:00 | 06:46:00 | 0 | 1 | 1 | 0,
Données completes/Données accelerometres/Winter 2019/Icetag/IceTags_Data/IceTag test Min-Sec comp/Data_icetag_SEH.xlsx,Data_icetag_SEH.xlsx,.xlsx,winter 2019,accelerometer_icetag,3,Habituation | Experimentation | Frustration,Habituation,Cow_ID | Cow status | Date | Motion_Index_Trip_Go | Steps_Trip_Go | Motion_Index_Trip_Back | Steps_Trip_Back | Motion_Index_Before | Steps_Before | Standing_Before | Lying_Before | Lying_bout_Before | Motion_Index_After | Steps_After | Standing_After || 2056 | trt | 2019-01-18 00:00:00 |  |  |  |  | 1.05 | 18 | 20:00:00 | 0 | 0 | 0 | 0 | 0 || 2081 | trt | 2019-01-18 00:00:00 |  |  |  |  | 2.8 | 14 | 10:24:00 | 09:36:00 | 4 | 0.93 | 2 | 03:57:00,
Données completes/Données accelerometres/Winter 2019/Icetag/IceTags_Data/IceTag test Min-Sec comp/Data_icetag_SEH_Comparaison sec-min.xlsx,Data_icetag_SEH_Comparaison sec-min.xlsx,.xlsx,winter 2019,accelerometer_icetag,3,Habituation | Experimentation | Frustration,Habituation,Cow_ID | Cow status | Date | Motion_Index_Trip_Go | Steps_Trip_Go | Motion_Index_Trip_Back | Steps_Trip_Back | Motion_Index_Before |  | Steps_Before |  | Standing_Before |  | Lying_Before |  || 2056 | trt | 2019-01-18 00:00:00 |  |  |  |  |  |  |  |  |  |  |  |  || 2081 | trt | 2019-01-18 00:00:00 |  |  |  |  |  |  |  |  |  |  |  | ,
Données completes/Données accelerometres/Winter 2019/Icetag/IceTags_Data/IceTag test Min-Sec comp/Data_planning_icetag.xlsx,Data_planning_icetag.xlsx,.xlsx,winter 2019,accelerometer_icetag,1,Feuil1,Feuil1,Date | Tests | Individus | n° IceTag trip | Début du trajet ALLER | Durée trajet ALLER | Fin du trajet RETOUR | Durée trajet RETOUR | Début AVANT | Début APRES |  |  |  || 2019-01-18 00:00:00 | Habituation | 2081-2063 | 96 | 10:16:00 | 00:01:46 | 10:24:00 | 00:00:49 | 08:57:00 | 12:00:00 |  |  |  ||  |  | 3437-8502 | 86 | 11:04:04 | 00:01:41 | 11:14:00 | 00:00:28 |  |  |  |  | ,
Données completes/Données accelerometres/Winter 2019/Icetag/IceTags_Data/IceTags-issues and reports/Exercise Study - SLS Scores.xlsx,Exercise Study - SLS Scores.xlsx,.xlsx,winter 2019,accelerometer_icetag,3,Baseline - 15JAN19 | Midway - 12MAR19 | Sheet1,Baseline - 15JAN19,"Cow | Block | Edge | Rest | Shiftwt | Uneven |  |  | * 2 videos for 2063 showing different blocks, both were scored || 8505 | 1 | 0 | 0 | 0 | 0 | 0 |  |  || 8514 | 1 | 0 | 0 | 0 | 0 | 0 |  | ",
Données completes/Données accelerometres/Winter 2019/Icetag/IceTags_Data/IceTags-issues and reports/IceTag comparison.xlsx,IceTag comparison.xlsx,.xlsx,winter 2019,accelerometer_icetag,4,Calms 2081-5250 | Excited 3437-8510 | Calms vs excited | Sheet5,Calms 2081-5250,2081 |  | Number steps (sum) |  |  |  || Date | Hour | Per min | Per sec | Diff | % || 2019-02-14 00:00:00 | 1040-1140 | 73 | 61 | -12 | 0.1643835616438356,
Données completes/Données accelerometres/Winter 2019/Icetag/IceTags_Data/IceTags-issues and reports/IceTag report_03-2019.docx,IceTag report_03-2019.docx,.docx,winter 2019,accelerometer_icetag,,,,,"IceTag
 
‘problem’ 
report
Winter Exercise Project
 – 2019
Situation
One 
IceTag
 is continuously on one leg of the cow and recording 24/7. This 
IceTag
 
is meant
 to record in minutes
 (sum of activity per minute)
.
Another 
IceTag
 
is added
 on the other leg on the days of 
observation;
 this one is meant to record in second (sum of activity per second)
.
Notification that the 
IceTags
 per second
 (only added for observations)
 do not match the 
IceTags
 per minute
 (continuous recording). 
The number of steps and the motion index are different when looking at the exact same moment.
We are using two types
/generation
 of 
IceTags
, but there is no correlation between the type of 
IceTag
 and the difference in number of steps or motion index
.
There is no noticeable pattern, such as a constant increase in the number of steps from the 
IceTag
 per second and 
the per
 minute ones.
 
Cow #
IceTag
 #
Σ 
# of Steps 
on file 
per Second
IceTag
 #
Σ
 # of Steps
 on file
 per Minute
Difference
Percentage
 difference
Feb. 4
2081
97
423
85
474
51
11%
5246
26
140
95
397
257
65%
8508
92
207
16
294
87
30%
Feb. 5
2056
26
329
24
483
154
32%
5246
92
255
95
418
163
39%
8510
18
299
22
288
11
4%
Feb. 6
3437
97
48
93
46
2
4%
3443
92
61
87
27
34
56%
5250
89
34
96
45
11
24%
Feb. 7
2056
26
348
24
516
168
33%
3437
18
545
93
501
44
8%
8510
92
320
22
309
11
3%
Feb. 8
2081
97
607
85
562
45
7%
8508
20
374
16
347
27
7%
8510
89
571
22
624
53
8%
Feb. 14
2056
76
988
91
1042
54
5%
3437
24
554
20
765
211
28%
3443
85
457
26
509
52
10%
Feb. 15
2056
76
171
91
91
80
47%
3437
24
479
20
631
152
24%
8510
88
246
89
295
49
17%
Feb. 22
3443
22
344
89
406
62
15%
5250
91
474
88
298
176
37%
8510
93
252
97
304
52
17%
The 
IceTags
 against themselves are true. Meaning that
,
 when they 
are export
ed
,
 the session file
s
 recorded onto csv files both in per minute or per second, number of steps and index motion match perfectly.
Hypothesis
The two 
IceTags
 
are not placed
 on the same leg, so this aspect might explain the difference. We assumed that the cow is not exactly moving both her steps in the same way and the same number of time
Test
We placed two 
IceTags
, from the same generation to limit the bias, on the same leg.
We selected the calmest 
cow, that
 usually do not run, kick or express any sudden movement
.
 
This way, we reduce the error that might be created by the shock in between the two 
IceTags
, plus we assumed that this would be the optimal condition for testing, reducing all the"
Données completes/Données accelerometres/Winter 2019/Icetag/IceTags_Data/IceTags-issues and reports/IceTag report_03-2019.pdf,IceTag report_03-2019.pdf,.pdf,winter 2019,accelerometer_icetag,,,,,
Données completes/Données accelerometres/Winter 2019/Icetag/IceTags_Data/Session files/Winter Exercise Project/01-23-19/IceTag 50001516 (P)_01-16-2019__15;12;15.ses,IceTag 50001516 (P)_01-16-2019__15;12;15.ses,.ses,winter 2019,accelerometer_icetag,,,,,
Données completes/Données accelerometres/Winter 2019/Icetag/IceTags_Data/Session files/Winter Exercise Project/01-23-19/IceTag 50001516 (P)_01-23-2019__13;39;31.ses,IceTag 50001516 (P)_01-23-2019__13;39;31.ses,.ses,winter 2019,accelerometer_icetag,,,,,
Données completes/Données accelerometres/Winter 2019/Icetag/IceTags_Data/Session files/Winter Exercise Project/01-23-19/IceTag 50001518 (P)_01-16-2019__15;17;25.ses,IceTag 50001518 (P)_01-16-2019__15;17;25.ses,.ses,winter 2019,accelerometer_icetag,,,,,
Données completes/Données accelerometres/Winter 2019/Icetag/IceTags_Data/Session files/Winter Exercise Project/01-23-19/IceTag 50001520 (P)_01-16-2019__15;16;30.ses,IceTag 50001520 (P)_01-16-2019__15;16;30.ses,.ses,winter 2019,accelerometer_icetag,,,,,
Données completes/Données accelerometres/Winter 2019/Icetag/IceTags_Data/Session files/Winter Exercise Project/01-23-19/IceTag 50001521 (P)_01-23-2019__08;27;06.ses,IceTag 50001521 (P)_01-23-2019__08;27;06.ses,.ses,winter 2019,accelerometer_icetag,,,,,
Données completes/Données accelerometres/Winter 2019/Icetag/IceTags_Data/Session files/Winter Exercise Project/01-23-19/IceTag 50001522 (P)_01-16-2019__15;11;06.ses,IceTag 50001522 (P)_01-16-2019__15;11;06.ses,.ses,winter 2019,accelerometer_icetag,,,,,
Données completes/Données accelerometres/Winter 2019/Icetag/IceTags_Data/Session files/Winter Exercise Project/01-23-19/IceTag 50001524 (P)_01-16-2019__15;12;42.ses,IceTag 50001524 (P)_01-16-2019__15;12;42.ses,.ses,winter 2019,accelerometer_icetag,,,,,
Données completes/Données accelerometres/Winter 2019/Icetag/IceTags_Data/Session files/Winter Exercise Project/01-23-19/IceTag 50001525 (P)_01-16-2019__15;12;17.ses,IceTag 50001525 (P)_01-16-2019__15;12;17.ses,.ses,winter 2019,accelerometer_icetag,,,,,
Données completes/Données accelerometres/Winter 2019/Icetag/IceTags_Data/Session files/Winter Exercise Project/01-23-19/IceTag 50001526 (P)_01-16-2019__15;17;04.ses,IceTag 50001526 (P)_01-16-2019__15;17;04.ses,.ses,winter 2019,accelerometer_icetag,,,,,
Données completes/Données accelerometres/Winter 2019/Icetag/IceTags_Data/Session files/Winter Exercise Project/01-23-19/IceTag 50001576 (P)_01-16-2019__15;16;05.ses,IceTag 50001576 (P)_01-16-2019__15;16;05.ses,.ses,winter 2019,accelerometer_icetag,,,,,
Données completes/Données accelerometres/Winter 2019/Icetag/IceTags_Data/Session files/Winter Exercise Project/01-23-19/IceTag 50001985 (P)_01-16-2019__15;17;50.ses,IceTag 50001985 (P)_01-16-2019__15;17;50.ses,.ses,winter 2019,accelerometer_icetag,,,,,
Données completes/Données accelerometres/Winter 2019/Icetag/IceTags_Data/Session files/Winter Exercise Project/01-23-19/IceTag 50001986 (P)_01-23-2019__08;27;10.ses,IceTag 50001986 (P)_01-23-2019__08;27;10.ses,.ses,winter 2019,accelerometer_icetag,,,,,
Données completes/Données accelerometres/Winter 2019/Icetag/IceTags_Data/Session files/Winter Exercise Project/01-23-19/IceTag 50001987 (P)_01-23-2019__08;27;14.ses,IceTag 50001987 (P)_01-23-2019__08;27;14.ses,.ses,winter 2019,accelerometer_icetag,,,,,
Données completes/Données accelerometres/Winter 2019/Icetag/IceTags_Data/Session files/Winter Exercise Project/01-23-19/IceTag 50001988 (P)_01-16-2019__15;18;19.ses,IceTag 50001988 (P)_01-16-2019__15;18;19.ses,.ses,winter 2019,accelerometer_icetag,,,,,
Données completes/Données accelerometres/Winter 2019/Icetag/IceTags_Data/Session files/Winter Exercise Project/01-23-19/IceTag 50001989 (P)_01-23-2019__08;27;23.ses,IceTag 50001989 (P)_01-23-2019__08;27;23.ses,.ses,winter 2019,accelerometer_icetag,,,,,
Données completes/Données accelerometres/Winter 2019/Icetag/IceTags_Data/Session files/Winter Exercise Project/01-23-19/IceTag 50001990 (P)_01-16-2019__15;18;08.ses,IceTag 50001990 (P)_01-16-2019__15;18;08.ses,.ses,winter 2019,accelerometer_icetag,,,,,
Données completes/Données accelerometres/Winter 2019/Icetag/IceTags_Data/Session files/Winter Exercise Project/01-23-19/IceTag 50001992 (P)_01-23-2019__08;27;02.ses,IceTag 50001992 (P)_01-23-2019__08;27;02.ses,.ses,winter 2019,accelerometer_icetag,,,,,
Données completes/Données accelerometres/Winter 2019/Icetag/IceTags_Data/Session files/Winter Exercise Project/01-23-19/IceTag 50001993 (P)_01-16-2019__15;18;06.ses,IceTag 50001993 (P)_01-16-2019__15;18;06.ses,.ses,winter 2019,accelerometer_icetag,,,,,
Données completes/Données accelerometres/Winter 2019/Icetag/IceTags_Data/Session files/Winter Exercise Project/01-23-19/IceTag 50001994 (P)_01-16-2019__15;07;23.ses,IceTag 50001994 (P)_01-16-2019__15;07;23.ses,.ses,winter 2019,accelerometer_icetag,,,,,
Données completes/Données accelerometres/Winter 2019/Icetag/IceTags_Data/Session files/Winter Exercise Project/01-23-19/IceTag 50001995 (P)_01-16-2019__15;18;13.ses,IceTag 50001995 (P)_01-16-2019__15;18;13.ses,.ses,winter 2019,accelerometer_icetag,,,,,
Données completes/Données accelerometres/Winter 2019/Icetag/IceTags_Data/Session files/Winter Exercise Project/01-23-19/IceTag 50001996 (P)_01-23-2019__08;27;27.ses,IceTag 50001996 (P)_01-23-2019__08;27;27.ses,.ses,winter 2019,accelerometer_icetag,,,,,
Données completes/Données accelerometres/Winter 2019/Icetag/IceTags_Data/Session files/Winter Exercise Project/01-23-19/IceTag 50001997 (P)_01-23-2019__08;27;19.ses,IceTag 50001997 (P)_01-23-2019__08;27;19.ses,.ses,winter 2019,accelerometer_icetag,,,,,
Données completes/Données accelerometres/Winter 2019/Icetag/IceTags_Data/Session files/Winter Exercise Project/01-25-19/IceTag 50001524 (P)_01-25-2019__08;09;53.ses,IceTag 50001524 (P)_01-25-2019__08;09;53.ses,.ses,winter 2019,accelerometer_icetag,,,,,
Données completes/Données accelerometres/Winter 2019/Icetag/IceTags_Data/Session files/Winter Exercise Project/01-25-19/IceTag 50001576 (P)_01-25-2019__08;10;22.ses,IceTag 50001576 (P)_01-25-2019__08;10;22.ses,.ses,winter 2019,accelerometer_icetag,,,,,
Données completes/Données accelerometres/Winter 2019/Icetag/IceTags_Data/Session files/Winter Exercise Project/01-25-19/IceTag 50001985 (P)_01-25-2019__08;10;10.ses,IceTag 50001985 (P)_01-25-2019__08;10;10.ses,.ses,winter 2019,accelerometer_icetag,,,,,
Données completes/Données accelerometres/Winter 2019/Icetag/IceTags_Data/Session files/Winter Exercise Project/01-25-19/IceTag 50001988 (P)_01-25-2019__08;10;02.ses,IceTag 50001988 (P)_01-25-2019__08;10;02.ses,.ses,winter 2019,accelerometer_icetag,,,,,
Données completes/Données accelerometres/Winter 2019/Icetag/IceTags_Data/Session files/Winter Exercise Project/01-25-19/IceTag 50001990 (P)_01-25-2019__08;10;06.ses,IceTag 50001990 (P)_01-25-2019__08;10;06.ses,.ses,winter 2019,accelerometer_icetag,,,,,
Données completes/Données accelerometres/Winter 2019/Icetag/IceTags_Data/Session files/Winter Exercise Project/01-25-19/IceTag 50001991 (P)_01-25-2019__08;09;58.ses,IceTag 50001991 (P)_01-25-2019__08;09;58.ses,.ses,winter 2019,accelerometer_icetag,,,,,
Données completes/Données accelerometres/Winter 2019/Icetag/IceTags_Data/Session files/Winter Exercise Project/01-25-19/IceTag 50001995 (P)_01-25-2019__08;10;12.ses,IceTag 50001995 (P)_01-25-2019__08;10;12.ses,.ses,winter 2019,accelerometer_icetag,,,,,
Données completes/Données accelerometres/Winter 2019/Icetag/IceTags_Data/Session files/Winter Exercise Project/1111111111111/IceTag 50001516 (P)_01-16-2019__15;12;15.ses,IceTag 50001516 (P)_01-16-2019__15;12;15.ses,.ses,winter 2019,accelerometer_icetag,,,,,
Données completes/Données accelerometres/Winter 2019/Icetag/IceTags_Data/Session files/Winter Exercise Project/1111111111111/IceTag 50001516 (P)_01-23-2019__13;39;31.ses,IceTag 50001516 (P)_01-23-2019__13;39;31.ses,.ses,winter 2019,accelerometer_icetag,,,,,
Données completes/Données accelerometres/Winter 2019/Icetag/IceTags_Data/Session files/Winter Exercise Project/1111111111111/IceTag 50001518 (P)_01-16-2019__15;17;25.ses,IceTag 50001518 (P)_01-16-2019__15;17;25.ses,.ses,winter 2019,accelerometer_icetag,,,,,
Données completes/Données accelerometres/Winter 2019/Icetag/IceTags_Data/Session files/Winter Exercise Project/1111111111111/IceTag 50001520 (P)_01-16-2019__15;16;30.ses,IceTag 50001520 (P)_01-16-2019__15;16;30.ses,.ses,winter 2019,accelerometer_icetag,,,,,
Données completes/Données accelerometres/Winter 2019/Icetag/IceTags_Data/Session files/Winter Exercise Project/1111111111111/IceTag 50001521 (P)_01-23-2019__08;27;06.ses,IceTag 50001521 (P)_01-23-2019__08;27;06.ses,.ses,winter 2019,accelerometer_icetag,,,,,
Données completes/Données accelerometres/Winter 2019/Icetag/IceTags_Data/Session files/Winter Exercise Project/1111111111111/IceTag 50001522 (P)_01-16-2019__15;11;06.ses,IceTag 50001522 (P)_01-16-2019__15;11;06.ses,.ses,winter 2019,accelerometer_icetag,,,,,
Données completes/Données accelerometres/Winter 2019/Icetag/IceTags_Data/Session files/Winter Exercise Project/1111111111111/IceTag 50001524 (P)_01-16-2019__15;12;42.ses,IceTag 50001524 (P)_01-16-2019__15;12;42.ses,.ses,winter 2019,accelerometer_icetag,,,,,
Données completes/Données accelerometres/Winter 2019/Icetag/IceTags_Data/Session files/Winter Exercise Project/1111111111111/IceTag 50001524 (P)_01-25-2019__08;09;53.ses,IceTag 50001524 (P)_01-25-2019__08;09;53.ses,.ses,winter 2019,accelerometer_icetag,,,,,
Données completes/Données accelerometres/Winter 2019/Icetag/IceTags_Data/Session files/Winter Exercise Project/1111111111111/IceTag 50001525 (P)_01-16-2019__15;12;17.ses,IceTag 50001525 (P)_01-16-2019__15;12;17.ses,.ses,winter 2019,accelerometer_icetag,,,,,
Données completes/Données accelerometres/Winter 2019/Icetag/IceTags_Data/Session files/Winter Exercise Project/1111111111111/IceTag 50001526 (P)_01-16-2019__15;17;04.ses,IceTag 50001526 (P)_01-16-2019__15;17;04.ses,.ses,winter 2019,accelerometer_icetag,,,,,
Données completes/Données accelerometres/Winter 2019/Icetag/IceTags_Data/Session files/Winter Exercise Project/1111111111111/IceTag 50001576 (P)_01-16-2019__15;16;05.ses,IceTag 50001576 (P)_01-16-2019__15;16;05.ses,.ses,winter 2019,accelerometer_icetag,,,,,
Données completes/Données accelerometres/Winter 2019/Icetag/IceTags_Data/Session files/Winter Exercise Project/1111111111111/IceTag 50001576 (P)_01-25-2019__08;10;22.ses,IceTag 50001576 (P)_01-25-2019__08;10;22.ses,.ses,winter 2019,accelerometer_icetag,,,,,
Données completes/Données accelerometres/Winter 2019/Icetag/IceTags_Data/Session files/Winter Exercise Project/1111111111111/IceTag 50001985 (P)_01-16-2019__15;17;50.ses,IceTag 50001985 (P)_01-16-2019__15;17;50.ses,.ses,winter 2019,accelerometer_icetag,,,,,
Données completes/Données accelerometres/Winter 2019/Icetag/IceTags_Data/Session files/Winter Exercise Project/1111111111111/IceTag 50001985 (P)_01-25-2019__08;10;10.ses,IceTag 50001985 (P)_01-25-2019__08;10;10.ses,.ses,winter 2019,accelerometer_icetag,,,,,
Données completes/Données accelerometres/Winter 2019/Icetag/IceTags_Data/Session files/Winter Exercise Project/1111111111111/IceTag 50001986 (P)_01-23-2019__08;27;10.ses,IceTag 50001986 (P)_01-23-2019__08;27;10.ses,.ses,winter 2019,accelerometer_icetag,,,,,
Données completes/Données accelerometres/Winter 2019/Icetag/IceTags_Data/Session files/Winter Exercise Project/1111111111111/IceTag 50001987 (P)_01-23-2019__08;27;14.ses,IceTag 50001987 (P)_01-23-2019__08;27;14.ses,.ses,winter 2019,accelerometer_icetag,,,,,
Données completes/Données accelerometres/Winter 2019/Icetag/IceTags_Data/Session files/Winter Exercise Project/1111111111111/IceTag 50001988 (P)_01-16-2019__15;18;19.ses,IceTag 50001988 (P)_01-16-2019__15;18;19.ses,.ses,winter 2019,accelerometer_icetag,,,,,
Données completes/Données accelerometres/Winter 2019/Icetag/IceTags_Data/Session files/Winter Exercise Project/1111111111111/IceTag 50001988 (P)_01-25-2019__08;10;02.ses,IceTag 50001988 (P)_01-25-2019__08;10;02.ses,.ses,winter 2019,accelerometer_icetag,,,,,
Données completes/Données accelerometres/Winter 2019/Icetag/IceTags_Data/Session files/Winter Exercise Project/1111111111111/IceTag 50001989 (P)_01-23-2019__08;27;23.ses,IceTag 50001989 (P)_01-23-2019__08;27;23.ses,.ses,winter 2019,accelerometer_icetag,,,,,
Données completes/Données accelerometres/Winter 2019/Icetag/IceTags_Data/Session files/Winter Exercise Project/1111111111111/IceTag 50001990 (P)_01-16-2019__15;18;08.ses,IceTag 50001990 (P)_01-16-2019__15;18;08.ses,.ses,winter 2019,accelerometer_icetag,,,,,
Données completes/Données accelerometres/Winter 2019/Icetag/IceTags_Data/Session files/Winter Exercise Project/1111111111111/IceTag 50001990 (P)_01-25-2019__08;10;06.ses,IceTag 50001990 (P)_01-25-2019__08;10;06.ses,.ses,winter 2019,accelerometer_icetag,,,,,
Données completes/Données accelerometres/Winter 2019/Icetag/IceTags_Data/Session files/Winter Exercise Project/1111111111111/IceTag 50001991 (P)_01-25-2019__08;09;58.ses,IceTag 50001991 (P)_01-25-2019__08;09;58.ses,.ses,winter 2019,accelerometer_icetag,,,,,
Données completes/Données accelerometres/Winter 2019/Icetag/IceTags_Data/Session files/Winter Exercise Project/1111111111111/IceTag 50001992 (P)_01-23-2019__08;27;02.ses,IceTag 50001992 (P)_01-23-2019__08;27;02.ses,.ses,winter 2019,accelerometer_icetag,,,,,
Données completes/Données accelerometres/Winter 2019/Icetag/IceTags_Data/Session files/Winter Exercise Project/1111111111111/IceTag 50001993 (P)_01-16-2019__15;18;06.ses,IceTag 50001993 (P)_01-16-2019__15;18;06.ses,.ses,winter 2019,accelerometer_icetag,,,,,
Données completes/Données accelerometres/Winter 2019/Icetag/IceTags_Data/Session files/Winter Exercise Project/1111111111111/IceTag 50001994 (P)_01-16-2019__15;07;23.ses,IceTag 50001994 (P)_01-16-2019__15;07;23.ses,.ses,winter 2019,accelerometer_icetag,,,,,
Données completes/Données accelerometres/Winter 2019/Icetag/IceTags_Data/Session files/Winter Exercise Project/1111111111111/IceTag 50001995 (P)_01-16-2019__15;18;13.ses,IceTag 50001995 (P)_01-16-2019__15;18;13.ses,.ses,winter 2019,accelerometer_icetag,,,,,
Données completes/Données accelerometres/Winter 2019/Icetag/IceTags_Data/Session files/Winter Exercise Project/1111111111111/IceTag 50001995 (P)_01-25-2019__08;10;12.ses,IceTag 50001995 (P)_01-25-2019__08;10;12.ses,.ses,winter 2019,accelerometer_icetag,,,,,
Données completes/Données accelerometres/Winter 2019/Icetag/IceTags_Data/Session files/Winter Exercise Project/1111111111111/IceTag 50001996 (P)_01-23-2019__08;27;27.ses,IceTag 50001996 (P)_01-23-2019__08;27;27.ses,.ses,winter 2019,accelerometer_icetag,,,,,
Données completes/Données accelerometres/Winter 2019/Icetag/IceTags_Data/Session files/Winter Exercise Project/1111111111111/IceTag 50001997 (P)_01-23-2019__08;27;19.ses,IceTag 50001997 (P)_01-23-2019__08;27;19.ses,.ses,winter 2019,accelerometer_icetag,,,,,
Données completes/Données accelerometres/Winter 2019/Icetag/IceTags_Data/Session files/Winter Exercise Project/IceTag 50001516 (P)_02-01-2019__11;19;32.ses,IceTag 50001516 (P)_02-01-2019__11;19;32.ses,.ses,winter 2019,accelerometer_icetag,,,,,
Données completes/Données accelerometres/Winter 2019/Icetag/IceTags_Data/Session files/Winter Exercise Project/IceTag 50001516 (P)_02-08-2019__13;41;10.ses,IceTag 50001516 (P)_02-08-2019__13;41;10.ses,.ses,winter 2019,accelerometer_icetag,,,,,
Données completes/Données accelerometres/Winter 2019/Icetag/IceTags_Data/Session files/Winter Exercise Project/IceTag 50001516 (P)_02-22-2019__08;06;15.ses,IceTag 50001516 (P)_02-22-2019__08;06;15.ses,.ses,winter 2019,accelerometer_icetag,,,,,
Données completes/Données accelerometres/Winter 2019/Icetag/IceTags_Data/Session files/Winter Exercise Project/IceTag 50001516 (P)_02-22-2019__13;18;48.ses,IceTag 50001516 (P)_02-22-2019__13;18;48.ses,.ses,winter 2019,accelerometer_icetag,,,,,
Données completes/Données accelerometres/Winter 2019/Icetag/IceTags_Data/Session files/Winter Exercise Project/IceTag 50001516 (P)_03-08-2019__14;33;44.ses,IceTag 50001516 (P)_03-08-2019__14;33;44.ses,.ses,winter 2019,accelerometer_icetag,,,,,
Données completes/Données accelerometres/Winter 2019/Icetag/IceTags_Data/Session files/Winter Exercise Project/IceTag 50001516 (P)_03-29-2019__13;01;41.ses,IceTag 50001516 (P)_03-29-2019__13;01;41.ses,.ses,winter 2019,accelerometer_icetag,,,,,
Données completes/Données accelerometres/Winter 2019/Icetag/IceTags_Data/Session files/Winter Exercise Project/IceTag 50001516 (P)_04-05-2019__13;27;54.ses,IceTag 50001516 (P)_04-05-2019__13;27;54.ses,.ses,winter 2019,accelerometer_icetag,,,,,
Données completes/Données accelerometres/Winter 2019/Icetag/IceTags_Data/Session files/Winter Exercise Project/IceTag 50001518 (P)_02-04-2019__07;53;03.ses,IceTag 50001518 (P)_02-04-2019__07;53;03.ses,.ses,winter 2019,accelerometer_icetag,,,,,
Données completes/Données accelerometres/Winter 2019/Icetag/IceTags_Data/Session files/Winter Exercise Project/IceTag 50001518 (P)_02-05-2019__07;53;35.ses,IceTag 50001518 (P)_02-05-2019__07;53;35.ses,.ses,winter 2019,accelerometer_icetag,,,,,
Données completes/Données accelerometres/Winter 2019/Icetag/IceTags_Data/Session files/Winter Exercise Project/IceTag 50001518 (P)_02-06-2019__08;18;57.ses,IceTag 50001518 (P)_02-06-2019__08;18;57.ses,.ses,winter 2019,accelerometer_icetag,,,,,
Données completes/Données accelerometres/Winter 2019/Icetag/IceTags_Data/Session files/Winter Exercise Project/IceTag 50001518 (P)_02-07-2019__08;17;00.ses,IceTag 50001518 (P)_02-07-2019__08;17;00.ses,.ses,winter 2019,accelerometer_icetag,,,,,
Données completes/Données accelerometres/Winter 2019/Icetag/IceTags_Data/Session files/Winter Exercise Project/IceTag 50001518 (P)_02-08-2019__08;03;54.ses,IceTag 50001518 (P)_02-08-2019__08;03;54.ses,.ses,winter 2019,accelerometer_icetag,,,,,
Données completes/Données accelerometres/Winter 2019/Icetag/IceTags_Data/Session files/Winter Exercise Project/IceTag 50001518 (P)_02-08-2019__13;03;11.ses,IceTag 50001518 (P)_02-08-2019__13;03;11.ses,.ses,winter 2019,accelerometer_icetag,,,,,
Données completes/Données accelerometres/Winter 2019/Icetag/IceTags_Data/Session files/Winter Exercise Project/IceTag 50001518 (P)_02-15-2019__14;40;16.ses,IceTag 50001518 (P)_02-15-2019__14;40;16.ses,.ses,winter 2019,accelerometer_icetag,,,,,
Données completes/Données accelerometres/Winter 2019/Icetag/IceTags_Data/Session files/Winter Exercise Project/IceTag 50001518 (P)_02-22-2019__13;49;10.ses,IceTag 50001518 (P)_02-22-2019__13;49;10.ses,.ses,winter 2019,accelerometer_icetag,,,,,
Données completes/Données accelerometres/Winter 2019/Icetag/IceTags_Data/Session files/Winter Exercise Project/IceTag 50001518 (P)_03-08-2019__12;46;33.ses,IceTag 50001518 (P)_03-08-2019__12;46;33.ses,.ses,winter 2019,accelerometer_icetag,,,,,
Données completes/Données accelerometres/Winter 2019/Icetag/IceTags_Data/Session files/Winter Exercise Project/IceTag 50001518 (P)_03-15-2019__14;41;53.ses,IceTag 50001518 (P)_03-15-2019__14;41;53.ses,.ses,winter 2019,accelerometer_icetag,,,,,
Données completes/Données accelerometres/Winter 2019/Icetag/IceTags_Data/Session files/Winter Exercise Project/IceTag 50001518 (P)_03-29-2019__13;01;44.ses,IceTag 50001518 (P)_03-29-2019__13;01;44.ses,.ses,winter 2019,accelerometer_icetag,,,,,
Données completes/Données accelerometres/Winter 2019/Icetag/IceTags_Data/Session files/Winter Exercise Project/IceTag 50001520 (P)_02-04-2019__07;52;59.ses,IceTag 50001520 (P)_02-04-2019__07;52;59.ses,.ses,winter 2019,accelerometer_icetag,,,,,
Données completes/Données accelerometres/Winter 2019/Icetag/IceTags_Data/Session files/Winter Exercise Project/IceTag 50001520 (P)_02-05-2019__07;53;18.ses,IceTag 50001520 (P)_02-05-2019__07;53;18.ses,.ses,winter 2019,accelerometer_icetag,,,,,
Données completes/Données accelerometres/Winter 2019/Icetag/IceTags_Data/Session files/Winter Exercise Project/IceTag 50001520 (P)_02-06-2019__08;18;47.ses,IceTag 50001520 (P)_02-06-2019__08;18;47.ses,.ses,winter 2019,accelerometer_icetag,,,,,
Données completes/Données accelerometres/Winter 2019/Icetag/IceTags_Data/Session files/Winter Exercise Project/IceTag 50001520 (P)_02-07-2019__08;16;55.ses,IceTag 50001520 (P)_02-07-2019__08;16;55.ses,.ses,winter 2019,accelerometer_icetag,,,,,
Données completes/Données accelerometres/Winter 2019/Icetag/IceTags_Data/Session files/Winter Exercise Project/IceTag 50001520 (P)_02-08-2019__08;03;37.ses,IceTag 50001520 (P)_02-08-2019__08;03;37.ses,.ses,winter 2019,accelerometer_icetag,,,,,
Données completes/Données accelerometres/Winter 2019/Icetag/IceTags_Data/Session files/Winter Exercise Project/IceTag 50001520 (P)_02-08-2019__08;04;32.ses,IceTag 50001520 (P)_02-08-2019__08;04;32.ses,.ses,winter 2019,accelerometer_icetag,,,,,
Données completes/Données accelerometres/Winter 2019/Icetag/IceTags_Data/Session files/Winter Exercise Project/IceTag 50001520 (P)_02-08-2019__13;03;14.ses,IceTag 50001520 (P)_02-08-2019__13;03;14.ses,.ses,winter 2019,accelerometer_icetag,,,,,
Données completes/Données accelerometres/Winter 2019/Icetag/IceTags_Data/Session files/Winter Exercise Project/IceTag 50001520 (P)_02-15-2019__14;39;04.ses,IceTag 50001520 (P)_02-15-2019__14;39;04.ses,.ses,winter 2019,accelerometer_icetag,,,,,
Données completes/Données accelerometres/Winter 2019/Icetag/IceTags_Data/Session files/Winter Exercise Project/IceTag 50001520 (P)_02-22-2019__13;49;10.ses,IceTag 50001520 (P)_02-22-2019__13;49;10.ses,.ses,winter 2019,accelerometer_icetag,,,,,
Données completes/Données accelerometres/Winter 2019/Icetag/IceTags_Data/Session files/Winter Exercise Project/IceTag 50001520 (P)_03-15-2019__13;46;12.ses,IceTag 50001520 (P)_03-15-2019__13;46;12.ses,.ses,winter 2019,accelerometer_icetag,,,,,
Données completes/Données accelerometres/Winter 2019/Icetag/IceTags_Data/Session files/Winter Exercise Project/IceTag 50001520 (P)_03-22-2019__10;18;46.ses,IceTag 50001520 (P)_03-22-2019__10;18;46.ses,.ses,winter 2019,accelerometer_icetag,,,,,
Données completes/Données accelerometres/Winter 2019/Icetag/IceTags_Data/Session files/Winter Exercise Project/IceTag 50001520 (P)_04-05-2019__12;29;02.ses,IceTag 50001520 (P)_04-05-2019__12;29;02.ses,.ses,winter 2019,accelerometer_icetag,,,,,
Données completes/Données accelerometres/Winter 2019/Icetag/IceTags_Data/Session files/Winter Exercise Project/IceTag 50001520 (P)_04-12-2019__11;34;35.ses,IceTag 50001520 (P)_04-12-2019__11;34;35.ses,.ses,winter 2019,accelerometer_icetag,,,,,
Données completes/Données accelerometres/Winter 2019/Icetag/IceTags_Data/Session files/Winter Exercise Project/IceTag 50001521 (P)_01-08-2019__13;36;41.ses,IceTag 50001521 (P)_01-08-2019__13;36;41.ses,.ses,winter 2019,accelerometer_icetag,,,,,
Données completes/Données accelerometres/Winter 2019/Icetag/IceTags_Data/Session files/Winter Exercise Project/IceTag 50001521 (P)_01-16-2019__15;15;49.ses,IceTag 50001521 (P)_01-16-2019__15;15;49.ses,.ses,winter 2019,accelerometer_icetag,,,,,
Données completes/Données accelerometres/Winter 2019/Icetag/IceTags_Data/Session files/Winter Exercise Project/IceTag 50001521 (P)_01-17-2019__08;23;21.ses,IceTag 50001521 (P)_01-17-2019__08;23;21.ses,.ses,winter 2019,accelerometer_icetag,,,,,
Données completes/Données accelerometres/Winter 2019/Icetag/IceTags_Data/Session files/Winter Exercise Project/IceTag 50001521 (P)_01-18-2019__07;59;43.ses,IceTag 50001521 (P)_01-18-2019__07;59;43.ses,.ses,winter 2019,accelerometer_icetag,,,,,
Données completes/Données accelerometres/Winter 2019/Icetag/IceTags_Data/Session files/Winter Exercise Project/IceTag 50001521 (P)_01-23-2019__08;27;06.ses,IceTag 50001521 (P)_01-23-2019__08;27;06.ses,.ses,winter 2019,accelerometer_icetag,,,,,
Données completes/Données accelerometres/Winter 2019/Icetag/IceTags_Data/Session files/Winter Exercise Project/IceTag 50001521 (P)_02-04-2019__07;53;13.ses,IceTag 50001521 (P)_02-04-2019__07;53;13.ses,.ses,winter 2019,accelerometer_icetag,,,,,
Données completes/Données accelerometres/Winter 2019/Icetag/IceTags_Data/Session files/Winter Exercise Project/IceTag 50001521 (P)_02-05-2019__07;53;15.ses,IceTag 50001521 (P)_02-05-2019__07;53;15.ses,.ses,winter 2019,accelerometer_icetag,,,,,
Données completes/Données accelerometres/Winter 2019/Icetag/IceTags_Data/Session files/Winter Exercise Project/IceTag 50001521 (P)_02-06-2019__08;19;01.ses,IceTag 50001521 (P)_02-06-2019__08;19;01.ses,.ses,winter 2019,accelerometer_icetag,,,,,
Données completes/Données accelerometres/Winter 2019/Icetag/IceTags_Data/Session files/Winter Exercise Project/IceTag 50001521 (P)_02-07-2019__08;16;46.ses,IceTag 50001521 (P)_02-07-2019__08;16;46.ses,.ses,winter 2019,accelerometer_icetag,,,,,
Données completes/Données accelerometres/Winter 2019/Icetag/IceTags_Data/Session files/Winter Exercise Project/IceTag 50001521 (P)_02-08-2019__08;03;52.ses,IceTag 50001521 (P)_02-08-2019__08;03;52.ses,.ses,winter 2019,accelerometer_icetag,,,,,
Données completes/Données accelerometres/Winter 2019/Icetag/IceTags_Data/Session files/Winter Exercise Project/IceTag 50001521 (P)_02-08-2019__13;03;01.ses,IceTag 50001521 (P)_02-08-2019__13;03;01.ses,.ses,winter 2019,accelerometer_icetag,,,,,
Données completes/Données accelerometres/Winter 2019/Icetag/IceTags_Data/Session files/Winter Exercise Project/IceTag 50001521 (P)_02-15-2019__14;40;21.ses,IceTag 50001521 (P)_02-15-2019__14;40;21.ses,.ses,winter 2019,accelerometer_icetag,,,,,
Données completes/Données accelerometres/Winter 2019/Icetag/IceTags_Data/Session files/Winter Exercise Project/IceTag 50001521 (P)_02-22-2019__13;48;55.ses,IceTag 50001521 (P)_02-22-2019__13;48;55.ses,.ses,winter 2019,accelerometer_icetag,,,,,
Données completes/Données accelerometres/Winter 2019/Icetag/IceTags_Data/Session files/Winter Exercise Project/IceTag 50001521 (P)_03-08-2019__12;46;25.ses,IceTag 50001521 (P)_03-08-2019__12;46;25.ses,.ses,winter 2019,accelerometer_icetag,,,,,
Données completes/Données accelerometres/Winter 2019/Icetag/IceTags_Data/Session files/Winter Exercise Project/IceTag 50001521 (P)_03-15-2019__14;42;02.ses,IceTag 50001521 (P)_03-15-2019__14;42;02.ses,.ses,winter 2019,accelerometer_icetag,,,,,
Données completes/Données accelerometres/Winter 2019/Icetag/IceTags_Data/Session files/Winter Exercise Project/IceTag 50001521 (P)_03-22-2019__10;43;30.ses,IceTag 50001521 (P)_03-22-2019__10;43;30.ses,.ses,winter 2019,accelerometer_icetag,,,,,
Données completes/Données accelerometres/Winter 2019/Icetag/IceTags_Data/Session files/Winter Exercise Project/IceTag 50001521 (P)_04-05-2019__12;28;54.ses,IceTag 50001521 (P)_04-05-2019__12;28;54.ses,.ses,winter 2019,accelerometer_icetag,,,,,
Données completes/Données accelerometres/Winter 2019/Icetag/IceTags_Data/Session files/Winter Exercise Project/IceTag 50001521 (P)_04-12-2019__11;34;21.ses,IceTag 50001521 (P)_04-12-2019__11;34;21.ses,.ses,winter 2019,accelerometer_icetag,,,,,
Données completes/Données accelerometres/Winter 2019/Icetag/IceTags_Data/Session files/Winter Exercise Project/IceTag 50001522 (P)_02-01-2019__10;28;09.ses,IceTag 50001522 (P)_02-01-2019__10;28;09.ses,.ses,winter 2019,accelerometer_icetag,,,,,
Données completes/Données accelerometres/Winter 2019/Icetag/IceTags_Data/Session files/Winter Exercise Project/IceTag 50001522 (P)_02-07-2019__13;18;29.ses,IceTag 50001522 (P)_02-07-2019__13;18;29.ses,.ses,winter 2019,accelerometer_icetag,,,,,
Données completes/Données accelerometres/Winter 2019/Icetag/IceTags_Data/Session files/Winter Exercise Project/IceTag 50001522 (P)_02-08-2019__13;41;05.ses,IceTag 50001522 (P)_02-08-2019__13;41;05.ses,.ses,winter 2019,accelerometer_icetag,,,,,
Données completes/Données accelerometres/Winter 2019/Icetag/IceTags_Data/Session files/Winter Exercise Project/IceTag 50001522 (P)_02-22-2019__08;06;07.ses,IceTag 50001522 (P)_02-22-2019__08;06;07.ses,.ses,winter 2019,accelerometer_icetag,,,,,
Données completes/Données accelerometres/Winter 2019/Icetag/IceTags_Data/Session files/Winter Exercise Project/IceTag 50001522 (P)_02-22-2019__13;18;35.ses,IceTag 50001522 (P)_02-22-2019__13;18;35.ses,.ses,winter 2019,accelerometer_icetag,,,,,
Données completes/Données accelerometres/Winter 2019/Icetag/IceTags_Data/Session files/Winter Exercise Project/IceTag 50001522 (P)_03-15-2019__13;46;09.ses,IceTag 50001522 (P)_03-15-2019__13;46;09.ses,.ses,winter 2019,accelerometer_icetag,,,,,
Données completes/Données accelerometres/Winter 2019/Icetag/IceTags_Data/Session files/Winter Exercise Project/IceTag 50001522 (P)_03-29-2019__13;01;55.ses,IceTag 50001522 (P)_03-29-2019__13;01;55.ses,.ses,winter 2019,accelerometer_icetag,,,,,
Données completes/Données accelerometres/Winter 2019/Icetag/IceTags_Data/Session files/Winter Exercise Project/IceTag 50001522 (P)_04-12-2019__10;59;29.ses,IceTag 50001522 (P)_04-12-2019__10;59;29.ses,.ses,winter 2019,accelerometer_icetag,,,,,
Données completes/Données accelerometres/Winter 2019/Icetag/IceTags_Data/Session files/Winter Exercise Project/IceTag 50001524 (P)_01-24-2019__08;45;58.ses,IceTag 50001524 (P)_01-24-2019__08;45;58.ses,.ses,winter 2019,accelerometer_icetag,,,,,
Données completes/Données accelerometres/Winter 2019/Icetag/IceTags_Data/Session files/Winter Exercise Project/IceTag 50001524 (P)_02-01-2019__09;39;57.ses,IceTag 50001524 (P)_02-01-2019__09;39;57.ses,.ses,winter 2019,accelerometer_icetag,,,,,
Données completes/Données accelerometres/Winter 2019/Icetag/IceTags_Data/Session files/Winter Exercise Project/IceTag 50001524 (P)_02-14-2019__08;05;59.ses,IceTag 50001524 (P)_02-14-2019__08;05;59.ses,.ses,winter 2019,accelerometer_icetag,,,,,
Données completes/Données accelerometres/Winter 2019/Icetag/IceTags_Data/Session files/Winter Exercise Project/IceTag 50001524 (P)_02-15-2019__08;30;23.ses,IceTag 50001524 (P)_02-15-2019__08;30;23.ses,.ses,winter 2019,accelerometer_icetag,,,,,
Données completes/Données accelerometres/Winter 2019/Icetag/IceTags_Data/Session files/Winter Exercise Project/IceTag 50001524 (P)_02-15-2019__13;23;00.ses,IceTag 50001524 (P)_02-15-2019__13;23;00.ses,.ses,winter 2019,accelerometer_icetag,,,,,
Données completes/Données accelerometres/Winter 2019/Icetag/IceTags_Data/Session files/Winter Exercise Project/IceTag 50001524 (P)_02-15-2019__14;55;41.ses,IceTag 50001524 (P)_02-15-2019__14;55;41.ses,.ses,winter 2019,accelerometer_icetag,,,,,
Données completes/Données accelerometres/Winter 2019/Icetag/IceTags_Data/Session files/Winter Exercise Project/IceTag 50001524 (P)_02-22-2019__14;19;22.ses,IceTag 50001524 (P)_02-22-2019__14;19;22.ses,.ses,winter 2019,accelerometer_icetag,,,,,
Données completes/Données accelerometres/Winter 2019/Icetag/IceTags_Data/Session files/Winter Exercise Project/IceTag 50001524 (P)_03-08-2019__12;46;37.ses,IceTag 50001524 (P)_03-08-2019__12;46;37.ses,.ses,winter 2019,accelerometer_icetag,,,,,
Données completes/Données accelerometres/Winter 2019/Icetag/IceTags_Data/Session files/Winter Exercise Project/IceTag 50001524 (P)_03-15-2019__14;41;58.ses,IceTag 50001524 (P)_03-15-2019__14;41;58.ses,.ses,winter 2019,accelerometer_icetag,,,,,
Données completes/Données accelerometres/Winter 2019/Icetag/IceTags_Data/Session files/Winter Exercise Project/IceTag 50001524 (P)_03-29-2019__13;01;48.ses,IceTag 50001524 (P)_03-29-2019__13;01;48.ses,.ses,winter 2019,accelerometer_icetag,,,,,
Données completes/Données accelerometres/Winter 2019/Icetag/IceTags_Data/Session files/Winter Exercise Project/IceTag 50001524 (P)_04-05-2019__13;28;09.ses,IceTag 50001524 (P)_04-05-2019__13;28;09.ses,.ses,winter 2019,accelerometer_icetag,,,,,
Données completes/Données accelerometres/Winter 2019/Icetag/IceTags_Data/Session files/Winter Exercise Project/IceTag 50001524 (P)_04-12-2019__11;58;46.ses,IceTag 50001524 (P)_04-12-2019__11;58;46.ses,.ses,winter 2019,accelerometer_icetag,,,,,
Données completes/Données accelerometres/Winter 2019/Icetag/IceTags_Data/Session files/Winter Exercise Project/IceTag 50001525 (P)_02-01-2019__10;28;11.ses,IceTag 50001525 (P)_02-01-2019__10;28;11.ses,.ses,winter 2019,accelerometer_icetag,,,,,
Données completes/Données accelerometres/Winter 2019/Icetag/IceTags_Data/Session files/Winter Exercise Project/IceTag 50001525 (P)_02-08-2019__13;41;21.ses,IceTag 50001525 (P)_02-08-2019__13;41;21.ses,.ses,winter 2019,accelerometer_icetag,,,,,
Données completes/Données accelerometres/Winter 2019/Icetag/IceTags_Data/Session files/Winter Exercise Project/IceTag 50001525 (P)_02-22-2019__08;06;09.ses,IceTag 50001525 (P)_02-22-2019__08;06;09.ses,.ses,winter 2019,accelerometer_icetag,,,,,
Données completes/Données accelerometres/Winter 2019/Icetag/IceTags_Data/Session files/Winter Exercise Project/IceTag 50001525 (P)_03-15-2019__13;46;07.ses,IceTag 50001525 (P)_03-15-2019__13;46;07.ses,.ses,winter 2019,accelerometer_icetag,,,,,
Données completes/Données accelerometres/Winter 2019/Icetag/IceTags_Data/Session files/Winter Exercise Project/IceTag 50001525 (P)_03-29-2019__13;01;51.ses,IceTag 50001525 (P)_03-29-2019__13;01;51.ses,.ses,winter 2019,accelerometer_icetag,,,,,
Données completes/Données accelerometres/Winter 2019/Icetag/IceTags_Data/Session files/Winter Exercise Project/IceTag 50001525 (P)_04-05-2019__13;28;03.ses,IceTag 50001525 (P)_04-05-2019__13;28;03.ses,.ses,winter 2019,accelerometer_icetag,,,,,
Données completes/Données accelerometres/Winter 2019/Icetag/IceTags_Data/Session files/Winter Exercise Project/IceTag 50001526 (P)_02-04-2019__07;53;06.ses,IceTag 50001526 (P)_02-04-2019__07;53;06.ses,.ses,winter 2019,accelerometer_icetag,,,,,
Données completes/Données accelerometres/Winter 2019/Icetag/IceTags_Data/Session files/Winter Exercise Project/IceTag 50001526 (P)_02-05-2019__07;53;39.ses,IceTag 50001526 (P)_02-05-2019__07;53;39.ses,.ses,winter 2019,accelerometer_icetag,,,,,
Données completes/Données accelerometres/Winter 2019/Icetag/IceTags_Data/Session files/Winter Exercise Project/IceTag 50001526 (P)_02-06-2019__08;18;55.ses,IceTag 50001526 (P)_02-06-2019__08;18;55.ses,.ses,winter 2019,accelerometer_icetag,,,,,
Données completes/Données accelerometres/Winter 2019/Icetag/IceTags_Data/Session files/Winter Exercise Project/IceTag 50001526 (P)_02-07-2019__08;16;57.ses,IceTag 50001526 (P)_02-07-2019__08;16;57.ses,.ses,winter 2019,accelerometer_icetag,,,,,
Données completes/Données accelerometres/Winter 2019/Icetag/IceTags_Data/Session files/Winter Exercise Project/IceTag 50001526 (P)_02-08-2019__08;03;33.ses,IceTag 50001526 (P)_02-08-2019__08;03;33.ses,.ses,winter 2019,accelerometer_icetag,,,,,
Données completes/Données accelerometres/Winter 2019/Icetag/IceTags_Data/Session files/Winter Exercise Project/IceTag 50001526 (P)_02-08-2019__13;02;55.ses,IceTag 50001526 (P)_02-08-2019__13;02;55.ses,.ses,winter 2019,accelerometer_icetag,,,,,
Données completes/Données accelerometres/Winter 2019/Icetag/IceTags_Data/Session files/Winter Exercise Project/IceTag 50001526 (P)_02-15-2019__14;40;13.ses,IceTag 50001526 (P)_02-15-2019__14;40;13.ses,.ses,winter 2019,accelerometer_icetag,,,,,
Données completes/Données accelerometres/Winter 2019/Icetag/IceTags_Data/Session files/Winter Exercise Project/IceTag 50001526 (P)_02-22-2019__13;48;58.ses,IceTag 50001526 (P)_02-22-2019__13;48;58.ses,.ses,winter 2019,accelerometer_icetag,,,,,
Données completes/Données accelerometres/Winter 2019/Icetag/IceTags_Data/Session files/Winter Exercise Project/IceTag 50001526 (P)_03-08-2019__12;46;28.ses,IceTag 50001526 (P)_03-08-2019__12;46;28.ses,.ses,winter 2019,accelerometer_icetag,,,,,
Données completes/Données accelerometres/Winter 2019/Icetag/IceTags_Data/Session files/Winter Exercise Project/IceTag 50001526 (P)_03-15-2019__14;41;55.ses,IceTag 50001526 (P)_03-15-2019__14;41;55.ses,.ses,winter 2019,accelerometer_icetag,,,,,
Données completes/Données accelerometres/Winter 2019/Icetag/IceTags_Data/Session files/Winter Exercise Project/IceTag 50001526 (P)_03-22-2019__10;18;51.ses,IceTag 50001526 (P)_03-22-2019__10;18;51.ses,.ses,winter 2019,accelerometer_icetag,,,,,
Données completes/Données accelerometres/Winter 2019/Icetag/IceTags_Data/Session files/Winter Exercise Project/IceTag 50001526 (P)_03-29-2019__14;01;13.ses,IceTag 50001526 (P)_03-29-2019__14;01;13.ses,.ses,winter 2019,accelerometer_icetag,,,,,
Données completes/Données accelerometres/Winter 2019/Icetag/IceTags_Data/Session files/Winter Exercise Project/IceTag 50001526 (P)_04-12-2019__10;59;31.ses,IceTag 50001526 (P)_04-12-2019__10;59;31.ses,.ses,winter 2019,accelerometer_icetag,,,,,
Données completes/Données accelerometres/Winter 2019/Icetag/IceTags_Data/Session files/Winter Exercise Project/IceTag 50001576 (P)_01-24-2019__08;46;01.ses,IceTag 50001576 (P)_01-24-2019__08;46;01.ses,.ses,winter 2019,accelerometer_icetag,,,,,
Données completes/Données accelerometres/Winter 2019/Icetag/IceTags_Data/Session files/Winter Exercise Project/IceTag 50001576 (P)_02-01-2019__09;40;01.ses,IceTag 50001576 (P)_02-01-2019__09;40;01.ses,.ses,winter 2019,accelerometer_icetag,,,,,
Données completes/Données accelerometres/Winter 2019/Icetag/IceTags_Data/Session files/Winter Exercise Project/IceTag 50001576 (P)_02-14-2019__08;05;51.ses,IceTag 50001576 (P)_02-14-2019__08;05;51.ses,.ses,winter 2019,accelerometer_icetag,,,,,
Données completes/Données accelerometres/Winter 2019/Icetag/IceTags_Data/Session files/Winter Exercise Project/IceTag 50001576 (P)_02-15-2019__08;30;21.ses,IceTag 50001576 (P)_02-15-2019__08;30;21.ses,.ses,winter 2019,accelerometer_icetag,,,,,
Données completes/Données accelerometres/Winter 2019/Icetag/IceTags_Data/Session files/Winter Exercise Project/IceTag 50001576 (P)_02-15-2019__13;23;04.ses,IceTag 50001576 (P)_02-15-2019__13;23;04.ses,.ses,winter 2019,accelerometer_icetag,,,,,
Données completes/Données accelerometres/Winter 2019/Icetag/IceTags_Data/Session files/Winter Exercise Project/IceTag 50001576 (P)_02-15-2019__14;55;59.ses,IceTag 50001576 (P)_02-15-2019__14;55;59.ses,.ses,winter 2019,accelerometer_icetag,,,,,
Données completes/Données accelerometres/Winter 2019/Icetag/IceTags_Data/Session files/Winter Exercise Project/IceTag 50001576 (P)_03-01-2019__08;13;41.ses,IceTag 50001576 (P)_03-01-2019__08;13;41.ses,.ses,winter 2019,accelerometer_icetag,,,,,
Données completes/Données accelerometres/Winter 2019/Icetag/IceTags_Data/Session files/Winter Exercise Project/IceTag 50001576 (P)_03-08-2019__13;44;33.ses,IceTag 50001576 (P)_03-08-2019__13;44;33.ses,.ses,winter 2019,accelerometer_icetag,,,,,
Données completes/Données accelerometres/Winter 2019/Icetag/IceTags_Data/Session files/Winter Exercise Project/IceTag 50001576 (P)_03-22-2019__09;40;16.ses,IceTag 50001576 (P)_03-22-2019__09;40;16.ses,.ses,winter 2019,accelerometer_icetag,,,,,
Données completes/Données accelerometres/Winter 2019/Icetag/IceTags_Data/Session files/Winter Exercise Project/IceTag 50001576 (P)_03-29-2019__14;01;04.ses,IceTag 50001576 (P)_03-29-2019__14;01;04.ses,.ses,winter 2019,accelerometer_icetag,,,,,
Données completes/Données accelerometres/Winter 2019/Icetag/IceTags_Data/Session files/Winter Exercise Project/IceTag 50001576 (P)_04-12-2019__10;59;34.ses,IceTag 50001576 (P)_04-12-2019__10;59;34.ses,.ses,winter 2019,accelerometer_icetag,,,,,
Données completes/Données accelerometres/Winter 2019/Icetag/IceTags_Data/Session files/Winter Exercise Project/IceTag 50001985 (P)_01-24-2019__08;46;04.ses,IceTag 50001985 (P)_01-24-2019__08;46;04.ses,.ses,winter 2019,accelerometer_icetag,,,,,
Données completes/Données accelerometres/Winter 2019/Icetag/IceTags_Data/Session files/Winter Exercise Project/IceTag 50001985 (P)_02-01-2019__09;40;05.ses,IceTag 50001985 (P)_02-01-2019__09;40;05.ses,.ses,winter 2019,accelerometer_icetag,,,,,
Données completes/Données accelerometres/Winter 2019/Icetag/IceTags_Data/Session files/Winter Exercise Project/IceTag 50001985 (P)_02-14-2019__08;06;12.ses,IceTag 50001985 (P)_02-14-2019__08;06;12.ses,.ses,winter 2019,accelerometer_icetag,,,,,
Données completes/Données accelerometres/Winter 2019/Icetag/IceTags_Data/Session files/Winter Exercise Project/IceTag 50001985 (P)_02-15-2019__08;30;26.ses,IceTag 50001985 (P)_02-15-2019__08;30;26.ses,.ses,winter 2019,accelerometer_icetag,,,,,
Données completes/Données accelerometres/Winter 2019/Icetag/IceTags_Data/Session files/Winter Exercise Project/IceTag 50001985 (P)_02-15-2019__13;22;58.ses,IceTag 50001985 (P)_02-15-2019__13;22;58.ses,.ses,winter 2019,accelerometer_icetag,,,,,
Données completes/Données accelerometres/Winter 2019/Icetag/IceTags_Data/Session files/Winter Exercise Project/IceTag 50001985 (P)_02-15-2019__14;55;45.ses,IceTag 50001985 (P)_02-15-2019__14;55;45.ses,.ses,winter 2019,accelerometer_icetag,,,,,
Données completes/Données accelerometres/Winter 2019/Icetag/IceTags_Data/Session files/Winter Exercise Project/IceTag 50001985 (P)_03-01-2019__08;13;36.ses,IceTag 50001985 (P)_03-01-2019__08;13;36.ses,.ses,winter 2019,accelerometer_icetag,,,,,
Données completes/Données accelerometres/Winter 2019/Icetag/IceTags_Data/Session files/Winter Exercise Project/IceTag 50001985 (P)_03-08-2019__13;44;37.ses,IceTag 50001985 (P)_03-08-2019__13;44;37.ses,.ses,winter 2019,accelerometer_icetag,,,,,
Données completes/Données accelerometres/Winter 2019/Icetag/IceTags_Data/Session files/Winter Exercise Project/IceTag 50001985 (P)_03-22-2019__09;40;24.ses,IceTag 50001985 (P)_03-22-2019__09;40;24.ses,.ses,winter 2019,accelerometer_icetag,,,,,
Données completes/Données accelerometres/Winter 2019/Icetag/IceTags_Data/Session files/Winter Exercise Project/IceTag 50001985 (P)_03-29-2019__14;01;09.ses,IceTag 50001985 (P)_03-29-2019__14;01;09.ses,.ses,winter 2019,accelerometer_icetag,,,,,
Données completes/Données accelerometres/Winter 2019/Icetag/IceTags_Data/Session files/Winter Exercise Project/IceTag 50001985 (P)_04-05-2019__14;02;45.ses,IceTag 50001985 (P)_04-05-2019__14;02;45.ses,.ses,winter 2019,accelerometer_icetag,,,,,
Données completes/Données accelerometres/Winter 2019/Icetag/IceTags_Data/Session files/Winter Exercise Project/IceTag 50001986 (P)_01-16-2019__15;18;16.ses,IceTag 50001986 (P)_01-16-2019__15;18;16.ses,.ses,winter 2019,accelerometer_icetag,,,,,
Données completes/Données accelerometres/Winter 2019/Icetag/IceTags_Data/Session files/Winter Exercise Project/IceTag 50001986 (P)_01-23-2019__08;27;10.ses,IceTag 50001986 (P)_01-23-2019__08;27;10.ses,.ses,winter 2019,accelerometer_icetag,,,,,
Données completes/Données accelerometres/Winter 2019/Icetag/IceTags_Data/Session files/Winter Exercise Project/IceTag 50001986 (P)_02-01-2019__10;28;19.ses,IceTag 50001986 (P)_02-01-2019__10;28;19.ses,.ses,winter 2019,accelerometer_icetag,,,,,
Données completes/Données accelerometres/Winter 2019/Icetag/IceTags_Data/Session files/Winter Exercise Project/IceTag 50001986 (P)_02-08-2019__13;41;25.ses,IceTag 50001986 (P)_02-08-2019__13;41;25.ses,.ses,winter 2019,accelerometer_icetag,,,,,
Données completes/Données accelerometres/Winter 2019/Icetag/IceTags_Data/Session files/Winter Exercise Project/IceTag 50001986 (P)_02-14-2019__14;29;02.ses,IceTag 50001986 (P)_02-14-2019__14;29;02.ses,.ses,winter 2019,accelerometer_icetag,,,,,
Données completes/Données accelerometres/Winter 2019/Icetag/IceTags_Data/Session files/Winter Exercise Project/IceTag 50001986 (P)_02-22-2019__08;06;22.ses,IceTag 50001986 (P)_02-22-2019__08;06;22.ses,.ses,winter 2019,accelerometer_icetag,,,,,
Données completes/Données accelerometres/Winter 2019/Icetag/IceTags_Data/Session files/Winter Exercise Project/IceTag 50001986 (P)_02-22-2019__13;18;38.ses,IceTag 50001986 (P)_02-22-2019__13;18;38.ses,.ses,winter 2019,accelerometer_icetag,,,,,
Données completes/Données accelerometres/Winter 2019/Icetag/IceTags_Data/Session files/Winter Exercise Project/IceTag 50001986 (P)_03-14-2019__09;13;55.ses,IceTag 50001986 (P)_03-14-2019__09;13;55.ses,.ses,winter 2019,accelerometer_icetag,,,,,
Données completes/Données accelerometres/Winter 2019/Icetag/IceTags_Data/Session files/Winter Exercise Project/IceTag 50001986 (P)_03-15-2019__13;46;15.ses,IceTag 50001986 (P)_03-15-2019__13;46;15.ses,.ses,winter 2019,accelerometer_icetag,,,,,
Données completes/Données accelerometres/Winter 2019/Icetag/IceTags_Data/Session files/Winter Exercise Project/IceTag 50001986 (P)_03-22-2019__10;43;35.ses,IceTag 50001986 (P)_03-22-2019__10;43;35.ses,.ses,winter 2019,accelerometer_icetag,,,,,
Données completes/Données accelerometres/Winter 2019/Icetag/IceTags_Data/Session files/Winter Exercise Project/IceTag 50001986 (P)_04-05-2019__12;28;42.ses,IceTag 50001986 (P)_04-05-2019__12;28;42.ses,.ses,winter 2019,accelerometer_icetag,,,,,
Données completes/Données accelerometres/Winter 2019/Icetag/IceTags_Data/Session files/Winter Exercise Project/IceTag 50001986 (P)_04-12-2019__11;34;41.ses,IceTag 50001986 (P)_04-12-2019__11;34;41.ses,.ses,winter 2019,accelerometer_icetag,,,,,
Données completes/Données accelerometres/Winter 2019/Icetag/IceTags_Data/Session files/Winter Exercise Project/IceTag 50001987 (P)_01-17-2019__08;23;51.ses,IceTag 50001987 (P)_01-17-2019__08;23;51.ses,.ses,winter 2019,accelerometer_icetag,,,,,
Données completes/Données accelerometres/Winter 2019/Icetag/IceTags_Data/Session files/Winter Exercise Project/IceTag 50001987 (P)_02-01-2019__10;28;01.ses,IceTag 50001987 (P)_02-01-2019__10;28;01.ses,.ses,winter 2019,accelerometer_icetag,,,,,
Données completes/Données accelerometres/Winter 2019/Icetag/IceTags_Data/Session files/Winter Exercise Project/IceTag 50001987 (P)_02-08-2019__13;41;08.ses,IceTag 50001987 (P)_02-08-2019__13;41;08.ses,.ses,winter 2019,accelerometer_icetag,,,,,
Données completes/Données accelerometres/Winter 2019/Icetag/IceTags_Data/Session files/Winter Exercise Project/IceTag 50001987 (P)_02-15-2019__15;19;48.ses,IceTag 50001987 (P)_02-15-2019__15;19;48.ses,.ses,winter 2019,accelerometer_icetag,,,,,
Données completes/Données accelerometres/Winter 2019/Icetag/IceTags_Data/Session files/Winter Exercise Project/IceTag 50001987 (P)_03-01-2019__08;13;24.ses,IceTag 50001987 (P)_03-01-2019__08;13;24.ses,.ses,winter 2019,accelerometer_icetag,,,,,
Données completes/Données accelerometres/Winter 2019/Icetag/IceTags_Data/Session files/Winter Exercise Project/IceTag 50001987 (P)_03-08-2019__13;44;24.ses,IceTag 50001987 (P)_03-08-2019__13;44;24.ses,.ses,winter 2019,accelerometer_icetag,,,,,
Données completes/Données accelerometres/Winter 2019/Icetag/IceTags_Data/Session files/Winter Exercise Project/IceTag 50001987 (P)_03-22-2019__09;40;06.ses,IceTag 50001987 (P)_03-22-2019__09;40;06.ses,.ses,winter 2019,accelerometer_icetag,,,,,
Données completes/Données accelerometres/Winter 2019/Icetag/IceTags_Data/Session files/Winter Exercise Project/IceTag 50001987 (P)_04-05-2019__12;28;57.ses,IceTag 50001987 (P)_04-05-2019__12;28;57.ses,.ses,winter 2019,accelerometer_icetag,,,,,
Données completes/Données accelerometres/Winter 2019/Icetag/IceTags_Data/Session files/Winter Exercise Project/IceTag 50001987 (P)_04-12-2019__11;34;30.ses,IceTag 50001987 (P)_04-12-2019__11;34;30.ses,.ses,winter 2019,accelerometer_icetag,,,,,
Données completes/Données accelerometres/Winter 2019/Icetag/IceTags_Data/Session files/Winter Exercise Project/IceTag 50001988 (P)_01-24-2019__08;45;51.ses,IceTag 50001988 (P)_01-24-2019__08;45;51.ses,.ses,winter 2019,accelerometer_icetag,,,,,
Données completes/Données accelerometres/Winter 2019/Icetag/IceTags_Data/Session files/Winter Exercise Project/IceTag 50001988 (P)_02-01-2019__09;40;09.ses,IceTag 50001988 (P)_02-01-2019__09;40;09.ses,.ses,winter 2019,accelerometer_icetag,,,,,
Données completes/Données accelerometres/Winter 2019/Icetag/IceTags_Data/Session files/Winter Exercise Project/IceTag 50001988 (P)_02-14-2019__08;06;05.ses,IceTag 50001988 (P)_02-14-2019__08;06;05.ses,.ses,winter 2019,accelerometer_icetag,,,,,
Données completes/Données accelerometres/Winter 2019/Icetag/IceTags_Data/Session files/Winter Exercise Project/IceTag 50001988 (P)_02-15-2019__08;30;16.ses,IceTag 50001988 (P)_02-15-2019__08;30;16.ses,.ses,winter 2019,accelerometer_icetag,,,,,
Données completes/Données accelerometres/Winter 2019/Icetag/IceTags_Data/Session files/Winter Exercise Project/IceTag 50001988 (P)_02-15-2019__13;22;54.ses,IceTag 50001988 (P)_02-15-2019__13;22;54.ses,.ses,winter 2019,accelerometer_icetag,,,,,
Données completes/Données accelerometres/Winter 2019/Icetag/IceTags_Data/Session files/Winter Exercise Project/IceTag 50001988 (P)_02-15-2019__14;56;02.ses,IceTag 50001988 (P)_02-15-2019__14;56;02.ses,.ses,winter 2019,accelerometer_icetag,,,,,
Données completes/Données accelerometres/Winter 2019/Icetag/IceTags_Data/Session files/Winter Exercise Project/IceTag 50001988 (P)_03-01-2019__08;13;33.ses,IceTag 50001988 (P)_03-01-2019__08;13;33.ses,.ses,winter 2019,accelerometer_icetag,,,,,
Données completes/Données accelerometres/Winter 2019/Icetag/IceTags_Data/Session files/Winter Exercise Project/IceTag 50001988 (P)_03-08-2019__13;44;28.ses,IceTag 50001988 (P)_03-08-2019__13;44;28.ses,.ses,winter 2019,accelerometer_icetag,,,,,
Données completes/Données accelerometres/Winter 2019/Icetag/IceTags_Data/Session files/Winter Exercise Project/IceTag 50001988 (P)_03-22-2019__09;40;20.ses,IceTag 50001988 (P)_03-22-2019__09;40;20.ses,.ses,winter 2019,accelerometer_icetag,,,,,
Données completes/Données accelerometres/Winter 2019/Icetag/IceTags_Data/Session files/Winter Exercise Project/IceTag 50001988 (P)_03-29-2019__14;01;21.ses,IceTag 50001988 (P)_03-29-2019__14;01;21.ses,.ses,winter 2019,accelerometer_icetag,,,,,
Données completes/Données accelerometres/Winter 2019/Icetag/IceTags_Data/Session files/Winter Exercise Project/IceTag 50001988 (P)_04-12-2019__10;59;51.ses,IceTag 50001988 (P)_04-12-2019__10;59;51.ses,.ses,winter 2019,accelerometer_icetag,,,,,
Données completes/Données accelerometres/Winter 2019/Icetag/IceTags_Data/Session files/Winter Exercise Project/IceTag 50001989 (P)_01-23-2019__08;27;23.ses,IceTag 50001989 (P)_01-23-2019__08;27;23.ses,.ses,winter 2019,accelerometer_icetag,,,,,
Données completes/Données accelerometres/Winter 2019/Icetag/IceTags_Data/Session files/Winter Exercise Project/IceTag 50001989 (P)_02-04-2019__07;53;10.ses,IceTag 50001989 (P)_02-04-2019__07;53;10.ses,.ses,winter 2019,accelerometer_icetag,,,,,
Données completes/Données accelerometres/Winter 2019/Icetag/IceTags_Data/Session files/Winter Exercise Project/IceTag 50001989 (P)_02-05-2019__07;52;58.ses,IceTag 50001989 (P)_02-05-2019__07;52;58.ses,.ses,winter 2019,accelerometer_icetag,,,,,
Données completes/Données accelerometres/Winter 2019/Icetag/IceTags_Data/Session files/Winter Exercise Project/IceTag 50001989 (P)_02-06-2019__08;19;04.ses,IceTag 50001989 (P)_02-06-2019__08;19;04.ses,.ses,winter 2019,accelerometer_icetag,,,,,
Données completes/Données accelerometres/Winter 2019/Icetag/IceTags_Data/Session files/Winter Exercise Project/IceTag 50001989 (P)_02-07-2019__08;16;40.ses,IceTag 50001989 (P)_02-07-2019__08;16;40.ses,.ses,winter 2019,accelerometer_icetag,,,,,
Données completes/Données accelerometres/Winter 2019/Icetag/IceTags_Data/Session files/Winter Exercise Project/IceTag 50001989 (P)_02-08-2019__08;03;57.ses,IceTag 50001989 (P)_02-08-2019__08;03;57.ses,.ses,winter 2019,accelerometer_icetag,,,,,
Données completes/Données accelerometres/Winter 2019/Icetag/IceTags_Data/Session files/Winter Exercise Project/IceTag 50001989 (P)_02-08-2019__13;02;59.ses,IceTag 50001989 (P)_02-08-2019__13;02;59.ses,.ses,winter 2019,accelerometer_icetag,,,,,
Données completes/Données accelerometres/Winter 2019/Icetag/IceTags_Data/Session files/Winter Exercise Project/IceTag 50001989 (P)_02-15-2019__14;40;19.ses,IceTag 50001989 (P)_02-15-2019__14;40;19.ses,.ses,winter 2019,accelerometer_icetag,,,,,
Données completes/Données accelerometres/Winter 2019/Icetag/IceTags_Data/Session files/Winter Exercise Project/IceTag 50001989 (P)_02-22-2019__13;49;04.ses,IceTag 50001989 (P)_02-22-2019__13;49;04.ses,.ses,winter 2019,accelerometer_icetag,,,,,
Données completes/Données accelerometres/Winter 2019/Icetag/IceTags_Data/Session files/Winter Exercise Project/IceTag 50001989 (P)_03-08-2019__12;46;30.ses,IceTag 50001989 (P)_03-08-2019__12;46;30.ses,.ses,winter 2019,accelerometer_icetag,,,,,
Données completes/Données accelerometres/Winter 2019/Icetag/IceTags_Data/Session files/Winter Exercise Project/IceTag 50001989 (P)_03-15-2019__14;41;49.ses,IceTag 50001989 (P)_03-15-2019__14;41;49.ses,.ses,winter 2019,accelerometer_icetag,,,,,
Données completes/Données accelerometres/Winter 2019/Icetag/IceTags_Data/Session files/Winter Exercise Project/IceTag 50001989 (P)_04-05-2019__12;28;45.ses,IceTag 50001989 (P)_04-05-2019__12;28;45.ses,.ses,winter 2019,accelerometer_icetag,,,,,
Données completes/Données accelerometres/Winter 2019/Icetag/IceTags_Data/Session files/Winter Exercise Project/IceTag 50001990 (P)_01-16-2019__15;18;08.ses,IceTag 50001990 (P)_01-16-2019__15;18;08.ses,.ses,winter 2019,accelerometer_icetag,,,,,
Données completes/Données accelerometres/Winter 2019/Icetag/IceTags_Data/Session files/Winter Exercise Project/IceTag 50001990 (P)_01-24-2019__08;45;47.ses,IceTag 50001990 (P)_01-24-2019__08;45;47.ses,.ses,winter 2019,accelerometer_icetag,,,,,
Données completes/Données accelerometres/Winter 2019/Icetag/IceTags_Data/Session files/Winter Exercise Project/IceTag 50001990 (P)_02-01-2019__09;39;52.ses,IceTag 50001990 (P)_02-01-2019__09;39;52.ses,.ses,winter 2019,accelerometer_icetag,,,,,
Données completes/Données accelerometres/Winter 2019/Icetag/IceTags_Data/Session files/Winter Exercise Project/IceTag 50001990 (P)_02-14-2019__08;05;55.ses,IceTag 50001990 (P)_02-14-2019__08;05;55.ses,.ses,winter 2019,accelerometer_icetag,,,,,
Données completes/Données accelerometres/Winter 2019/Icetag/IceTags_Data/Session files/Winter Exercise Project/IceTag 50001990 (P)_02-15-2019__08;30;35.ses,IceTag 50001990 (P)_02-15-2019__08;30;35.ses,.ses,winter 2019,accelerometer_icetag,,,,,
Données completes/Données accelerometres/Winter 2019/Icetag/IceTags_Data/Session files/Winter Exercise Project/IceTag 50001990 (P)_02-15-2019__13;23;07.ses,IceTag 50001990 (P)_02-15-2019__13;23;07.ses,.ses,winter 2019,accelerometer_icetag,,,,,
Données completes/Données accelerometres/Winter 2019/Icetag/IceTags_Data/Session files/Winter Exercise Project/IceTag 50001990 (P)_02-15-2019__14;55;39.ses,IceTag 50001990 (P)_02-15-2019__14;55;39.ses,.ses,winter 2019,accelerometer_icetag,,,,,
Données completes/Données accelerometres/Winter 2019/Icetag/IceTags_Data/Session files/Winter Exercise Project/IceTag 50001990 (P)_03-01-2019__08;13;38.ses,IceTag 50001990 (P)_03-01-2019__08;13;38.ses,.ses,winter 2019,accelerometer_icetag,,,,,
Données completes/Données accelerometres/Winter 2019/Icetag/IceTags_Data/Session files/Winter Exercise Project/IceTag 50001990 (P)_03-08-2019__13;44;20.ses,IceTag 50001990 (P)_03-08-2019__13;44;20.ses,.ses,winter 2019,accelerometer_icetag,,,,,
Données completes/Données accelerometres/Winter 2019/Icetag/IceTags_Data/Session files/Winter Exercise Project/IceTag 50001990 (P)_03-22-2019__09;40;12.ses,IceTag 50001990 (P)_03-22-2019__09;40;12.ses,.ses,winter 2019,accelerometer_icetag,,,,,
Données completes/Données accelerometres/Winter 2019/Icetag/IceTags_Data/Session files/Winter Exercise Project/IceTag 50001990 (P)_03-29-2019__14;01;25.ses,IceTag 50001990 (P)_03-29-2019__14;01;25.ses,.ses,winter 2019,accelerometer_icetag,,,,,
Données completes/Données accelerometres/Winter 2019/Icetag/IceTags_Data/Session files/Winter Exercise Project/IceTag 50001990 (P)_04-05-2019__13;27;53.ses,IceTag 50001990 (P)_04-05-2019__13;27;53.ses,.ses,winter 2019,accelerometer_icetag,,,,,
Données completes/Données accelerometres/Winter 2019/Icetag/IceTags_Data/Session files/Winter Exercise Project/IceTag 50001990 (P)_04-12-2019__11;34;24.ses,IceTag 50001990 (P)_04-12-2019__11;34;24.ses,.ses,winter 2019,accelerometer_icetag,,,,,
Données completes/Données accelerometres/Winter 2019/Icetag/IceTags_Data/Session files/Winter Exercise Project/IceTag 50001991 (P)_01-17-2019__08;23;47.ses,IceTag 50001991 (P)_01-17-2019__08;23;47.ses,.ses,winter 2019,accelerometer_icetag,,,,,
Données completes/Données accelerometres/Winter 2019/Icetag/IceTags_Data/Session files/Winter Exercise Project/IceTag 50001991 (P)_01-24-2019__08;45;53.ses,IceTag 50001991 (P)_01-24-2019__08;45;53.ses,.ses,winter 2019,accelerometer_icetag,,,,,
Données completes/Données accelerometres/Winter 2019/Icetag/IceTags_Data/Session files/Winter Exercise Project/IceTag 50001991 (P)_02-01-2019__09;40;16.ses,IceTag 50001991 (P)_02-01-2019__09;40;16.ses,.ses,winter 2019,accelerometer_icetag,,,,,
Données completes/Données accelerometres/Winter 2019/Icetag/IceTags_Data/Session files/Winter Exercise Project/IceTag 50001991 (P)_02-08-2019__14;08;38.ses,IceTag 50001991 (P)_02-08-2019__14;08;38.ses,.ses,winter 2019,accelerometer_icetag,,,,,
Données completes/Données accelerometres/Winter 2019/Icetag/IceTags_Data/Session files/Winter Exercise Project/IceTag 50001991 (P)_02-22-2019__08;06;30.ses,IceTag 50001991 (P)_02-22-2019__08;06;30.ses,.ses,winter 2019,accelerometer_icetag,,,,,
Données completes/Données accelerometres/Winter 2019/Icetag/IceTags_Data/Session files/Winter Exercise Project/IceTag 50001991 (P)_02-22-2019__13;18;45.ses,IceTag 50001991 (P)_02-22-2019__13;18;45.ses,.ses,winter 2019,accelerometer_icetag,,,,,
Données completes/Données accelerometres/Winter 2019/Icetag/IceTags_Data/Session files/Winter Exercise Project/IceTag 50001991 (P)_03-14-2019__09;14;16.ses,IceTag 50001991 (P)_03-14-2019__09;14;16.ses,.ses,winter 2019,accelerometer_icetag,,,,,
Données completes/Données accelerometres/Winter 2019/Icetag/IceTags_Data/Session files/Winter Exercise Project/IceTag 50001991 (P)_03-15-2019__13;46;01.ses,IceTag 50001991 (P)_03-15-2019__13;46;01.ses,.ses,winter 2019,accelerometer_icetag,,,,,
Données completes/Données accelerometres/Winter 2019/Icetag/IceTags_Data/Session files/Winter Exercise Project/IceTag 50001991 (P)_03-22-2019__10;18;51.ses,IceTag 50001991 (P)_03-22-2019__10;18;51.ses,.ses,winter 2019,accelerometer_icetag,,,,,
Données completes/Données accelerometres/Winter 2019/Icetag/IceTags_Data/Session files/Winter Exercise Project/IceTag 50001991 (P)_04-05-2019__12;28;41.ses,IceTag 50001991 (P)_04-05-2019__12;28;41.ses,.ses,winter 2019,accelerometer_icetag,,,,,
Données completes/Données accelerometres/Winter 2019/Icetag/IceTags_Data/Session files/Winter Exercise Project/IceTag 50001991 (P)_04-12-2019__11;34;34.ses,IceTag 50001991 (P)_04-12-2019__11;34;34.ses,.ses,winter 2019,accelerometer_icetag,,,,,
Données completes/Données accelerometres/Winter 2019/Icetag/IceTags_Data/Session files/Winter Exercise Project/IceTag 50001992 (P)_01-17-2019__08;23;39.ses,IceTag 50001992 (P)_01-17-2019__08;23;39.ses,.ses,winter 2019,accelerometer_icetag,,,,,
Données completes/Données accelerometres/Winter 2019/Icetag/IceTags_Data/Session files/Winter Exercise Project/IceTag 50001992 (P)_02-04-2019__07;53;01.ses,IceTag 50001992 (P)_02-04-2019__07;53;01.ses,.ses,winter 2019,accelerometer_icetag,,,,,
Données completes/Données accelerometres/Winter 2019/Icetag/IceTags_Data/Session files/Winter Exercise Project/IceTag 50001992 (P)_02-05-2019__07;53;03.ses,IceTag 50001992 (P)_02-05-2019__07;53;03.ses,.ses,winter 2019,accelerometer_icetag,,,,,
Données completes/Données accelerometres/Winter 2019/Icetag/IceTags_Data/Session files/Winter Exercise Project/IceTag 50001992 (P)_02-06-2019__08;18;45.ses,IceTag 50001992 (P)_02-06-2019__08;18;45.ses,.ses,winter 2019,accelerometer_icetag,,,,,
Données completes/Données accelerometres/Winter 2019/Icetag/IceTags_Data/Session files/Winter Exercise Project/IceTag 50001992 (P)_02-07-2019__08;16;43.ses,IceTag 50001992 (P)_02-07-2019__08;16;43.ses,.ses,winter 2019,accelerometer_icetag,,,,,
Données completes/Données accelerometres/Winter 2019/Icetag/IceTags_Data/Session files/Winter Exercise Project/IceTag 50001992 (P)_02-08-2019__08;03;40.ses,IceTag 50001992 (P)_02-08-2019__08;03;40.ses,.ses,winter 2019,accelerometer_icetag,,,,,
Données completes/Données accelerometres/Winter 2019/Icetag/IceTags_Data/Session files/Winter Exercise Project/IceTag 50001992 (P)_02-08-2019__13;03;12.ses,IceTag 50001992 (P)_02-08-2019__13;03;12.ses,.ses,winter 2019,accelerometer_icetag,,,,,
Données completes/Données accelerometres/Winter 2019/Icetag/IceTags_Data/Session files/Winter Exercise Project/IceTag 50001992 (P)_02-15-2019__14;40;10.ses,IceTag 50001992 (P)_02-15-2019__14;40;10.ses,.ses,winter 2019,accelerometer_icetag,,,,,
Données completes/Données accelerometres/Winter 2019/Icetag/IceTags_Data/Session files/Winter Exercise Project/IceTag 50001992 (P)_02-22-2019__13;49;01.ses,IceTag 50001992 (P)_02-22-2019__13;49;01.ses,.ses,winter 2019,accelerometer_icetag,,,,,
Données completes/Données accelerometres/Winter 2019/Icetag/IceTags_Data/Session files/Winter Exercise Project/IceTag 50001992 (P)_03-08-2019__12;46;46.ses,IceTag 50001992 (P)_03-08-2019__12;46;46.ses,.ses,winter 2019,accelerometer_icetag,,,,,
Données completes/Données accelerometres/Winter 2019/Icetag/IceTags_Data/Session files/Winter Exercise Project/IceTag 50001992 (P)_03-15-2019__14;41;42.ses,IceTag 50001992 (P)_03-15-2019__14;41;42.ses,.ses,winter 2019,accelerometer_icetag,,,,,
Données completes/Données accelerometres/Winter 2019/Icetag/IceTags_Data/Session files/Winter Exercise Project/IceTag 50001992 (P)_03-22-2019__10;18;58.ses,IceTag 50001992 (P)_03-22-2019__10;18;58.ses,.ses,winter 2019,accelerometer_icetag,,,,,
Données completes/Données accelerometres/Winter 2019/Icetag/IceTags_Data/Session files/Winter Exercise Project/IceTag 50001992 (P)_04-05-2019__12;28;50.ses,IceTag 50001992 (P)_04-05-2019__12;28;50.ses,.ses,winter 2019,accelerometer_icetag,,,,,
Données completes/Données accelerometres/Winter 2019/Icetag/IceTags_Data/Session files/Winter Exercise Project/IceTag 50001992 (P)_04-12-2019__11;34;26.ses,IceTag 50001992 (P)_04-12-2019__11;34;26.ses,.ses,winter 2019,accelerometer_icetag,,,,,
Données completes/Données accelerometres/Winter 2019/Icetag/IceTags_Data/Session files/Winter Exercise Project/IceTag 50001993 (P)_02-01-2019__10;28;13.ses,IceTag 50001993 (P)_02-01-2019__10;28;13.ses,.ses,winter 2019,accelerometer_icetag,,,,,
Données completes/Données accelerometres/Winter 2019/Icetag/IceTags_Data/Session files/Winter Exercise Project/IceTag 50001993 (P)_02-08-2019__13;41;03.ses,IceTag 50001993 (P)_02-08-2019__13;41;03.ses,.ses,winter 2019,accelerometer_icetag,,,,,
Données completes/Données accelerometres/Winter 2019/Icetag/IceTags_Data/Session files/Winter Exercise Project/IceTag 50001993 (P)_02-08-2019__14;08;21.ses,IceTag 50001993 (P)_02-08-2019__14;08;21.ses,.ses,winter 2019,accelerometer_icetag,,,,,
Données completes/Données accelerometres/Winter 2019/Icetag/IceTags_Data/Session files/Winter Exercise Project/IceTag 50001993 (P)_02-22-2019__08;06;26.ses,IceTag 50001993 (P)_02-22-2019__08;06;26.ses,.ses,winter 2019,accelerometer_icetag,,,,,
Données completes/Données accelerometres/Winter 2019/Icetag/IceTags_Data/Session files/Winter Exercise Project/IceTag 50001993 (P)_02-22-2019__13;18;53.ses,IceTag 50001993 (P)_02-22-2019__13;18;53.ses,.ses,winter 2019,accelerometer_icetag,,,,,
Données completes/Données accelerometres/Winter 2019/Icetag/IceTags_Data/Session files/Winter Exercise Project/IceTag 50001993 (P)_03-15-2019__13;46;04.ses,IceTag 50001993 (P)_03-15-2019__13;46;04.ses,.ses,winter 2019,accelerometer_icetag,,,,,
Données completes/Données accelerometres/Winter 2019/Icetag/IceTags_Data/Session files/Winter Exercise Project/IceTag 50001993 (P)_03-22-2019__10;18;46.ses,IceTag 50001993 (P)_03-22-2019__10;18;46.ses,.ses,winter 2019,accelerometer_icetag,,,,,
Données completes/Données accelerometres/Winter 2019/Icetag/IceTags_Data/Session files/Winter Exercise Project/IceTag 50001993 (P)_03-29-2019__14;01;16.ses,IceTag 50001993 (P)_03-29-2019__14;01;16.ses,.ses,winter 2019,accelerometer_icetag,,,,,
Données completes/Données accelerometres/Winter 2019/Icetag/IceTags_Data/Session files/Winter Exercise Project/IceTag 50001993 (P)_04-12-2019__10;59;42.ses,IceTag 50001993 (P)_04-12-2019__10;59;42.ses,.ses,winter 2019,accelerometer_icetag,,,,,
Données completes/Données accelerometres/Winter 2019/Icetag/IceTags_Data/Session files/Winter Exercise Project/IceTag 50001994 (P)_01-16-2019__14;58;43.ses,IceTag 50001994 (P)_01-16-2019__14;58;43.ses,.ses,winter 2019,accelerometer_icetag,,,,,
Données completes/Données accelerometres/Winter 2019/Icetag/IceTags_Data/Session files/Winter Exercise Project/IceTag 50001994 (P)_02-01-2019__10;28;15.ses,IceTag 50001994 (P)_02-01-2019__10;28;15.ses,.ses,winter 2019,accelerometer_icetag,,,,,
Données completes/Données accelerometres/Winter 2019/Icetag/IceTags_Data/Session files/Winter Exercise Project/IceTag 50001994 (P)_02-08-2019__13;41;18.ses,IceTag 50001994 (P)_02-08-2019__13;41;18.ses,.ses,winter 2019,accelerometer_icetag,,,,,
Données completes/Données accelerometres/Winter 2019/Icetag/IceTags_Data/Session files/Winter Exercise Project/IceTag 50001994 (P)_02-22-2019__08;06;32.ses,IceTag 50001994 (P)_02-22-2019__08;06;32.ses,.ses,winter 2019,accelerometer_icetag,,,,,
Données completes/Données accelerometres/Winter 2019/Icetag/IceTags_Data/Session files/Winter Exercise Project/IceTag 50001994 (P)_02-22-2019__13;18;51.ses,IceTag 50001994 (P)_02-22-2019__13;18;51.ses,.ses,winter 2019,accelerometer_icetag,,,,,
Données completes/Données accelerometres/Winter 2019/Icetag/IceTags_Data/Session files/Winter Exercise Project/IceTag 50001994 (P)_03-15-2019__13;46;18.ses,IceTag 50001994 (P)_03-15-2019__13;46;18.ses,.ses,winter 2019,accelerometer_icetag,,,,,
Données completes/Données accelerometres/Winter 2019/Icetag/IceTags_Data/Session files/Winter Exercise Project/IceTag 50001994 (P)_03-29-2019__13;01;33.ses,IceTag 50001994 (P)_03-29-2019__13;01;33.ses,.ses,winter 2019,accelerometer_icetag,,,,,
Données completes/Données accelerometres/Winter 2019/Icetag/IceTags_Data/Session files/Winter Exercise Project/IceTag 50001994 (P)_04-05-2019__13;28;06.ses,IceTag 50001994 (P)_04-05-2019__13;28;06.ses,.ses,winter 2019,accelerometer_icetag,,,,,
Données completes/Données accelerometres/Winter 2019/Icetag/IceTags_Data/Session files/Winter Exercise Project/IceTag 50001995 (P)_01-16-2019__15;18;13.ses,IceTag 50001995 (P)_01-16-2019__15;18;13.ses,.ses,winter 2019,accelerometer_icetag,,,,,
Données completes/Données accelerometres/Winter 2019/Icetag/IceTags_Data/Session files/Winter Exercise Project/IceTag 50001995 (P)_01-24-2019__08;46;07.ses,IceTag 50001995 (P)_01-24-2019__08;46;07.ses,.ses,winter 2019,accelerometer_icetag,,,,,
Données completes/Données accelerometres/Winter 2019/Icetag/IceTags_Data/Session files/Winter Exercise Project/IceTag 50001995 (P)_02-01-2019__09;40;13.ses,IceTag 50001995 (P)_02-01-2019__09;40;13.ses,.ses,winter 2019,accelerometer_icetag,,,,,
Données completes/Données accelerometres/Winter 2019/Icetag/IceTags_Data/Session files/Winter Exercise Project/IceTag 50001995 (P)_02-14-2019__08;05;45.ses,IceTag 50001995 (P)_02-14-2019__08;05;45.ses,.ses,winter 2019,accelerometer_icetag,,,,,
Données completes/Données accelerometres/Winter 2019/Icetag/IceTags_Data/Session files/Winter Exercise Project/IceTag 50001995 (P)_02-15-2019__08;30;32.ses,IceTag 50001995 (P)_02-15-2019__08;30;32.ses,.ses,winter 2019,accelerometer_icetag,,,,,
Données completes/Données accelerometres/Winter 2019/Icetag/IceTags_Data/Session files/Winter Exercise Project/IceTag 50001995 (P)_02-15-2019__13;23;10.ses,IceTag 50001995 (P)_02-15-2019__13;23;10.ses,.ses,winter 2019,accelerometer_icetag,,,,,
Données completes/Données accelerometres/Winter 2019/Icetag/IceTags_Data/Session files/Winter Exercise Project/IceTag 50001995 (P)_02-15-2019__14;55;48.ses,IceTag 50001995 (P)_02-15-2019__14;55;48.ses,.ses,winter 2019,accelerometer_icetag,,,,,
Données completes/Données accelerometres/Winter 2019/Icetag/IceTags_Data/Session files/Winter Exercise Project/IceTag 50001995 (P)_03-01-2019__08;13;29.ses,IceTag 50001995 (P)_03-01-2019__08;13;29.ses,.ses,winter 2019,accelerometer_icetag,,,,,
Données completes/Données accelerometres/Winter 2019/Icetag/IceTags_Data/Session files/Winter Exercise Project/IceTag 50001995 (P)_03-08-2019__13;44;16.ses,IceTag 50001995 (P)_03-08-2019__13;44;16.ses,.ses,winter 2019,accelerometer_icetag,,,,,
Données completes/Données accelerometres/Winter 2019/Icetag/IceTags_Data/Session files/Winter Exercise Project/IceTag 50001995 (P)_03-15-2019__15;13;33.ses,IceTag 50001995 (P)_03-15-2019__15;13;33.ses,.ses,winter 2019,accelerometer_icetag,,,,,
Données completes/Données accelerometres/Winter 2019/Icetag/IceTags_Data/Session files/Winter Exercise Project/IceTag 50001995 (P)_03-29-2019__13;01;38.ses,IceTag 50001995 (P)_03-29-2019__13;01;38.ses,.ses,winter 2019,accelerometer_icetag,,,,,
Données completes/Données accelerometres/Winter 2019/Icetag/IceTags_Data/Session files/Winter Exercise Project/IceTag 50001995 (P)_04-05-2019__13;27;57.ses,IceTag 50001995 (P)_04-05-2019__13;27;57.ses,.ses,winter 2019,accelerometer_icetag,,,,,
Données completes/Données accelerometres/Winter 2019/Icetag/IceTags_Data/Session files/Winter Exercise Project/IceTag 50001996 (P)_01-17-2019__08;23;43.ses,IceTag 50001996 (P)_01-17-2019__08;23;43.ses,.ses,winter 2019,accelerometer_icetag,,,,,
Données completes/Données accelerometres/Winter 2019/Icetag/IceTags_Data/Session files/Winter Exercise Project/IceTag 50001996 (P)_01-23-2019__08;27;27.ses,IceTag 50001996 (P)_01-23-2019__08;27;27.ses,.ses,winter 2019,accelerometer_icetag,,,,,
Données completes/Données accelerometres/Winter 2019/Icetag/IceTags_Data/Session files/Winter Exercise Project/IceTag 50001996 (P)_02-01-2019__10;28;03.ses,IceTag 50001996 (P)_02-01-2019__10;28;03.ses,.ses,winter 2019,accelerometer_icetag,,,,,
Données completes/Données accelerometres/Winter 2019/Icetag/IceTags_Data/Session files/Winter Exercise Project/IceTag 50001996 (P)_02-14-2019__08;06;09.ses,IceTag 50001996 (P)_02-14-2019__08;06;09.ses,.ses,winter 2019,accelerometer_icetag,,,,,
Données completes/Données accelerometres/Winter 2019/Icetag/IceTags_Data/Session files/Winter Exercise Project/IceTag 50001996 (P)_02-15-2019__08;30;10.ses,IceTag 50001996 (P)_02-15-2019__08;30;10.ses,.ses,winter 2019,accelerometer_icetag,,,,,
Données completes/Données accelerometres/Winter 2019/Icetag/IceTags_Data/Session files/Winter Exercise Project/IceTag 50001996 (P)_02-15-2019__13;22;53.ses,IceTag 50001996 (P)_02-15-2019__13;22;53.ses,.ses,winter 2019,accelerometer_icetag,,,,,
Données completes/Données accelerometres/Winter 2019/Icetag/IceTags_Data/Session files/Winter Exercise Project/IceTag 50001996 (P)_02-15-2019__14;55;54.ses,IceTag 50001996 (P)_02-15-2019__14;55;54.ses,.ses,winter 2019,accelerometer_icetag,,,,,
Données completes/Données accelerometres/Winter 2019/Icetag/IceTags_Data/Session files/Winter Exercise Project/IceTag 50001996 (P)_03-01-2019__08;13;28.ses,IceTag 50001996 (P)_03-01-2019__08;13;28.ses,.ses,winter 2019,accelerometer_icetag,,,,,
Données completes/Données accelerometres/Winter 2019/Icetag/IceTags_Data/Session files/Winter Exercise Project/IceTag 50001996 (P)_03-08-2019__13;44;46.ses,IceTag 50001996 (P)_03-08-2019__13;44;46.ses,.ses,winter 2019,accelerometer_icetag,,,,,
Données completes/Données accelerometres/Winter 2019/Icetag/IceTags_Data/Session files/Winter Exercise Project/IceTag 50001996 (P)_03-22-2019__09;40;09.ses,IceTag 50001996 (P)_03-22-2019__09;40;09.ses,.ses,winter 2019,accelerometer_icetag,,,,,
Données completes/Données accelerometres/Winter 2019/Icetag/IceTags_Data/Session files/Winter Exercise Project/IceTag 50001996 (P)_03-29-2019__14;38;41.ses,IceTag 50001996 (P)_03-29-2019__14;38;41.ses,.ses,winter 2019,accelerometer_icetag,,,,,
Données completes/Données accelerometres/Winter 2019/Icetag/IceTags_Data/Session files/Winter Exercise Project/IceTag 50001996 (P)_04-12-2019__10;59;39.ses,IceTag 50001996 (P)_04-12-2019__10;59;39.ses,.ses,winter 2019,accelerometer_icetag,,,,,
Données completes/Données accelerometres/Winter 2019/Icetag/IceTags_Data/Session files/Winter Exercise Project/IceTag 50001997 (P)_01-17-2019__08;23;32.ses,IceTag 50001997 (P)_01-17-2019__08;23;32.ses,.ses,winter 2019,accelerometer_icetag,,,,,
Données completes/Données accelerometres/Winter 2019/Icetag/IceTags_Data/Session files/Winter Exercise Project/IceTag 50001997 (P)_02-04-2019__07;53;08.ses,IceTag 50001997 (P)_02-04-2019__07;53;08.ses,.ses,winter 2019,accelerometer_icetag,,,,,
Données completes/Données accelerometres/Winter 2019/Icetag/IceTags_Data/Session files/Winter Exercise Project/IceTag 50001997 (P)_02-05-2019__07;53;06.ses,IceTag 50001997 (P)_02-05-2019__07;53;06.ses,.ses,winter 2019,accelerometer_icetag,,,,,
Données completes/Données accelerometres/Winter 2019/Icetag/IceTags_Data/Session files/Winter Exercise Project/IceTag 50001997 (P)_02-06-2019__08;18;52.ses,IceTag 50001997 (P)_02-06-2019__08;18;52.ses,.ses,winter 2019,accelerometer_icetag,,,,,
Données completes/Données accelerometres/Winter 2019/Icetag/IceTags_Data/Session files/Winter Exercise Project/IceTag 50001997 (P)_02-07-2019__08;16;50.ses,IceTag 50001997 (P)_02-07-2019__08;16;50.ses,.ses,winter 2019,accelerometer_icetag,,,,,
Données completes/Données accelerometres/Winter 2019/Icetag/IceTags_Data/Session files/Winter Exercise Project/IceTag 50001997 (P)_02-08-2019__08;03;49.ses,IceTag 50001997 (P)_02-08-2019__08;03;49.ses,.ses,winter 2019,accelerometer_icetag,,,,,
Données completes/Données accelerometres/Winter 2019/Icetag/IceTags_Data/Session files/Winter Exercise Project/IceTag 50001997 (P)_02-08-2019__13;03;02.ses,IceTag 50001997 (P)_02-08-2019__13;03;02.ses,.ses,winter 2019,accelerometer_icetag,,,,,
Données completes/Données accelerometres/Winter 2019/Icetag/IceTags_Data/Session files/Winter Exercise Project/IceTag 50001997 (P)_02-15-2019__14;40;07.ses,IceTag 50001997 (P)_02-15-2019__14;40;07.ses,.ses,winter 2019,accelerometer_icetag,,,,,
Données completes/Données accelerometres/Winter 2019/Icetag/IceTags_Data/Session files/Winter Exercise Project/IceTag 50001997 (P)_02-22-2019__13;49;07.ses,IceTag 50001997 (P)_02-22-2019__13;49;07.ses,.ses,winter 2019,accelerometer_icetag,,,,,
Données completes/Données accelerometres/Winter 2019/Icetag/IceTags_Data/Session files/Winter Exercise Project/IceTag 50001997 (P)_03-08-2019__12;46;42.ses,IceTag 50001997 (P)_03-08-2019__12;46;42.ses,.ses,winter 2019,accelerometer_icetag,,,,,
Données completes/Données accelerometres/Winter 2019/Icetag/IceTags_Data/Session files/Winter Exercise Project/IceTag 50001997 (P)_03-20-2019__08;42;59.ses,IceTag 50001997 (P)_03-20-2019__08;42;59.ses,.ses,winter 2019,accelerometer_icetag,,,,,
Données completes/Données accelerometres/Winter 2019/Icetag/IceTags_Data/Session files/Winter Exercise Project/IceTag 50001997 (P)_03-22-2019__10;18;55.ses,IceTag 50001997 (P)_03-22-2019__10;18;55.ses,.ses,winter 2019,accelerometer_icetag,,,,,
Données completes/Données accelerometres/Winter 2019/Icetag/IceTags_Data/Session files/Winter Exercise Project/IceTag 50001997 (P)_03-29-2019__14;01;19.ses,IceTag 50001997 (P)_03-29-2019__14;01;19.ses,.ses,winter 2019,accelerometer_icetag,,,,,
Données completes/Données accelerometres/Winter 2019/Icetag/IceTags_Data/Session files/Winter Exercise Project/IceTag 50001997 (P)_04-12-2019__10;59;46.ses,IceTag 50001997 (P)_04-12-2019__10;59;46.ses,.ses,winter 2019,accelerometer_icetag,,,,,
Données completes/Données accelerometres/Winter 2019/Icetag/IceTags_Data/test/2078_Tag86minute_14MAR2019__0932-1249.csv,2078_Tag86minute_14MAR2019__0932-1249.csv,.csv,winter 2019,accelerometer_icetag,,,,,
Données completes/Données accelerometres/Winter 2019/Icetag/IceTags_Data/test/2078_Tag86minute_14MAR2019__0932-1249.txt,2078_Tag86minute_14MAR2019__0932-1249.txt,.txt,winter 2019,accelerometer_icetag,,,,,
Données completes/Données accelerometres/Winter 2019/Icetag/IceTags_Data/test/2078_Tag86minute_14MAR2019__0932-1249_LB.csv,2078_Tag86minute_14MAR2019__0932-1249_LB.csv,.csv,winter 2019,accelerometer_icetag,,,,,
Données completes/Données accelerometres/Winter 2019/Icetag/IceTags_Data/test/2078_Tag86second_14MAR2019_0932-1249.csv,2078_Tag86second_14MAR2019_0932-1249.csv,.csv,winter 2019,accelerometer_icetag,,,,,
Données completes/Données accelerometres/Winter 2019/Icetag/IceTags_Data/test/2078_Tag86second_14MAR2019_0932-1249_LB.csv,2078_Tag86second_14MAR2019_0932-1249_LB.csv,.csv,winter 2019,accelerometer_icetag,,,,,
Données completes/Données accelerometres/Winter 2019/Icetag/IceTags_Data/test/2078_Tag91second_14MAR2019__0932-1249.csv,2078_Tag91second_14MAR2019__0932-1249.csv,.csv,winter 2019,accelerometer_icetag,,,,,
Données completes/Données accelerometres/Winter 2019/Icetag/IceTags_Data/test/2078_Tag91second_14MAR2019__0932-1249_LB.csv,2078_Tag91second_14MAR2019__0932-1249_LB.csv,.csv,winter 2019,accelerometer_icetag,,,,,
Données completes/Données accelerometres/Winter 2019/cow_scan_long-format_7.12.19.xlsx,cow_scan_long-format_7.12.19.xlsx,.xlsx,winter 2019,behavior_scan,5,references | all scans FINAL | all scans | data summary by trt | data summary by cow,references,"Distance Code | Distance Definition |  |  || T | touching/having contact with companion |  |  || B | within ""brushing"" distance of companion; within 1 cow-length distance |  | ",
Données completes/Enhancing movement opportunity to support behavioral needs for movement-restricted cattle through different conditions of access to exercise.pdf,Enhancing movement opportunity to support behavioral needs for movement-restricted cattle through different conditions of access to exercise.pdf,.pdf,other,behavior_scan,,,,,
Données completes/Scan_Tot.xlsx,Scan_Tot.xlsx,.xlsx,other,behavior_aggregate,2,Feuil1 | Behaviours regroupment,Feuil1,Experiment | Paddock | Week | Cows | Trt | Pct_locomotion | Pct_rest | Pct_lying | Pct_Explo | Pct_eating | Pct_Ruminating | Pct_Social | Pct_Maintenance || Fall2019 | 1 | 4 | Red | Out | 0 | 0.1111111111111111 | 0 | 0.2222222222222222 | 0 | 0.6666666666666666 | 0 | 0 || Fall2019 | 1 | 4 | Blue | Out | 0 | 0.1111111111111111 | 0 | 0 | 0 | 0.8888888888888888 | 0 | 0,
Données completes/Étapes pour nettoyer les données.docx,Étapes pour nettoyer les données.docx,.docx,other,documentation,,,,,"É
tapes pour nettoyer les données : 
Pour Winter2020, on supprime les semaines 7 et 8 car elles ne sont pas complètes pou
r
 cause COVID
. Pour Summer 2021, on ne garde que la période 3 (dire initialement 3 périodes, mais problèmes techniques donc on ne garde que la dernière période)
On supprime les jours où les données ne sont pas complètes, où il manque des heures ou des minutes (si le nombre de lignes par jours est &lt; à 1440 (minutes car les enregistrements des 
icetags
 sont par minute)
Summer 2021 : 
ca
 enlève 6 
observations (=jours) sur 206 
au total (pour combien de vaches ?)
Summer 2020 : ça enlève 30 
observations sur 374 au total
Winter
 
2020 : 
ca
 enlève 101 
observations sur 1377 
au total
Fall 2019 : 
ca
 enlève 47 observations sur 998 au
 total
Summer 2019 : 
ca
 enlève 17 observations sur 759 au total
Winter 2019 : 
ca
 enlève 22 observations sur 721 au total
On supprime les weekends et les jours où les vaches ne sont pas en traitement/ne sont pas sorties
 pour diverses raisons (météo, chaleur, pb quelconque)
On considère comme 
outlier
 les jours où le nombre de pas d’une vache
 est &lt;&gt; à 3 SD de la moyenne de cette vache (voir explication dans article chèvre)
Summer 2021 : 
ca
 supprime 0 observation sur
 39 pour la stalle et 0 observations sur 9
3
 pour l’
outdoor
Summer 2020 : 
ca
 supprime 0 observation sur
 84 pour la stalle et 0 observations sur 81 pour l’
outdoor
 et 0 observations sur 78 pour l’indoor
Winter 2020 : 
ca
 supprime 0 observation sur
 97 pour la stalle et 0 observations sur 
99
 pour l’
outdoor
 et 0 observation sur 
97
 pour l’indoor
Winter 2019 : 
ca
 supprime 0 observation sur
 260 pour la stalle et 0 observations sur 150 pour l’
outdoor
Summer 2019 : 
ca
 supprime 
1
 observation sur
 27
7
 pour la stalle et 1 observation sur 23
1
 pour l’
outdoor
Fall 2019 : 
ca
 supprime 
4
 observation
s
 sur
 3
53
 pour la stalle et 1 observation sur 3
60
 pour l’
outdoor
A first exploration of the data revealed some outliers (too many or too few steps) that can be associated with technical problems related to 
Icetags
. Therefore, days for an individual were excluded if the n
umber of steps deviated from their average by more than three standard deviations. The limit of three standard deviations was chosen to ensure the absence of incorrect measurements in the data, 
without being too restrictive with respect to intra-individual variability.
A partir de là on fait les modèles pour chaque expé"
