T,Cow,coverage_pct,dataset_split,notif_lameness,lame_confidence,behavioral_warning_score,behavioral_warning_cusum,behavioral_warning_families,behavioral_warning_episode,behavioral_warning_start,behavioral_warning_notification,instability_warning_score,instability_warning_cusum,instability_warning_families,instability_warning_episode,instability_warning_start,instability_warning_notification,hybrid_warning_score,hybrid_warning_episode,hybrid_warning_surveillance,hybrid_warning_sequence_start,hybrid_warning_start,hybrid_warning_notification,hybrid_warning_type,hybrid_warning_priority,hybrid_warning_fusion_mode
2019-06-09 09:15:00,2062,100.0,baseline,1,46.2,0.06766018177085685,0.0,2,0,0,0,0.07222222222222219,0.0,1,0,0,0,0.07222222222222219,0,0,0,0,0,AUCUN,0,HIERARCHICAL
2019-06-12 07:15:00,2062,100.0,baseline,1,50.1,0.10951147354538766,0.0,2,0,0,0,0.06966065965854906,0.0,0,0,0,0,0.10951147354538766,0,0,0,0,0,AUCUN,0,HIERARCHICAL
2019-06-14 09:00:00,2062,100.0,baseline,1,47.5,0.05601289797461176,0.0,1,0,0,0,0.3236074270557029,0.0,2,0,0,0,0.3236074270557029,0,0,0,0,0,AUCUN,0,HIERARCHICAL
2019-06-21 07:00:00,2062,100.0,baseline,1,45.8,0.09990082825489957,0.0,3,0,0,0,0.0,0.0,0,0,0,0,0.09990082825489957,0,0,0,0,0,AUCUN,0,HIERARCHICAL
2019-06-24 10:15:00,2062,100.0,baseline,1,56.5,0.004166666666666652,0.0,0,0,0,0,0.18135504201680666,0.0,1,0,0,0,0.18135504201680666,0,0,0,0,0,AUCUN,0,HIERARCHICAL
2019-06-26 08:15:00,2062,100.0,baseline,1,46.7,0.1013474653834309,0.0,2,0,0,0,0.018674351585014435,0.0,0,0,0,0,0.1013474653834309,0,0,0,0,0,AUCUN,0,HIERARCHICAL
2019-07-23 07:15:00,2062,100.0,baseline,1,40.8,0.1887338135282382,0.0,4,0,0,0,0.04516670974411994,0.0,1,0,0,0,0.1887338135282382,0,0,0,0,0,AUCUN,0,HIERARCHICAL
2019-07-26 07:00:00,2062,100.0,baseline,1,42.9,0.15430373789031487,0.0,2,0,0,0,0.010901408450704198,0.0,0,0,0,0,0.15430373789031487,0,0,0,0,0,AUCUN,0,HIERARCHICAL
2019-07-31 20:30:00,2062,100.0,futur,0,2.4,0.23054809676329613,1.5640446945200774,4,1,1,1,0.0542443751372848,0.0,0,0,0,0,0.23054809676329613,1,0,0,1,1,HYPO,2,HIERARCHICAL
2019-08-02 07:30:00,2062,100.0,futur,0,38.7,0.18491484227448168,5.5395134718900065,3,1,1,1,0.0,0.0,0,0,0,0,0.18491484227448168,1,0,0,1,1,HYPO,2,HIERARCHICAL
2019-08-03 15:15:00,2062,100.0,futur,0,19.3,0.13239325295640528,4.140975842204529,3,1,1,1,0.2983931971813096,0.7804506023338231,4,0,0,0,0.2983931971813096,1,0,0,1,1,HYPO,2,HIERARCHICAL
2019-08-04 08:30:00,2062,100.0,futur,0,12.6,0.21006886297101457,6.893220804541942,4,1,1,0,0.0515874684608915,0.0,0,0,0,0,0.21006886297101457,1,0,0,1,1,HYPO,2,HIERARCHICAL
2019-08-05 04:00:00,2062,100.0,futur,0,11.6,0.021070719788734472,11.439727434822743,1,0,0,0,0.475,1.6795344293611292,2,1,1,1,0.475,0,1,0,0,0,INSTABILITE,1,HIERARCHICAL
2019-08-08 02:45:00,2062,100.0,futur,0,32.6,0.05615893146249326,0.0,1,0,0,0,0.29316584178922195,1.123464975153803,3,1,1,1,0.29316584178922195,0,1,0,0,0,INSTABILITE,1,HIERARCHICAL
2019-08-09 02:15:00,2062,100.0,futur,0,19.8,0.26521088331354037,2.7285122361889886,3,1,1,1,0.0,1.708490220045317,0,0,0,0,0.26521088331354037,1,0,1,1,1,SEQUENCE,3,HIERARCHICAL
2019-08-11 02:15:00,2062,100.0,futur,0,8.3,0.07017543859649122,38.166076889386346,1,0,0,0,0.44124308527293604,0.9775175028321168,2,1,1,1,0.44124308527293604,0,1,0,0,0,INSTABILITE,1,HIERARCHICAL
2019-08-11 10:30:00,2062,100.0,futur,0,23.0,0.3882818013706156,39.5330305402104,4,1,1,1,0.1894123606889564,6.786245007354114,1,0,0,0,0.3882818013706156,1,0,1,1,1,SEQUENCE,3,HIERARCHICAL
2019-08-13 02:15:00,2062,100.0,futur,0,30.1,0.20292997260571424,48.999661880950484,4,1,1,1,0.027556060456386488,0.586082667016242,0,0,0,0,0.20292997260571424,1,0,1,1,1,SEQUENCE,3,HIERARCHICAL
2019-08-15 02:30:00,2062,100.0,futur,0,19.8,0.22180654711456488,98.6103571349573,3,1,0,0,0.2706248764089382,2.2937854592815623,2,1,1,1,0.2706248764089382,1,0,0,1,1,MIXTE,3,HIERARCHICAL
2019-08-15 09:30:00,2062,100.0,futur,1,48.0,0.19171216847355854,102.49630235962444,2,1,0,0,0.0,0.8923456170724879,0,0,0,0,0.19171216847355854,1,0,0,0,0,HYPO,2,HIERARCHICAL
2019-08-16 00:15:00,2062,100.0,futur,0,5.5,0.23077808598651028,102.84008633141819,3,1,1,1,0.12707184528090784,0.0,1,0,0,0,0.23077808598651028,1,0,1,1,1,SEQUENCE,3,HIERARCHICAL
2019-08-17 02:15:00,2062,100.0,futur,0,12.2,0.014175648756944305,106.58664283792774,0,0,0,0,0.7411712421242124,2.3016286389341984,2,1,1,1,0.7411712421242124,0,1,0,0,0,INSTABILITE,1,HIERARCHICAL
2019-08-17 20:45:00,2062,100.0,futur,0,15.3,0.257119709168331,103.7987629126002,4,1,1,1,0.12098227652051406,5.2844062945806005,1,0,0,0,0.257119709168331,1,0,1,1,1,SEQUENCE,3,HIERARCHICAL
2019-08-21 04:30:00,2062,100.0,futur,0,14.7,0.1657817675640993,108.23165713899547,4,1,1,1,0.016391184573002725,0.0,0,0,0,0,0.1657817675640993,1,0,0,1,1,HYPO,2,HIERARCHICAL
2019-08-21 09:00:00,2062,100.0,futur,1,47.2,0.17527634142258758,111.4994929841166,3,1,0,0,0.15141977241883287,0.0,1,0,0,0,0.17527634142258758,1,0,0,0,0,HYPO,2,HIERARCHICAL
2019-08-23 01:45:00,2062,100.0,futur,0,1.3,0.29008468081737326,104.1888319616816,4,1,1,1,0.18288686382393407,0.0,1,0,0,0,0.29008468081737326,1,0,0,1,1,HYPO,2,HIERARCHICAL
2019-08-24 03:30:00,2062,100.0,futur,0,8.6,0.25833435290459056,109.60615837849552,4,1,1,1,0.2864285714285714,0.4275243960966245,2,0,0,0,0.2864285714285714,1,0,0,1,1,HYPO,2,HIERARCHICAL
2019-08-24 05:00:00,2062,100.0,futur,0,7.6,0.2731732763281229,111.2786639981398,4,1,0,0,0.31900320617577943,0.7142952310630504,2,1,1,1,0.31900320617577943,1,0,0,1,0,MIXTE,3,HIERARCHICAL
2019-08-24 09:30:00,2062,100.0,futur,1,48.5,0.1376012662059323,111.3055737363451,3,1,0,0,0.29775771694816544,0.0,2,0,0,0,0.29775771694816544,1,0,0,0,0,HYPO,2,HIERARCHICAL
2019-08-24 18:00:00,2062,100.0,futur,0,52.5,0.03168786402999766,109.45816369508489,1,0,0,0,0.42381270830262563,1.884136968845311,3,1,1,1,0.42381270830262563,0,1,0,0,0,INSTABILITE,1,HIERARCHICAL
2019-08-25 21:30:00,2062,100.0,futur,0,32.6,0.035548557187546806,103.21372075032858,1,0,0,0,0.22319119435089435,1.9974823113517388,2,1,1,1,0.22319119435089435,0,1,0,0,0,INSTABILITE,1,HIERARCHICAL
2019-08-26 10:45:00,2062,100.0,futur,1,42.3,0.11851949335446449,100.95820116056659,2,0,0,0,0.03994501178318932,0.0,1,0,0,0,0.11851949335446449,0,0,0,0,0,AUCUN,0,HIERARCHICAL
2019-08-26 23:45:00,2062,100.0,futur,0,18.4,0.22104673025923613,100.95950154276285,3,1,1,1,0.16024376272912427,0.0,1,0,0,0,0.22104673025923613,1,0,1,1,1,SEQUENCE,3,HIERARCHICAL
2019-08-27 01:45:00,2062,100.0,futur,0,20.7,0.20523680245939246,103.13032397878658,3,1,0,0,0.19020047412904556,0.8999220533678542,2,1,1,1,0.20523680245939246,1,0,0,1,0,MIXTE,3,HIERARCHICAL
2019-08-27 09:00:00,2062,100.0,futur,1,47.1,0.05587336882725533,109.10368375371539,1,1,0,0,0.022550750220653136,0.0,0,0,0,0,0.05587336882725533,1,0,0,0,0,HYPO,2,HIERARCHICAL
2019-08-28 07:15:00,2062,100.0,futur,1,50.7,0.023769625186285028,103.69356537785114,0,0,0,0,0.11649782419495214,0.0,1,0,0,0,0.11649782419495214,0,0,0,0,0,AUCUN,0,HIERARCHICAL
2019-08-29 08:15:00,2062,100.0,futur,1,47.2,0.2272271330559616,99.42631285112999,4,0,0,0,0.0,0.0,0,0,0,0,0.2272271330559616,0,0,0,0,0,AUCUN,0,HIERARCHICAL
2019-08-29 10:00:00,2062,100.0,futur,0,44.9,0.2665358586362314,100.89827928515595,3,1,1,1,0.15969427244582043,0.0,1,0,0,0,0.2665358586362314,1,0,1,1,1,SEQUENCE,3,HIERARCHICAL
2019-08-31 08:30:00,2062,100.0,futur,0,17.8,0.15830829037579588,122.9962136329853,3,1,1,1,0.0642857142857143,0.0,1,0,0,0,0.15830829037579588,1,0,0,1,1,HYPO,2,HIERARCHICAL
2019-08-31 19:00:00,2062,100.0,futur,1,44.8,0.638693777860346,147.3360404259701,4,1,0,0,0.017258723671801302,0.0,0,0,0,0,0.638693777860346,1,0,0,0,0,HYPO,2,HIERARCHICAL
2019-09-02 11:00:00,2062,100.0,futur,0,30.8,0.26573015552885326,190.1104999188552,3,1,1,1,0.04726181545386349,0.0,0,0,0,0,0.26573015552885326,1,0,0,1,1,HYPO,2,HIERARCHICAL
2019-09-03 07:00:00,2062,100.0,futur,1,45.9,0.08349514563106797,200.17882681717478,1,0,0,0,0.0,0.0,0,0,0,0,0.08349514563106797,0,0,0,0,0,AUCUN,0,HIERARCHICAL
2019-09-03 12:45:00,2062,100.0,futur,0,31.7,0.33192230861534516,202.35126628253695,4,1,1,1,0.0,0.0,0,0,0,0,0.33192230861534516,1,0,0,1,1,HYPO,2,HIERARCHICAL
2019-09-04 13:30:00,2062,100.0,futur,0,28.4,0.2559015701134992,208.43230444487793,4,1,1,1,0.015131922675026131,0.0,0,0,0,0,0.2559015701134992,1,0,0,1,1,HYPO,2,HIERARCHICAL
2019-09-05 13:00:00,2062,100.0,futur,0,21.0,0.5077794831699342,224.2205729257656,4,1,0,0,0.3132083170126649,1.2069206812472353,2,1,1,1,0.5077794831699342,1,0,0,1,1,MIXTE,3,HIERARCHICAL
2019-09-06 10:30:00,2062,100.0,futur,0,25.6,0.2801298483937794,232.57138282708922,4,1,1,1,0.01028428093645486,0.22522930037450767,0,0,0,0,0.2801298483937794,1,0,1,1,1,SEQUENCE,3,HIERARCHICAL
2019-06-15 01:15:00,2067,100.0,futur,0,13.7,0.2761311764174287,4.564009986727154,3,1,1,1,0.0375,0.0,0,0,0,0,0.2761311764174287,1,0,0,1,1,HYPO,2,HIERARCHICAL
2019-06-15 07:45:00,2067,100.0,futur,0,27.5,0.15683564215760898,8.03524185055335,2,1,0,0,0.5752388573645666,1.5801204307967565,3,1,1,1,0.5752388573645666,1,0,0,1,0,MIXTE,3,HIERARCHICAL
2019-06-15 13:30:00,2067,100.0,futur,0,32.0,0.2779256000526069,9.400127202520148,4,1,1,0,0.4555120039196472,1.1241978423557843,1,0,0,0,0.4555120039196472,1,0,1,1,1,SEQUENCE,3,HIERARCHICAL
2019-06-16 07:30:00,2067,100.0,futur,0,13.5,0.3858136645962733,31.062676923892447,3,1,1,1,0.0,0.0,0,0,0,0,0.3858136645962733,1,0,1,1,1,SEQUENCE,3,HIERARCHICAL
2019-06-17 16:15:00,2067,100.0,futur,0,40.4,0.332795778597615,61.26830867894615,3,0,0,0,1.0,2.1896235139491043,4,1,1,1,1.0,0,1,0,0,0,INSTABILITE,1,HIERARCHICAL
2019-06-17 17:45:00,2067,100.0,futur,0,34.5,0.41215790036778843,63.19499138742009,3,1,1,1,1.0,8.937158141066883,4,1,0,0,1.0,1,0,1,1,1,SEQUENCE,3,HIERARCHICAL
2019-06-18 22:15:00,2067,100.0,futur,0,33.4,0.5164376262555449,85.9051215474067,4,1,1,1,0.3575985863095237,5.3782274403604085,1,0,0,0,0.5164376262555449,1,0,1,1,1,SEQUENCE,3,HIERARCHICAL
2019-06-20 07:45:00,2067,100.0,futur,0,24.4,0.2675315785683639,115.46188457587698,3,1,0,0,0.9994375293859868,3.8600352289794113,4,1,1,1,0.9994375293859868,1,0,0,1,1,MIXTE,3,HIERARCHICAL
2019-06-10 17:30:00,419,100.0,baseline,1,45.1,0.18832116788321168,0.0,1,0,0,0,0.06246153846153848,0.0,1,0,0,0,0.18832116788321168,0,0,0,0,0,AUCUN,0,HIERARCHICAL
2019-06-14 12:15:00,419,100.0,baseline,1,56.4,0.06115876661367035,0.0,1,0,0,0,0.0,0.0,0,0,0,0,0.06115876661367035,0,0,0,0,0,AUCUN,0,HIERARCHICAL
2019-07-01 13:00:00,419,100.0,baseline,1,50.7,0.0,0.0,0,0,0,0,0.08473493463120975,0.0,1,0,0,0,0.08473493463120975,0,0,0,0,0,AUCUN,0,HIERARCHICAL
2019-07-10 15:00:00,419,100.0,baseline,1,49.6,0.17719298245614035,0.0,1,0,0,0,0.008805182891870177,0.0,0,0,0,0,0.17719298245614035,0,0,0,0,0,AUCUN,0,HIERARCHICAL
2019-07-18 12:00:00,419,100.0,baseline,1,47.6,0.04204204717168247,0.0,0,0,0,0,0.0,0.0,0,0,0,0,0.04204204717168247,0,0,0,0,0,AUCUN,0,HIERARCHICAL
2019-07-24 14:00:00,419,100.0,baseline,1,36.8,0.170019756563055,0.0,3,0,0,0,0.07934628166159599,0.0,1,0,0,0,0.170019756563055,0,0,0,0,0,AUCUN,0,HIERARCHICAL
2019-07-31 11:00:00,419,100.0,futur,0,43.3,0.17079340675421975,1.3651953226752174,4,1,1,1,0.08384216589861752,0.0,1,0,0,0,0.17079340675421975,1,0,0,1,1,HYPO,2,HIERARCHICAL
2019-08-01 05:15:00,419,100.0,futur,0,29.4,0.15497435304893464,2.293359041946105,3,1,1,0,0.6640373063547265,0.0,2,0,0,0,0.6640373063547265,1,0,0,1,1,HYPO,2,HIERARCHICAL
2019-08-03 10:00:00,419,100.0,futur,0,17.6,0.36552716373406174,29.86718655357881,3,1,1,1,0.0,0.0,0,0,0,0,0.36552716373406174,1,0,0,1,1,HYPO,2,HIERARCHICAL
2019-08-06 18:45:00,419,100.0,futur,0,24.6,0.29707079097565897,87.89617946808039,4,1,1,1,0.0,0.0,0,0,0,0,0.29707079097565897,1,0,0,1,1,HYPO,2,HIERARCHICAL
2019-08-08 00:00:00,419,100.0,futur,0,36.4,0.3297133015884176,93.57401926275277,4,1,1,1,0.0,0.0,0,0,0,0,0.3297133015884176,1,0,0,1,1,HYPO,2,HIERARCHICAL
2019-08-08 14:30:00,419,100.0,futur,1,51.6,0.14107142857142857,97.23719451074948,1,0,0,0,0.20513779784409442,0.0,2,0,0,0,0.20513779784409442,0,0,0,0,0,AUCUN,0,HIERARCHICAL
2019-08-10 01:00:00,419,100.0,futur,0,7.8,0.1751864546234156,91.13406554916357,3,0,0,0,0.8377072021979459,3.358706234663804,3,1,1,1,0.8377072021979459,0,1,0,0,0,INSTABILITE,1,HIERARCHICAL
2019-08-10 01:30:00,419,100.0,futur,0,10.5,0.1680176319801904,91.62142032903041,3,1,1,1,0.16862603282536834,4.088603895123901,1,1,0,0,0.16862603282536834,1,0,1,1,1,SEQUENCE,3,HIERARCHICAL
2019-08-11 05:00:00,419,100.0,futur,0,11.2,0.2632084482305565,117.41906087573383,4,1,0,0,0.30312964610899107,1.019875155667303,2,1,1,1,0.30312964610899107,1,0,0,1,1,MIXTE,3,HIERARCHICAL
2019-08-12 14:30:00,419,100.0,futur,0,23.1,0.21691987654121836,132.9939270535141,3,1,1,1,0.75,0.0,2,0,0,0,0.75,1,0,1,1,1,SEQUENCE,3,HIERARCHICAL
2019-08-13 13:15:00,419,100.0,futur,1,49.0,0.03170731707317074,131.39547161291537,1,0,0,0,0.0970588346268927,0.0,1,0,0,0,0.0970588346268927,0,0,0,0,0,AUCUN,0,HIERARCHICAL
2019-08-14 16:45:00,419,100.0,futur,1,44.9,0.05926154688672567,125.5886245392133,1,0,0,0,0.25120158280509397,1.2515974389590812,2,1,1,1,0.25120158280509397,0,1,0,0,0,INSTABILITE,1,HIERARCHICAL
2019-08-15 02:45:00,419,100.0,futur,0,32.2,0.1648501308679965,125.1059861138722,3,1,1,1,0.0,0.0,0,0,0,0,0.1648501308679965,1,0,1,1,1,SEQUENCE,3,HIERARCHICAL
2019-08-15 12:15:00,419,100.0,futur,1,46.3,0.05058166369202714,129.32619015011585,1,1,0,0,0.02139680711592412,0.0,0,0,0,0,0.05058166369202714,1,0,0,0,0,HYPO,2,HIERARCHICAL
2019-08-16 02:30:00,419,100.0,futur,0,24.5,0.17889316077994946,128.09004474902466,3,1,1,0,0.05567580230937181,0.0,0,0,0,0,0.17889316077994946,1,0,1,1,1,SEQUENCE,3,HIERARCHICAL
2019-08-16 11:15:00,419,100.0,futur,1,46.8,0.02040062102573247,134.9786756317201,1,1,0,0,0.1229810446535991,0.0,1,0,0,0,0.1229810446535991,1,0,0,0,0,HYPO,2,HIERARCHICAL
2019-08-17 02:45:00,419,100.0,futur,0,3.5,0.3722073069226668,137.07698876232774,3,1,1,1,0.12870127686088753,0.0,2,0,0,0,0.3722073069226668,1,0,1,1,1,SEQUENCE,3,HIERARCHICAL
2019-08-18 04:00:00,419,100.0,futur,0,2.6,0.4380323252703658,186.37583640707206,4,1,0,0,0.4497310977538753,2.158748621437723,2,1,1,1,0.4497310977538753,1,0,0,1,1,MIXTE,3,HIERARCHICAL
2019-08-20 02:00:00,419,100.0,futur,0,12.6,0.45082520316366953,226.6353168729265,4,1,1,1,0.006352040816326531,0.0,0,0,0,0,0.45082520316366953,1,0,1,1,1,SEQUENCE,3,HIERARCHICAL
2019-08-22 03:30:00,419,100.0,futur,0,1.4,0.36662371075608985,293.98297925384196,3,1,0,0,0.3148246951219512,1.1303153718923808,2,1,1,1,0.36662371075608985,1,0,0,1,1,MIXTE,3,HIERARCHICAL
2019-08-24 04:30:00,419,100.0,futur,0,31.2,0.19546867864345863,317.97363120995664,3,1,1,1,0.05256830601092898,0.0,0,0,0,0,0.19546867864345863,1,0,1,1,1,SEQUENCE,3,HIERARCHICAL
2019-08-27 09:30:00,419,100.0,futur,0,22.9,0.13172704889693182,379.9426401276121,3,1,1,1,0.0395744680851064,0.0,0,0,0,0,0.13172704889693182,1,0,0,1,1,HYPO,2,HIERARCHICAL
2019-08-28 13:00:00,419,100.0,futur,0,15.6,0.23720450959044012,391.43269627586795,3,1,1,1,0.4217021276595745,0.0,2,0,0,0,0.4217021276595745,1,0,0,1,1,HYPO,2,HIERARCHICAL
2019-08-29 12:30:00,419,100.0,futur,0,35.0,0.3669871063449498,395.60588909482817,4,1,1,0,0.04857142857142853,0.0,0,0,0,0,0.3669871063449498,1,0,0,1,1,HYPO,2,HIERARCHICAL
2019-08-30 04:45:00,419,100.0,futur,0,22.0,0.14914136313833307,410.9131280091934,3,1,0,0,0.29321332478831397,1.3555108313727473,2,1,1,1,0.29321332478831397,1,0,0,1,1,MIXTE,3,HIERARCHICAL
2019-08-31 02:15:00,419,100.0,futur,0,15.0,0.26276979768105835,411.7160345833543,4,1,1,1,0.4865384615384615,0.0,2,0,0,0,0.4865384615384615,1,0,1,1,1,SEQUENCE,3,HIERARCHICAL
2019-09-01 07:45:00,419,100.0,futur,0,13.6,0.19764528115432212,434.68360035962405,3,1,1,1,0.031818181818181836,0.0,0,0,0,0,0.19764528115432212,1,0,1,1,1,SEQUENCE,3,HIERARCHICAL
2019-09-04 23:45:00,419,100.0,futur,0,27.4,0.23294561570936914,516.6309015456326,3,1,0,0,0.2099068575820268,0.7782177447835368,3,1,1,1,0.23294561570936914,1,0,0,1,1,MIXTE,3,HIERARCHICAL
2019-09-06 03:30:00,419,100.0,futur,0,12.3,0.22745145887983317,537.6370793512087,4,1,1,1,0.0,0.0,0,0,0,0,0.22745145887983317,1,0,1,1,1,SEQUENCE,3,HIERARCHICAL
2019-06-26 15:15:00,5169,100.0,baseline,1,43.3,0.11276210623897905,0.0,1,0,0,0,0.4994623655913978,0.0,2,0,0,0,0.4994623655913978,0,0,0,0,0,AUCUN,0,HIERARCHICAL
2019-06-27 13:00:00,5169,100.0,baseline,1,47.7,0.0,0.0,0,0,0,0,0.1615454868158405,0.0,1,0,0,0,0.1615454868158405,0,0,0,0,0,AUCUN,0,HIERARCHICAL
2019-06-28 11:45:00,5169,100.0,baseline,1,50.0,0.17741511070072574,0.0,3,0,0,0,0.0,0.0,0,0,0,0,0.17741511070072574,0,0,0,0,0,AUCUN,0,HIERARCHICAL
2019-07-05 16:15:00,5169,100.0,futur,0,14.9,0.3145293040351174,3.718602429929611,3,1,1,1,0.0,0.0,0,0,0,0,0.3145293040351174,1,0,0,1,1,HYPO,2,HIERARCHICAL
2019-07-06 17:45:00,5169,100.0,futur,0,15.8,0.28809708021527347,22.03145878600415,3,1,0,0,0.41956487011231536,1.4329810003569525,2,1,1,1,0.41956487011231536,1,0,0,1,1,MIXTE,3,HIERARCHICAL
2019-07-07 08:00:00,5169,100.0,futur,0,20.6,0.3742288173333095,36.93016524017133,3,1,0,0,0.2644484920365978,19.25374820075405,2,1,1,1,0.3742288173333095,1,0,0,1,1,MIXTE,3,HIERARCHICAL
2019-07-08 08:15:00,5169,100.0,futur,0,18.4,0.4482325500178084,62.90402655322559,4,1,1,1,0.04230143268121525,19.07660792118642,0,0,0,0,0.4482325500178084,1,0,1,1,1,SEQUENCE,3,HIERARCHICAL
2019-07-09 03:45:00,5169,100.0,futur,0,24.6,0.26602529335660136,92.78207890712011,3,1,0,0,0.22754757548358623,18.086890489352065,2,1,1,1,0.26602529335660136,1,0,0,1,1,MIXTE,3,HIERARCHICAL
2019-07-09 22:00:00,5169,100.0,futur,0,21.8,0.22783250229089608,115.19466596269818,3,1,0,0,0.7955575221238939,16.532412312731825,3,1,1,1,0.7955575221238939,1,0,0,1,1,MIXTE,3,HIERARCHICAL
2019-07-10 12:00:00,5169,100.0,futur,0,12.7,0.3801650120243071,114.78797572499492,3,1,1,1,0.48,21.317924707837598,2,0,0,0,0.48,1,0,1,1,1,SEQUENCE,3,HIERARCHICAL
2019-07-10 14:45:00,5169,100.0,futur,0,30.5,0.3447549052932954,118.12122289447956,3,1,0,0,0.6611466193734428,22.23049642325324,3,1,1,1,0.6611466193734428,1,0,0,1,0,MIXTE,3,HIERARCHICAL
2019-07-11 10:45:00,5169,100.0,futur,0,28.0,0.4111605612748904,136.30993446160045,4,1,0,0,0.41493329086654257,23.422888583409158,4,1,1,1,0.41493329086654257,1,0,0,1,1,MIXTE,3,HIERARCHICAL
2019-07-12 03:30:00,5169,100.0,futur,0,22.0,0.1531157512281516,148.554952589301,3,1,0,0,0.2908444022770398,21.001625848340574,2,1,1,1,0.2908444022770398,1,0,0,1,1,MIXTE,3,HIERARCHICAL
2019-07-13 10:00:00,5169,100.0,futur,0,12.6,0.3662188064018089,178.6793305865825,4,1,1,1,0.26087950900353196,16.6668369134473,1,0,0,0,0.3662188064018089,1,0,1,1,1,SEQUENCE,3,HIERARCHICAL
2019-07-13 22:45:00,5169,100.0,futur,0,15.2,0.22449696471826888,198.57907302160487,3,1,0,0,0.39064945624778086,17.1613857653901,2,1,1,1,0.39064945624778086,1,0,0,1,1,MIXTE,3,HIERARCHICAL
2019-07-15 01:15:00,5169,100.0,futur,0,17.7,0.22326004334301874,231.7941187327262,4,1,0,0,0.8132337046775795,18.733995598691575,3,1,1,1,0.8132337046775795,1,0,0,1,1,MIXTE,3,HIERARCHICAL
2019-07-15 23:00:00,5169,100.0,futur,0,26.5,0.0248659063022343,250.90126385708473,1,1,0,0,0.843510840108401,18.486908214806054,4,1,1,1,0.843510840108401,1,0,0,1,1,MIXTE,3,HIERARCHICAL
2019-07-16 12:00:00,5169,100.0,futur,0,6.0,0.38877553748287874,251.89989697770537,3,1,1,1,0.10663467824787516,23.87217092132252,1,0,0,0,0.38877553748287874,1,0,1,1,1,SEQUENCE,3,HIERARCHICAL
2019-07-17 05:30:00,5169,100.0,futur,0,16.0,0.1978333036224127,262.14664054026787,3,1,1,0,0.0,20.302675589015053,0,0,0,0,0.1978333036224127,1,0,1,1,1,SEQUENCE,3,HIERARCHICAL
2019-07-17 21:00:00,5169,100.0,futur,0,13.4,0.17759207322353793,272.09839609732757,3,1,0,0,0.950434396974559,19.794012322566417,3,1,1,1,0.950434396974559,1,0,0,1,1,MIXTE,3,HIERARCHICAL
2019-07-18 13:30:00,5169,100.0,futur,0,17.5,0.26403354902684983,274.91321831778646,4,1,1,1,0.012454873646209397,29.561573522413745,0,0,0,0,0.26403354902684983,1,0,1,1,1,SEQUENCE,3,HIERARCHICAL
2019-07-18 16:00:00,5169,100.0,futur,0,11.0,0.2884454738269203,277.42603011652886,4,1,0,0,0.3327321835277304,30.407262613083628,4,1,1,1,0.3327321835277304,1,0,0,1,0,MIXTE,3,HIERARCHICAL
2019-07-20 22:15:00,5169,100.0,futur,0,21.5,0.24998569833000764,337.43425163544293,3,1,0,0,0.2976325952255152,22.62407889660529,2,1,1,1,0.2976325952255152,1,0,0,1,1,MIXTE,3,HIERARCHICAL
2019-07-22 11:30:00,5169,100.0,futur,0,25.5,0.21274826902243443,382.4108930290837,4,1,0,0,0.22626934912518865,22.680531632702458,2,1,1,1,0.22626934912518865,1,0,0,1,1,MIXTE,3,HIERARCHICAL
2019-07-23 07:30:00,5169,100.0,futur,0,24.5,0.2833205585425425,383.0420322281381,3,1,1,1,0.07828328103989242,18.565390322558162,1,0,0,0,0.2833205585425425,1,0,1,1,1,SEQUENCE,3,HIERARCHICAL
2019-07-24 00:00:00,5169,100.0,futur,0,22.1,0.1875558706164103,406.27427391686473,4,1,0,0,0.18026243087286364,16.687760433457566,2,1,1,1,0.1875558706164103,1,0,0,1,1,MIXTE,3,HIERARCHICAL
2019-07-25 10:30:00,5169,100.0,futur,0,21.1,0.4595487575379303,425.4153906191742,4,1,1,1,0.0,9.877125553270051,0,0,0,0,0.4595487575379303,1,0,1,1,1,SEQUENCE,3,HIERARCHICAL
2019-07-11 06:15:00,5214,100.0,baseline,1,46.3,0.23531972759744466,0.0,4,0,0,0,0.12094488188976377,0.0,1,0,0,0,0.23531972759744466,0,0,0,0,0,AUCUN,0,HIERARCHICAL
2019-07-18 00:45:00,5214,100.0,futur,0,11.5,0.40532794605413436,3.7660016077966687,4,1,1,1,0.2700526210484194,0.0,3,0,0,0,0.40532794605413436,1,0,0,1,1,HYPO,2,HIERARCHICAL
2019-07-18 03:00:00,5214,100.0,futur,0,1.8,0.4014954941956259,7.947678549410391,3,1,0,0,0.3656386066763425,1.2625748856078074,3,1,1,1,0.4014954941956259,1,0,0,1,0,MIXTE,3,HIERARCHICAL
2019-07-19 06:30:00,5214,100.0,futur,1,47.0,0.025,20.41402642328223,1,0,0,0,0.0,3.4586822431005624,0,0,0,0,0.025,0,0,0,0,0,AUCUN,0,HIERARCHICAL
2019-07-20 12:15:00,5214,100.0,futur,0,15.7,0.5577839680532433,20.67208919698836,4,1,1,1,0.048241633579126454,0.0,1,0,0,0,0.5577839680532433,1,0,1,1,1,SEQUENCE,3,HIERARCHICAL
2019-07-22 09:30:00,5214,100.0,futur,0,18.2,0.12186744493193537,36.59980859694407,3,1,1,1,0.05175,0.0,0,0,0,0,0.12186744493193537,1,0,0,1,1,HYPO,2,HIERARCHICAL
2019-07-23 01:15:00,5214,100.0,futur,0,7.0,0.4187877120769866,38.89803991645535,4,1,1,0,0.0,0.0,0,0,0,0,0.4187877120769866,1,0,0,1,1,HYPO,2,HIERARCHICAL
2019-07-24 10:15:00,5214,100.0,futur,0,34.8,0.16794022519404236,45.76340295088514,4,1,1,1,0.0,0.0,0,0,0,0,0.16794022519404236,1,0,0,1,1,HYPO,2,HIERARCHICAL
2019-06-21 12:30:00,5258,100.0,baseline,1,57.0,0.0,0.0,0,0,0,0,0.36462337934505357,0.0,3,0,0,0,0.36462337934505357,0,0,0,0,0,AUCUN,0,HIERARCHICAL
2019-06-25 07:30:00,5258,100.0,baseline,1,47.3,0.08143356958212919,0.0,2,0,0,0,0.8059204545454546,0.0,2,0,0,0,0.8059204545454546,0,0,0,0,0,AUCUN,0,HIERARCHICAL
2019-06-27 12:15:00,5258,100.0,baseline,1,50.1,0.029010760644277392,0.0,1,0,0,0,0.5165082649474061,0.0,2,0,0,0,0.5165082649474061,0,0,0,0,0,AUCUN,0,HIERARCHICAL
2019-07-05 14:45:00,5258,100.0,baseline,1,35.1,0.04345385597231084,0.0,1,0,0,0,0.3619658119658119,0.0,1,0,0,0,0.3619658119658119,0,0,0,0,0,AUCUN,0,HIERARCHICAL
2019-07-08 13:30:00,5258,100.0,baseline,1,58.3,0.0,0.0,0,0,0,0,0.6515965506765147,0.0,2,0,0,0,0.6515965506765147,0,0,0,0,0,AUCUN,0,HIERARCHICAL
2019-07-09 12:00:00,5258,100.0,baseline,1,57.2,0.09684751850625115,0.0,2,0,0,0,0.15480790076492001,0.0,2,0,0,0,0.15480790076492001,0,0,0,0,0,AUCUN,0,HIERARCHICAL
2019-07-10 12:30:00,5258,100.0,baseline,1,58.0,0.02111310492176427,0.0,0,0,0,0,0.0,0.0,0,0,0,0,0.02111310492176427,0,0,0,0,0,AUCUN,0,HIERARCHICAL
2019-07-22 13:00:00,5258,100.0,futur,0,48.3,0.0,0.009312256151162712,0,0,0,0,0.5272913646445404,1.3695740014306268,2,1,1,1,0.5272913646445404,0,1,0,0,0,INSTABILITE,1,HIERARCHICAL
2019-07-23 03:15:00,5258,100.0,futur,0,26.0,0.25861161856782444,5.995358599765772,4,1,1,1,0.0,11.798194183882133,0,1,0,0,0.25861161856782444,1,0,1,1,1,SEQUENCE,3,HIERARCHICAL
2019-07-24 14:00:00,5258,100.0,futur,0,28.4,0.29794350800448344,10.01732551714103,4,1,1,1,0.045239263803681005,4.8755980192924655,1,0,0,0,0.29794350800448344,1,0,1,1,1,SEQUENCE,3,HIERARCHICAL
2019-07-24 20:00:00,5258,100.0,futur,0,29.9,0.17694279108657776,14.450347946402472,2,1,0,0,0.7930285737707524,6.491920547940829,3,1,1,1,0.7930285737707524,1,0,0,1,0,MIXTE,3,HIERARCHICAL
2019-07-26 02:45:00,5258,100.0,futur,0,27.2,0.15209904009566103,13.352584831000552,3,1,1,1,0.6,1.4976777167955806,2,0,0,0,0.6,1,0,1,1,1,SEQUENCE,3,HIERARCHICAL
2019-07-26 15:00:00,5258,100.0,futur,0,47.8,0.004782335000245986,13.853474714996665,0,0,0,0,0.6889103303092577,1.725183439602831,2,1,1,1,0.6889103303092577,0,1,0,0,0,INSTABILITE,1,HIERARCHICAL
2019-07-27 12:30:00,5258,100.0,futur,0,18.6,0.5614532563233214,14.59696406080737,3,1,1,1,0.4867961165048544,0.0,2,0,0,0,0.5614532563233214,1,0,1,1,1,SEQUENCE,3,HIERARCHICAL
2019-07-28 04:45:00,5258,100.0,futur,0,18.6,0.2169753636871361,43.842495030314,3,1,0,0,0.2257821350762527,3.723809254874192,3,1,1,1,0.2257821350762527,1,0,0,1,1,MIXTE,3,HIERARCHICAL
2019-07-29 10:15:00,5258,100.0,futur,0,36.9,0.0,54.46632804301639,0,0,0,0,0.2993427593063072,1.259616691475989,2,1,1,1,0.2993427593063072,0,1,0,0,0,INSTABILITE,1,HIERARCHICAL
2019-07-30 11:45:00,5258,100.0,futur,0,33.6,0.29914632902487404,55.34460131376898,3,1,1,1,0.0,0.5492705488627774,0,0,0,0,0.29914632902487404,1,0,1,1,1,SEQUENCE,3,HIERARCHICAL
2019-07-30 16:15:00,5258,100.0,futur,1,51.5,0.16532988770958312,58.48048646960162,2,1,0,0,0.75,0.0,2,0,0,0,0.75,1,0,0,0,0,HYPO,2,HIERARCHICAL
2019-07-31 04:15:00,5258,100.0,futur,0,25.6,0.18068875948572916,57.0898726009982,3,1,1,0,0.778,0.0,3,0,0,0,0.778,1,0,1,1,1,SEQUENCE,3,HIERARCHICAL
2019-07-31 09:15:00,5258,100.0,futur,0,35.5,0.11473009871121705,56.795407396875184,2,0,0,0,0.8656982182030812,3.268264763630253,3,1,1,1,0.8656982182030812,0,1,0,0,0,INSTABILITE,1,HIERARCHICAL
2019-08-01 05:00:00,5258,100.0,futur,0,11.6,0.3600514052398668,90.33233407126107,4,1,0,0,0.9749999999999999,3.9708014807790355,2,1,1,1,0.9749999999999999,1,0,0,1,1,MIXTE,3,HIERARCHICAL
2019-08-02 23:15:00,5258,100.0,futur,0,24.0,0.19060364405646477,88.91490327067224,3,1,1,1,0.0,0.0,0,0,0,0,0.19060364405646477,1,0,1,1,1,SEQUENCE,3,HIERARCHICAL
2019-08-03 02:00:00,5258,100.0,futur,0,11.5,0.27074989276917205,91.22030316423489,4,1,0,0,0.7482526881720429,1.1605216719381999,2,1,1,1,0.7482526881720429,1,0,0,1,0,MIXTE,3,HIERARCHICAL
2019-08-04 14:00:00,5258,100.0,futur,0,34.2,0.38567210728661405,128.90037109203186,4,1,1,1,0.4433705815750102,0.0,1,0,0,0,0.4433705815750102,1,0,1,1,1,SEQUENCE,3,HIERARCHICAL
2019-08-05 05:15:00,5258,100.0,futur,0,6.7,0.28283262854526187,137.30883279872936,3,0,0,0,0.2477443609022556,0.8367901447291395,2,1,1,1,0.28283262854526187,0,1,0,0,0,INSTABILITE,1,HIERARCHICAL
2019-08-05 08:00:00,5258,100.0,futur,0,14.8,0.25356342940291043,138.47801165065937,3,1,1,0,0.13813779469774606,0.17679014472913923,1,0,0,0,0.25356342940291043,1,0,1,1,1,SEQUENCE,3,HIERARCHICAL
2019-08-06 01:45:00,5258,100.0,futur,0,27.4,0.3347360469400235,142.25726145036205,4,1,1,1,0.0,0.4975270588932355,0,0,0,0,0.3347360469400235,1,0,1,1,1,SEQUENCE,3,HIERARCHICAL
2019-08-06 13:00:00,5258,100.0,futur,0,32.0,0.248440960981241,151.92451951810662,4,1,0,0,0.49818607244138735,1.1640240580454642,3,1,1,1,0.49818607244138735,1,0,0,1,0,MIXTE,3,HIERARCHICAL
2019-08-08 01:45:00,5258,100.0,futur,0,22.8,0.2130741405352264,146.40721165526287,4,1,1,1,0.10780982905982905,0.0,1,0,0,0,0.2130741405352264,1,0,1,1,1,SEQUENCE,3,HIERARCHICAL
2019-08-08 05:00:00,5258,100.0,futur,0,11.2,0.2729924308596088,148.77071555528136,4,1,0,0,0.9749999999999999,3.2705555555555548,2,1,1,1,0.9749999999999999,1,0,0,1,0,MIXTE,3,HIERARCHICAL
2019-08-08 15:45:00,5258,100.0,futur,0,25.6,0.33298078940054526,161.2689310666313,4,1,0,0,0.6887634285714286,4.750144632763977,2,1,1,0,0.6887634285714286,1,0,0,1,1,MIXTE,3,HIERARCHICAL
2019-08-09 02:30:00,5258,100.0,futur,0,12.4,0.2991296762277097,164.58968664982288,3,1,0,0,0.9110344827586208,22.70561340032491,2,1,1,1,0.9110344827586208,1,0,0,1,0,MIXTE,3,HIERARCHICAL
2019-08-09 22:45:00,5258,100.0,futur,0,12.5,0.23648510965304403,167.21298046691152,4,0,0,0,0.4690826813928517,28.54121593371058,3,1,1,1,0.4690826813928517,0,1,0,0,0,INSTABILITE,1,HIERARCHICAL
2019-08-10 00:00:00,5258,100.0,futur,0,16.9,0.20046075516162232,168.70780065515982,4,1,1,1,0.013273453093812337,29.259714959925127,0,1,0,0,0.20046075516162232,1,0,1,1,1,SEQUENCE,3,HIERARCHICAL
2019-08-10 11:15:00,5258,100.0,futur,0,13.6,0.43832395953766196,177.07936343289407,3,1,0,0,0.7560995012039904,29.298137928015603,2,1,1,1,0.7560995012039904,1,0,0,1,0,MIXTE,3,HIERARCHICAL
2019-08-11 00:15:00,5258,100.0,futur,0,26.6,0.122843404958622,194.98257054776101,3,1,0,0,0.8321056776730303,32.83181153884651,4,1,1,1,0.8321056776730303,1,0,0,1,1,MIXTE,3,HIERARCHICAL
2019-08-11 07:30:00,5258,100.0,futur,1,47.9,0.21976614719274287,196.48338334221222,3,1,0,0,0.08134592680047227,31.880101226973707,0,0,0,0,0.21976614719274287,1,0,0,0,0,HYPO,2,HIERARCHICAL
2019-08-11 21:15:00,5258,100.0,futur,0,26.8,0.16631066056632376,202.798335520423,3,0,0,0,0.373111444318366,29.891536492922025,2,1,1,1,0.373111444318366,0,1,0,0,0,INSTABILITE,1,HIERARCHICAL
2019-08-12 04:15:00,5258,100.0,futur,0,11.5,0.32321588991633,203.22683543872665,4,1,1,1,0.0037585421412300478,29.89006878370588,0,0,0,0,0.32321588991633,1,0,1,1,1,SEQUENCE,3,HIERARCHICAL
2019-08-12 18:15:00,5258,100.0,futur,0,27.6,0.12481058928143693,206.69498637587722,2,0,0,0,0.2821266856831438,28.09631502762873,2,1,1,1,0.2821266856831438,0,1,0,0,0,INSTABILITE,1,HIERARCHICAL
2019-08-12 20:45:00,5258,100.0,futur,0,26.5,0.22423092885725457,207.15936047153227,4,1,1,0,0.2089363036881419,27.942642363487327,1,0,0,0,0.22423092885725457,1,0,1,1,1,SEQUENCE,3,HIERARCHICAL
2019-08-14 00:15:00,5258,100.0,futur,0,26.9,0.15662035234565636,224.58829164844892,2,0,0,0,0.35753588516746404,29.902087495520348,3,1,1,1,0.35753588516746404,0,1,0,0,0,INSTABILITE,1,HIERARCHICAL
2019-08-14 06:30:00,5258,100.0,futur,0,32.6,0.2301439021067293,225.8596503380258,3,1,1,1,0.0,34.13904533944935,0,1,0,0,0.2301439021067293,1,0,1,1,1,SEQUENCE,3,HIERARCHICAL
2019-08-14 13:45:00,5258,100.0,futur,0,27.1,0.007339449541284404,230.0985799475945,0,0,0,0,0.5726579229249482,34.37021622236434,2,1,1,1,0.5726579229249482,0,1,0,0,0,INSTABILITE,1,HIERARCHICAL
2019-08-15 12:45:00,5258,100.0,futur,1,48.5,0.06054060552695746,225.4287925002142,1,0,0,0,0.2345553601658185,38.75317398472013,2,0,0,0,0.2345553601658185,0,0,0,0,0,AUCUN,0,HIERARCHICAL
2019-08-15 21:30:00,5258,100.0,futur,0,18.0,0.188299173360375,226.3266763258433,3,1,1,1,0.40723515037293756,36.65317398472005,2,0,0,0,0.40723515037293756,1,0,1,1,1,SEQUENCE,3,HIERARCHICAL
2019-08-17 10:15:00,5258,100.0,futur,1,48.3,0.4795591176742067,235.1435910515154,4,0,0,0,0.44999999999999996,31.58671926661319,1,0,0,0,0.4795591176742067,0,0,0,0,0,AUCUN,0,HIERARCHICAL
2019-08-17 11:00:00,5258,100.0,futur,0,43.0,0.5538374017520792,237.2197880305802,4,1,1,1,0.4772254335260115,31.406719266613194,1,0,0,0,0.5538374017520792,1,0,1,1,1,SEQUENCE,3,HIERARCHICAL
2019-08-17 18:30:00,5258,100.0,futur,0,38.3,0.5791572549873434,259.55029593398115,3,1,0,0,0.4349151477058455,31.263997004266614,3,1,1,1,0.5791572549873434,1,0,0,1,0,MIXTE,3,HIERARCHICAL
2019-08-18 01:15:00,5258,100.0,futur,0,29.1,0.0773557631673409,269.6252723783909,1,1,0,0,0.40936824529447474,32.99354445565515,3,1,1,0,0.40936824529447474,1,0,0,1,1,MIXTE,3,HIERARCHICAL
2019-08-18 14:45:00,5258,100.0,futur,0,51.9,0.205444608029264,269.0036768864297,4,1,1,1,0.0,30.1475451599702,0,0,0,0,0.205444608029264,1,0,1,1,1,SEQUENCE,3,HIERARCHICAL
2019-08-19 13:00:00,5258,100.0,futur,0,33.6,0.03214285714285714,265.3769621381571,1,0,0,0,0.3657741181731015,28.863005310304928,2,1,1,1,0.3657741181731015,0,1,0,0,0,INSTABILITE,1,HIERARCHICAL
2019-08-20 01:45:00,5258,100.0,futur,0,17.1,0.232233623209327,268.3023848110729,3,1,1,1,0.5249999999999999,46.47326007624855,1,0,0,0,0.5249999999999999,1,0,1,1,1,SEQUENCE,3,HIERARCHICAL
2019-08-20 04:00:00,5258,100.0,futur,0,20.4,0.21598737312142768,271.7658533984958,2,1,0,0,0.2562852233676976,47.074554669468775,3,1,1,1,0.2562852233676976,1,0,0,1,0,MIXTE,3,HIERARCHICAL
2019-08-20 20:00:00,5258,100.0,futur,0,18.3,0.1627617681984338,275.62092225520945,4,1,1,0,0.015941629955947122,45.06415432272238,0,0,0,0,0.1627617681984338,1,0,1,1,1,SEQUENCE,3,HIERARCHICAL
2019-08-21 10:30:00,5258,100.0,futur,0,16.5,0.3846971129851804,280.68793818397614,4,1,1,1,0.5214285714285714,41.58415432272225,2,0,0,0,0.5214285714285714,1,0,1,1,1,SEQUENCE,3,HIERARCHICAL
2019-08-21 22:45:00,5258,100.0,futur,0,23.1,0.16250178203862234,301.6306836767972,2,1,0,0,0.24994843597413188,41.106581969819985,3,1,1,1,0.24994843597413188,1,0,0,1,1,MIXTE,3,HIERARCHICAL
2019-08-22 12:30:00,5258,100.0,futur,0,43.6,0.0,297.7806836767976,0,0,0,0,0.5262057010785826,42.2279450744807,2,1,1,1,0.5262057010785826,0,1,0,0,0,INSTABILITE,1,HIERARCHICAL
2019-06-05 21:00:00,5313,100.0,baseline,1,47.2,0.4620403048545238,0.0,4,0,0,0,0.10185054742096226,0.0,1,0,0,0,0.4620403048545238,0,0,0,0,0,AUCUN,0,HIERARCHICAL
2019-06-14 07:30:00,5313,100.0,baseline,1,46.5,0.23041645370414193,0.0,3,0,0,0,0.0,0.0,0,0,0,0,0.23041645370414193,0,0,0,0,0,AUCUN,0,HIERARCHICAL
2019-07-17 00:15:00,5313,100.0,baseline,1,48.8,0.0,0.0,0,0,0,0,0.02346186865073686,0.0,0,0,0,0,0.02346186865073686,0,0,0,0,0,AUCUN,0,HIERARCHICAL
2019-07-24 04:45:00,5313,100.0,baseline,1,39.9,0.08484848484848484,0.0,1,0,0,0,0.0,0.0,0,0,0,0,0.08484848484848484,0,0,0,0,0,AUCUN,0,HIERARCHICAL
2019-07-31 11:00:00,5313,100.0,futur,0,22.5,0.2209781883716126,1.397898219343971,4,1,1,1,0.0,0.0,0,0,0,0,0.2209781883716126,1,0,0,1,1,HYPO,2,HIERARCHICAL
2019-08-01 05:00:00,5313,100.0,futur,0,23.2,0.21427277153610425,4.773217308234538,4,1,1,0,0.4362505466220747,0.0,2,0,0,0,0.4362505466220747,1,0,0,1,1,HYPO,2,HIERARCHICAL
2019-08-01 06:00:00,5313,100.0,futur,0,32.0,0.24684842475590812,5.674766404713763,4,1,0,0,1.0,3.7398667711424536,3,1,1,1,1.0,1,0,0,1,0,MIXTE,3,HIERARCHICAL
2019-08-03 22:30:00,5313,100.0,futur,1,37.5,0.25775584995997247,2.473019983021441,4,0,0,0,0.01021515860634422,0.0,0,0,0,0,0.25775584995997247,0,0,0,0,0,AUCUN,0,HIERARCHICAL
2019-08-03 22:45:00,5313,100.0,futur,0,45.8,0.23444074545167545,2.680243982406763,4,1,1,1,0.011968493852459027,0.0,0,0,0,0,0.23444074545167545,1,0,1,1,1,SEQUENCE,3,HIERARCHICAL
2019-08-04 18:15:00,5313,100.0,futur,1,43.1,0.23825185338769717,4.444160147686731,3,0,0,0,0.0,0.0,0,0,0,0,0.23825185338769717,0,0,0,0,0,AUCUN,0,HIERARCHICAL
2019-08-05 00:00:00,5313,100.0,futur,0,40.6,0.22201776726006964,5.676191782416345,4,1,1,1,0.0,0.0,0,0,0,0,0.22201776726006964,1,0,0,1,1,HYPO,2,HIERARCHICAL
2019-08-06 07:45:00,5313,100.0,futur,0,31.0,0.2668863676816556,5.405758058696963,4,1,1,1,0.029729249458822004,0.1678058639089296,0,0,0,0,0.2668863676816556,1,0,0,1,1,HYPO,2,HIERARCHICAL
2019-08-06 22:30:00,5313,100.0,futur,1,47.5,0.15577902455985815,2.5046146260900817,1,0,0,0,0.0,0.0,0,0,0,0,0.15577902455985815,0,0,0,0,0,AUCUN,0,HIERARCHICAL
2019-08-08 09:45:00,5313,100.0,futur,0,34.2,0.21696016972151203,2.1111610345439455,3,1,1,1,0.12977774911091378,0.04403462649944481,2,0,0,0,0.21696016972151203,1,0,0,1,1,HYPO,2,HIERARCHICAL
2019-08-09 00:15:00,5313,100.0,futur,1,39.7,0.1756996501525387,8.366124288229765,3,0,0,0,0.0,0.0,0,0,0,0,0.1756996501525387,0,0,0,0,0,AUCUN,0,HIERARCHICAL
2019-08-09 03:15:00,5313,100.0,futur,0,29.7,0.24796155983882767,9.317762185267775,3,0,0,0,0.8697428986568174,3.225624072544304,3,1,1,1,0.8697428986568174,0,1,0,0,0,INSTABILITE,1,HIERARCHICAL
2019-08-09 03:45:00,5313,100.0,futur,0,41.3,0.26013086861619994,9.684707364641417,3,1,1,0,0.8457166195263331,3.951340692070637,3,1,0,0,0.8457166195263331,1,0,1,1,1,SEQUENCE,3,HIERARCHICAL
2019-08-09 18:45:00,5313,100.0,futur,0,18.4,0.2517797281495903,13.770147531972992,3,1,1,1,0.16010207445933353,1.3074518031817512,1,0,0,0,0.2517797281495903,1,0,1,1,1,SEQUENCE,3,HIERARCHICAL
2019-08-10 00:30:00,5313,100.0,futur,0,28.0,0.41421011951989484,20.76354641232184,4,1,0,0,0.4920310767510836,3.7420782831405863,2,1,1,1,0.4920310767510836,1,0,0,1,0,MIXTE,3,HIERARCHICAL
2019-08-11 10:00:00,5313,100.0,futur,0,28.1,0.3789918555094932,32.21864883441047,4,1,1,1,0.22235294117647056,0.0,1,0,0,0,0.3789918555094932,1,0,1,1,1,SEQUENCE,3,HIERARCHICAL
2019-08-13 09:00:00,5313,100.0,futur,0,15.9,0.3391555185500579,45.82952756957095,4,1,1,1,0.18480090874588848,0.30311033154389233,1,0,0,0,0.3391555185500579,1,0,0,1,1,HYPO,2,HIERARCHICAL
2019-08-14 02:00:00,5313,100.0,futur,0,25.0,0.24822834051781512,57.97611184721552,3,1,0,0,0.5671835198337218,1.18210059933506,4,1,1,1,0.5671835198337218,1,0,0,1,1,MIXTE,3,HIERARCHICAL
2019-08-15 04:00:00,5313,100.0,futur,0,28.2,0.2607341466962951,66.75228614785443,3,1,1,1,0.012150837988826824,0.02581271461959289,0,0,0,0,0.2607341466962951,1,0,1,1,1,SEQUENCE,3,HIERARCHICAL
2019-08-16 03:15:00,5313,100.0,futur,0,22.4,0.37841676200919344,102.3336383159243,4,1,0,0,1.0,2.7877985013221958,3,1,1,1,1.0,1,0,0,1,1,MIXTE,3,HIERARCHICAL
2019-08-17 14:45:00,5313,100.0,futur,0,22.1,0.13338630349399716,119.09420637735276,3,1,1,1,0.0,0.0,0,0,0,0,0.13338630349399716,1,0,1,1,1,SEQUENCE,3,HIERARCHICAL
2019-08-19 03:00:00,5313,100.0,futur,1,32.4,0.15772813432811636,158.93033396299072,3,1,0,0,0.0666666666666667,0.0,1,0,0,0,0.15772813432811636,1,0,0,0,0,HYPO,2,HIERARCHICAL
2019-08-20 15:15:00,5313,100.0,futur,0,14.6,0.2087364543189516,153.7289867839898,3,1,1,1,0.004010328353975001,0.0,0,0,0,0,0.2087364543189516,1,0,0,1,1,HYPO,2,HIERARCHICAL
2019-08-20 23:15:00,5313,100.0,futur,0,22.5,0.17522941711290546,159.18719585317012,3,1,0,0,0.866330924436522,1.9417667525899764,3,1,1,1,0.866330924436522,1,0,0,1,0,MIXTE,3,HIERARCHICAL
2019-08-21 09:15:00,5313,100.0,futur,0,5.3,0.24019488844180653,164.20159433420343,3,1,0,0,0.7724851518551561,6.3068543960584185,4,1,1,0,0.7724851518551561,1,0,0,1,1,MIXTE,3,HIERARCHICAL
2019-08-22 16:15:00,5313,100.0,futur,0,26.9,0.08707916123958316,164.87331226901574,2,0,0,0,0.703846679316888,11.882792147449724,3,1,1,1,0.703846679316888,0,1,0,0,0,INSTABILITE,1,HIERARCHICAL
2019-08-22 20:30:00,5313,100.0,futur,0,20.0,0.18574162744709105,165.9839483314433,3,1,1,1,0.7791406629603616,13.308292732054104,2,0,0,0,0.7791406629603616,1,0,1,1,1,SEQUENCE,3,HIERARCHICAL
2019-08-23 23:30:00,5313,100.0,futur,0,33.5,0.2956325771326173,182.41119077319198,3,1,1,1,0.010249999999999936,15.744798477675443,0,0,0,0,0.2956325771326173,1,0,1,1,1,SEQUENCE,3,HIERARCHICAL
2019-08-24 01:30:00,5313,100.0,futur,0,27.0,0.31468252031854577,184.86533414490643,3,1,0,0,0.20520048098863886,16.23853254443873,3,1,1,1,0.31468252031854577,1,0,0,1,0,MIXTE,3,HIERARCHICAL
2019-08-24 13:15:00,5313,100.0,futur,0,23.5,0.401139621206907,196.96362764244688,4,1,0,0,0.49016344983481136,17.667381876967827,2,1,1,0,0.49016344983481136,1,0,0,1,1,MIXTE,3,HIERARCHICAL
2019-08-25 11:15:00,5313,100.0,futur,0,32.7,0.15027681468882995,213.289513267753,3,0,0,0,0.2927003283801553,20.167358589306797,2,1,1,1,0.2927003283801553,0,1,0,0,0,INSTABILITE,1,HIERARCHICAL
2019-08-25 13:00:00,5313,100.0,futur,0,28.3,0.24359894660001646,214.9007204654207,4,1,1,1,0.007885514018691609,20.470004516691926,0,1,0,0,0.24359894660001646,1,0,1,1,1,SEQUENCE,3,HIERARCHICAL
2019-08-26 05:00:00,5313,100.0,futur,0,0.9,0.33900228653471354,235.53443956320066,3,1,0,0,0.8103172318498474,34.44868549683119,2,1,1,1,0.8103172318498474,1,0,0,1,1,MIXTE,3,HIERARCHICAL
2019-08-27 03:00:00,5313,100.0,futur,0,0.0,0.4425083662877559,266.9023415633083,4,1,0,0,0.810751402556792,36.15218792384075,2,1,1,1,0.810751402556792,1,0,0,1,1,MIXTE,3,HIERARCHICAL
2019-08-27 21:45:00,5313,100.0,futur,0,17.2,0.30396032266990824,281.58872446347243,4,1,1,1,0.014476143165616916,40.15628865136094,0,0,0,0,0.30396032266990824,1,0,1,1,1,SEQUENCE,3,HIERARCHICAL
2019-08-29 18:15:00,5313,100.0,futur,0,34.7,0.20727734029354272,314.5387790061861,2,1,0,0,0.8317983179211993,34.13701734425403,3,1,1,1,0.8317983179211993,1,0,0,1,1,MIXTE,3,HIERARCHICAL
2019-08-30 08:15:00,5313,100.0,futur,0,30.2,0.20589876489494688,323.1993288425859,3,1,0,0,0.27536762755315125,36.95022097325902,2,1,1,1,0.27536762755315125,1,0,0,1,1,MIXTE,3,HIERARCHICAL
2019-08-31 03:00:00,5313,100.0,futur,0,20.2,0.24216284105210203,325.73367359833424,4,1,1,1,0.17648077315825794,36.03904143789548,1,0,0,0,0.24216284105210203,1,0,1,1,1,SEQUENCE,3,HIERARCHICAL
2019-08-31 17:15:00,5313,100.0,futur,0,28.5,0.6251775429785142,348.9302906612048,4,1,0,0,0.23306832424481982,34.281786897349676,3,1,1,1,0.6251775429785142,1,0,0,1,1,MIXTE,3,HIERARCHICAL
2019-09-03 11:15:00,5313,100.0,futur,0,39.3,0.3960347075930346,379.6439760838306,4,1,1,1,0.15912893700787406,21.566822217409115,2,0,0,0,0.3960347075930346,1,0,1,1,1,SEQUENCE,3,HIERARCHICAL
2019-09-04 02:30:00,5313,100.0,futur,0,18.7,0.595320965861697,415.5103557430249,4,1,0,0,0.860142118863049,21.34457205251,2,1,1,1,0.860142118863049,1,0,0,1,1,MIXTE,3,HIERARCHICAL
2019-09-05 09:45:00,5313,100.0,futur,0,26.8,0.0917065114104285,445.7551949209481,1,1,0,0,0.8855322695879971,19.12744605693588,3,1,1,1,0.8855322695879971,1,0,0,1,1,MIXTE,3,HIERARCHICAL
2019-09-05 21:00:00,5313,100.0,futur,0,26.2,0.37017460527726204,446.38011189622097,4,1,1,1,0.05298345916671105,18.477599278460584,0,0,0,0,0.37017460527726204,1,0,1,1,0,SEQUENCE,3,HIERARCHICAL
2019-09-06 05:00:00,5313,100.0,futur,0,10.7,0.18690988811237513,451.15342880719413,3,1,0,0,0.6162607711056096,18.791160894716082,2,1,1,1,0.6162607711056096,1,0,0,1,1,MIXTE,3,HIERARCHICAL
2019-06-20 23:45:00,5322,100.0,baseline,1,37.6,0.1633840411585355,0.0,2,0,0,0,0.04087818696883846,0.0,1,0,0,0,0.1633840411585355,0,0,0,0,0,AUCUN,0,HIERARCHICAL
2019-07-03 00:15:00,5322,100.0,baseline,1,48.0,0.17253147364571905,0.0,1,0,0,0,0.0,0.0,0,0,0,0,0.17253147364571905,0,0,0,0,0,AUCUN,0,HIERARCHICAL
2019-07-28 04:30:00,5322,100.0,futur,0,25.3,0.2786456353398704,0.975551750209849,4,0,0,0,0.9314814814814814,1.9495203452634322,3,1,1,1,0.9314814814814814,0,1,0,0,0,INSTABILITE,1,HIERARCHICAL
2019-07-28 06:00:00,5322,100.0,futur,0,40.2,0.22819927811162605,2.565470930589785,3,1,1,1,0.8002384737678856,6.091111714419894,2,1,0,0,0.8002384737678856,1,0,1,1,1,SEQUENCE,3,HIERARCHICAL
2019-07-29 16:45:00,5322,100.0,futur,0,29.8,0.008356545961002793,15.51656326763846,0,0,0,0,0.743790936561699,2.9548884347086197,4,1,1,1,0.743790936561699,0,1,0,0,0,INSTABILITE,1,HIERARCHICAL
2019-07-31 05:15:00,5322,100.0,futur,0,33.1,0.12350612126408445,5.515249816390143,3,0,0,0,0.8549432120245516,1.9889659671323856,4,1,1,1,0.8549432120245516,0,1,0,0,0,INSTABILITE,1,HIERARCHICAL
2019-07-31 07:45:00,5322,100.0,futur,0,40.1,0.15826899611065448,7.8657002319923865,3,1,1,1,0.187665564991842,4.400635898903013,1,1,0,0,0.187665564991842,1,0,1,1,1,SEQUENCE,3,HIERARCHICAL
2019-08-01 04:00:00,5322,100.0,futur,0,21.6,0.2670019871207444,28.167534258159773,4,1,0,0,0.39535379369138945,1.3932050852725566,2,1,1,1,0.39535379369138945,1,0,0,1,1,MIXTE,3,HIERARCHICAL
2019-08-01 21:15:00,5322,100.0,futur,0,33.0,0.11969385833276211,26.18188772213524,2,0,0,0,0.2433485841786082,14.370806771014454,2,1,1,1,0.2433485841786082,0,1,0,0,0,INSTABILITE,1,HIERARCHICAL
2019-08-02 00:30:00,5322,100.0,futur,0,29.3,0.21198620017190206,28.985923679429497,3,1,1,1,0.011838235294117682,13.590806771014448,0,0,0,0,0.21198620017190206,1,0,1,1,1,SEQUENCE,3,HIERARCHICAL
2019-08-03 03:45:00,5322,100.0,futur,0,25.4,0.13603368488587597,60.76124498719747,2,1,0,0,0.4505215086127061,10.82222656553942,4,1,1,1,0.4505215086127061,1,0,0,1,1,MIXTE,3,HIERARCHICAL
2019-08-03 07:15:00,5322,100.0,futur,0,27.5,0.1469745228406819,61.36555110168904,3,1,1,1,0.11510766768514472,12.870579203255145,1,0,0,0,0.1469745228406819,1,0,1,1,0,SEQUENCE,3,HIERARCHICAL
2019-08-04 08:15:00,5322,100.0,futur,0,0.4,0.199254303405376,63.15321695451233,4,1,1,1,0.055820512820512744,6.8705792032551125,0,0,0,0,0.199254303405376,1,0,1,1,1,SEQUENCE,3,HIERARCHICAL
2019-08-05 01:15:00,5322,100.0,futur,0,34.9,0.31555044849759817,75.94444386067207,4,1,0,0,0.6720066518847005,6.1283805716062005,2,1,1,1,0.6720066518847005,1,0,0,1,1,MIXTE,3,HIERARCHICAL
2019-08-06 02:30:00,5322,100.0,futur,0,16.8,0.12941176470588234,74.7107467715881,1,0,0,0,0.4122211434735706,2.2620420477371184,2,1,1,1,0.4122211434735706,0,1,0,0,0,INSTABILITE,1,HIERARCHICAL
2019-08-06 22:30:00,5322,100.0,futur,1,49.2,0.14875680609718725,69.782907981153,2,0,0,0,0.0,1.307852796659013,0,0,0,0,0.14875680609718725,0,0,0,0,0,AUCUN,0,HIERARCHICAL
2019-08-07 06:00:00,5322,100.0,futur,0,22.7,0.242536388376012,70.87254560167247,3,0,0,0,0.19009038901601827,0.8160637516208464,2,1,1,1,0.242536388376012,0,1,0,0,0,INSTABILITE,1,HIERARCHICAL
2019-08-07 06:30:00,5322,100.0,futur,0,18.8,0.2498912654632807,71.04619126362724,3,1,1,1,0.03289676425269645,0.6960637516208463,0,0,0,0,0.2498912654632807,1,0,1,1,1,SEQUENCE,3,HIERARCHICAL
2019-08-07 22:15:00,5322,100.0,futur,0,23.0,0.1798489976568602,86.40212063141703,2,1,0,0,0.3055920532067423,0.8281081818592229,2,1,1,1,0.3055920532067423,1,0,0,1,1,MIXTE,3,HIERARCHICAL
2019-08-08 19:15:00,5322,100.0,futur,1,46.8,0.09863936852900473,80.86969011950517,2,0,0,0,0.20000541528464094,0.5924583959379981,2,0,0,0,0.20000541528464094,0,0,0,0,0,AUCUN,0,HIERARCHICAL
2019-08-09 23:00:00,5322,100.0,futur,0,36.3,0.005046500123643461,73.09969011950592,0,0,0,0,0.4208672446188144,1.3792560434587837,3,1,1,1,0.4208672446188144,0,1,0,0,0,INSTABILITE,1,HIERARCHICAL
2019-08-10 11:00:00,5322,100.0,futur,0,10.0,0.24058879923159254,74.40417196398424,3,1,1,1,0.036684626436781526,0.5687169701103802,0,0,0,0,0.24058879923159254,1,0,1,1,1,SEQUENCE,3,HIERARCHICAL
2019-08-11 03:45:00,5322,100.0,futur,0,4.4,0.0740771026206653,83.14030940932324,1,0,0,0,0.6868794326241134,2.7996747520247394,3,1,1,1,0.6868794326241134,0,1,0,0,0,INSTABILITE,1,HIERARCHICAL
2019-08-12 06:15:00,5322,100.0,futur,0,39.4,0.17316578039852926,78.60017872934574,3,1,1,1,0.02003042233357196,0.0,0,0,0,0,0.17316578039852926,1,0,1,1,1,SEQUENCE,3,HIERARCHICAL
2019-08-12 23:30:00,5322,100.0,futur,1,37.0,0.013091561626391935,74.42028663153076,1,0,0,0,0.07385402002865422,0.0,1,0,0,0,0.07385402002865422,0,0,0,0,0,AUCUN,0,HIERARCHICAL
2019-08-13 05:00:00,5322,100.0,futur,0,34.8,0.04196521227133204,72.88028663153091,1,0,0,0,0.6786833855799371,1.4887635137850657,3,1,1,1,0.6786833855799371,0,1,0,0,0,INSTABILITE,1,HIERARCHICAL
2019-08-13 12:00:00,5322,100.0,futur,0,38.8,0.1450827416965797,73.88311803828915,3,1,1,1,0.0,0.0,0,0,0,0,0.1450827416965797,1,0,1,1,1,SEQUENCE,3,HIERARCHICAL
2019-08-15 00:45:00,5322,100.0,futur,0,28.1,0.10438343559018362,66.84940670375525,3,0,0,0,0.20377724690502236,0.719185091279354,2,1,1,1,0.20377724690502236,0,1,0,0,0,INSTABILITE,1,HIERARCHICAL
2019-08-15 03:45:00,5322,100.0,futur,0,39.5,0.1502384910591807,68.11891975908634,3,1,1,1,0.05120759056929278,4.052682359072333,0,1,0,0,0.1502384910591807,1,0,1,1,1,SEQUENCE,3,HIERARCHICAL
2019-08-15 22:30:00,5322,100.0,futur,1,47.3,0.006347700703752734,70.96706855347531,0,0,0,0,0.4931652661064425,0.0,2,0,0,0,0.4931652661064425,0,0,0,0,0,AUCUN,0,HIERARCHICAL
2019-08-17 03:30:00,5322,100.0,futur,0,24.4,0.18665621331614438,65.91868960321557,3,1,1,1,0.3994285714285714,0.0,1,0,0,0,0.3994285714285714,1,0,1,1,1,SEQUENCE,3,HIERARCHICAL
2019-08-19 04:15:00,5322,100.0,futur,0,13.4,0.1318599624057946,81.89809963780299,2,0,0,0,0.5476923076923078,1.7262181242879486,2,1,1,1,0.5476923076923078,0,1,0,0,0,INSTABILITE,1,HIERARCHICAL
2019-08-19 10:15:00,5322,100.0,futur,0,23.0,0.19551771618776884,82.8817989922012,3,1,1,1,0.015018656716417866,1.0512181242879475,0,0,0,0,0.19551771618776884,1,0,1,1,1,SEQUENCE,3,HIERARCHICAL
2019-08-20 01:30:00,5322,100.0,futur,0,22.3,0.23243570293582486,82.01418919819758,4,1,1,0,0.0,0.0,0,0,0,0,0.23243570293582486,1,0,1,1,1,SEQUENCE,3,HIERARCHICAL
2019-08-21 11:30:00,5322,100.0,futur,0,15.4,0.24616615647684184,96.02639441259399,4,1,1,1,0.017147567147567076,0.0,0,0,0,0,0.24616615647684184,1,0,1,1,1,SEQUENCE,3,HIERARCHICAL
2019-08-29 12:30:00,5322,100.0,futur,0,24.8,0.4987111714420195,58.52461049484125,4,1,1,1,0.7561733395047443,0.0,2,0,0,0,0.7561733395047443,1,0,0,1,1,HYPO,2,HIERARCHICAL
2019-08-29 21:00:00,5322,100.0,futur,0,25.4,0.11354985754985757,65.32595759708795,1,1,0,0,0.8378368446043308,3.1693682978669973,4,1,1,1,0.8378368446043308,1,0,0,1,0,MIXTE,3,HIERARCHICAL
2019-08-30 11:00:00,5322,100.0,futur,0,31.4,0.12144605301364751,61.40595759708806,1,0,0,0,0.43802392578125005,9.747021175114723,3,1,1,1,0.43802392578125005,0,1,0,0,0,INSTABILITE,1,HIERARCHICAL
2019-08-30 22:15:00,5322,100.0,futur,1,38.5,0.0051282051282051325,58.25595759708805,0,0,0,0,0.04480345750154349,14.065378618468078,0,0,0,0,0.04480345750154349,0,0,0,0,0,AUCUN,0,HIERARCHICAL
2019-08-31 13:45:00,5322,100.0,futur,0,29.4,0.25815810565780073,56.55871997572194,3,1,1,1,0.7504536650015291,11.177671252636513,2,0,0,0,0.7504536650015291,1,0,1,1,1,SEQUENCE,3,HIERARCHICAL
2019-08-31 18:45:00,5322,100.0,futur,0,33.0,0.37009844298172956,62.5718130742306,3,1,0,0,0.9440769398430688,13.537809570199355,3,1,1,1,0.9440769398430688,1,0,0,1,0,MIXTE,3,HIERARCHICAL
2019-09-01 10:45:00,5322,100.0,futur,0,28.9,0.13034956383444674,67.46440231523958,3,1,1,0,0.4895474667978356,19.48554122797122,2,0,0,0,0.4895474667978356,1,0,1,1,1,SEQUENCE,3,HIERARCHICAL
2019-09-01 17:00:00,5322,100.0,futur,0,19.6,0.2329522311679687,70.54999075142855,3,1,1,1,0.03072472998434311,18.73798127097815,0,0,0,0,0.2329522311679687,1,0,1,1,0,SEQUENCE,3,HIERARCHICAL
2019-09-02 02:45:00,5322,100.0,futur,0,27.2,0.4103184235364185,88.69272260120911,4,1,0,0,0.9562499999999998,18.790210524048558,2,1,1,1,0.9562499999999998,1,0,0,1,1,MIXTE,3,HIERARCHICAL
2019-09-03 04:30:00,5322,100.0,futur,0,28.7,0.21006174505068573,92.28308837916224,4,1,1,1,0.0,20.48415066761115,0,0,0,0,0.21006174505068573,1,0,1,1,1,SEQUENCE,3,HIERARCHICAL
2019-09-03 10:00:00,5322,100.0,futur,0,6.7,0.23439773685529958,96.24733120982444,3,1,0,0,0.2728031169955829,20.4177946725404,3,1,1,1,0.2728031169955829,1,0,0,1,0,MIXTE,3,HIERARCHICAL
2019-09-04 04:45:00,5322,100.0,futur,0,24.4,0.14134085479721006,103.02820472473785,2,0,0,0,0.390625,18.553466161781476,2,1,1,1,0.390625,0,1,0,0,0,INSTABILITE,1,HIERARCHICAL
2019-09-05 18:00:00,5322,100.0,futur,0,44.4,0.019254983186898566,94.78651814670874,1,0,0,0,0.8069605605145912,17.949557646269326,4,1,1,1,0.8069605605145912,0,1,0,0,0,INSTABILITE,1,HIERARCHICAL
2019-06-08 14:30:00,5330,100.0,baseline,1,49.5,0.2671427515690412,0.0,3,0,0,0,0.8439189189189189,0.0,3,0,0,0,0.8439189189189189,0,0,0,0,0,AUCUN,0,HIERARCHICAL
2019-07-08 16:00:00,5330,100.0,baseline,1,46.6,0.20048299531782815,0.0,2,0,0,0,0.050814516129032254,0.0,0,0,0,0,0.20048299531782815,0,0,0,0,0,AUCUN,0,HIERARCHICAL
2019-07-11 07:00:00,5330,100.0,baseline,1,52.4,0.2941427911463972,0.0,4,0,0,0,0.030455362078496428,0.0,0,0,0,0,0.2941427911463972,0,0,0,0,0,AUCUN,0,HIERARCHICAL
2019-08-03 04:30:00,5330,100.0,futur,0,13.6,0.20756482124968995,1.02563843616072,3,0,0,0,0.9749999999999999,3.599999999999999,2,1,1,1,0.9749999999999999,0,1,0,0,0,INSTABILITE,1,HIERARCHICAL
2019-08-03 05:45:00,5330,100.0,futur,0,30.2,0.24930748539294534,2.2216371876202934,3,1,1,1,1.0,8.778997093023255,3,1,0,0,1.0,1,0,1,1,1,SEQUENCE,3,HIERARCHICAL
2019-08-03 12:15:00,5330,100.0,futur,1,45.2,0.26995774708288056,6.715854334888483,4,1,0,0,0.0,18.30708165192767,0,0,0,0,0.26995774708288056,1,0,0,0,0,HYPO,2,HIERARCHICAL
2019-08-04 06:30:00,5330,100.0,futur,0,30.9,0.3703933427418543,17.373795010410625,3,0,0,0,0.9880434782608695,63.7767555980116,2,1,1,1,0.9880434782608695,0,1,0,0,0,INSTABILITE,1,HIERARCHICAL
2019-08-04 08:30:00,5330,100.0,futur,0,16.1,0.4563125928198077,22.31812515672819,3,1,1,1,0.9749999999999999,71.24899440398171,2,1,0,0,0.9749999999999999,1,0,1,1,1,SEQUENCE,3,HIERARCHICAL
2019-08-04 19:15:00,5330,100.0,futur,0,25.8,0.5188758044013214,39.542131506660326,3,1,0,0,1.0,106.0204456368278,3,1,1,1,1.0,1,0,0,1,0,MIXTE,3,HIERARCHICAL
2019-08-05 10:30:00,5330,100.0,futur,0,14.2,0.4250420157291729,59.045807117652956,3,1,0,0,1.0,126.18658434931456,3,1,1,1,1.0,1,0,0,1,1,MIXTE,3,HIERARCHICAL
2019-08-06 19:15:00,5330,100.0,futur,0,31.3,0.0,53.3621226045425,0,0,0,0,0.2716112531969309,135.8470418122229,2,1,1,1,0.2716112531969309,0,1,0,0,0,INSTABILITE,1,HIERARCHICAL
2019-08-07 04:15:00,5330,100.0,futur,0,15.5,0.33882197731035324,56.37729085471265,4,1,1,1,0.0,139.17940777784656,0,0,0,0,0.33882197731035324,1,0,1,1,1,SEQUENCE,3,HIERARCHICAL
2019-08-08 15:00:00,5330,100.0,futur,0,32.0,0.10026954177897576,60.42853439819666,1,0,0,0,0.3160116077792485,136.3166998528597,2,1,1,1,0.3160116077792485,0,1,0,0,0,INSTABILITE,1,HIERARCHICAL
2019-08-08 19:00:00,5330,100.0,futur,0,33.5,0.40974389020417934,64.63965164633386,4,1,1,1,0.045746737554374105,139.65907605845203,1,0,0,0,0.40974389020417934,1,0,1,1,1,SEQUENCE,3,HIERARCHICAL
2019-08-10 01:15:00,5330,100.0,futur,0,13.1,0.2689525448031539,102.42961695929716,4,1,1,1,0.0,134.36770932853096,0,0,0,0,0.2689525448031539,1,0,1,1,1,SEQUENCE,3,HIERARCHICAL
2019-08-10 02:45:00,5330,100.0,futur,0,12.1,0.24559044031657845,103.52728438548087,4,1,0,0,0.9749999999999999,137.83876993459154,2,1,1,1,0.9749999999999999,1,0,0,1,0,MIXTE,3,HIERARCHICAL
2019-08-11 01:00:00,5330,100.0,futur,0,11.3,0.35593022988048056,143.41347910675333,3,1,0,0,0.9749999999999999,143.17402469006333,2,1,1,1,0.9749999999999999,1,0,0,1,1,MIXTE,3,HIERARCHICAL
2019-08-13 00:00:00,5330,100.0,futur,0,12.7,0.39662278183690536,191.34586231497613,4,1,1,1,0.3713594428364688,137.91457232748888,2,0,0,0,0.39662278183690536,1,0,1,1,1,SEQUENCE,3,HIERARCHICAL
2019-08-13 00:45:00,5330,100.0,futur,0,11.0,0.4759688772409936,192.68214621966774,4,1,0,0,0.3575632582871724,138.64490847905347,2,1,1,1,0.4759688772409936,1,0,0,1,0,MIXTE,3,HIERARCHICAL
2019-08-13 20:45:00,5330,100.0,futur,0,17.5,0.3105964855598268,212.58158098133075,2,0,0,0,0.32887609811372115,137.08628434364283,2,1,1,1,0.32887609811372115,0,1,0,0,0,INSTABILITE,1,HIERARCHICAL
2019-08-13 23:00:00,5330,100.0,futur,0,25.9,0.354503428441906,214.3885942219284,4,1,1,0,0.06906226696495152,137.0793739172445,0,0,0,0,0.354503428441906,1,0,1,1,1,SEQUENCE,3,HIERARCHICAL
2019-08-15 02:00:00,5330,100.0,futur,0,10.7,0.4800980868879616,255.1579807946684,4,1,0,0,0.5999999999999999,138.2149080443561,2,1,1,1,0.5999999999999999,1,0,0,1,1,MIXTE,3,HIERARCHICAL
2019-08-16 03:30:00,5330,100.0,futur,0,0.8,0.4077034120129913,288.00164281105845,4,1,0,0,0.5999999999999999,134.81774960957028,2,1,1,1,0.5999999999999999,1,0,0,1,1,MIXTE,3,HIERARCHICAL
2019-08-17 06:00:00,5330,100.0,futur,0,10.6,0.16630311074055515,299.2801970123038,1,0,0,0,0.9854545454545454,182.18916608802874,3,1,1,1,0.9854545454545454,0,1,0,0,0,INSTABILITE,1,HIERARCHICAL
2019-08-18 03:00:00,5330,100.0,futur,0,26.5,0.23124215077118332,296.73780538064824,3,1,1,1,0.27433779418550996,198.0732474440774,3,0,0,0,0.27433779418550996,1,0,1,1,1,SEQUENCE,3,HIERARCHICAL
2019-08-18 05:45:00,5330,100.0,futur,0,22.6,0.4198662347244283,299.70136112535215,4,1,0,0,1.0,201.50964591151032,3,1,1,1,1.0,1,0,0,1,0,MIXTE,3,HIERARCHICAL
2019-08-20 07:30:00,5330,100.0,futur,0,12.0,0.3308958772455285,313.9746207617314,4,1,1,1,0.0,248.72132427854476,0,0,0,0,0.3308958772455285,1,0,1,1,1,SEQUENCE,3,HIERARCHICAL
2019-08-20 23:45:00,5330,100.0,futur,0,16.6,0.14107993382502138,317.2502946424982,4,1,1,0,0.39085714285714285,245.45706644240107,2,0,0,0,0.39085714285714285,1,0,1,1,1,SEQUENCE,3,HIERARCHICAL
2019-08-21 06:15:00,5330,100.0,futur,0,29.2,0.10336547735918077,317.0645689625006,2,0,0,0,1.0,248.43592059075144,3,1,1,1,1.0,0,1,0,0,0,INSTABILITE,1,HIERARCHICAL
2019-08-21 20:00:00,5330,100.0,futur,0,24.4,0.03172205438066465,313.21456896250095,1,0,0,0,0.9754839154374498,281.5573112663216,3,1,1,1,0.9754839154374498,0,1,0,0,0,INSTABILITE,1,HIERARCHICAL
2019-08-22 10:45:00,5330,100.0,futur,0,24.7,0.21825110045464452,315.7225283928106,4,1,1,1,0.0,309.947967967925,0,0,0,0,0.21825110045464452,1,0,1,1,1,SEQUENCE,3,HIERARCHICAL
2019-08-22 13:30:00,5330,100.0,futur,0,19.1,0.29829740508016717,320.08038612176244,3,1,0,0,1.0,312.2572182756778,3,1,1,1,1.0,1,0,0,1,0,MIXTE,3,HIERARCHICAL
2019-08-23 19:30:00,5330,100.0,futur,0,29.5,0.44940784115021637,366.3116708824443,3,1,0,0,0.4652418679194129,309.66338454697876,3,1,1,1,0.4652418679194129,1,0,0,1,1,MIXTE,3,HIERARCHICAL
2019-08-24 08:30:00,5330,100.0,futur,0,2.7,0.25454670749179764,369.3615279200119,3,1,1,1,0.3054545454545454,314.4480089417149,3,1,0,0,0.3054545454545454,1,0,1,1,1,SEQUENCE,3,HIERARCHICAL
2019-08-25 01:15:00,5330,100.0,futur,0,15.8,0.17060438990410978,383.6414810878201,2,0,0,0,0.6499999999999999,313.8259670031095,2,1,1,1,0.6499999999999999,0,1,0,0,0,INSTABILITE,1,HIERARCHICAL
2019-08-25 04:45:00,5330,100.0,futur,0,10.1,0.32746542913683546,385.5420785205447,4,1,1,0,0.0,324.3896122384714,0,1,0,0,0.32746542913683546,1,0,1,1,1,SEQUENCE,3,HIERARCHICAL
2019-08-26 00:30:00,5330,100.0,futur,0,15.4,0.2480600409597034,409.70438490329406,2,0,0,0,0.6599999999999999,322.43788526978767,3,1,1,1,0.6599999999999999,0,1,0,0,0,INSTABILITE,1,HIERARCHICAL
2019-08-26 02:45:00,5330,100.0,futur,0,12.9,0.21428301834147523,411.07175781627586,3,1,1,1,0.0,323.16785827923434,0,0,0,0,0.21428301834147523,1,0,1,1,1,SEQUENCE,3,HIERARCHICAL
2019-08-26 22:15:00,5330,100.0,futur,0,15.3,0.23562557604412226,418.50149669700573,4,0,0,0,0.5996938775510203,321.64470209429186,2,1,1,1,0.5996938775510203,0,1,0,0,0,INSTABILITE,1,HIERARCHICAL
2019-08-27 00:30:00,5330,100.0,futur,0,18.2,0.25396179058977575,420.1790383678883,4,1,1,0,0.0,322.7839717816667,0,0,0,0,0.25396179058977575,1,0,1,1,1,SEQUENCE,3,HIERARCHICAL
2019-08-28 05:45:00,5330,100.0,futur,0,4.8,0.34622938276493176,456.2937668170454,3,1,0,0,0.27429900831063614,316.6162673562976,2,1,1,1,0.34622938276493176,1,0,0,1,1,MIXTE,3,HIERARCHICAL
2019-08-28 19:15:00,5330,100.0,futur,0,18.5,0.31680052540528425,465.45506115255415,3,1,1,1,0.00371157210697326,313.55854983311076,0,0,0,0,0.31680052540528425,1,0,1,1,1,SEQUENCE,3,HIERARCHICAL
2019-08-29 07:15:00,5330,100.0,futur,0,7.2,0.34257634113570046,477.2400137900503,4,1,0,0,0.2863516746411483,312.53495609409174,2,1,1,1,0.34257634113570046,1,0,0,1,0,MIXTE,3,HIERARCHICAL
2019-08-30 17:15:00,5330,100.0,futur,0,25.7,0.16240054354535982,524.5029989342837,2,0,0,0,0.5903333333333333,314.09370191543115,2,1,1,1,0.5903333333333333,0,1,0,0,0,INSTABILITE,1,HIERARCHICAL
2019-08-30 23:45:00,5330,100.0,futur,0,12.2,0.5916351005851194,526.8651162264248,4,1,1,1,0.8194444444444443,316.4733067133863,2,1,1,0,0.8194444444444443,1,0,1,1,1,SEQUENCE,3,HIERARCHICAL
2019-08-31 22:15:00,5330,100.0,futur,0,11.3,0.5120902988578637,574.4963202087281,4,1,0,0,0.232716875022505,327.9086768373709,2,1,1,1,0.5120902988578637,1,0,0,1,1,MIXTE,3,HIERARCHICAL
2019-09-03 02:15:00,5330,100.0,futur,0,26.3,0.1758358985453194,632.7561370373961,3,0,0,0,0.6749999999999999,321.21262271851265,2,1,1,1,0.6749999999999999,0,1,0,0,0,INSTABILITE,1,HIERARCHICAL
2019-09-03 05:00:00,5330,100.0,futur,0,19.7,0.2072540954350523,633.5360056526143,4,1,1,1,0.397,321.1901227185126,2,0,0,0,0.397,1,0,1,1,1,SEQUENCE,3,HIERARCHICAL
2019-09-04 22:15:00,5330,100.0,futur,0,21.5,0.43389011005984224,681.3022660897336,4,1,0,0,0.7870408163265306,316.56746732720507,2,1,1,1,0.7870408163265306,1,0,0,1,1,MIXTE,3,HIERARCHICAL
2019-09-06 04:45:00,5330,100.0,futur,0,0.8,0.4410342328689555,733.6994589120878,4,1,0,0,0.6865384615384614,320.41176374791246,2,1,1,1,0.6865384615384614,1,0,0,1,1,MIXTE,3,HIERARCHICAL
2019-06-28 15:00:00,5854,100.0,baseline,1,54.6,0.12513113664491377,0.0,1,0,0,0,0.37337206104816434,0.0,2,0,0,0,0.37337206104816434,0,0,0,0,0,AUCUN,0,HIERARCHICAL
2019-07-05 16:15:00,5854,100.0,baseline,1,50.8,0.08405863933017152,0.0,2,0,0,0,0.0405442897497982,0.0,0,0,0,0,0.08405863933017152,0,0,0,0,0,AUCUN,0,HIERARCHICAL
2019-07-15 16:15:00,5854,100.0,baseline,1,50.2,0.0,0.0,0,0,0,0,0.04652107949521742,0.0,1,0,0,0,0.04652107949521742,0,0,0,0,0,AUCUN,0,HIERARCHICAL
2019-07-17 16:30:00,5854,100.0,baseline,1,56.7,0.33798101720971646,0.0,4,0,0,0,0.0,0.0,0,0,0,0,0.33798101720971646,0,0,0,0,0,AUCUN,0,HIERARCHICAL
2019-07-19 16:45:00,5854,100.0,baseline,1,48.7,0.0015636918382913923,0.0,0,0,0,0,0.04884955752212391,0.0,1,0,0,0,0.04884955752212391,0,0,0,0,0,AUCUN,0,HIERARCHICAL
2019-07-22 16:45:00,5854,100.0,baseline,1,44.9,0.0,0.0,0,0,0,0,0.3394520547945205,0.0,2,0,0,0,0.3394520547945205,0,0,0,0,0,AUCUN,0,HIERARCHICAL
2019-08-06 16:00:00,5854,100.0,futur,0,24.2,0.13776021912081146,0.16941186463227842,3,0,0,0,0.49186106126634194,1.3885158227288275,3,1,1,1,0.49186106126634194,0,1,0,0,0,INSTABILITE,1,HIERARCHICAL
2019-08-07 12:00:00,5854,100.0,futur,0,24.7,0.25266970494566887,4.05537492394929,3,1,1,1,0.0,0.0,0,0,0,0,0.25266970494566887,1,0,1,1,1,SEQUENCE,3,HIERARCHICAL
2019-08-08 05:15:00,5854,100.0,futur,0,11.1,0.27637864860940176,14.631600945739502,4,1,0,0,0.4181318681318681,0.8816317977687944,2,1,1,1,0.4181318681318681,1,0,0,1,1,MIXTE,3,HIERARCHICAL
2019-08-09 02:45:00,5854,100.0,futur,0,1.2,0.2511113107087925,17.716563689911045,4,1,1,1,0.25399999999999995,5.312930210452925,2,0,0,0,0.25399999999999995,1,0,1,1,1,SEQUENCE,3,HIERARCHICAL
2019-08-09 03:00:00,5854,100.0,futur,0,0.4,0.21683566724024314,17.939830599053163,4,1,0,0,0.27700854700854693,5.529938757461473,2,1,1,1,0.27700854700854693,1,0,0,1,0,MIXTE,3,HIERARCHICAL
2019-08-09 19:15:00,5854,100.0,futur,0,19.6,0.17581698042510022,32.12259461877232,3,1,0,0,0.4986956413138503,8.309475984585248,4,1,1,1,0.4986956413138503,1,0,0,1,1,MIXTE,3,HIERARCHICAL
2019-08-10 23:00:00,5854,100.0,futur,0,15.3,0.45894401432617554,68.83897961889058,4,1,0,0,0.2738685344827586,10.518990219643598,2,1,1,1,0.45894401432617554,1,0,0,1,1,MIXTE,3,HIERARCHICAL
2019-08-12 15:30:00,5854,100.0,futur,0,29.5,0.14955548917249772,114.7028469685521,3,1,1,1,0.0,8.58987247142029,0,0,0,0,0.14955548917249772,1,0,1,1,1,SEQUENCE,3,HIERARCHICAL
2019-08-13 22:30:00,5854,100.0,futur,0,22.1,0.2618946777578794,139.1771586346728,4,1,0,0,0.4389360730593607,3.356553720621373,2,1,1,1,0.4389360730593607,1,0,0,1,1,MIXTE,3,HIERARCHICAL
2019-08-14 16:30:00,5854,100.0,futur,0,19.8,0.20209090594147702,148.87456621409672,3,1,1,1,0.0,5.05141190622325,0,0,0,0,0.20209090594147702,1,0,1,1,1,SEQUENCE,3,HIERARCHICAL
2019-08-16 14:45:00,5854,100.0,futur,0,25.3,0.06099625996024579,178.12638055254655,1,0,0,0,0.9164196450482235,3.0392100123690957,3,1,1,1,0.9164196450482235,0,1,0,0,0,INSTABILITE,1,HIERARCHICAL
2019-08-17 12:00:00,5854,100.0,futur,0,24.9,0.37666805338386916,177.58535728393426,3,1,1,1,0.5651423065520308,7.497027212121016,2,0,0,0,0.5651423065520308,1,0,1,1,1,SEQUENCE,3,HIERARCHICAL
2019-08-18 09:15:00,5854,100.0,futur,0,2.3,0.3324212123173948,198.42082413479233,4,1,1,0,0.1037500441732936,4.453707961219827,1,0,0,0,0.3324212123173948,1,0,1,1,1,SEQUENCE,3,HIERARCHICAL
2019-08-20 01:15:00,5854,100.0,futur,0,31.2,0.1920711809154795,218.97414092947068,4,1,1,1,0.7041352438411261,0.1979358974358974,2,0,0,0,0.7041352438411261,1,0,1,1,1,SEQUENCE,3,HIERARCHICAL
2019-08-20 04:45:00,5854,100.0,futur,0,11.1,0.14600459580664094,221.0489650996512,3,1,0,0,0.5893210749646391,2.3723870962449456,2,1,1,1,0.5893210749646391,1,0,0,1,0,MIXTE,3,HIERARCHICAL
2019-08-21 08:45:00,5854,100.0,futur,0,17.9,0.20665053972737735,228.06226273485476,3,1,1,1,0.28496240601503764,0.0,2,0,0,0,0.28496240601503764,1,0,1,1,1,SEQUENCE,3,HIERARCHICAL
2019-08-22 01:00:00,5854,100.0,futur,0,15.6,0.05761920891479281,251.77935897188698,0,1,0,0,0.9132339823918771,3.383399595824609,4,1,1,1,0.9132339823918771,1,0,0,1,1,MIXTE,3,HIERARCHICAL
2019-08-22 14:45:00,5854,100.0,futur,0,45.1,0.11197320020949432,248.32724506248144,3,0,0,0,0.6425716443482238,3.0503260314140306,4,1,1,1,0.6425716443482238,0,1,0,0,0,INSTABILITE,1,HIERARCHICAL
2019-08-23 00:15:00,5854,100.0,futur,0,16.4,0.2580087385804018,248.54215077786688,3,1,1,1,0.8083333333333332,33.8235353329893,2,1,0,0,0.8083333333333332,1,0,1,1,1,SEQUENCE,3,HIERARCHICAL
2019-08-23 10:15:00,5854,100.0,futur,0,57.7,0.10841241053240921,258.287774169224,2,1,0,0,0.8375531147508528,34.861360881940065,3,1,1,1,0.8375531147508528,1,0,0,1,0,MIXTE,3,HIERARCHICAL
2019-08-24 02:15:00,5854,100.0,futur,0,12.1,0.21614376799960966,258.534685327899,4,0,0,0,0.7416666666666665,35.96701705367194,3,1,1,1,0.7416666666666665,0,1,0,0,0,INSTABILITE,1,HIERARCHICAL
2019-08-24 03:15:00,5854,100.0,futur,0,10.0,0.25992926262550237,259.4737384155975,4,1,1,1,0.9749999999999999,39.80588879169001,2,1,0,0,0.9749999999999999,1,0,1,1,1,SEQUENCE,3,HIERARCHICAL
2019-08-26 03:45:00,5854,100.0,futur,0,13.9,0.2790358010656716,340.06591104152585,4,1,0,0,0.34969635627530365,33.72607871305077,3,1,1,1,0.34969635627530365,1,0,0,1,1,MIXTE,3,HIERARCHICAL
2019-08-27 00:15:00,5854,100.0,futur,0,11.1,0.09359532975168153,362.10322615426946,1,1,0,0,0.82904,31.920380591090428,3,1,1,1,0.82904,1,0,0,1,1,MIXTE,3,HIERARCHICAL
2019-08-27 08:00:00,5854,100.0,futur,0,2.9,0.14705363021684195,361.60519689435404,3,1,1,1,0.39597992539005333,35.48524637965553,2,0,0,0,0.39597992539005333,1,0,1,1,0,SEQUENCE,3,HIERARCHICAL
2019-08-28 17:00:00,5854,100.0,futur,0,33.1,0.40449091013029,404.5886651314455,3,1,0,0,0.883846051397458,31.394789930925572,4,1,1,1,0.883846051397458,1,0,0,1,1,MIXTE,3,HIERARCHICAL
2019-08-29 11:00:00,5854,100.0,futur,0,15.1,0.48045406161272,407.9613797062959,4,1,1,1,0.04722530521642619,28.640336543705438,1,0,0,0,0.48045406161272,1,0,1,1,1,SEQUENCE,3,HIERARCHICAL
2019-08-30 06:00:00,5854,100.0,futur,0,16.9,0.2222775402555081,438.7178278371213,3,1,0,0,0.5539732220483394,26.177744609534304,2,1,1,1,0.5539732220483394,1,0,0,1,1,MIXTE,3,HIERARCHICAL
2019-08-30 20:30:00,5854,100.0,futur,0,25.5,0.1682856997279946,441.49165927255893,2,0,0,0,0.9088263888888889,32.34581297418384,4,1,1,1,0.9088263888888889,0,1,0,0,0,INSTABILITE,1,HIERARCHICAL
2019-08-31 05:15:00,5854,100.0,futur,0,32.4,0.18392310573913856,442.42598965065184,3,1,1,1,0.23999999999999994,39.41138673031163,1,1,0,0,0.23999999999999994,1,0,1,1,1,SEQUENCE,3,HIERARCHICAL
2019-08-31 23:00:00,5854,100.0,futur,0,15.7,0.5153549636112195,485.5798421798419,4,1,0,0,0.7456914893617022,38.65817085429962,3,1,1,1,0.7456914893617022,1,0,0,1,1,MIXTE,3,HIERARCHICAL
2019-09-01 14:45:00,5854,100.0,futur,0,22.6,0.5756832345586888,505.1574950786431,3,1,0,0,0.894806338028169,53.53010402367091,3,1,1,1,0.894806338028169,1,0,0,1,1,MIXTE,3,HIERARCHICAL
2019-09-03 22:30:00,5854,100.0,futur,0,17.8,0.3741466418005355,596.9907008060361,3,1,0,0,0.9828378563700916,51.54833476757695,3,1,1,1,0.9828378563700916,1,0,0,1,1,MIXTE,3,HIERARCHICAL
2019-09-05 12:30:00,5854,100.0,futur,0,26.6,0.5305456231286396,638.5545792607167,4,1,1,1,0.19665873015873014,60.3944180335409,1,0,0,0,0.5305456231286396,1,0,1,1,1,SEQUENCE,3,HIERARCHICAL
2019-09-06 08:00:00,5854,100.0,futur,0,4.0,0.3705784039618926,662.5907745432397,4,1,1,0,0.0,56.924312028378125,0,0,0,0,0.3705784039618926,1,0,1,1,1,SEQUENCE,3,HIERARCHICAL
2019-06-11 15:00:00,5857,100.0,baseline,1,39.5,0.2963102755454629,0.0,2,0,0,0,0.5914868201740847,0.0,2,0,0,0,0.5914868201740847,0,0,0,0,0,AUCUN,0,HIERARCHICAL
2019-07-17 16:45:00,5857,100.0,baseline,1,54.5,0.016382770767764867,0.0,1,0,0,0,0.06788997519334602,0.0,0,0,0,0,0.06788997519334602,0,0,0,0,0,AUCUN,0,HIERARCHICAL
2019-07-18 15:30:00,5857,100.0,baseline,1,43.9,0.17169813001444287,0.0,3,0,0,0,0.3237057220708447,0.0,1,0,0,0,0.3237057220708447,0,0,0,0,0,AUCUN,0,HIERARCHICAL
2019-07-23 16:15:00,5857,100.0,baseline,1,47.9,0.06482025148174818,0.0,1,0,0,0,0.0,0.0,0,0,0,0,0.06482025148174818,0,0,0,0,0,AUCUN,0,HIERARCHICAL
2019-07-29 16:45:00,5857,100.0,baseline,1,46.4,0.0,0.0,0,0,0,0,0.017929918110836017,0.0,0,0,0,0,0.017929918110836017,0,0,0,0,0,AUCUN,0,HIERARCHICAL
2019-08-01 06:00:00,5857,100.0,futur,0,6.7,0.30052224458837185,2.07404340910266,4,1,1,1,0.11048958328208988,0.004128732256485523,1,0,0,0,0.30052224458837185,1,0,0,1,1,HYPO,2,HIERARCHICAL
2019-08-01 20:00:00,5857,100.0,futur,0,23.1,0.041985296405590934,7.83908509266641,1,0,0,0,0.8236681798530048,3.156877539387542,3,1,1,1,0.8236681798530048,0,1,0,0,0,INSTABILITE,1,HIERARCHICAL
2019-08-02 05:00:00,5857,100.0,futur,0,12.7,0.2568704462687141,8.257799015443371,3,1,1,0,0.9749999999999999,9.77187753938754,2,1,0,0,0.9749999999999999,1,0,1,1,1,SEQUENCE,3,HIERARCHICAL
2019-08-04 09:00:00,5857,100.0,futur,0,27.0,0.2898471034002319,74.5222736297497,4,1,1,1,0.5134521605165481,1.115717130424156,2,0,0,0,0.5134521605165481,1,0,1,1,1,SEQUENCE,3,HIERARCHICAL
2019-08-04 09:15:00,5857,100.0,futur,0,27.5,0.2861118050674851,74.7857616273606,4,1,0,0,0.49785767498792716,1.553574805412083,2,1,1,1,0.49785767498792716,1,0,0,1,0,MIXTE,3,HIERARCHICAL
2019-08-05 13:00:00,5857,100.0,futur,0,29.8,0.0,100.10187949665261,0,0,0,0,0.44483792657879734,1.4973114093328588,3,1,1,1,0.44483792657879734,0,1,0,0,0,INSTABILITE,1,HIERARCHICAL
2019-08-07 01:15:00,5857,100.0,futur,0,20.0,0.3250017826137316,98.63115018706526,4,1,1,1,0.16090047393364926,0.0,1,0,0,0,0.3250017826137316,1,0,1,1,1,SEQUENCE,3,HIERARCHICAL
2019-08-09 01:30:00,5857,100.0,futur,0,18.0,0.18751643055725498,104.54104399541966,4,1,1,1,0.37858036272670426,0.5153549634658678,2,0,0,0,0.37858036272670426,1,0,0,1,1,HYPO,2,HIERARCHICAL
2019-08-09 02:00:00,5857,100.0,futur,0,11.8,0.21470462242284089,104.96530148310657,4,1,0,0,0.37053511705685616,1.2390295426865765,3,1,1,1,0.37053511705685616,1,0,0,1,0,MIXTE,3,HIERARCHICAL
2019-08-10 01:45:00,5857,100.0,futur,0,19.0,0.24138814173434972,108.8527859368522,4,1,1,1,0.0,0.0,0,0,0,0,0.24138814173434972,1,0,1,1,1,SEQUENCE,3,HIERARCHICAL
2019-08-10 05:45:00,5857,100.0,futur,0,20.6,0.22542277408926434,113.60668375702092,3,1,0,0,0.8312275985663082,2.8943304776823053,3,1,1,1,0.8312275985663082,1,0,0,1,0,MIXTE,3,HIERARCHICAL
2019-08-10 16:15:00,5857,100.0,futur,0,26.1,0.5010377282672525,126.0448355132576,3,1,0,0,1.0,4.140234998767806,3,1,1,0,1.0,1,0,0,1,1,MIXTE,3,HIERARCHICAL
2019-08-11 00:45:00,5857,100.0,futur,0,19.1,0.09743418771835263,134.62277944637114,1,1,0,0,0.9299277108433733,6.211187819795188,2,1,1,1,0.9299277108433733,1,0,0,1,0,MIXTE,3,HIERARCHICAL
2019-08-11 12:15:00,5857,100.0,futur,0,25.0,0.48926081392465515,137.66715345548153,4,1,1,1,0.4942446043165467,4.7959445462526045,2,0,0,0,0.4942446043165467,1,0,1,1,1,SEQUENCE,3,HIERARCHICAL
2019-08-12 12:45:00,5857,100.0,futur,0,36.2,0.0,142.77637120799722,0,0,0,0,0.4044817238781414,4.471580983758996,2,1,1,1,0.4044817238781414,0,1,0,0,0,INSTABILITE,1,HIERARCHICAL
2019-08-13 02:00:00,5857,100.0,futur,0,17.8,0.17909180729293803,143.13501094637215,3,0,0,0,0.4255725190839694,3.4848049968816417,2,1,1,1,0.4255725190839694,0,1,0,0,0,INSTABILITE,1,HIERARCHICAL
2019-08-13 02:45:00,5857,100.0,futur,0,13.2,0.14755082441511397,144.46377850829626,3,1,1,1,0.5654573743372067,5.095820529984009,3,1,0,0,0.5654573743372067,1,0,1,1,1,SEQUENCE,3,HIERARCHICAL
2019-08-13 19:45:00,5857,100.0,futur,0,30.4,0.2341212426977753,149.7152924992671,3,1,1,0,0.0,6.987425185710961,0,0,0,0,0.2341212426977753,1,0,1,1,1,SEQUENCE,3,HIERARCHICAL
2019-08-15 05:45:00,5857,100.0,futur,0,25.6,0.13671766032880306,142.10133082354957,2,0,0,0,0.9749999999999999,2.7537130968892405,2,1,1,1,0.9749999999999999,0,1,0,0,0,INSTABILITE,1,HIERARCHICAL
2019-08-16 00:45:00,5857,100.0,futur,0,14.0,0.16938564024382347,140.40665960929925,3,1,1,1,0.563235294117647,0.0,3,0,0,0,0.563235294117647,1,0,1,1,1,SEQUENCE,3,HIERARCHICAL
2019-08-16 01:45:00,5857,100.0,futur,0,6.1,0.12639533684583032,140.12665960929928,2,0,0,0,0.5349431818181818,2.188997306862906,2,1,1,1,0.5349431818181818,0,1,0,0,0,INSTABILITE,1,HIERARCHICAL
2019-08-16 14:45:00,5857,100.0,futur,0,41.0,0.0,136.8190659027834,0,0,0,0,1.0,5.154983925378837,4,1,1,1,1.0,0,1,0,0,0,INSTABILITE,1,HIERARCHICAL
2019-08-17 13:15:00,5857,100.0,futur,0,22.2,0.45441059725802524,136.55304718170822,3,1,1,1,0.0,4.129056519332448,0,0,0,0,0.45441059725802524,1,0,1,1,1,SEQUENCE,3,HIERARCHICAL
2019-08-17 20:00:00,5857,100.0,futur,0,16.2,0.47089680711124365,149.02394640017116,4,1,0,0,0.6845390185905749,4.672808539603007,3,1,1,1,0.6845390185905749,1,0,0,1,0,MIXTE,3,HIERARCHICAL
2019-08-18 06:15:00,5857,100.0,futur,0,7.9,0.3207771984135228,153.828876301221,4,1,1,0,0.01978302523218045,3.37781757286928,0,0,0,0,0.3207771984135228,1,0,1,1,1,SEQUENCE,3,HIERARCHICAL
2019-08-18 15:00:00,5857,100.0,futur,0,5.6,0.4089545254558514,161.40922268013003,3,1,0,0,0.8555984848484849,4.99308662760012,2,1,1,1,0.8555984848484849,1,0,0,1,0,MIXTE,3,HIERARCHICAL
2019-08-18 22:45:00,5857,100.0,futur,0,11.1,0.12828943708254603,166.99833646915943,3,1,0,0,0.5887909805330055,7.158864767365603,3,1,1,0,0.5887909805330055,1,0,0,1,1,MIXTE,3,HIERARCHICAL
2019-08-19 16:30:00,5857,100.0,futur,1,47.0,0.0,162.57311942685013,0,0,0,0,0.0,4.6980793088151716,0,0,0,0,0.0,0,0,0,0,0,AUCUN,0,HIERARCHICAL
2019-08-20 07:00:00,5857,100.0,futur,0,36.0,0.2679618448108917,163.7434217440441,4,1,1,1,0.0,2.5816342909509413,0,0,0,0,0.2679618448108917,1,0,1,1,1,SEQUENCE,3,HIERARCHICAL
2019-08-20 21:00:00,5857,100.0,futur,0,25.3,0.16640208469216167,178.50616696258183,3,1,0,0,0.9757241165777751,1.3016102323750651,4,1,1,1,0.9757241165777751,1,0,0,1,1,MIXTE,3,HIERARCHICAL
2019-08-22 11:00:00,5857,100.0,futur,0,29.6,0.05,205.74067829836565,1,0,0,0,0.18915779762100893,0.8172574516884821,2,1,1,1,0.18915779762100893,0,1,0,0,0,INSTABILITE,1,HIERARCHICAL
2019-08-23 08:15:00,5857,100.0,futur,0,18.6,0.025276679219694134,199.79067829836623,1,0,0,0,1.0,3.3193853022232145,4,1,1,1,1.0,0,1,0,0,0,INSTABILITE,1,HIERARCHICAL
2019-08-24 00:45:00,5857,100.0,futur,0,19.6,0.3361551869105292,198.81065088472457,4,1,1,1,0.06474747474747468,0.961582710680895,0,0,0,0,0.3361551869105292,1,0,1,1,1,SEQUENCE,3,HIERARCHICAL
2019-08-24 06:45:00,5857,100.0,futur,1,46.5,0.13908261471676348,201.43529247174843,2,1,0,0,0.09544779618630822,0.0,1,0,0,0,0.13908261471676348,1,0,0,0,0,HYPO,2,HIERARCHICAL
2019-08-25 03:30:00,5857,100.0,futur,0,23.9,0.01808433930089757,222.35896700127333,1,0,0,0,0.9749999999999999,3.6599999999999997,2,1,1,1,0.9749999999999999,0,1,0,0,0,INSTABILITE,1,HIERARCHICAL
2019-08-25 23:45:00,5857,100.0,futur,0,18.6,0.10466305508067374,216.68896700127388,2,0,0,0,0.7139156065777226,3.412492311820029,3,1,1,1,0.7139156065777226,0,1,0,0,0,INSTABILITE,1,HIERARCHICAL
2019-08-26 04:15:00,5857,100.0,futur,0,35.5,0.19012335086292503,218.17755829470153,3,1,1,1,0.011097852028639598,9.09952369678485,0,0,0,0,0.19012335086292503,1,0,1,1,1,SEQUENCE,3,HIERARCHICAL
2019-08-26 22:15:00,5857,100.0,futur,1,40.8,0.0,217.34275527190917,0,0,0,0,0.26818743494678493,4.779523696784862,2,0,0,0,0.26818743494678493,0,0,0,0,0,AUCUN,0,HIERARCHICAL
2019-08-27 12:45:00,5857,100.0,futur,0,29.4,0.29547085551529373,216.67561296652286,3,1,1,1,0.4994384232147539,5.264761756100195,3,0,0,0,0.4994384232147539,1,0,1,1,1,SEQUENCE,3,HIERARCHICAL
2019-08-28 22:15:00,5857,100.0,futur,0,21.2,0.1386811622246457,215.60675905293687,3,1,1,1,0.31000183978132867,0.0,3,0,0,0,0.31000183978132867,1,0,1,1,1,SEQUENCE,3,HIERARCHICAL
2019-08-30 04:00:00,5857,100.0,futur,0,14.0,0.08543088953028181,228.7330789724562,2,0,0,0,0.7999999999999998,1.9536856191534469,2,1,1,1,0.7999999999999998,0,1,0,0,0,INSTABILITE,1,HIERARCHICAL
2019-08-31 11:30:00,5857,100.0,futur,0,12.4,0.31226581307977663,223.73610010731164,4,1,1,1,0.0,2.453112229946119,0,0,0,0,0.31226581307977663,1,0,1,1,1,SEQUENCE,3,HIERARCHICAL
2019-09-01 17:45:00,5857,100.0,futur,0,31.2,0.13682137020179005,247.5524169994936,3,1,1,1,0.1274166666666667,0.0,1,0,0,0,0.13682137020179005,1,0,1,1,1,SEQUENCE,3,HIERARCHICAL
2019-09-04 07:15:00,5857,100.0,futur,0,32.1,0.0216805984001087,252.327926822197,1,0,0,0,0.6768330566661793,2.736908416204239,3,1,1,1,0.6768330566661793,0,1,0,0,0,INSTABILITE,1,HIERARCHICAL
2019-09-04 20:15:00,5857,100.0,futur,0,21.1,0.06924633292995984,250.19171000483374,2,0,0,0,0.40307751937984493,4.047658060368491,4,1,1,1,0.40307751937984493,0,1,0,0,0,INSTABILITE,1,HIERARCHICAL
2019-09-04 22:45:00,5857,100.0,futur,1,46.4,0.07535865753999496,249.4917100048338,1,0,0,0,0.4258426966292135,5.683236310809217,2,0,0,0,0.4258426966292135,0,0,0,0,0,AUCUN,0,HIERARCHICAL
2019-09-05 23:30:00,5857,100.0,futur,0,13.0,0.0,244.5339505166102,0,0,0,0,0.3699363178405093,2.948273186841521,4,1,1,1,0.3699363178405093,0,1,0,0,0,INSTABILITE,1,HIERARCHICAL
2019-07-11 04:15:00,5862,100.0,baseline,1,47.2,0.13333333333333336,0.0,1,0,0,0,0.09078075053190941,0.0,1,0,0,0,0.13333333333333336,0,0,0,0,0,AUCUN,0,HIERARCHICAL
2019-07-20 02:00:00,5862,100.0,baseline,1,51.0,0.1683284457478006,0.0,1,0,0,0,0.0,0.0,0,0,0,0,0.1683284457478006,0,0,0,0,0,AUCUN,0,HIERARCHICAL
2019-07-21 23:00:00,5862,100.0,baseline,1,48.5,0.1843137254901961,0.0,1,0,0,0,0.0,0.0,0,0,0,0,0.1843137254901961,0,0,0,0,0,AUCUN,0,HIERARCHICAL
2019-07-31 10:15:00,5862,100.0,futur,0,4.3,0.22075456178313746,1.4399399665032893,4,1,1,1,0.025082508250825076,0.0,0,0,0,0,0.22075456178313746,1,0,0,1,1,HYPO,2,HIERARCHICAL
2019-08-02 09:45:00,5862,100.0,futur,0,15.9,0.2421180798857067,10.693362472800915,3,1,1,1,0.03229885057471262,0.0,1,0,0,0,0.2421180798857067,1,0,0,1,1,HYPO,2,HIERARCHICAL
2019-08-03 08:15:00,5862,100.0,futur,0,31.4,0.2611518782848465,13.778557122566303,3,1,1,0,0.029953440248318683,0.0,0,0,0,0,0.2611518782848465,1,0,0,1,1,HYPO,2,HIERARCHICAL
2019-08-04 18:00:00,5862,100.0,futur,0,18.6,0.37398884619149086,22.20689523273586,4,1,1,1,0.0,0.0,0,0,0,0,0.37398884619149086,1,0,0,1,1,HYPO,2,HIERARCHICAL
2019-08-07 02:15:00,5862,100.0,futur,1,31.9,0.17253731343283585,36.479720192641736,1,0,0,0,0.035340314136125685,0.0,1,0,0,0,0.17253731343283585,0,0,0,0,0,AUCUN,0,HIERARCHICAL
2019-08-07 21:45:00,5862,100.0,futur,0,17.2,0.36599062775194363,34.930926867100276,4,1,1,1,0.02714987714987713,0.0,0,0,0,0,0.36599062775194363,1,0,0,1,1,HYPO,2,HIERARCHICAL
2019-08-08 17:15:00,5862,100.0,futur,0,25.2,0.35109642586522016,62.7420138322347,3,1,0,0,0.873459643215245,3.4174360050260058,3,1,1,1,0.873459643215245,1,0,0,1,1,MIXTE,3,HIERARCHICAL
2019-08-09 10:00:00,5862,100.0,futur,0,8.9,0.026144772274182982,61.1794136520736,1,0,0,0,0.5363212273884995,14.693137622845217,3,1,1,1,0.5363212273884995,0,1,0,0,0,INSTABILITE,1,HIERARCHICAL
2019-08-10 02:00:00,5862,100.0,futur,0,11.5,0.24636112875156785,61.102116136494075,4,1,1,1,0.0,20.87185293580652,0,0,0,0,0.24636112875156785,1,0,1,1,1,SEQUENCE,3,HIERARCHICAL
2019-08-10 13:30:00,5862,100.0,futur,0,14.8,0.38115097661634534,75.09998839386921,3,1,0,0,0.5911625201925018,21.80607612039928,2,1,1,1,0.5911625201925018,1,0,0,1,0,MIXTE,3,HIERARCHICAL
2019-08-10 20:00:00,5862,100.0,futur,0,23.2,0.354137701607164,82.81520119729997,4,1,0,0,0.382138204474653,29.849086634697333,2,1,1,0,0.382138204474653,1,0,0,1,1,MIXTE,3,HIERARCHICAL
2019-08-11 07:15:00,5862,100.0,futur,0,23.2,0.1720609467864838,85.27504543432201,2,0,0,0,0.32756234015345265,45.9397625705345,4,1,1,1,0.32756234015345265,0,1,0,0,0,INSTABILITE,1,HIERARCHICAL
2019-08-12 02:30:00,5862,100.0,futur,0,11.4,0.20899177220379342,83.00191803283002,3,1,1,1,0.0,44.52712800865522,0,0,0,0,0.20899177220379342,1,0,1,1,1,SEQUENCE,3,HIERARCHICAL
2019-08-12 04:15:00,5862,100.0,futur,0,13.6,0.22661095324362351,84.21029719587895,3,1,0,0,0.7430232558139533,45.96880561344831,2,1,1,1,0.7430232558139533,1,0,0,1,0,MIXTE,3,HIERARCHICAL
2019-08-14 03:45:00,5862,100.0,futur,0,20.3,0.16573042303859092,81.49521134525858,3,1,1,1,0.22466216216216212,37.19545541647533,1,0,0,0,0.22466216216216212,1,0,1,1,1,SEQUENCE,3,HIERARCHICAL
2019-08-14 09:00:00,5862,100.0,futur,0,42.3,0.09888384608588,81.06451247491228,2,0,0,0,0.21172277799153522,36.823914920798394,2,1,1,1,0.21172277799153522,0,1,0,0,0,INSTABILITE,1,HIERARCHICAL
2019-08-15 08:30:00,5862,100.0,futur,0,29.2,0.31798041701532154,96.35214792789094,4,1,0,0,0.3029092833500099,50.11162581419077,2,1,1,1,0.31798041701532154,1,0,0,1,1,MIXTE,3,HIERARCHICAL
2019-08-15 21:00:00,5862,100.0,futur,0,15.7,0.21305685418693665,105.60443477985783,3,1,0,0,0.45402849727898903,49.40825101355845,2,1,1,1,0.45402849727898903,1,0,0,1,1,MIXTE,3,HIERARCHICAL
2019-08-17 11:15:00,5862,100.0,futur,0,21.4,0.2817958559100943,105.39518177917397,3,1,1,1,0.09669421487603307,44.8768567639295,1,0,0,0,0.2817958559100943,1,0,1,1,1,SEQUENCE,3,HIERARCHICAL
2019-08-18 06:00:00,5862,100.0,futur,0,19.4,0.2877245974544287,124.23100597592378,3,1,0,0,0.9750757095258659,44.64276497494182,4,1,1,1,0.9750757095258659,1,0,0,1,1,MIXTE,3,HIERARCHICAL
2019-08-19 21:30:00,5862,100.0,futur,0,27.9,0.1976467286918812,133.5619636829132,4,0,0,0,0.24126299703033863,44.13057231103624,3,1,1,1,0.24126299703033863,0,1,0,0,0,INSTABILITE,1,HIERARCHICAL
2019-08-19 23:30:00,5862,100.0,futur,0,14.1,0.22667875911964805,134.8534280343787,4,1,1,1,0.05858585858585858,44.16079827427422,0,0,0,0,0.22667875911964805,1,0,1,1,1,SEQUENCE,3,HIERARCHICAL
2019-08-20 16:45:00,5862,100.0,futur,0,17.3,0.20560323379117867,152.1448594792567,4,1,0,0,0.6137469831375368,45.52295541889533,3,1,1,1,0.6137469831375368,1,0,0,1,1,MIXTE,3,HIERARCHICAL
2019-08-21 08:45:00,5862,100.0,futur,0,21.1,0.3512832946665704,164.62685343014996,3,1,0,0,0.7711544446838564,51.90418806632264,3,1,1,1,0.7711544446838564,1,0,0,1,1,MIXTE,3,HIERARCHICAL
2019-08-23 03:30:00,5862,100.0,futur,0,24.9,0.22488736785026653,167.8469954774861,3,1,1,1,0.0,47.675693158548185,0,0,0,0,0.22488736785026653,1,0,1,1,1,SEQUENCE,3,HIERARCHICAL
2019-08-24 00:15:00,5862,100.0,futur,0,11.9,0.248950759693645,170.8107202652881,4,1,1,0,0.0,42.99525176550425,0,0,0,0,0.248950759693645,1,0,1,1,1,SEQUENCE,3,HIERARCHICAL
2019-08-25 13:00:00,5862,100.0,futur,0,26.4,0.18750481694611332,191.221196626059,3,1,1,1,0.35786494925839196,35.14367683247454,2,0,0,0,0.35786494925839196,1,0,0,1,1,HYPO,2,HIERARCHICAL
2019-08-26 13:00:00,5862,100.0,futur,0,28.6,0.19102369068195343,188.35849337558804,4,1,1,0,0.03514573991031391,29.383676832474478,1,0,0,0,0.19102369068195343,1,0,0,1,1,HYPO,2,HIERARCHICAL
2019-08-27 03:15:00,5862,100.0,futur,0,10.4,0.2448581412098766,187.99309747023517,4,1,1,1,0.07932413972549274,25.96367683247455,1,0,0,0,0.2448581412098766,1,0,0,1,1,HYPO,2,HIERARCHICAL
2019-08-29 03:00:00,5862,100.0,futur,0,11.1,0.32485734462500515,187.10726659585762,4,1,1,1,0.13042920613630643,14.950044175769008,1,0,0,0,0.32485734462500515,1,0,0,1,1,HYPO,2,HIERARCHICAL
2019-08-29 10:30:00,5862,100.0,futur,0,21.2,0.13709824242464255,193.56176392220527,3,1,0,0,0.34938278838278847,14.785865319320031,2,1,1,1,0.34938278838278847,1,0,0,1,0,MIXTE,3,HIERARCHICAL
2019-08-30 22:45:00,5862,100.0,futur,1,49.5,0.08085106382978724,184.36962971154426,1,0,0,0,0.3169774869690585,20.47861062100674,1,0,0,0,0.3169774869690585,0,0,0,0,0,AUCUN,0,HIERARCHICAL
2019-08-31 12:15:00,5862,100.0,futur,0,21.6,0.1949462576043123,180.58962971154463,2,0,0,0,0.32933000658786465,18.500802894291915,2,1,1,1,0.32933000658786465,0,1,0,0,0,INSTABILITE,1,HIERARCHICAL
2019-08-31 15:00:00,5862,100.0,futur,0,17.6,0.5993683787437416,186.21625379973034,4,1,1,1,0.21168557331421578,18.967134779744576,1,1,0,0,0.5993683787437416,1,0,1,1,1,SEQUENCE,3,HIERARCHICAL
2019-09-02 23:15:00,5862,100.0,futur,0,16.1,0.2353910493852433,231.16119467597457,4,1,1,1,0.0,5.4671347797445895,0,0,0,0,0.2353910493852433,1,0,1,1,1,SEQUENCE,3,HIERARCHICAL
2019-09-03 13:00:00,5862,100.0,futur,0,30.1,0.37793119914539564,246.1148358336788,4,1,0,0,0.3659099099099099,5.787446854656042,2,1,1,1,0.37793119914539564,1,0,0,1,1,MIXTE,3,HIERARCHICAL
2019-09-04 01:30:00,5862,100.0,futur,0,10.9,0.1272727272727273,245.9995130526576,1,0,0,0,0.6556498262730176,5.068877561126994,3,1,1,1,0.6556498262730176,0,1,0,0,0,INSTABILITE,1,HIERARCHICAL
2019-09-04 05:30:00,5862,100.0,futur,0,21.9,0.24470498854993625,248.50649280002915,4,1,1,1,0.023824509440947793,5.256896975488626,0,0,0,0,0.24470498854993625,1,0,1,1,1,SEQUENCE,3,HIERARCHICAL
2019-09-04 22:30:00,5862,100.0,futur,0,28.7,0.2955777253022837,250.60246280436314,4,1,1,0,0.06233261050628192,1.1768969754886314,0,0,0,0,0.2955777253022837,1,0,1,1,1,SEQUENCE,3,HIERARCHICAL
2019-06-19 22:15:00,5865,100.0,baseline,1,52.3,0.09967867263398866,0.0,3,0,0,0,0.04563402579660066,0.0,0,0,0,0,0.09967867263398866,0,0,0,0,0,AUCUN,0,HIERARCHICAL
2019-07-15 10:15:00,5865,100.0,baseline,1,47.0,0.052684681706641846,0.0,2,0,0,0,0.1202546899505006,0.0,1,0,0,0,0.1202546899505006,0,0,0,0,0,AUCUN,0,HIERARCHICAL
2019-07-19 16:15:00,5865,100.0,baseline,1,53.4,0.0,0.0,0,0,0,0,0.0,0.0,0,0,0,0,0.0,0,0,0,0,0,AUCUN,0,HIERARCHICAL
2019-07-31 10:45:00,5865,100.0,futur,0,27.1,0.3660216330408022,1.9457681884562856,3,1,1,1,0.44999999999999996,0.0,1,0,0,0,0.44999999999999996,1,0,0,1,1,HYPO,2,HIERARCHICAL
2019-07-31 22:30:00,5865,100.0,futur,0,29.0,0.3335374539991608,19.785543653243312,4,1,0,0,0.5425834537784402,1.1717507599505153,4,1,1,1,0.5425834537784402,1,0,0,1,0,MIXTE,3,HIERARCHICAL
2019-08-01 06:15:00,5865,100.0,futur,0,32.1,0.17426418619816775,20.416780311356877,3,1,1,0,0.029999999999999968,13.099030803149867,0,0,0,0,0.17426418619816775,1,0,1,1,1,SEQUENCE,3,HIERARCHICAL
2019-08-03 00:45:00,5865,100.0,futur,0,38.1,0.22568600245437542,45.222168239660256,4,1,1,1,0.1991359407906605,4.347110299738524,2,0,0,0,0.22568600245437542,1,0,1,1,1,SEQUENCE,3,HIERARCHICAL
2019-08-03 03:45:00,5865,100.0,futur,0,23.9,0.21357867787339174,46.99356415678344,4,1,0,0,0.3857510762607626,5.9130534855023145,2,1,1,1,0.3857510762607626,1,0,0,1,0,MIXTE,3,HIERARCHICAL
2019-08-04 11:00:00,5865,100.0,futur,0,16.2,0.45157971794678264,82.67824087855848,4,1,1,1,0.0,0.0,0,0,0,0,0.45157971794678264,1,0,1,1,1,SEQUENCE,3,HIERARCHICAL
2019-08-05 04:30:00,5865,100.0,futur,0,16.0,0.033333333333333326,103.88336570162585,1,0,0,0,0.6107142857142855,2.3604033404406533,2,1,1,1,0.6107142857142855,0,1,0,0,0,INSTABILITE,1,HIERARCHICAL
2019-08-06 01:30:00,5865,100.0,futur,0,11.6,0.3074395943522887,103.15073701866181,4,1,1,1,0.4913304835693294,0.0,1,0,0,0,0.4913304835693294,1,0,1,1,1,SEQUENCE,3,HIERARCHICAL
2019-08-07 03:00:00,5865,100.0,futur,0,15.5,0.05026430186054601,104.94367108571639,1,0,0,0,0.45370005923172646,2.588078894510129,4,1,1,1,0.45370005923172646,0,1,0,0,0,INSTABILITE,1,HIERARCHICAL
2019-08-07 15:30:00,5865,100.0,futur,0,17.4,0.2698770693791619,103.90061324911268,4,1,1,1,0.45252100840336135,3.122090209318358,1,0,0,0,0.45252100840336135,1,0,1,1,1,SEQUENCE,3,HIERARCHICAL
2019-08-08 13:15:00,5865,100.0,futur,0,21.7,0.2601712743726332,109.43337050406464,4,1,1,0,0.01683426506681208,0.0,0,0,0,0,0.2601712743726332,1,0,1,1,1,SEQUENCE,3,HIERARCHICAL
2019-08-08 16:45:00,5865,100.0,futur,0,22.7,0.10998895853453397,110.12998736870594,3,0,0,0,0.9952363636363637,3.4372392249191805,4,1,1,1,0.9952363636363637,0,1,0,0,0,INSTABILITE,1,HIERARCHICAL
2019-08-08 17:00:00,5865,100.0,futur,0,17.8,0.1211220414055141,110.18110941011146,3,1,1,1,0.9711667156077374,4.348405940526918,4,1,0,0,0.9711667156077374,1,0,1,1,0,SEQUENCE,3,HIERARCHICAL
2019-08-09 10:00:00,5865,100.0,futur,0,24.2,0.12487190130625925,107.55389498519558,2,0,0,0,0.8799995955183433,41.38924714394871,3,1,1,1,0.8799995955183433,0,1,0,0,0,INSTABILITE,1,HIERARCHICAL
2019-08-10 00:45:00,5865,100.0,futur,0,21.7,0.3068316205422475,108.71474731284732,4,1,1,1,0.4059999999999999,47.96028085236532,2,1,1,1,0.4059999999999999,1,0,1,1,1,SEQUENCE,3,HIERARCHICAL
2019-08-11 21:30:00,5865,100.0,futur,0,19.6,0.23846449171546644,158.58155989352474,2,0,0,0,1.0,53.58766132637672,4,1,1,1,1.0,0,1,0,0,0,INSTABILITE,1,HIERARCHICAL
2019-08-12 10:30:00,5865,100.0,futur,0,36.1,0.010866146974943548,157.1637354967144,1,0,0,0,0.9223182052604435,66.3735694809585,3,1,1,1,0.9223182052604435,0,1,0,0,0,INSTABILITE,1,HIERARCHICAL
2019-08-14 00:00:00,5865,100.0,futur,0,25.1,0.12818275728537099,152.1353658654348,2,0,0,0,0.6845520907608349,64.43892139269924,2,1,1,1,0.6845520907608349,0,1,0,0,0,INSTABILITE,1,HIERARCHICAL
2019-08-14 05:30:00,5865,100.0,futur,0,25.3,0.22185021537961583,152.81227038010152,3,1,1,1,0.415,69.67937220872273,2,1,0,0,0.415,1,0,1,1,1,SEQUENCE,3,HIERARCHICAL
2019-08-14 13:00:00,5865,100.0,futur,0,31.8,0.10163962421252273,159.59009614263533,2,1,0,0,0.8240802767072326,75.0857982306806,3,1,1,1,0.8240802767072326,1,0,0,1,0,MIXTE,3,HIERARCHICAL
2019-08-15 20:15:00,5865,100.0,futur,0,33.4,0.10376555843079602,151.34677295969965,1,0,0,0,0.7329275590965265,82.42110149655821,3,1,1,1,0.7329275590965265,0,1,0,0,0,INSTABILITE,1,HIERARCHICAL
2019-08-16 02:45:00,5865,100.0,futur,0,10.6,0.27156198259826697,151.65883587399443,3,1,1,1,0.37857142857142856,88.50688493808383,2,0,0,0,0.37857142857142856,1,0,1,1,1,SEQUENCE,3,HIERARCHICAL
2019-08-17 08:00:00,5865,100.0,futur,0,22.9,0.33430195641474836,149.22759046161644,3,1,1,1,0.0,83.76716830587668,0,0,0,0,0.33430195641474836,1,0,1,1,1,SEQUENCE,3,HIERARCHICAL
2019-08-20 02:30:00,5865,100.0,futur,0,23.9,0.19477105620794166,235.7177288877499,3,1,1,1,0.15906922008437085,68.50048652788395,2,0,0,0,0.19477105620794166,1,0,0,1,1,HYPO,2,HIERARCHICAL
2019-08-20 03:30:00,5865,100.0,futur,0,20.4,0.21294263722154505,236.85959678687948,4,1,0,0,0.5613734790678491,70.24015033313047,2,1,1,1,0.5613734790678491,1,0,0,1,0,MIXTE,3,HIERARCHICAL
2019-08-21 02:30:00,5865,100.0,futur,0,10.3,0.36167284885018103,243.3837145736118,4,1,1,0,0.09999999999999998,70.35701901025699,1,0,0,0,0.36167284885018103,1,0,1,1,1,SEQUENCE,3,HIERARCHICAL
2019-08-21 18:00:00,5865,100.0,futur,0,28.6,0.6246406673798461,272.27761768700776,4,1,0,0,0.2717568990083663,68.38320822021899,2,1,1,1,0.6246406673798461,1,0,0,1,1,MIXTE,3,HIERARCHICAL
2019-08-22 06:45:00,5865,100.0,futur,0,10.6,0.2926263542338745,290.83436360341284,4,1,0,0,0.27077902364174317,67.89116075064997,2,1,1,1,0.2926263542338745,1,0,0,1,1,MIXTE,3,HIERARCHICAL
2019-08-23 02:15:00,5865,100.0,futur,0,18.7,0.0,290.35724174227863,0,0,0,0,0.8950236855682191,69.18621952979025,3,1,1,1,0.8950236855682191,0,1,0,0,0,INSTABILITE,1,HIERARCHICAL
2019-08-24 12:00:00,5865,100.0,futur,0,21.2,0.5014713710573785,290.8622142670247,4,1,1,1,0.5662721893491125,72.61198449572771,2,0,0,0,0.5662721893491125,1,0,1,1,1,SEQUENCE,3,HIERARCHICAL
2019-08-25 07:45:00,5865,100.0,futur,1,42.4,0.0,304.0388546502281,0,0,0,0,0.010000000000000009,70.27035274287782,0,0,0,0,0.010000000000000009,0,0,0,0,0,AUCUN,0,HIERARCHICAL
2019-08-25 18:15:00,5865,100.0,futur,0,31.8,0.21065828752360496,304.63675938729375,3,1,1,1,0.6833869307949574,68.29961309790731,3,0,0,0,0.6833869307949574,1,0,1,1,1,SEQUENCE,3,HIERARCHICAL
2019-08-26 04:00:00,5865,100.0,futur,0,11.9,0.6308598227402494,320.52247699753644,4,1,0,0,0.9749999999999999,68.64303170741239,2,1,1,1,0.9749999999999999,1,0,0,1,0,MIXTE,3,HIERARCHICAL
2019-08-27 06:45:00,5865,100.0,futur,0,40.2,0.05435998740700864,349.362185926672,1,0,0,0,1.0,72.33040810539617,4,1,1,1,1.0,0,1,0,0,0,INSTABILITE,1,HIERARCHICAL
2019-08-27 12:30:00,5865,100.0,futur,0,17.5,0.4354009682524815,352.08907779271925,3,1,1,1,0.0,80.09347744334438,0,0,0,0,0.4354009682524815,1,0,1,1,1,SEQUENCE,3,HIERARCHICAL
2019-08-28 12:15:00,5865,100.0,futur,0,24.0,0.3926284985058581,362.11060550298913,4,1,1,0,0.0,76.00743584068374,0,0,0,0,0.3926284985058581,1,0,1,1,1,SEQUENCE,3,HIERARCHICAL
2019-08-29 12:45:00,5865,100.0,futur,0,19.6,0.32556308928215166,368.4551881791704,3,1,1,1,0.1371632765255635,70.12743584068352,1,0,0,0,0.32556308928215166,1,0,1,1,1,SEQUENCE,3,HIERARCHICAL
2019-08-30 06:00:00,5865,100.0,futur,0,22.8,0.20862329232878762,384.75251608952857,4,1,0,0,0.7176746829040168,69.45394041737076,4,1,1,1,0.7176746829040168,1,0,0,1,1,MIXTE,3,HIERARCHICAL
2019-08-31 12:45:00,5865,100.0,futur,0,6.2,0.5264218008755851,385.3484504576169,4,1,1,1,0.1454311398777418,73.18512602333605,1,0,0,0,0.5264218008755851,1,0,1,1,1,SEQUENCE,3,HIERARCHICAL
2019-09-01 00:30:00,5865,100.0,futur,0,30.9,0.12965641837319433,403.43738548538136,3,1,0,0,0.33899782135076245,72.40862846894534,2,1,1,1,0.33899782135076245,1,0,0,1,0,MIXTE,3,HIERARCHICAL
2019-09-01 11:45:00,5865,100.0,futur,0,35.7,0.3646838614485574,404.68140604451827,4,1,1,0,0.0,72.0019735587169,0,0,0,0,0.3646838614485574,1,0,1,1,1,SEQUENCE,3,HIERARCHICAL
2019-09-02 02:15:00,5865,100.0,futur,0,11.3,0.1220385185656582,419.81064512585493,2,0,0,0,0.551530612244898,70.83258981957064,2,1,1,1,0.551530612244898,0,1,0,0,0,INSTABILITE,1,HIERARCHICAL
2019-09-02 12:15:00,5865,100.0,futur,0,11.6,0.5643822810341717,424.64745993242036,4,1,1,1,0.0,71.2809482643697,0,0,0,0,0.5643822810341717,1,0,1,1,1,SEQUENCE,3,HIERARCHICAL
2019-09-03 12:45:00,5865,100.0,futur,0,33.2,0.3342948649086164,438.669164121237,3,1,1,1,0.4042849141150113,66.32624510925352,3,0,0,0,0.4042849141150113,1,0,1,1,1,SEQUENCE,3,HIERARCHICAL
2019-09-03 19:15:00,5865,100.0,futur,0,16.0,0.4510382812246836,448.99555873900584,3,1,0,0,0.9472660130534866,68.50656932161694,4,1,1,1,0.9472660130534866,1,0,0,1,0,MIXTE,3,HIERARCHICAL
2019-09-04 04:45:00,5865,100.0,futur,0,0.4,0.10817734645644361,453.2135476929525,2,1,0,0,0.9749999999999999,71.2127857188448,2,1,1,0,0.9749999999999999,1,0,0,1,1,MIXTE,3,HIERARCHICAL
2019-09-04 22:30:00,5865,100.0,futur,0,33.1,0.24144807812129387,478.8025584618772,4,1,0,0,0.8387101787101787,70.77324077515023,3,1,1,1,0.8387101787101787,1,0,0,1,1,MIXTE,3,HIERARCHICAL
2019-09-05 12:15:00,5865,100.0,futur,0,30.7,0.46546873339939776,480.76569048068984,3,1,1,1,0.5668484848484848,71.77006391991426,3,0,0,0,0.5668484848484848,1,0,1,1,1,SEQUENCE,3,HIERARCHICAL
2019-06-14 06:30:00,5871,100.0,baseline,1,47.1,0.30553697055651363,0.0,4,0,0,0,0.0,0.0,0,0,0,0,0.30553697055651363,0,0,0,0,0,AUCUN,0,HIERARCHICAL
2019-07-19 07:45:00,5871,100.0,baseline,1,47.3,0.0,0.0,0,0,0,0,0.1303135962732037,0.0,1,0,0,0,0.1303135962732037,0,0,0,0,0,AUCUN,0,HIERARCHICAL
2019-07-20 19:15:00,5871,100.0,baseline,1,46.1,0.416376607624227,0.0,4,0,0,0,0.06112170484706365,0.0,0,0,0,0,0.416376607624227,0,0,0,0,0,AUCUN,0,HIERARCHICAL
2019-07-28 19:00:00,5871,100.0,baseline,1,47.0,0.15294117647058825,0.0,1,0,0,0,0.0010716593162729549,0.0,0,0,0,0,0.15294117647058825,0,0,0,0,0,AUCUN,0,HIERARCHICAL
2019-07-29 23:45:00,5871,100.0,baseline,1,38.1,0.2413681545563412,0.0,3,0,0,0,0.0,0.0,0,0,0,0,0.2413681545563412,0,0,0,0,0,AUCUN,0,HIERARCHICAL
2019-07-30 22:30:00,5871,100.0,baseline,1,51.0,0.14027149321266968,0.0,1,0,0,0,0.011041589988958378,0.0,0,0,0,0,0.14027149321266968,0,0,0,0,0,AUCUN,0,HIERARCHICAL
2019-07-31 20:45:00,5871,100.0,futur,0,18.0,0.22453354072077922,1.747456337368816,3,1,1,1,0.0,0.0,0,0,0,0,0.22453354072077922,1,0,0,1,1,HYPO,2,HIERARCHICAL
2019-08-02 00:00:00,5871,100.0,futur,0,20.4,0.16023474659231862,13.008562766161713,3,0,0,0,0.32805701094136086,0.718995204321224,2,1,1,1,0.32805701094136086,0,1,0,0,0,INSTABILITE,1,HIERARCHICAL
2019-08-02 00:30:00,5871,100.0,futur,0,13.9,0.1819785051261113,13.218742955392077,3,1,1,1,0.9749999999999999,2.1928191245870043,2,1,0,0,0.9749999999999999,1,0,1,1,1,SEQUENCE,3,HIERARCHICAL
2019-08-03 10:15:00,5871,100.0,futur,0,31.5,0.20160210227063385,23.558292387639316,3,1,1,1,0.5249999999999999,1.478087620237958,1,0,0,0,0.5249999999999999,1,0,1,1,1,SEQUENCE,3,HIERARCHICAL
2019-08-03 19:30:00,5871,100.0,futur,0,15.5,0.09731502031079406,24.12515298902067,2,0,0,0,0.8163903733158985,3.1742819826118174,4,1,1,1,0.8163903733158985,0,1,0,0,0,INSTABILITE,1,HIERARCHICAL
2019-08-04 03:30:00,5871,100.0,futur,0,17.1,0.27588609609146486,24.868200436526664,3,1,1,0,0.1669705882352941,11.677272842850241,1,1,0,0,0.27588609609146486,1,0,1,1,1,SEQUENCE,3,HIERARCHICAL
2019-08-04 07:15:00,5871,100.0,futur,1,47.0,0.3293020609845221,30.625243365729492,4,1,0,0,0.23186951978556178,11.020041851114696,1,0,0,0,0.3293020609845221,1,0,0,0,0,HYPO,2,HIERARCHICAL
2019-08-04 08:15:00,5871,100.0,futur,0,30.1,0.2945157834749609,31.882862887447818,3,1,0,0,0.4639017891130568,11.725478452702713,2,1,1,1,0.4639017891130568,1,0,0,1,0,MIXTE,3,HIERARCHICAL
2019-08-05 04:00:00,5871,100.0,futur,0,22.5,0.19785264740842542,39.509684174889415,3,1,1,1,0.7249999999999999,15.092435932546655,2,1,1,1,0.7249999999999999,1,0,1,1,1,SEQUENCE,3,HIERARCHICAL
2019-08-06 00:00:00,5871,100.0,futur,0,2.1,0.326083667904621,48.972091687648735,4,1,0,0,0.9778301886792451,17.545531119256022,2,1,1,1,0.9778301886792451,1,0,0,1,1,MIXTE,3,HIERARCHICAL
2019-08-08 01:45:00,5871,100.0,futur,0,4.9,0.26150798564948313,47.675913612181134,4,1,1,1,0.27999999999999997,16.247749477909817,1,0,0,0,0.27999999999999997,1,0,1,1,1,SEQUENCE,3,HIERARCHICAL
2019-08-08 18:30:00,5871,100.0,futur,0,25.1,0.24852366445166382,60.94586500785884,4,1,0,0,0.5835109670535418,14.69384677633259,2,1,1,1,0.5835109670535418,1,0,0,1,1,MIXTE,3,HIERARCHICAL
2019-08-10 01:30:00,5871,100.0,futur,0,21.9,0.3291518175530317,60.41343348658737,4,1,1,1,0.0,24.11622729152022,0,0,0,0,0.3291518175530317,1,0,1,1,1,SEQUENCE,3,HIERARCHICAL
2019-08-10 03:15:00,5871,100.0,futur,0,22.1,0.380141597034279,62.92066001222765,4,1,0,0,0.39235294117647057,25.74405831621492,2,1,1,1,0.39235294117647057,1,0,0,1,0,MIXTE,3,HIERARCHICAL
2019-08-10 21:30:00,5871,100.0,futur,0,34.1,0.3036847732179591,87.30517755363904,3,1,0,0,0.46737824477264267,36.75726654070166,3,1,1,1,0.46737824477264267,1,0,0,1,1,MIXTE,3,HIERARCHICAL
2019-08-12 05:15:00,5871,100.0,futur,0,21.7,0.3109580155317495,110.06834434460077,3,1,1,1,0.7889240506329114,37.76646763717703,2,0,0,0,0.7889240506329114,1,0,1,1,1,SEQUENCE,3,HIERARCHICAL
2019-08-12 15:15:00,5871,100.0,futur,0,25.1,0.16710081179230246,117.85566960209289,3,1,0,0,0.3340851063829787,37.052181121901,2,1,1,1,0.3340851063829787,1,0,0,1,0,MIXTE,3,HIERARCHICAL
2019-08-13 09:30:00,5871,100.0,futur,1,46.6,0.37330724350750105,133.49174392534687,3,1,0,0,0.5031752800045481,35.763058997074246,2,0,0,0,0.5031752800045481,1,0,0,0,0,HYPO,2,HIERARCHICAL
2019-08-13 10:30:00,5871,100.0,futur,0,42.2,0.3571401874568542,134.73907738734994,3,1,0,0,0.8226955595203771,37.9282478106232,3,1,1,1,0.8226955595203771,1,0,0,1,1,MIXTE,3,HIERARCHICAL
2019-08-14 03:00:00,5871,100.0,futur,0,23.2,0.22731323216300353,145.64646590152068,2,1,0,0,0.9630820087047023,41.39446648759576,4,1,1,1,0.9630820087047023,1,0,0,1,1,MIXTE,3,HIERARCHICAL
2019-08-14 12:15:00,5871,100.0,futur,1,47.5,0.3112704872789044,156.3878985141953,4,1,0,0,0.004966006503103748,58.149719726057484,0,0,0,0,0.3112704872789044,1,0,0,0,0,HYPO,2,HIERARCHICAL
2019-08-14 22:00:00,5871,100.0,futur,0,24.5,0.11403389910391835,158.75352142579717,1,0,0,0,0.34403916109070015,57.67880934252419,3,1,1,1,0.34403916109070015,0,1,0,0,0,INSTABILITE,1,HIERARCHICAL
2019-08-15 03:15:00,5871,100.0,futur,0,23.2,0.18329248437234383,159.66062381916836,3,1,1,1,0.0,57.54544182115662,0,0,0,0,0.18329248437234383,1,0,1,1,1,SEQUENCE,3,HIERARCHICAL
2019-08-15 22:00:00,5871,100.0,futur,0,15.3,0.24876458573297872,171.30904835451213,4,1,1,0,0.037021679033900745,53.54520684308755,0,0,0,0,0.24876458573297872,1,0,1,1,1,SEQUENCE,3,HIERARCHICAL
2019-08-16 00:30:00,5871,100.0,futur,0,20.9,0.2607994977108115,173.56791522397933,4,1,0,0,0.3312121212121213,54.72861489986209,3,1,1,1,0.3312121212121213,1,0,0,1,0,MIXTE,3,HIERARCHICAL
2019-08-17 13:15:00,5871,100.0,futur,0,22.3,0.17624539333816125,176.91112133649443,2,0,0,0,0.44615221987315,57.513145098174455,2,1,1,1,0.44615221987315,0,1,0,0,0,INSTABILITE,1,HIERARCHICAL
2019-08-18 03:45:00,5871,100.0,futur,0,26.8,0.04107216059742033,173.08359054364246,1,0,0,0,0.5898119122257053,57.98251283865828,2,1,1,1,0.5898119122257053,0,1,0,0,0,INSTABILITE,1,HIERARCHICAL
2019-08-18 11:15:00,5871,100.0,futur,0,38.1,0.20812400318540086,176.38011888979887,3,1,1,1,0.18867323124795288,58.007789673880275,1,0,0,0,0.20812400318540086,1,0,1,1,1,SEQUENCE,3,HIERARCHICAL
2019-08-19 05:00:00,5871,100.0,futur,0,9.9,0.08088483314898817,177.69973511892908,2,0,0,0,0.7475806451612902,57.15907999646076,2,1,1,1,0.7475806451612902,0,1,0,0,0,INSTABILITE,1,HIERARCHICAL
2019-08-20 00:30:00,5871,100.0,futur,0,12.0,0.2710764640568399,176.69060118815597,3,1,1,1,0.04572710451580831,54.34964158781773,0,0,0,0,0.2710764640568399,1,0,1,1,1,SEQUENCE,3,HIERARCHICAL
2019-08-20 02:15:00,5871,100.0,futur,0,14.9,0.17573030412064963,179.36380878662476,3,1,0,0,0.9749999999999999,57.82964158781772,2,1,1,1,0.9749999999999999,1,0,0,1,0,MIXTE,3,HIERARCHICAL
2019-08-20 08:00:00,5871,100.0,futur,1,44.3,0.1317425204916674,181.31426456070935,2,1,0,0,0.4898686366931209,69.0463175731218,2,1,0,0,0.4898686366931209,1,0,0,0,0,MIXTE,3,HIERARCHICAL
2019-08-20 15:00:00,5871,100.0,futur,0,39.7,0.12536079388503857,183.3496684727943,2,1,0,0,0.714287727539636,71.22712429330574,3,1,1,1,0.714287727539636,1,0,0,1,1,MIXTE,3,HIERARCHICAL
2019-08-21 05:30:00,5871,100.0,futur,0,21.8,0.3258001043711557,181.93707098287118,3,0,0,0,0.8325576241134751,82.78201928943565,3,1,1,1,0.8325576241134751,0,1,0,0,0,INSTABILITE,1,HIERARCHICAL
2019-08-21 06:30:00,5871,100.0,futur,0,29.3,0.3567429702786682,183.71900922420275,4,1,1,1,0.2309477756286267,84.03371690216774,1,1,0,0,0.3567429702786682,1,0,1,1,1,SEQUENCE,3,HIERARCHICAL
2019-08-22 16:45:00,5871,100.0,futur,0,38.1,0.1423222348087662,202.8335201293442,3,0,0,0,0.25244424269168725,78.95096301367978,2,1,1,1,0.25244424269168725,0,1,0,0,0,INSTABILITE,1,HIERARCHICAL
2019-08-22 18:30:00,5871,100.0,futur,0,29.0,0.17094106512194143,203.8136934030116,4,1,1,1,0.0,78.53096301367977,0,0,0,0,0.17094106512194143,1,0,1,1,1,SEQUENCE,3,HIERARCHICAL
2019-08-23 07:15:00,5871,100.0,futur,0,10.5,0.5250376222564666,226.18935532646304,4,1,0,0,0.23022046801553236,88.89119305902712,2,1,1,1,0.5250376222564666,1,0,0,1,1,MIXTE,3,HIERARCHICAL
2019-08-24 22:15:00,5871,100.0,futur,0,22.2,0.0002872040822017086,274.917169448237,0,1,0,0,0.2913835587174031,101.34408725026,2,1,1,1,0.2913835587174031,1,0,0,1,1,MIXTE,3,HIERARCHICAL
2019-08-25 19:45:00,5871,100.0,futur,0,29.0,0.282415785099899,275.19022890375373,3,1,1,1,0.0864262859955698,114.18178207828096,1,0,0,0,0.282415785099899,1,0,1,1,1,SEQUENCE,3,HIERARCHICAL
2019-08-26 00:30:00,5871,100.0,futur,0,25.0,0.47882520908175047,283.4381456437225,4,1,0,0,0.729326923076923,115.81402689595078,2,1,1,1,0.729326923076923,1,0,0,1,0,MIXTE,3,HIERARCHICAL
2019-08-28 02:15:00,5871,100.0,futur,0,12.6,0.3098182652354667,359.68819945827676,4,1,0,0,0.42115936966309586,123.24393166443618,2,1,1,1,0.42115936966309586,1,0,0,1,1,MIXTE,3,HIERARCHICAL
2019-08-28 16:45:00,5871,100.0,futur,0,18.0,0.280304092007623,370.78659300978035,3,1,0,0,0.1881612216440007,128.84191001569738,3,1,1,1,0.280304092007623,1,0,0,1,1,MIXTE,3,HIERARCHICAL
2019-08-28 19:15:00,5871,100.0,futur,0,17.4,0.20835589409646058,371.2803727773319,3,1,1,1,0.561630058258542,132.17123365252652,2,1,0,0,0.561630058258542,1,0,1,1,0,SEQUENCE,3,HIERARCHICAL
2019-08-29 06:30:00,5871,100.0,futur,0,17.9,0.4395880288127571,387.7610384189164,4,1,0,0,0.8338093281252256,138.07601818933747,4,1,1,1,0.8338093281252256,1,0,0,1,1,MIXTE,3,HIERARCHICAL
2019-08-30 02:15:00,5871,100.0,futur,0,23.1,0.27341771238681034,410.35935678205817,3,0,0,0,0.7098039215686275,148.15597430316038,3,1,1,1,0.7098039215686275,0,1,0,0,0,INSTABILITE,1,HIERARCHICAL
2019-08-30 03:15:00,5871,100.0,futur,0,24.4,0.2517745274428758,411.1198334964428,3,1,1,1,0.682726326742976,150.73634556260367,2,1,0,0,0.682726326742976,1,0,1,1,1,SEQUENCE,3,HIERARCHICAL
2019-08-30 19:45:00,5871,100.0,futur,0,30.9,0.19147263720993657,426.7858300937726,3,0,0,0,0.7740544320368956,152.29766846093727,4,1,1,1,0.7740544320368956,0,1,0,0,0,INSTABILITE,1,HIERARCHICAL
2019-08-31 02:15:00,5871,100.0,futur,0,10.5,0.42739082112675925,430.24680454728207,4,1,1,0,0.06209439528023599,155.37051851796474,1,0,0,0,0.42739082112675925,1,0,1,1,1,SEQUENCE,3,HIERARCHICAL
2019-09-01 00:45:00,5871,100.0,futur,0,3.9,0.3861777805913506,462.25315366848776,4,1,0,0,0.3165454545454546,154.37438537260405,2,1,1,1,0.3861777805913506,1,0,0,1,1,MIXTE,3,HIERARCHICAL
2019-09-01 16:30:00,5871,100.0,futur,0,26.4,0.5114341778194674,487.25729475706686,4,1,0,0,0.6330217170216418,157.9556401532269,3,1,1,1,0.6330217170216418,1,0,0,1,1,MIXTE,3,HIERARCHICAL
2019-09-03 10:15:00,5871,100.0,futur,0,27.0,0.5099134552788186,538.369961605527,4,1,0,0,0.5361538461538461,156.1467177650563,2,1,1,1,0.5361538461538461,1,0,0,1,1,MIXTE,3,HIERARCHICAL
2019-09-04 06:30:00,5871,100.0,futur,0,14.9,0.3965260966363043,568.2602911082872,3,1,0,0,0.767446315832969,182.2670664275155,4,1,1,1,0.767446315832969,1,0,0,1,1,MIXTE,3,HIERARCHICAL
2019-09-05 06:30:00,5871,100.0,futur,0,31.6,0.39842780985550075,599.4751693009716,3,1,0,0,0.4994621057839449,188.83711188076035,4,1,1,1,0.4994621057839449,1,0,0,1,1,MIXTE,3,HIERARCHICAL
2019-09-06 04:30:00,5871,100.0,futur,0,15.7,0.3922819175107183,625.1403357698795,4,1,0,0,0.43461538461538457,199.30604531908128,2,1,1,1,0.43461538461538457,1,0,0,1,1,MIXTE,3,HIERARCHICAL
2019-06-09 00:00:00,8515,100.0,baseline,1,48.4,0.0,0.0,0,0,0,0,0.4688235294117647,0.0,2,0,0,0,0.4688235294117647,0,0,0,0,0,AUCUN,0,HIERARCHICAL
2019-06-10 17:45:00,8515,100.0,baseline,1,45.1,0.1187434093017031,0.0,2,0,0,0,0.03374574347332578,0.0,1,0,0,0,0.1187434093017031,0,0,0,0,0,AUCUN,0,HIERARCHICAL
2019-06-11 07:30:00,8515,100.0,baseline,1,49.2,0.15562825594455237,0.0,2,0,0,0,0.22199392070354576,0.0,2,0,0,0,0.22199392070354576,0,0,0,0,0,AUCUN,0,HIERARCHICAL
2019-06-15 23:45:00,8515,100.0,baseline,1,41.9,0.07598454308235052,0.0,2,0,0,0,0.08733539456116918,0.0,1,0,0,0,0.08733539456116918,0,0,0,0,0,AUCUN,0,HIERARCHICAL
2019-07-04 17:15:00,8515,100.0,baseline,1,47.2,0.05494701500367223,0.0,1,0,0,0,0.8869837512406745,0.0,3,0,0,0,0.8869837512406745,0,0,0,0,0,AUCUN,0,HIERARCHICAL
2019-07-31 10:30:00,8515,100.0,futur,0,26.1,0.330179546868214,2.993378366225872,4,1,1,1,0.04759837962962966,0.0,0,0,0,0,0.330179546868214,1,0,0,1,1,HYPO,2,HIERARCHICAL
2019-08-01 21:30:00,8515,100.0,futur,0,31.0,0.05968828719980504,33.754601466222375,1,0,0,0,0.733269485228476,2.482752150811604,4,1,1,1,0.733269485228476,0,1,0,0,0,INSTABILITE,1,HIERARCHICAL
2019-08-02 10:00:00,8515,100.0,futur,0,25.2,0.21285085231777023,35.54599899294105,3,1,1,1,0.36029604180652636,8.796983101246408,2,0,0,0,0.36029604180652636,1,0,1,1,1,SEQUENCE,3,HIERARCHICAL
2019-08-03 00:00:00,8515,100.0,futur,0,4.6,0.2431338621259717,36.22766141100427,3,1,1,0,0.0,5.436983101246418,0,0,0,0,0.2431338621259717,1,0,1,1,1,SEQUENCE,3,HIERARCHICAL
2019-08-04 11:00:00,8515,100.0,futur,0,24.6,0.29425128360182135,61.08838271784359,4,1,1,1,0.05914085914085908,0.0,1,0,0,0,0.29425128360182135,1,0,1,1,1,SEQUENCE,3,HIERARCHICAL
2019-08-05 00:45:00,8515,100.0,futur,0,17.3,0.03631776808734312,61.819873001990544,1,0,0,0,0.4436585227735017,1.889631196172546,2,1,1,1,0.4436585227735017,0,1,0,0,0,INSTABILITE,1,HIERARCHICAL
2019-08-05 09:30:00,8515,100.0,futur,0,31.2,0.23887869311633164,62.7717155344355,4,1,1,0,0.014769647696476984,1.4453385339205105,0,0,0,0,0.23887869311633164,1,0,1,1,1,SEQUENCE,3,HIERARCHICAL
2019-08-07 00:30:00,8515,100.0,futur,0,5.8,0.12165427465390313,52.08031490302685,2,0,0,0,0.3498055493044092,0.8229731885678173,2,1,1,1,0.3498055493044092,0,1,0,0,0,INSTABILITE,1,HIERARCHICAL
2019-08-07 04:15:00,8515,100.0,futur,0,2.6,0.2174587699789896,53.74851942752704,3,1,1,1,0.1896581196581196,1.5567740459916912,1,0,0,0,0.2174587699789896,1,0,1,1,1,SEQUENCE,3,HIERARCHICAL
2019-08-08 00:15:00,8515,100.0,futur,0,14.3,0.2888142654216916,64.57151774273399,4,1,1,0,0.0,0.0,0,0,0,0,0.2888142654216916,1,0,1,1,1,SEQUENCE,3,HIERARCHICAL
2019-08-08 21:00:00,8515,100.0,futur,0,14.0,0.3124560283094636,81.27840452442734,3,1,0,0,0.6992761299435029,1.557401141341221,3,1,1,1,0.6992761299435029,1,0,0,1,1,MIXTE,3,HIERARCHICAL
2019-08-09 16:00:00,8515,100.0,futur,0,24.3,0.04071801939074232,97.86701402058112,0,0,0,0,0.5310850439882697,8.456385733219559,2,1,1,1,0.5310850439882697,0,1,0,0,0,INSTABILITE,1,HIERARCHICAL
2019-08-10 00:45:00,8515,100.0,futur,0,14.7,0.34415602687302865,99.15963998543576,3,1,1,1,0.0,7.840138497510661,0,0,0,0,0.34415602687302865,1,0,1,1,1,SEQUENCE,3,HIERARCHICAL
2019-08-11 14:15:00,8515,100.0,futur,0,22.3,0.5414197287398933,146.28768322323236,4,1,0,0,0.7441016333938293,2.288218600089016,2,1,1,1,0.7441016333938293,1,0,0,1,1,MIXTE,3,HIERARCHICAL
2019-08-12 02:30:00,8515,100.0,futur,0,29.7,0.36996904270563113,164.424510714706,4,1,0,0,0.4052611940298507,3.554733657829725,2,1,1,1,0.4052611940298507,1,0,0,1,1,MIXTE,3,HIERARCHICAL
2019-08-12 23:45:00,8515,100.0,futur,0,16.6,0.3541059622374548,178.20744274450183,4,0,0,0,0.49631155619403977,2.3216008450816683,2,1,1,1,0.49631155619403977,0,1,0,0,0,INSTABILITE,1,HIERARCHICAL
2019-08-13 00:15:00,8515,100.0,futur,0,10.9,0.3712229302028868,178.99934008450447,4,1,1,1,0.04615384615384619,2.201600845081668,0,1,0,0,0.3712229302028868,1,0,1,1,1,SEQUENCE,3,HIERARCHICAL
2019-08-14 01:00:00,8515,100.0,futur,0,10.6,0.2157845509092512,190.911557011923,3,1,1,1,0.0,0.0,0,0,0,0,0.2157845509092512,1,0,1,1,1,SEQUENCE,3,HIERARCHICAL
2019-08-16 15:15:00,8515,100.0,futur,0,26.8,0.1752175425070564,254.95111250557517,2,0,0,0,0.6216067506696581,2.185631417535141,3,1,1,1,0.6216067506696581,0,1,0,0,0,INSTABILITE,1,HIERARCHICAL
2019-08-17 10:30:00,8515,100.0,futur,0,26.4,0.18913111723159826,253.88985788525653,3,1,1,1,0.725,0.49632562568059063,2,0,0,0,0.725,1,0,1,1,1,SEQUENCE,3,HIERARCHICAL
2019-08-19 01:45:00,8515,100.0,futur,0,22.9,0.17760517873164813,274.7067809725554,2,0,0,0,0.31958890051216426,2.6076144405434216,2,1,1,1,0.31958890051216426,0,1,0,0,0,INSTABILITE,1,HIERARCHICAL
2019-08-19 15:00:00,8515,100.0,futur,0,8.8,0.07025666272697358,270.99678097255577,2,0,0,0,0.47969362108194763,2.1590500244496527,4,1,1,1,0.47969362108194763,0,1,0,0,0,INSTABILITE,1,HIERARCHICAL
2019-08-19 23:30:00,8515,100.0,futur,0,8.7,0.25876338084429157,272.07946101523873,4,1,1,1,0.0,0.5600164339168581,0,0,0,0,0.25876338084429157,1,0,1,1,1,SEQUENCE,3,HIERARCHICAL
2019-08-20 05:00:00,8515,100.0,futur,0,2.5,0.4384232077377473,280.23629255281304,4,1,0,0,0.9749999999999999,1.9340108307517803,2,1,1,1,0.9749999999999999,1,0,0,1,0,MIXTE,3,HIERARCHICAL
2019-08-21 01:00:00,8515,100.0,futur,0,0.9,0.15158544406368338,285.481773516813,2,0,0,0,0.8523764934366816,2.9380805265759853,2,1,1,1,0.8523764934366816,0,1,0,0,0,INSTABILITE,1,HIERARCHICAL
2019-08-21 04:30:00,8515,100.0,futur,0,14.7,0.38427200146764245,290.34812540002196,4,1,1,1,0.05704584040747028,4.507391789864167,0,0,0,0,0.38427200146764245,1,0,1,1,1,SEQUENCE,3,HIERARCHICAL
2019-08-22 02:45:00,8515,100.0,futur,0,20.7,0.20940442223180947,305.70907258600215,2,0,0,0,0.772,2.1389853801169587,2,1,1,1,0.772,0,1,0,0,0,INSTABILITE,1,HIERARCHICAL
2019-08-22 06:00:00,8515,100.0,futur,0,30.7,0.3399121719333409,308.15327332056927,4,1,1,1,0.12722116712707182,4.742876812758392,1,0,0,0,0.3399121719333409,1,0,1,1,1,SEQUENCE,3,HIERARCHICAL
2019-08-22 15:45:00,8515,100.0,futur,0,40.5,0.15517652820611982,313.81956890525964,3,1,0,0,0.5771271977180417,5.23399454904116,2,1,1,1,0.5771271977180417,1,0,0,1,0,MIXTE,3,HIERARCHICAL
2019-08-23 07:15:00,8515,100.0,futur,0,28.3,0.414181153378801,314.4585684323109,3,1,1,1,0.2541973254846759,31.26007393388301,1,0,0,0,0.414181153378801,1,0,1,1,1,SEQUENCE,3,HIERARCHICAL
2019-08-23 20:30:00,8515,100.0,futur,0,17.0,0.21724124578188395,325.58272246180246,3,1,1,0,0.0,28.080073933883078,0,0,0,0,0.21724124578188395,1,0,1,1,1,SEQUENCE,3,HIERARCHICAL
2019-08-25 11:30:00,8515,100.0,futur,0,31.6,0.5176357920430226,398.18564750341926,4,1,0,0,0.2672672787896694,21.378443556417693,2,1,1,1,0.5176357920430226,1,0,0,1,1,MIXTE,3,HIERARCHICAL
2019-08-28 10:30:00,8515,100.0,futur,0,37.9,0.47561112981944437,516.1897898593897,4,1,0,0,0.2113780193236715,9.59712016606232,2,1,1,1,0.47561112981944437,1,0,0,1,1,MIXTE,3,HIERARCHICAL
2019-08-30 16:00:00,8515,100.0,futur,0,48.5,0.10731707317073172,591.7465827357447,1,1,0,0,0.3301859046912573,3.5290163548536384,2,1,1,1,0.3301859046912573,1,0,0,1,1,MIXTE,3,HIERARCHICAL
2019-08-30 22:15:00,8515,100.0,futur,1,36.7,0.11325301204819277,589.9965827357435,1,0,0,0,0.0,2.360931844985737,0,0,0,0,0.11325301204819277,0,0,0,0,0,AUCUN,0,HIERARCHICAL
2019-08-31 04:15:00,8515,100.0,futur,0,22.2,0.41443428918456016,595.2029348809232,4,1,1,1,0.0,0.9209318449857355,0,0,0,0,0.41443428918456016,1,0,1,1,1,SEQUENCE,3,HIERARCHICAL
2019-09-01 09:45:00,8515,100.0,futur,1,47.2,0.2601397254811679,659.2852810464647,2,1,0,0,0.0,0.0,0,0,0,0,0.2601397254811679,1,0,0,0,0,HYPO,2,HIERARCHICAL
2019-09-03 06:00:00,8515,100.0,futur,0,27.3,0.49869374028596875,714.747998622785,4,1,0,0,0.5301053271959658,1.8261978863295174,2,1,1,1,0.5301053271959658,1,0,0,1,1,MIXTE,3,HIERARCHICAL
2019-09-04 01:15:00,8515,100.0,futur,0,25.0,0.5073442549123046,746.628697238598,4,1,0,0,0.9749999999999999,2.2107226775816993,2,1,1,1,0.9749999999999999,1,0,0,1,1,MIXTE,3,HIERARCHICAL
2019-09-06 02:45:00,8515,100.0,futur,0,12.2,0.5060278825889554,828.1142889328906,4,1,0,0,0.3243307757885763,5.441758963816008,2,1,1,1,0.5060278825889554,1,0,0,1,1,MIXTE,3,HIERARCHICAL
2019-06-06 12:15:00,8520,100.0,baseline,1,46.9,0.1726252221685161,0.0,2,0,0,0,1.0,0.0,3,0,0,0,1.0,0,0,0,0,0,AUCUN,0,HIERARCHICAL
2019-06-18 12:00:00,8520,100.0,baseline,1,49.4,0.03076923076923077,0.0,1,0,0,0,0.0,0.0,0,0,0,0,0.03076923076923077,0,0,0,0,0,AUCUN,0,HIERARCHICAL
2019-06-20 12:30:00,8520,100.0,baseline,1,50.0,0.0,0.0,0,0,0,0,0.02185535478638321,0.0,0,0,0,0,0.02185535478638321,0,0,0,0,0,AUCUN,0,HIERARCHICAL
2019-07-12 14:45:00,8520,100.0,baseline,1,43.1,0.0,0.0,0,0,0,0,0.4660128071296138,0.0,2,0,0,0,0.4660128071296138,0,0,0,0,0,AUCUN,0,HIERARCHICAL
2019-07-15 13:15:00,8520,100.0,baseline,1,47.9,0.0,0.0,0,0,0,0,0.11505386201782575,0.0,1,0,0,0,0.11505386201782575,0,0,0,0,0,AUCUN,0,HIERARCHICAL
2019-07-18 15:45:00,8520,100.0,baseline,1,47.6,0.1212765782925026,0.0,2,0,0,0,0.48034099859488877,0.0,1,0,0,0,0.48034099859488877,0,0,0,0,0,AUCUN,0,HIERARCHICAL
2019-07-22 16:30:00,8520,100.0,baseline,1,44.4,0.07853248109865224,0.0,2,0,0,0,0.0666666666666667,0.0,1,0,0,0,0.07853248109865224,0,0,0,0,0,AUCUN,0,HIERARCHICAL
2019-07-29 15:30:00,8520,100.0,baseline,1,45.6,0.1032258064516129,0.0,1,0,0,0,0.0,0.0,0,0,0,0,0.1032258064516129,0,0,0,0,0,AUCUN,0,HIERARCHICAL
2019-07-31 18:45:00,8520,100.0,futur,0,34.7,0.047384464585460244,0.0,1,0,0,0,0.869408127502149,2.2376762127661416,3,1,1,1,0.869408127502149,0,1,0,0,0,INSTABILITE,1,HIERARCHICAL
2019-08-01 03:30:00,8520,100.0,futur,0,17.9,0.21040930932644833,2.114207527084429,3,1,1,1,0.4929203354784749,11.144336447553526,2,1,0,0,0.4929203354784749,1,0,1,1,1,SEQUENCE,3,HIERARCHICAL
2019-08-03 03:00:00,8520,100.0,futur,0,11.1,0.30931668884560276,1.48175720713697,4,1,1,1,0.6212703962703962,4.933344797382341,2,0,0,0,0.6212703962703962,1,0,1,1,1,SEQUENCE,3,HIERARCHICAL
2019-08-03 03:30:00,8520,100.0,futur,0,5.6,0.3417532622960463,2.1483891257355987,4,1,0,0,0.7630219780219779,6.389602069521968,2,1,1,1,0.7630219780219779,1,0,0,1,0,MIXTE,3,HIERARCHICAL
2019-08-04 00:45:00,8520,100.0,futur,0,24.3,0.07764314601463072,33.239029819613464,2,1,0,0,0.823931623931624,8.600618221090722,3,1,1,1,0.823931623931624,1,0,0,1,1,MIXTE,3,HIERARCHICAL
2019-08-04 12:30:00,8520,100.0,futur,0,25.9,0.5031094510127667,38.43073986751424,4,1,1,1,0.0,6.338814942402204,0,0,0,0,0.5031094510127667,1,0,1,1,0,SEQUENCE,3,HIERARCHICAL
2019-08-06 05:45:00,8520,100.0,futur,0,14.2,0.09032506568127896,50.95453033743941,2,0,0,0,0.6211221955716157,2.700830297015584,3,1,1,1,0.6211221955716157,0,1,0,0,0,INSTABILITE,1,HIERARCHICAL
2019-08-07 02:45:00,8520,100.0,futur,0,8.0,0.19866406699733538,45.68190724412936,3,0,0,0,0.9000925221799745,3.0064286815816916,3,1,1,1,0.9000925221799745,0,1,0,0,0,INSTABILITE,1,HIERARCHICAL
2019-08-07 12:45:00,8520,100.0,futur,0,30.1,0.201019979797677,46.54616534281835,3,1,1,1,0.0,10.220589715267709,0,0,0,0,0.201019979797677,1,0,1,1,1,SEQUENCE,3,HIERARCHICAL
2019-08-07 23:00:00,8520,100.0,futur,0,18.9,0.055732649128020804,50.765166683573746,0,1,0,0,0.3197084575009411,9.443309336062901,2,1,1,1,0.3197084575009411,1,0,0,1,0,MIXTE,3,HIERARCHICAL
2019-08-08 15:30:00,8520,100.0,futur,0,31.2,0.020241224344940592,46.14516668357373,1,0,0,0,0.8122147314635142,8.924112521799138,3,1,1,1,0.8122147314635142,0,1,0,0,0,INSTABILITE,1,HIERARCHICAL
2019-08-09 01:00:00,8520,100.0,futur,0,14.8,0.36741402454157235,47.3789417559894,4,1,1,1,0.5705705705705704,8.421415486152823,2,0,0,0,0.5705705705705704,1,0,1,1,1,SEQUENCE,3,HIERARCHICAL
2019-08-09 16:00:00,8520,100.0,futur,0,33.3,0.13719896602383605,57.608606559543034,3,1,1,0,0.0,9.423070046915562,0,0,0,0,0.13719896602383605,1,0,1,1,1,SEQUENCE,3,HIERARCHICAL
2019-08-09 19:30:00,8520,100.0,futur,0,37.0,0.03846805400186196,56.764876171235336,0,0,0,0,0.9233231508584008,11.189916455258455,4,1,1,1,0.9233231508584008,0,1,0,0,0,INSTABILITE,1,HIERARCHICAL
2019-08-10 02:45:00,8520,100.0,futur,0,10.1,0.2813623179142158,59.058414069552626,3,1,1,1,0.07717948717948714,11.814589639178704,1,0,0,0,0.2813623179142158,1,0,1,1,0,SEQUENCE,3,HIERARCHICAL
2019-08-11 14:30:00,8520,100.0,futur,0,20.4,0.48255453041034524,99.35250363888775,3,1,0,0,0.5316402107049424,6.77940723805182,2,1,1,1,0.5316402107049424,1,0,0,1,1,MIXTE,3,HIERARCHICAL
2019-08-13 01:30:00,8520,100.0,futur,0,19.1,0.15625358720254579,111.1155844918674,3,1,1,1,0.016109828030240126,1.640194640223763,0,0,0,0,0.15625358720254579,1,0,1,1,1,SEQUENCE,3,HIERARCHICAL
2019-08-14 00:00:00,8520,100.0,futur,0,11.4,0.29332325375523244,117.46684653961833,4,1,1,0,0.18985042735042723,0.5799999999999998,1,0,0,0,0.29332325375523244,1,0,1,1,1,SEQUENCE,3,HIERARCHICAL
2019-08-15 05:30:00,8520,100.0,futur,0,13.9,0.04400478008821822,122.52798260671436,1,0,0,0,0.6935608739919082,1.9971953537628226,2,1,1,1,0.6935608739919082,0,1,0,0,0,INSTABILITE,1,HIERARCHICAL
2019-08-15 11:30:00,8520,100.0,futur,0,37.2,0.17027440597193572,124.05095845864537,3,1,1,1,0.0,1.181368541002568,0,0,0,0,0.17027440597193572,1,0,1,1,1,SEQUENCE,3,HIERARCHICAL
2019-08-16 23:15:00,8520,100.0,futur,0,17.3,0.1080700874106681,139.2611198509247,2,0,0,0,0.46112548337981857,1.578389675708414,2,1,1,1,0.46112548337981857,0,1,0,0,0,INSTABILITE,1,HIERARCHICAL
2019-08-17 12:00:00,8520,100.0,futur,0,23.7,0.34791909492427536,139.82864329285036,3,1,1,1,0.8562985571587126,0.0,3,0,0,0,0.8562985571587126,1,0,1,1,1,SEQUENCE,3,HIERARCHICAL
2019-08-18 06:15:00,8520,100.0,futur,0,19.9,0.14215849892971197,164.6129714947334,3,1,0,0,0.9287842987493313,2.813867477469242,4,1,1,1,0.9287842987493313,1,0,0,1,1,MIXTE,3,HIERARCHICAL
2019-08-19 12:15:00,8520,100.0,futur,1,56.9,0.0,182.59784339257428,0,0,0,0,0.06589082751418773,6.12925273404308,0,0,0,0,0.06589082751418773,0,0,0,0,0,AUCUN,0,HIERARCHICAL
2019-08-19 14:15:00,8520,100.0,futur,0,57.5,0.0,182.03784339257433,0,0,0,0,0.9534699849124507,8.345398296107708,3,1,1,1,0.9534699849124507,0,1,0,0,0,INSTABILITE,1,HIERARCHICAL
2019-08-20 03:45:00,8520,100.0,futur,0,0.0,0.2254499075579117,181.81521200231523,3,0,0,0,0.5656052782558807,11.899118069127708,3,1,1,1,0.5656052782558807,0,1,0,0,0,INSTABILITE,1,HIERARCHICAL
2019-08-20 04:15:00,8520,100.0,futur,0,0.6,0.20761828428546633,182.30007226484338,3,1,1,1,0.274,12.357689497699136,1,1,0,0,0.274,1,0,1,1,1,SEQUENCE,3,HIERARCHICAL
2019-08-20 09:30:00,8520,100.0,futur,1,38.8,0.36670150947424185,188.7028131303524,4,1,0,0,0.0782619315668851,11.097689497699125,1,0,0,0,0.36670150947424185,1,0,0,0,0,HYPO,2,HIERARCHICAL
2019-08-21 03:15:00,8520,100.0,futur,0,1.6,0.17063915641921482,190.52014086419,3,1,1,0,0.04262820512820513,7.2448494976991045,0,0,0,0,0.17063915641921482,1,0,1,1,1,SEQUENCE,3,HIERARCHICAL
2019-08-21 05:30:00,8520,100.0,futur,0,13.8,0.18732417254006495,191.70569349509515,3,1,0,0,0.24035861258083469,8.79562225169408,2,1,1,1,0.24035861258083469,1,0,0,1,0,MIXTE,3,HIERARCHICAL
2019-08-22 07:15:00,8520,100.0,futur,0,26.6,0.25804757422086283,221.08004305966716,3,1,1,1,0.0,7.526417841321322,0,0,0,0,0.25804757422086283,1,0,1,1,1,SEQUENCE,3,HIERARCHICAL
2019-08-22 13:15:00,8520,100.0,futur,0,44.2,0.20883266200098594,220.42832374547604,2,0,0,0,1.0,10.97090059994202,3,1,1,1,1.0,0,1,0,0,0,INSTABILITE,1,HIERARCHICAL
2019-08-23 01:00:00,8520,100.0,futur,0,12.2,0.2808052873407906,221.8427486954516,4,1,1,0,0.8730359291024672,16.582754944555703,2,1,1,0,0.8730359291024672,1,0,1,1,1,SEQUENCE,3,HIERARCHICAL
2019-08-23 17:45:00,8520,100.0,futur,0,40.0,0.20118931247963506,222.35174167115812,2,0,0,0,0.18519242828601004,14.066047063012228,2,1,1,1,0.20118931247963506,0,1,0,0,0,INSTABILITE,1,HIERARCHICAL
2019-08-24 02:30:00,8520,100.0,futur,0,13.7,0.27038403348685675,223.06023242047343,4,1,1,1,0.0013643178410794763,12.14759160440285,0,0,0,0,0.27038403348685675,1,0,1,1,1,SEQUENCE,3,HIERARCHICAL
2019-08-25 09:00:00,8520,100.0,futur,0,12.2,0.0,255.5407618127195,0,0,0,0,0.43817833010661356,13.65253300989379,3,1,1,1,0.43817833010661356,0,1,0,0,0,INSTABILITE,1,HIERARCHICAL
2019-08-25 15:30:00,8520,100.0,futur,0,4.8,0.39241649115564997,259.907959297378,3,1,1,1,0.0,12.94138182238477,0,0,0,0,0.39241649115564997,1,0,1,1,1,SEQUENCE,3,HIERARCHICAL
2019-08-26 03:15:00,8520,100.0,futur,0,19.7,0.2819000016192842,275.72328520013707,3,1,0,0,0.6223162237302322,18.94136774130637,2,1,1,1,0.6223162237302322,1,0,0,1,0,MIXTE,3,HIERARCHICAL
2019-08-27 22:00:00,8520,100.0,futur,0,3.2,0.31576920375201456,328.5470367983511,3,1,0,0,0.7238414819313695,21.23197447809891,3,1,1,1,0.7238414819313695,1,0,0,1,1,MIXTE,3,HIERARCHICAL
2019-08-28 12:15:00,8520,100.0,futur,0,27.2,0.3998639328119684,331.87982877374907,3,1,1,1,0.2741869005339325,21.597497773251014,3,0,0,0,0.3998639328119684,1,0,1,1,1,SEQUENCE,3,HIERARCHICAL
2019-08-29 00:15:00,8520,100.0,futur,0,10.5,0.032470588235294126,338.4823141986632,1,0,0,0,0.8025167785234898,21.31755070885834,3,1,1,1,0.8025167785234898,0,1,0,0,0,INSTABILITE,1,HIERARCHICAL
2019-08-29 06:45:00,8520,100.0,futur,0,9.7,0.17619330629790292,338.9862071721682,3,1,1,0,0.1328125,22.66150135777968,1,0,0,0,0.17619330629790292,1,0,1,1,1,SEQUENCE,3,HIERARCHICAL
2019-08-31 00:15:00,8520,100.0,futur,0,12.5,0.0,363.5583220230921,0,0,0,0,0.7868143459915612,19.31918892394095,3,1,1,1,0.7868143459915612,0,1,0,0,0,INSTABILITE,1,HIERARCHICAL
2019-08-31 10:45:00,8520,100.0,futur,0,30.2,0.28991104229150766,364.563300366168,4,1,1,1,0.0,26.26234299969679,0,0,0,0,0.28991104229150766,1,0,1,1,1,SEQUENCE,3,HIERARCHICAL
2019-09-01 03:30:00,8520,100.0,futur,0,12.7,0.030597014925373145,381.7065065015605,1,0,0,0,0.28835658914728673,23.411540293230683,2,1,1,1,0.28835658914728673,0,1,0,0,0,INSTABILITE,1,HIERARCHICAL
2019-09-01 10:30:00,8520,100.0,futur,0,30.5,0.4586828882792698,384.54827932615996,4,1,1,0,0.07288343558282209,24.88430040025013,1,0,0,0,0.4586828882792698,1,0,1,1,1,SEQUENCE,3,HIERARCHICAL
2019-09-03 00:45:00,8520,100.0,futur,0,19.0,0.10157161556314345,438.69160371007706,3,1,0,0,0.8149719653389645,19.254512258569992,3,1,1,1,0.8149719653389645,1,0,0,1,1,MIXTE,3,HIERARCHICAL
2019-09-04 15:30:00,8520,100.0,futur,0,25.0,0.4490372187374978,473.329992201475,3,1,0,0,0.3687934229504414,25.251248062922315,2,1,1,1,0.4490372187374978,1,0,0,1,1,MIXTE,3,HIERARCHICAL
2019-09-05 11:00:00,8520,100.0,futur,0,16.7,0.503270646236848,483.9648545485981,4,1,1,1,0.006478770131771594,26.055303333129533,0,0,0,0,0.503270646236848,1,0,1,1,1,SEQUENCE,3,HIERARCHICAL
2019-09-06 02:00:00,8520,100.0,futur,0,10.2,0.20449992575747522,506.00497435205466,4,1,0,0,0.3633333333333333,23.973393497229075,2,1,1,1,0.3633333333333333,1,0,0,1,1,MIXTE,3,HIERARCHICAL
2019-06-17 18:30:00,8525,100.0,baseline,1,39.7,0.1614475204140965,0.0,2,0,0,0,0.06291841004184102,0.0,1,0,0,0,0.1614475204140965,0,0,0,0,0,AUCUN,0,HIERARCHICAL
2019-07-26 19:00:00,8525,100.0,baseline,1,46.6,0.14285714285714288,0.0,1,0,0,0,0.0,0.0,0,0,0,0,0.14285714285714288,0,0,0,0,0,AUCUN,0,HIERARCHICAL
2019-07-29 06:00:00,8525,100.0,futur,0,19.7,0.3988073640374541,3.220775232180869,4,1,1,1,0.002747252747252771,0.4964044527206036,0,0,0,0,0.3988073640374541,1,0,0,1,1,HYPO,2,HIERARCHICAL
2019-07-31 06:15:00,8525,100.0,futur,0,21.1,0.1760072435279015,16.429443340941422,3,1,1,1,0.0,0.0,0,0,0,0,0.1760072435279015,1,0,0,1,1,HYPO,2,HIERARCHICAL
2019-08-01 20:30:00,8525,100.0,futur,0,34.8,0.07751122439226153,37.49753970776136,1,0,0,0,0.822508398656215,3.805973692718853,3,1,1,1,0.822508398656215,0,1,0,0,0,INSTABILITE,1,HIERARCHICAL
2019-08-03 05:45:00,8525,100.0,futur,0,33.7,0.17184467544331578,33.13082073075796,3,1,1,1,0.02580645161290325,64.5935370374511,0,0,0,0,0.17184467544331578,1,0,1,1,1,SEQUENCE,3,HIERARCHICAL
2019-08-04 01:15:00,8525,100.0,futur,0,17.5,0.05415472779369627,29.512933535784015,1,0,0,0,0.3180250414158482,60.95152041055397,3,1,1,1,0.3180250414158482,0,1,0,0,0,INSTABILITE,1,HIERARCHICAL
2019-08-04 12:30:00,8525,100.0,futur,0,35.5,0.22617944989705124,29.679494434331392,3,1,1,1,0.0,65.17080033084264,0,0,0,0,0.22617944989705124,1,0,1,1,1,SEQUENCE,3,HIERARCHICAL
2019-08-05 23:00:00,8525,100.0,futur,0,29.0,0.24799344313920008,51.569814174770976,3,1,1,1,0.04540919546238696,58.50873227621281,1,0,0,0,0.24799344313920008,1,0,1,1,1,SEQUENCE,3,HIERARCHICAL
2019-08-06 03:45:00,8525,100.0,futur,0,38.1,0.3214136974397021,56.696462235270246,4,1,0,0,1.0,61.24360058439177,3,1,1,1,1.0,1,0,0,1,0,MIXTE,3,HIERARCHICAL
2019-08-07 07:15:00,8525,100.0,futur,0,26.2,0.06590434773107223,67.3368751420211,1,0,0,0,0.8722384003106193,68.15912298356294,3,1,1,1,0.8722384003106193,0,1,0,0,0,INSTABILITE,1,HIERARCHICAL
2019-08-07 19:30:00,8525,100.0,futur,0,40.2,0.22274775786171666,67.45913046799762,3,1,1,1,0.6812686067226033,67.82782644129774,2,0,0,0,0.6812686067226033,1,0,1,1,1,SEQUENCE,3,HIERARCHICAL
2019-08-07 21:15:00,8525,100.0,futur,0,36.1,0.26377773369213187,70.0803885888565,3,1,0,0,0.6747689247689248,70.03359755304697,3,1,1,1,0.6747689247689248,1,0,0,1,0,MIXTE,3,HIERARCHICAL
2019-08-08 12:30:00,8525,100.0,futur,0,19.5,0.43192133654739595,88.86138325695723,4,1,0,0,0.38453994309613293,76.0225116335395,3,1,1,1,0.43192133654739595,1,0,0,1,1,MIXTE,3,HIERARCHICAL
2019-08-10 06:00:00,8525,100.0,futur,0,31.8,0.28763608383338757,117.32349902486098,3,1,1,1,0.0,71.64607955572919,0,0,0,0,0.28763608383338757,1,0,1,1,1,SEQUENCE,3,HIERARCHICAL
2019-08-16 16:30:00,8525,100.0,futur,0,25.5,0.8426348694398679,110.51619155708485,4,1,1,1,0.07678181818181826,34.56607955572778,0,0,0,0,0.8426348694398679,1,0,0,1,1,HYPO,2,HIERARCHICAL
2019-08-16 18:00:00,8525,100.0,futur,0,38.9,0.6520256808507251,114.63083464959351,4,1,0,0,0.8433887158186223,37.32029259631349,3,1,1,1,0.8433887158186223,1,0,0,1,0,MIXTE,3,HIERARCHICAL
2019-08-17 10:15:00,8525,100.0,futur,0,40.6,0.2369546185074915,120.78873425106202,3,0,0,0,1.0,56.14259445113165,3,1,1,1,1.0,0,1,0,0,0,INSTABILITE,1,HIERARCHICAL
2019-08-17 11:15:00,8525,100.0,futur,0,40.2,0.25142648199214507,121.50026251109307,3,1,1,0,1.0,59.92571463181928,3,1,0,0,1.0,1,0,1,1,1,SEQUENCE,3,HIERARCHICAL
2019-08-18 01:15:00,8525,100.0,futur,0,41.9,0.1449169459488227,130.26828959210985,3,1,0,0,0.5807066351370148,73.69188624747802,3,1,1,1,0.5807066351370148,1,0,0,1,1,MIXTE,3,HIERARCHICAL
2019-08-18 19:30:00,8525,100.0,futur,0,15.7,0.29943373484156116,151.34735761067267,4,1,0,0,0.4167592592592592,74.72034712670295,2,1,1,1,0.4167592592592592,1,0,0,1,1,MIXTE,3,HIERARCHICAL
2019-08-20 00:00:00,8525,100.0,futur,0,32.0,0.10396137685766249,147.92930025696185,2,0,0,0,0.4814672075726843,75.34290300059425,2,1,1,1,0.4814672075726843,0,1,0,0,0,INSTABILITE,1,HIERARCHICAL
2019-08-20 06:30:00,8525,100.0,futur,0,24.9,0.2332895821633882,148.37219364565823,3,1,1,1,0.20638612009552026,77.24951040860435,2,0,0,0,0.2332895821633882,1,0,1,1,1,SEQUENCE,3,HIERARCHICAL
2019-08-20 14:45:00,8525,100.0,futur,0,18.2,0.3315757131983606,161.20634212975193,4,1,0,0,0.3726066066066066,78.5899640880669,3,1,1,1,0.3726066066066066,1,0,0,1,0,MIXTE,3,HIERARCHICAL
2019-08-21 07:45:00,8525,100.0,futur,0,27.0,0.1441119731096347,160.95077516302666,3,1,1,1,0.75,74.73853352405783,2,0,0,0,0.75,1,0,1,1,1,SEQUENCE,3,HIERARCHICAL
2019-08-22 00:30:00,8525,100.0,futur,0,21.8,0.23321160639860278,180.67088297222475,3,1,0,0,1.0,74.20339765877277,3,1,1,1,1.0,1,0,0,1,1,MIXTE,3,HIERARCHICAL
2019-08-22 16:15:00,8525,100.0,futur,0,15.0,0.3062866641396538,180.2979899709647,3,1,1,1,0.2221432799079665,83.73733777542888,1,0,0,0,0.3062866641396538,1,0,1,1,1,SEQUENCE,3,HIERARCHICAL
2019-08-28 04:45:00,8525,100.0,futur,0,24.0,0.22826656447206256,387.8636731827122,4,1,0,0,0.8532947732614953,59.532350543853376,3,1,1,1,0.8532947732614953,1,0,0,1,1,MIXTE,3,HIERARCHICAL
2019-08-28 23:30:00,8525,100.0,futur,0,20.4,0.43637934282943286,403.200777704182,4,1,0,0,1.0,60.023476403256836,3,1,1,1,1.0,1,0,0,1,1,MIXTE,3,HIERARCHICAL
2019-08-31 02:15:00,8525,100.0,futur,0,36.1,0.45911276875018747,477.61668513125653,3,1,1,1,0.0,54.44645909115165,0,0,0,0,0.45911276875018747,1,0,1,1,1,SEQUENCE,3,HIERARCHICAL
2019-09-01 04:15:00,8525,100.0,futur,0,11.6,0.4970676118466283,527.3119068311231,4,1,0,0,0.7622340425531914,52.03198672837255,2,1,1,1,0.7622340425531914,1,0,0,1,1,MIXTE,3,HIERARCHICAL
2019-09-05 05:00:00,8525,100.0,futur,0,10.2,0.5563645336044611,702.8958809156718,4,1,0,0,0.9749999999999999,46.94925625456592,2,1,1,1,0.9749999999999999,1,0,0,1,1,MIXTE,3,HIERARCHICAL
2019-06-09 21:00:00,8536,100.0,baseline,1,44.8,0.2764482862140263,0.0,3,0,0,0,0.09624367683989796,0.0,1,0,0,0,0.2764482862140263,0,0,0,0,0,AUCUN,0,HIERARCHICAL
2019-06-13 19:15:00,8536,100.0,baseline,1,47.6,0.14190551958848296,0.0,1,0,0,0,0.0,0.0,0,0,0,0,0.14190551958848296,0,0,0,0,0,AUCUN,0,HIERARCHICAL
2019-06-17 19:00:00,8536,100.0,baseline,1,47.8,0.1,0.0,1,0,0,0,0.03810325476992138,0.0,0,0,0,0,0.1,0,0,0,0,0,AUCUN,0,HIERARCHICAL
2019-06-21 11:00:00,8536,100.0,baseline,1,46.7,0.16286119682942624,0.0,3,0,0,0,0.28888888888888886,0.0,1,0,0,0,0.28888888888888886,0,0,0,0,0,AUCUN,0,HIERARCHICAL
2019-06-25 11:00:00,8536,100.0,baseline,1,58.8,0.0283788784379295,0.0,1,0,0,0,0.07865028490028497,0.0,1,0,0,0,0.07865028490028497,0,0,0,0,0,AUCUN,0,HIERARCHICAL
2019-06-26 11:00:00,8536,100.0,baseline,1,48.0,0.07539529373210835,0.0,1,0,0,0,0.1424788232863991,0.0,2,0,0,0,0.1424788232863991,0,0,0,0,0,AUCUN,0,HIERARCHICAL
2019-06-27 12:15:00,8536,100.0,baseline,1,47.9,0.12421249412887612,0.0,1,0,0,0,0.0,0.0,0,0,0,0,0.12421249412887612,0,0,0,0,0,AUCUN,0,HIERARCHICAL
2019-07-17 16:45:00,8536,100.0,baseline,1,44.1,0.24232095782192,0.0,3,0,0,0,0.09502634670683249,0.0,1,0,0,0,0.24232095782192,0,0,0,0,0,AUCUN,0,HIERARCHICAL
2019-07-18 16:30:00,8536,100.0,baseline,1,44.7,0.12887153382088515,0.0,2,0,0,0,0.38124866934507656,0.0,3,0,0,0,0.38124866934507656,0,0,0,0,0,AUCUN,0,HIERARCHICAL
2019-07-31 09:45:00,8536,100.0,futur,0,31.8,0.2925357940797199,2.6663817778802614,4,1,1,1,0.039991728701406104,0.0,0,0,0,0,0.2925357940797199,1,0,0,1,1,HYPO,2,HIERARCHICAL
2019-07-31 15:00:00,8536,100.0,futur,0,16.2,0.22198095310599464,4.3321190562257605,3,1,0,0,0.759961975243021,2.3098069133665557,3,1,1,1,0.759961975243021,1,0,0,1,0,MIXTE,3,HIERARCHICAL
2019-08-02 07:15:00,8536,100.0,futur,0,7.7,0.06226196029935168,9.60803011719436,1,0,0,0,0.5250902256623502,1.5060122271945664,4,1,1,1,0.5250902256623502,0,1,0,0,0,INSTABILITE,1,HIERARCHICAL
2019-08-02 15:45:00,8536,100.0,futur,0,17.3,0.1462190547029302,9.95133054961261,4,1,1,1,0.058908288744954435,0.0,0,0,0,0,0.1462190547029302,1,0,1,1,1,SEQUENCE,3,HIERARCHICAL
2019-08-03 00:15:00,8536,100.0,futur,0,20.3,0.154439519336317,7.811804620757046,2,0,0,0,0.7171874999999999,2.1312084257754518,2,1,1,1,0.7171874999999999,0,1,0,0,0,INSTABILITE,1,HIERARCHICAL
2019-08-03 08:30:00,8536,100.0,futur,0,20.1,0.14632082107565955,7.5803194186663525,3,1,1,0,0.0411764705882353,3.1839127998568717,0,0,0,0,0.14632082107565955,1,0,1,1,1,SEQUENCE,3,HIERARCHICAL
2019-08-05 05:15:00,8536,100.0,futur,0,27.5,0.2405265986759696,23.51041477640093,4,0,0,0,0.5591390782402343,2.002831891814757,3,1,1,1,0.5591390782402343,0,1,0,0,0,INSTABILITE,1,HIERARCHICAL
2019-08-05 05:45:00,8536,100.0,futur,0,22.6,0.25218752590410914,23.992566731399894,4,1,1,1,0.4283896469568984,2.7988897610863717,3,1,0,0,0.4283896469568984,1,0,1,1,1,SEQUENCE,3,HIERARCHICAL
2019-08-06 03:15:00,8536,100.0,futur,0,0.7,0.009712614708063805,44.71817184781468,0,0,0,0,0.5911781343025023,1.2831925003215048,2,1,1,1,0.5911781343025023,0,1,0,0,0,INSTABILITE,1,HIERARCHICAL
2019-08-08 00:00:00,8536,100.0,futur,0,26.2,0.03492063492063493,33.863550217517485,1,0,0,0,0.34586421048853094,1.149483639554173,2,1,1,1,0.34586421048853094,0,1,0,0,0,INSTABILITE,1,HIERARCHICAL
2019-08-08 07:45:00,8536,100.0,futur,0,14.5,0.2847417283481492,34.850156605945074,4,1,1,1,0.04317085232648151,5.0207547350999135,1,0,0,0,0.2847417283481492,1,0,1,1,1,SEQUENCE,3,HIERARCHICAL
2019-08-08 15:30:00,8536,100.0,futur,0,35.3,0.1989101622904361,39.90113932959227,3,1,0,0,0.7125551655276106,5.4260683787035635,4,1,1,1,0.7125551655276106,1,0,0,1,0,MIXTE,3,HIERARCHICAL
2019-08-10 12:00:00,8536,100.0,futur,0,23.6,0.46068762754027837,49.280682475093094,4,1,1,1,0.07278446389496718,0.0,1,0,0,0,0.46068762754027837,1,0,1,1,1,SEQUENCE,3,HIERARCHICAL
2019-08-11 14:45:00,8536,100.0,futur,0,22.3,0.4005132810690878,87.56999635942857,4,1,0,0,0.21241378176513334,1.5508338772854118,3,1,1,1,0.4005132810690878,1,0,0,1,1,MIXTE,3,HIERARCHICAL
2019-08-12 11:00:00,8536,100.0,futur,0,42.9,0.04756970750901821,99.64255992758561,2,0,0,0,0.3972690148034711,4.361582595353236,2,1,1,1,0.3972690148034711,0,1,0,0,0,INSTABILITE,1,HIERARCHICAL
2019-08-13 01:30:00,8536,100.0,futur,0,10.1,0.35990182859057335,102.01670274185359,4,1,1,1,0.0,0.8815825953532359,0,0,0,0,0.35990182859057335,1,0,1,1,1,SEQUENCE,3,HIERARCHICAL
2019-08-13 03:45:00,8536,100.0,futur,0,21.5,0.36957393701114616,107.26038589779421,4,1,0,0,0.26181404879298203,1.7306726129616612,2,1,1,1,0.36957393701114616,1,0,0,1,0,MIXTE,3,HIERARCHICAL
2019-08-16 07:30:00,8536,100.0,futur,0,31.2,0.2334857973286831,136.8496239619074,4,1,1,1,0.0,0.0,0,0,0,0,0.2334857973286831,1,0,0,1,1,HYPO,2,HIERARCHICAL
2019-08-17 12:00:00,8536,100.0,futur,0,17.5,0.5688419169649144,138.27379832089966,4,1,1,1,0.0,0.0,0,0,0,0,0.5688419169649144,1,0,0,1,1,HYPO,2,HIERARCHICAL
2019-08-18 10:00:00,8536,100.0,futur,0,22.8,0.2866287407566607,166.1789590940234,4,1,1,0,0.0,0.0,0,0,0,0,0.2866287407566607,1,0,0,1,1,HYPO,2,HIERARCHICAL
2019-08-20 02:45:00,8536,100.0,futur,0,24.2,0.15201230688831036,173.23138270939378,4,1,1,1,0.0,0.0,0,0,0,0,0.15201230688831036,1,0,0,1,1,HYPO,2,HIERARCHICAL
2019-08-21 09:30:00,8536,100.0,futur,0,27.0,0.48973009940213597,174.67800313240573,4,1,1,1,0.0,0.0,0,0,0,0,0.48973009940213597,1,0,0,1,1,HYPO,2,HIERARCHICAL
2019-08-22 12:30:00,8536,100.0,futur,0,11.1,0.4689166717137515,209.37235078686717,4,1,1,1,0.0,0.0,0,0,0,0,0.4689166717137515,1,0,0,1,1,HYPO,2,HIERARCHICAL
2019-08-23 03:45:00,8536,100.0,futur,0,2.2,0.12397688545811666,221.32438406025395,2,0,0,0,0.2777629590112919,1.5736730937258403,2,1,1,1,0.2777629590112919,0,1,0,0,0,INSTABILITE,1,HIERARCHICAL
2019-08-24 05:00:00,8536,100.0,futur,0,15.6,0.1381328637081514,216.80020623011185,2,0,0,0,0.7079194476409665,1.400226397447916,2,1,1,1,0.7079194476409665,0,1,0,0,0,INSTABILITE,1,HIERARCHICAL
2019-08-24 12:00:00,8536,100.0,futur,0,29.9,0.5249664857444949,221.5546546310917,4,1,1,1,0.15673055157322865,0.0,1,0,0,0,0.5249664857444949,1,0,1,1,1,SEQUENCE,3,HIERARCHICAL
2019-08-25 12:30:00,8536,100.0,futur,0,18.8,0.4269001309500716,245.84508288873948,4,1,1,1,0.11307019094766618,0.0,1,0,0,0,0.4269001309500716,1,0,1,1,1,SEQUENCE,3,HIERARCHICAL
2019-08-26 17:15:00,8536,100.0,futur,1,45.5,0.10731707317073172,251.9965179873709,1,0,0,0,0.06820388349514558,0.0,0,0,0,0,0.10731707317073172,0,0,0,0,0,AUCUN,0,HIERARCHICAL
2019-08-27 02:30:00,8536,100.0,futur,0,25.6,0.23629989660811218,249.6970928990546,3,0,0,0,0.5741973187439241,2.056091736817751,2,1,1,1,0.5741973187439241,0,1,0,0,0,INSTABILITE,1,HIERARCHICAL
2019-08-27 05:00:00,8536,100.0,futur,0,10.0,0.4471534620478588,252.74424866417334,4,1,1,1,0.0,1.4560917368177506,0,0,0,0,0.4471534620478588,1,0,1,1,1,SEQUENCE,3,HIERARCHICAL
2019-08-28 12:45:00,8536,100.0,futur,0,0.4,0.33438471064734404,296.2262647397021,4,1,1,1,0.0,0.0,0,0,0,0,0.33438471064734404,1,0,1,1,1,SEQUENCE,3,HIERARCHICAL
2019-08-28 22:45:00,8536,100.0,futur,0,23.6,0.051269209014232854,303.3732798430653,1,1,0,0,0.2870614963115999,0.9977765429598886,3,1,1,1,0.2870614963115999,1,0,0,1,0,MIXTE,3,HIERARCHICAL
2019-08-29 09:45:00,8536,100.0,futur,0,11.9,0.15818925386913996,302.6877204546367,3,1,1,0,0.10255785627283805,1.9911129418551705,1,0,0,0,0.15818925386913996,1,0,1,1,1,SEQUENCE,3,HIERARCHICAL
2019-08-31 12:45:00,8536,100.0,futur,0,11.1,0.38045560471199336,329.6223269134022,3,1,1,1,0.5056595744680851,0.0,2,0,0,0,0.5056595744680851,1,0,1,1,1,SEQUENCE,3,HIERARCHICAL
2019-08-31 15:30:00,8536,100.0,futur,0,9.1,0.6082831248548857,336.8643580742085,4,1,0,0,0.406569140942603,1.9092755892734892,2,1,1,1,0.6082831248548857,1,0,0,1,0,MIXTE,3,HIERARCHICAL
2019-09-01 10:00:00,8536,100.0,futur,0,23.7,0.4153253211909107,363.3075472020267,4,1,0,0,0.21853393783512792,1.5605292359354312,2,1,1,1,0.4153253211909107,1,0,0,1,1,MIXTE,3,HIERARCHICAL
2019-09-02 12:15:00,8536,100.0,futur,0,13.2,0.3514189605718354,385.2650521989863,4,1,1,1,0.2804651162790697,0.06083153680320308,1,0,0,0,0.3514189605718354,1,0,1,1,1,SEQUENCE,3,HIERARCHICAL
2019-09-03 06:15:00,8536,100.0,futur,0,27.7,0.16244276909903427,396.7512010893548,3,0,0,0,0.8156357672775969,1.4341007958957284,4,1,1,1,0.8156357672775969,0,1,0,0,0,INSTABILITE,1,HIERARCHICAL
2019-09-03 10:15:00,8536,100.0,futur,0,13.1,0.20879136563707676,397.00869990770553,3,1,1,0,0.4080059515320917,4.591276502435222,3,0,0,0,0.4080059515320917,1,0,1,1,1,SEQUENCE,3,HIERARCHICAL
2019-09-04 07:30:00,8536,100.0,futur,0,19.3,0.2111057117751509,409.8245521353887,3,1,1,1,0.011617435158501466,2.5104974231774766,0,0,0,0,0.2111057117751509,1,0,1,1,1,SEQUENCE,3,HIERARCHICAL
2019-09-05 06:30:00,8536,100.0,futur,0,30.4,0.1572280264653512,425.39675661781826,3,0,0,0,0.3611849356060438,0.8085379395765979,3,1,1,1,0.3611849356060438,0,1,0,0,0,INSTABILITE,1,HIERARCHICAL
2019-09-05 07:45:00,8536,100.0,futur,0,26.0,0.17070485448448122,426.28810968858676,3,1,1,1,0.5505229776343608,1.613130176965887,3,1,0,0,0.5505229776343608,1,0,1,1,1,SEQUENCE,3,HIERARCHICAL
