season,Cow,T,Day,notif_lameness,lame_confidence,coverage_pct,herd_n_cows_at_T,herd_context_valid,Steps_sum,Steps_sum_herd_median,Steps_sum_herd_z,Steps_sum_vs_herd_pct,Motion Index_sum,Motion Index_sum_herd_median,Motion Index_sum_herd_z,Motion Index_sum_vs_herd_pct,Lying Time_sum,Lying Time_sum_herd_median,Lying Time_sum_herd_z,Lying Time_sum_vs_herd_pct,Transitions_sum,Transitions_sum_herd_median,Transitions_sum_herd_z,Transitions_sum_vs_herd_pct,herd_alerted_cows_3d,herd_alerted_frac_3d,herd_alerted_cows_7d,herd_alerted_frac_7d,collective_event_flag,herd_hypoactivity_signal,herd_posture_shift_signal,herd_specific_signal,reinforced_confidence_level,reinforced_interpretation
fall_2019,2041,2019-11-12 12:15:00,2019-11-12,1,47.1,100.0,30,True,21,12.5,1.0423948101001925,68.0,59,29.0,2.023472278429786,103.44827586206897,1.2833333333333332,0.8666666666666667,0.32427440359451676,48.07692307692306,10,1.5,3.822114303700706,566.6666666666666,9,0.3,13,0.43333333333333335,True,False,False,False,C_probable_evenement_collectif,"Alerte en contexte collectif: interpretation clinique prudente; verifier gestion, meteo, protocole ou evenement de troupeau."
fall_2019,2041,2019-11-15 08:30:00,2019-11-15,1,42.4,100.0,30,True,11,5.5,0.8243775949158386,100.0,20,20.0,0.0,0.0,0.0,7.991666666666667,-1.0500594778215178,-100.0,0,1.5,-0.6744907594765952,-100.0,8,0.26666666666666666,14,0.4666666666666667,False,False,False,False,B_individuelle_a_verifier,"Alerte individuelle a verifier: signal pipeline conserve, mais support troupeau moins net ou confidence moderee."
fall_2019,2041,2019-11-18 11:15:00,2019-11-18,1,58.7,100.0,30,True,8,5.0,0.40469445568595713,60.0,28,14.0,0.9939863823865613,100.0,0.6166666666666667,2.341666666666667,-0.4968668584044669,-73.66548042704626,8,0.0,,,5,0.16666666666666666,12,0.4,False,False,False,False,B_individuelle_a_verifier,"Alerte individuelle a verifier: signal pipeline conserve, mais support troupeau moins net ou confidence moderee."
fall_2019,2041,2019-11-21 12:00:00,2019-11-21,1,48.4,100.0,29,True,0,1.0,-0.6744907594765952,-100.0,0,16.0,-0.7194568101083683,-100.0,15.0,12.7,0.6744907594765952,18.110236220472448,0,0.0,,,7,0.23333333333333334,17,0.5666666666666667,True,False,False,False,C_probable_evenement_collectif,"Alerte en contexte collectif: interpretation clinique prudente; verifier gestion, meteo, protocole ou evenement de troupeau."
fall_2019,2041,2019-11-25 11:15:00,2019-11-25,1,51.5,100.0,29,True,7,8.0,-0.1686226898691488,-12.5,11,15.0,-0.44966050631773014,-26.666666666666668,0.0,0.8833333333333333,-0.6744907594765952,-100.0,0,2.0,-0.6744907594765952,-100.0,9,0.3,16,0.5333333333333333,True,False,False,False,C_probable_evenement_collectif,"Alerte en contexte collectif: interpretation clinique prudente; verifier gestion, meteo, protocole ou evenement de troupeau."
fall_2019,2057,2019-11-12 11:45:00,2019-11-12,1,50.0,100.0,30,True,86,27.0,1.4738872151525597,218.5185185185185,745,257.5,1.2769485252226802,189.32038834951456,1.0166666666666666,1.8583333333333334,-0.3124934252620923,-45.29147982062781,10,2.0,2.697963037906381,400.0,9,0.3,13,0.43333333333333335,True,False,False,False,C_probable_evenement_collectif,"Alerte en contexte collectif: interpretation clinique prudente; verifier gestion, meteo, protocole ou evenement de troupeau."
fall_2019,2057,2019-11-23 17:15:00,2019-11-23,1,47.1,100.0,29,True,41,12.0,3.260038670803543,241.66666666666666,95,20.0,3.8912928431342033,375.0,0.1,0.1,0.0,0.0,3,1.0,1.3489815189531904,200.0,3,0.1,14,0.4666666666666667,False,False,False,False,B_individuelle_a_verifier,"Alerte individuelle a verifier: signal pipeline conserve, mais support troupeau moins net ou confidence moderee."
fall_2019,2057,2019-11-24 16:15:00,2019-11-24,1,47.0,100.0,29,True,43,5.0,5.126129772022124,760.0,93,9.0,7.0821529745042495,933.3333333333334,0.8666666666666667,0.8666666666666667,0.0,0.0,23,0.0,,,7,0.23333333333333334,14,0.4666666666666667,False,False,False,False,B_individuelle_a_verifier,"Alerte individuelle a verifier: signal pipeline conserve, mais support troupeau moins net ou confidence moderee."
fall_2019,2057,2019-11-28 11:15:00,2019-11-28,1,50.2,100.0,30,True,18,6.5,1.292773955663474,176.92307692307693,15,14.0,0.0749434177196217,7.142857142857143,1.0166666666666666,0.7833333333333333,0.20091214112068786,29.787234042553187,5,0.5,6.070416835289357,900.0,7,0.23333333333333334,14,0.4666666666666667,False,False,False,False,B_individuelle_a_verifier,"Alerte individuelle a verifier: signal pipeline conserve, mais support troupeau moins net ou confidence moderee."
fall_2019,2062,2019-11-18 07:45:00,2019-11-18,1,45.4,100.0,30,True,2,0.0,,,10,14.5,-0.3372453797382976,-31.03448275862069,1.65,14.433333333333334,-10.0,-88.56812933025404,20,0.0,,,5,0.16666666666666666,11,0.36666666666666664,False,False,False,False,B_individuelle_a_verifier,"Alerte individuelle a verifier: signal pipeline conserve, mais support troupeau moins net ou confidence moderee."
fall_2019,2062,2019-11-19 11:15:00,2019-11-19,1,59.9,100.0,30,True,7,7.5,-0.0749434177196217,-6.666666666666667,6,15.5,-0.8543549620036873,-61.29032258064516,1.8333333333333337,0.27499999999999997,3.8221143037007077,566.6666666666669,10,1.0,6.070416835289357,900.0,9,0.3,12,0.4,True,False,True,True,C_probable_evenement_collectif,"Alerte en contexte collectif: interpretation clinique prudente; verifier gestion, meteo, protocole ou evenement de troupeau."
fall_2019,2062,2019-11-21 11:45:00,2019-11-21,1,57.9,100.0,29,True,0,5.0,-0.6744907594765952,-100.0,0,17.0,-0.9555285759251765,-100.0,15.0,4.966666666666667,1.3625618698151352,202.01342281879195,0,1.0,-0.6744907594765952,-100.0,6,0.2,17,0.5666666666666667,True,False,True,True,C_probable_evenement_collectif,"Alerte en contexte collectif: interpretation clinique prudente; verifier gestion, meteo, protocole ou evenement de troupeau."
fall_2019,2062,2019-11-22 11:15:00,2019-11-22,1,48.5,100.0,29,True,13,8.0,0.6744907594765952,62.5,36,15.0,1.287664177182591,140.0,2.216666666666667,0.6166666666666667,1.7500300786419767,259.4594594594594,14,0.0,,,7,0.23333333333333334,16,0.5333333333333333,True,False,True,True,C_probable_evenement_collectif,"Alerte en contexte collectif: interpretation clinique prudente; verifier gestion, meteo, protocole ou evenement de troupeau."
fall_2019,2062,2019-11-29 10:45:00,2019-11-29,1,58.8,100.0,30,True,106,22.5,2.5031101518353642,371.1111111111111,816,75.5,6.9369501026724825,980.794701986755,4.533333333333333,0.10833333333333331,10.0,4084.6153846153857,16,0.5,10.0,3100.0,8,0.26666666666666666,17,0.5666666666666667,True,False,True,True,C_probable_evenement_collectif,"Alerte en contexte collectif: interpretation clinique prudente; verifier gestion, meteo, protocole ou evenement de troupeau."
fall_2019,2062,2019-12-02 11:45:00,2019-12-02,1,58.3,100.0,30,True,0,2.5,-0.6744907594765952,-100.0,2,12.0,-0.7494341771962169,-83.33333333333333,15.0,11.533333333333335,0.6744907594765952,30.057803468208075,0,1.0,-0.6744907594765952,-100.0,8,0.26666666666666666,12,0.4,False,False,False,False,B_individuelle_a_verifier,"Alerte individuelle a verifier: signal pipeline conserve, mais support troupeau moins net ou confidence moderee."
fall_2019,2062,2019-12-09 08:00:00,2019-12-09,1,48.3,100.0,30,True,4,1.0,2.023472278429786,300.0,20,12.0,0.44966050631773014,66.66666666666667,5.15,8.975,-0.44738621184936006,-42.6183844011142,4,0.0,,,5,0.16666666666666666,12,0.4,False,False,False,False,B_individuelle_a_verifier,"Alerte individuelle a verifier: signal pipeline conserve, mais support troupeau moins net ou confidence moderee."
fall_2019,2062,2019-12-13 11:45:00,2019-12-13,1,57.0,100.0,30,True,0,0.0,,,0,1.0,-0.6744907594765952,-100.0,15.0,15.0,,0.0,0,0.0,,,7,0.23333333333333334,14,0.4666666666666667,False,False,False,False,B_individuelle_a_verifier,"Alerte individuelle a verifier: signal pipeline conserve, mais support troupeau moins net ou confidence moderee."
fall_2019,2063,2019-11-23 02:45:00,2019-11-23,1,48.1,100.0,29,True,39,0.0,,,85,6.0,8.88079499977517,1316.6666666666667,0.0,15.0,,-100.0,0,0.0,,,6,0.2,15,0.5,True,False,False,False,C_probable_evenement_collectif,"Alerte en contexte collectif: interpretation clinique prudente; verifier gestion, meteo, protocole ou evenement de troupeau."
fall_2019,2063,2019-11-30 09:30:00,2019-11-30,1,38.9,100.0,30,True,8,1.5,2.9227932910652457,433.3333333333333,15,8.5,0.7306983227663114,76.47058823529412,1.5,4.583333333333334,-0.45374832910243684,-67.27272727272727,5,0.0,,,6,0.2,14,0.4666666666666667,False,False,False,False,B_individuelle_a_verifier,"Alerte individuelle a verifier: signal pipeline conserve, mais support troupeau moins net ou confidence moderee."
fall_2019,2063,2019-12-05 13:00:00,2019-12-05,1,48.8,100.0,30,True,5,7.0,-0.3372453797382976,-28.571428571428573,33,19.5,0.8277841139030941,69.23076923076923,0.4166666666666667,1.9749999999999999,-0.532193130895035,-78.90295358649789,8,0.5,10.0,1500.0,7,0.23333333333333334,9,0.3,False,False,False,False,B_individuelle_a_verifier,"Alerte individuelle a verifier: signal pipeline conserve, mais support troupeau moins net ou confidence moderee."
fall_2019,2063,2019-12-13 09:30:00,2019-12-13,1,47.8,100.0,30,True,1,12.0,-0.6182831961868789,-91.66666666666667,13,25.5,-0.3306327252336251,-49.01960784313726,10.85,0.10833333333333331,10.0,9915.384615384619,1,0.0,,,9,0.3,14,0.4666666666666667,True,False,True,True,C_probable_evenement_collectif,"Alerte en contexte collectif: interpretation clinique prudente; verifier gestion, meteo, protocole ou evenement de troupeau."
fall_2019,2066,2019-11-12 16:30:00,2019-11-12,1,44.1,100.0,30,True,0,0.0,,,1,7.5,-0.5845586582130492,-86.66666666666667,15.0,15.0,,0.0,0,0.0,,,10,0.3333333333333333,13,0.43333333333333335,True,False,False,False,C_probable_evenement_collectif,"Alerte en contexte collectif: interpretation clinique prudente; verifier gestion, meteo, protocole ou evenement de troupeau."
fall_2019,2066,2019-11-15 11:00:00,2019-11-15,1,52.0,100.0,30,True,12,5.0,0.9442870632672333,140.0,10,12.0,-0.11241512657943253,-16.666666666666668,0.0,2.291666666666667,-0.6744907594765952,-100.0,0,0.5,-0.6744907594765952,-100.0,7,0.23333333333333334,14,0.4666666666666667,False,False,False,False,B_individuelle_a_verifier,"Alerte individuelle a verifier: signal pipeline conserve, mais support troupeau moins net ou confidence moderee."
fall_2019,2066,2019-11-21 11:45:00,2019-11-21,1,50.8,100.0,29,True,0,5.0,-0.6744907594765952,-100.0,0,17.0,-0.9555285759251765,-100.0,15.0,4.966666666666667,1.3625618698151352,202.01342281879195,0,1.0,-0.6744907594765952,-100.0,6,0.2,17,0.5666666666666667,True,False,True,True,C_probable_evenement_collectif,"Alerte en contexte collectif: interpretation clinique prudente; verifier gestion, meteo, protocole ou evenement de troupeau."
fall_2019,2066,2019-11-27 16:30:00,2019-11-27,1,51.4,100.0,30,True,0,3.0,-0.6744907594765952,-100.0,0,9.0,-0.6744907594765952,-100.0,15.0,7.708333333333333,0.6744907594765952,94.59459459459461,0,0.0,,,6,0.2,15,0.5,True,False,False,False,C_probable_evenement_collectif,"Alerte en contexte collectif: interpretation clinique prudente; verifier gestion, meteo, protocole ou evenement de troupeau."
fall_2019,2066,2019-12-05 15:30:00,2019-12-05,1,50.7,100.0,30,True,14,5.0,1.2140833670578715,180.0,33,17.5,1.4935152531267466,88.57142857142857,5.2,6.05,-0.09985204276721722,-14.049586776859499,1,0.0,,,7,0.23333333333333334,9,0.3,False,False,False,False,B_individuelle_a_verifier,"Alerte individuelle a verifier: signal pipeline conserve, mais support troupeau moins net ou confidence moderee."
fall_2019,2066,2019-12-11 11:15:00,2019-12-11,1,49.1,100.0,30,True,15,7.0,1.199094683513947,114.28571428571429,26,15.5,0.745489786789921,67.74193548387096,0.0,0.39166666666666666,-0.6744907594765952,-100.0,0,0.0,,,9,0.3,16,0.5333333333333333,True,False,False,False,C_probable_evenement_collectif,"Alerte en contexte collectif: interpretation clinique prudente; verifier gestion, meteo, protocole ou evenement de troupeau."
fall_2019,2081,2019-11-21 11:00:00,2019-11-21,1,47.9,100.0,29,True,7,12.0,-0.28103781644858133,-41.666666666666664,12,31.0,-0.5825147468206959,-61.29032258064516,0.9166666666666666,0.2666666666666666,1.6440712262242012,243.75000000000006,2,1.0,0.6744907594765952,100.0,6,0.2,17,0.5666666666666667,True,False,True,True,C_probable_evenement_collectif,"Alerte en contexte collectif: interpretation clinique prudente; verifier gestion, meteo, protocole ou evenement de troupeau."
fall_2019,2081,2019-11-25 11:45:00,2019-11-25,1,48.0,100.0,29,True,0,3.0,-0.6744907594765952,-100.0,0,15.0,-0.843113449345744,-100.0,15.0,5.816666666666666,1.0648836918957134,157.87965616045847,0,0.0,,,9,0.3,15,0.5,True,False,True,True,C_probable_evenement_collectif,"Alerte en contexte collectif: interpretation clinique prudente; verifier gestion, meteo, protocole ou evenement de troupeau."
fall_2019,2081,2019-11-27 12:00:00,2019-11-27,1,42.1,100.0,29,True,8,5.0,0.5058680696074465,60.0,38,13.0,2.10778362336436,192.30769230769232,3.05,3.216666666666667,-0.034947707744901364,-5.181347150259076,2,1.0,0.6744907594765952,100.0,6,0.2,15,0.5,True,False,False,False,C_probable_evenement_collectif,"Alerte en contexte collectif: interpretation clinique prudente; verifier gestion, meteo, protocole ou evenement de troupeau."
fall_2019,2081,2019-11-30 08:15:00,2019-11-30,1,47.7,100.0,30,True,3,0.0,,,20,5.5,1.7782029113473874,263.6363636363636,9.633333333333333,15.0,,-35.777777777777786,1,0.0,,,6,0.2,14,0.4666666666666667,False,False,False,False,B_individuelle_a_verifier,"Alerte individuelle a verifier: signal pipeline conserve, mais support troupeau moins net ou confidence moderee."
fall_2019,2081,2019-12-02 10:15:00,2019-12-02,1,50.8,100.0,30,True,52,8.5,3.451805651439046,511.7647058823529,438,19.5,10.0,2146.153846153846,1.0666666666666669,1.225,-0.08717907775547823,-12.9251700680272,7,0.5,8.768379873195737,1300.0,8,0.26666666666666666,12,0.4,False,False,False,False,B_individuelle_a_verifier,"Alerte individuelle a verifier: signal pipeline conserve, mais support troupeau moins net ou confidence moderee."
fall_2019,3437,2019-11-22 11:45:00,2019-11-22,1,57.2,100.0,29,True,0,2.0,-0.6744907594765952,-100.0,2,9.0,-0.6744907594765952,-77.77777777777777,15.0,9.816666666666666,0.6744907594765952,52.80135823429542,0,0.0,,,7,0.23333333333333334,16,0.5333333333333333,True,False,False,False,C_probable_evenement_collectif,"Alerte en contexte collectif: interpretation clinique prudente; verifier gestion, meteo, protocole ou evenement de troupeau."
fall_2019,3437,2019-11-25 11:00:00,2019-11-25,1,47.7,100.0,29,True,126,8.0,9.94873870227978,1475.0,910,25.0,10.0,3540.0,2.3,0.5833333333333334,1.9849299493168369,294.2857142857142,13,0.0,,,9,0.3,16,0.5333333333333333,True,False,True,True,C_probable_evenement_collectif,"Alerte en contexte collectif: interpretation clinique prudente; verifier gestion, meteo, protocole ou evenement de troupeau."
fall_2019,3437,2019-11-26 11:45:00,2019-11-26,1,47.5,100.0,29,True,0,4.0,-0.6744907594765952,-100.0,0,14.0,-0.858442784788394,-100.0,15.0,0.0333333333333333,10.0,44900.00000000005,0,0.0,,,5,0.16666666666666666,14,0.4666666666666667,False,False,True,True,A_individuelle_prioritaire,"Alerte individuelle prioritaire: deviation propre a la vache, bonne couverture, sans signal collectif majeur."
fall_2019,3437,2019-12-09 11:30:00,2019-12-09,1,57.2,100.0,30,True,0,5.0,-0.8431134493457441,-100.0,0,13.5,-1.0712500297569452,-100.0,15.0,3.658333333333333,2.0910749969194673,310.0227790432802,0,1.0,-0.6744907594765952,-100.0,5,0.16666666666666666,13,0.43333333333333335,False,True,True,True,A_individuelle_prioritaire,"Alerte individuelle prioritaire: deviation propre a la vache, bonne couverture, sans signal collectif majeur."
fall_2019,3444,2019-11-18 14:30:00,2019-11-18,1,49.0,100.0,30,True,0,0.0,,,0,4.0,-0.6744907594765952,-100.0,15.0,15.0,,0.0,0,0.0,,,5,0.16666666666666666,13,0.43333333333333335,False,False,False,False,B_individuelle_a_verifier,"Alerte individuelle a verifier: signal pipeline conserve, mais support troupeau moins net ou confidence moderee."
fall_2019,3444,2019-11-25 11:00:00,2019-11-25,1,48.6,100.0,29,True,20,8.0,1.011736139214893,150.0,26,25.0,0.029325685194634576,4.0,2.4,0.5833333333333334,2.100556936655682,311.42857142857133,13,0.0,,,9,0.3,16,0.5333333333333333,True,False,True,True,C_probable_evenement_collectif,"Alerte en contexte collectif: interpretation clinique prudente; verifier gestion, meteo, protocole ou evenement de troupeau."
fall_2019,3444,2019-12-02 01:30:00,2019-12-02,1,47.1,100.0,30,True,0,0.0,,,3,2.0,0.3372453797382976,50.0,15.0,15.0,,0.0,0,0.0,,,8,0.26666666666666666,12,0.4,False,False,False,False,B_individuelle_a_verifier,"Alerte individuelle a verifier: signal pipeline conserve, mais support troupeau moins net ou confidence moderee."
fall_2019,3444,2019-12-12 10:30:00,2019-12-12,1,58.4,100.0,30,True,28,12.0,1.3489815189531904,133.33333333333334,83,28.5,1.9870133184580778,191.2280701754386,3.05,0.3833333333333333,4.692109631141532,695.6521739130434,13,1.0,8.093889113719143,1200.0,8,0.26666666666666666,15,0.5,True,False,True,True,C_probable_evenement_collectif,"Alerte en contexte collectif: interpretation clinique prudente; verifier gestion, meteo, protocole ou evenement de troupeau."
fall_2019,5327,2019-11-12 03:00:00,2019-11-12,1,48.4,100.0,30,True,3,0.0,,,7,1.0,4.046944556859572,600.0,11.466666666666669,15.0,,-23.555555555555543,31,0.0,,,8,0.26666666666666666,13,0.43333333333333335,False,False,False,False,B_individuelle_a_verifier,"Alerte individuelle a verifier: signal pipeline conserve, mais support troupeau moins net ou confidence moderee."
fall_2019,5327,2019-12-09 06:00:00,2019-12-09,1,46.3,100.0,30,True,1,5.5,-0.8672024050413367,-81.81818181818181,9,11.5,-0.19837963514017504,-21.73913043478261,9.75,0.1166666666666666,10.0,8257.14285714286,24,0.0,,,5,0.16666666666666666,12,0.4,False,False,True,True,A_individuelle_prioritaire,"Alerte individuelle prioritaire: deviation propre a la vache, bonne couverture, sans signal collectif majeur."
fall_2019,5327,2019-12-10 07:15:00,2019-12-10,1,48.5,100.0,30,True,16,6.5,1.4239249366728122,146.15384615384616,158,17.5,10.0,802.8571428571429,9.516666666666667,1.3416666666666668,4.109785310848074,609.3167701863355,34,1.0,10.0,3300.0,5,0.16666666666666666,14,0.4666666666666667,False,False,True,True,A_individuelle_prioritaire,"Alerte individuelle prioritaire: deviation propre a la vache, bonne couverture, sans signal collectif majeur."
fall_2019,5327,2019-12-12 09:00:00,2019-12-12,1,58.5,100.0,30,True,0,0.0,,,15,0.5,10.0,2900.0,15.0,15.0,,0.0,0,0.0,,,7,0.23333333333333334,15,0.5,True,False,False,False,C_probable_evenement_collectif,"Alerte en contexte collectif: interpretation clinique prudente; verifier gestion, meteo, protocole ou evenement de troupeau."
fall_2019,5854,2019-11-13 07:30:00,2019-11-13,1,50.0,100.0,30,True,0,0.0,,,0,3.0,-0.6744907594765952,-100.0,15.0,15.0,,0.0,0,0.0,,,9,0.3,14,0.4666666666666667,True,False,False,False,C_probable_evenement_collectif,"Alerte en contexte collectif: interpretation clinique prudente; verifier gestion, meteo, protocole ou evenement de troupeau."
fall_2019,5854,2019-11-26 11:00:00,2019-11-26,1,57.6,100.0,29,True,10,6.0,0.44966050631773014,66.66666666666667,31,12.0,1.6019155537569136,158.33333333333334,1.3166666666666669,1.4666666666666668,-0.06898200949192447,-10.22727272727272,12,0.0,,,8,0.26666666666666666,14,0.4666666666666667,False,False,False,False,B_individuelle_a_verifier,"Alerte individuelle a verifier: signal pipeline conserve, mais support troupeau moins net ou confidence moderee."
fall_2019,5854,2019-12-09 08:15:00,2019-12-09,1,36.9,100.0,30,True,6,2.0,1.3489815189531904,200.0,24,8.5,1.2299537378690852,182.35294117647058,0.0166666666666666,1.1,-0.6642712025148286,-98.48484848484848,1,0.0,,,5,0.16666666666666666,12,0.4,False,False,False,False,B_individuelle_a_verifier,"Alerte individuelle a verifier: signal pipeline conserve, mais support troupeau moins net ou confidence moderee."
fall_2019,5857,2019-11-14 13:00:00,2019-11-14,1,56.3,100.0,30,True,16,3.5,2.4088955695592684,357.14285714285717,49,19.5,1.5917981923647646,151.28205128205127,0.7833333333333333,9.358333333333334,-1.0251861026608813,-91.62956366874444,11,0.5,10.0,2100.0,8,0.26666666666666666,14,0.4666666666666667,False,False,False,False,B_individuelle_a_verifier,"Alerte individuelle a verifier: signal pipeline conserve, mais support troupeau moins net ou confidence moderee."
fall_2019,5857,2019-11-27 07:30:00,2019-11-27,1,46.7,100.0,29,True,7,0.0,,,21,10.0,0.7419398354242548,110.0,13.316666666666666,13.316666666666666,0.0,0.0,1,0.0,,,6,0.2,14,0.4666666666666667,False,False,False,False,B_individuelle_a_verifier,"Alerte individuelle a verifier: signal pipeline conserve, mais support troupeau moins net ou confidence moderee."
fall_2019,5862,2019-11-23 09:30:00,2019-11-23,1,46.0,100.0,29,True,7,0.0,,,19,1.0,10.0,1800.0,3.0,15.0,,-80.0,14,0.0,,,6,0.2,14,0.4666666666666667,False,False,False,False,B_individuelle_a_verifier,"Alerte individuelle a verifier: signal pipeline conserve, mais support troupeau moins net ou confidence moderee."
fall_2019,5862,2019-12-02 07:45:00,2019-12-02,1,44.0,100.0,30,True,6,5.0,0.26979630379063807,20.0,18,13.0,0.6744907594765952,38.46153846153846,2.8,5.591666666666667,-0.6106875795261065,-49.92548435171386,23,1.0,10.0,2200.0,8,0.26666666666666666,12,0.4,False,False,False,False,B_individuelle_a_verifier,"Alerte individuelle a verifier: signal pipeline conserve, mais support troupeau moins net ou confidence moderee."
fall_2019,5865,2019-11-12 12:00:00,2019-11-12,1,48.6,100.0,30,True,115,14.5,4.674918712234333,693.1034482758621,1209,35.5,10.0,3305.6338028169016,2.6166666666666667,2.708333333333333,-0.023258302050916994,-3.384615384615373,13,2.0,3.7096991771212737,550.0,9,0.3,13,0.43333333333333335,True,False,False,False,C_probable_evenement_collectif,"Alerte en contexte collectif: interpretation clinique prudente; verifier gestion, meteo, protocole ou evenement de troupeau."
fall_2019,5865,2019-11-14 15:45:00,2019-11-14,1,44.1,100.0,30,True,0,2.5,-0.6744907594765952,-100.0,9,12.5,-0.20527979636244204,-28.0,15.0,9.983333333333334,0.6744907594765952,50.25041736227044,0,1.0,-0.6744907594765952,-100.0,7,0.23333333333333334,14,0.4666666666666667,False,False,False,False,B_individuelle_a_verifier,"Alerte individuelle a verifier: signal pipeline conserve, mais support troupeau moins net ou confidence moderee."
fall_2019,5865,2019-11-18 15:45:00,2019-11-18,1,41.8,100.0,30,True,0,6.5,-0.974264430355082,-100.0,1,11.0,-0.7099902731332581,-90.9090909090909,15.0,0.09166666666666665,10.0,16263.636363636366,0,0.0,,,5,0.16666666666666666,13,0.43333333333333335,False,False,True,True,B_individuelle_a_verifier,"Alerte individuelle a verifier: signal pipeline conserve, mais support troupeau moins net ou confidence moderee."
fall_2019,5865,2019-11-25 11:15:00,2019-11-25,1,47.2,100.0,29,True,8,8.0,0.0,0.0,17,15.0,0.22483025315886507,13.333333333333334,2.4,0.8833333333333333,1.1580879077805692,171.69811320754715,13,2.0,3.7096991771212737,550.0,9,0.3,16,0.5333333333333333,True,False,True,True,C_probable_evenement_collectif,"Alerte en contexte collectif: interpretation clinique prudente; verifier gestion, meteo, protocole ou evenement de troupeau."
fall_2019,5865,2019-11-29 11:45:00,2019-11-29,1,47.6,100.0,30,True,4,3.5,0.09635582278237075,14.285714285714286,23,15.0,0.44966050631773014,53.333333333333336,13.933333333333334,11.925,0.4405210651324104,16.841369671558347,1,1.0,0.0,0.0,6,0.2,15,0.5,True,False,False,False,C_probable_evenement_collectif,"Alerte en contexte collectif: interpretation clinique prudente; verifier gestion, meteo, protocole ou evenement de troupeau."
fall_2019,5865,2019-12-13 11:30:00,2019-12-13,1,59.3,100.0,30,True,5,4.5,0.0749434177196217,11.11111111111111,24,12.5,0.8618493037756495,92.0,13.083333333333334,10.833333333333332,0.36422501011736164,20.769230769230788,2,1.0,0.6744907594765952,100.0,7,0.23333333333333334,14,0.4666666666666667,False,False,False,False,B_individuelle_a_verifier,"Alerte individuelle a verifier: signal pipeline conserve, mais support troupeau moins net ou confidence moderee."
fall_2019,5870,2019-11-13 13:30:00,2019-11-13,1,47.4,100.0,30,True,17,2.5,3.9120464049642525,580.0,21,11.0,0.8993210126354604,90.9090909090909,2.0166666666666666,12.841666666666667,-3.3828706430891784,-84.29591174561973,9,0.0,,,5,0.16666666666666666,14,0.4666666666666667,False,False,False,False,B_individuelle_a_verifier,"Alerte individuelle a verifier: signal pipeline conserve, mais support troupeau moins net ou confidence moderee."
fall_2019,5870,2019-11-20 08:15:00,2019-11-20,1,45.9,100.0,30,True,5,8.0,-0.3372453797382976,-37.5,15,19.0,-0.22483025315886507,-21.05263157894737,3.85,0.9750000000000001,1.988883008713037,294.87179487179486,1,1.0,0.0,0.0,5,0.16666666666666666,15,0.5,True,False,True,True,C_probable_evenement_collectif,"Alerte en contexte collectif: interpretation clinique prudente; verifier gestion, meteo, protocole ou evenement de troupeau."
fall_2019,5870,2019-12-11 07:45:00,2019-12-11,1,45.4,100.0,30,True,11,4.0,1.8885741265344667,175.0,36,16.5,2.1920949682989344,118.18181818181819,0.0333333333333333,9.558333333333334,-4.167259124766207,-99.6512641673932,2,1.0,0.6744907594765952,100.0,6,0.2,16,0.5333333333333333,True,False,False,False,C_probable_evenement_collectif,"Alerte en contexte collectif: interpretation clinique prudente; verifier gestion, meteo, protocole ou evenement de troupeau."
fall_2019,5871,2019-11-19 07:00:00,2019-11-19,1,46.6,100.0,30,True,8,4.0,0.6744907594765952,100.0,90,12.0,5.010502784683278,650.0,10.65,10.308333333333334,0.04911922049474319,3.314470493128538,17,0.0,,,6,0.2,13,0.43333333333333335,False,False,False,False,B_individuelle_a_verifier,"Alerte individuelle a verifier: signal pipeline conserve, mais support troupeau moins net ou confidence moderee."
fall_2019,5871,2019-12-01 21:00:00,2019-12-01,1,57.2,100.0,30,True,0,4.5,-0.6744907594765952,-100.0,0,12.5,-1.05389181168218,-100.0,15.0,8.333333333333334,0.6744907594765952,79.99999999999999,0,0.0,,,8,0.26666666666666666,12,0.4,False,True,False,True,A_individuelle_prioritaire,"Alerte individuelle prioritaire: deviation propre a la vache, bonne couverture, sans signal collectif majeur."
fall_2019,5871,2019-12-05 10:00:00,2019-12-05,1,47.5,100.0,30,True,28,22.5,0.1648755189831677,24.444444444444443,78,68.5,0.09354251408799495,13.86861313868613,4.316666666666666,1.3666666666666667,1.455912980821431,215.85365853658536,21,0.5,10.0,4100.0,8,0.26666666666666666,11,0.36666666666666664,False,False,True,True,A_individuelle_prioritaire,"Alerte individuelle prioritaire: deviation propre a la vache, bonne couverture, sans signal collectif majeur."
fall_2019,5871,2019-12-11 07:45:00,2019-12-11,1,46.5,100.0,30,True,6,4.0,0.5395926075812761,50.0,18,16.5,0.1686226898691488,9.090909090909092,7.783333333333333,9.558333333333334,-0.7765758473973772,-18.57018308631212,1,1.0,0.0,0.0,6,0.2,16,0.5333333333333333,True,False,False,False,C_probable_evenement_collectif,"Alerte en contexte collectif: interpretation clinique prudente; verifier gestion, meteo, protocole ou evenement de troupeau."
fall_2019,5871,2019-12-14 07:15:00,2019-12-14,1,48.3,100.0,24,True,9,7.0,0.22483025315886507,28.571428571428573,15,15.0,0.0,0.0,0.45,0.7166666666666667,-0.25097330585175637,-37.2093023255814,5,1.5,1.5738117721120555,233.33333333333334,6,0.2,14,0.4666666666666667,False,False,False,False,B_individuelle_a_verifier,"Alerte individuelle a verifier: signal pipeline conserve, mais support troupeau moins net ou confidence moderee."
fall_2019,5872,2019-12-13 03:00:00,2019-12-13,1,50.0,100.0,30,True,0,0.0,,,0,0.5,-0.6744907594765952,-100.0,15.0,15.0,,0.0,0,0.0,,,9,0.3,14,0.4666666666666667,True,False,False,False,C_probable_evenement_collectif,"Alerte en contexte collectif: interpretation clinique prudente; verifier gestion, meteo, protocole ou evenement de troupeau."
fall_2019,5874,2019-11-14 16:30:00,2019-11-14,1,49.7,100.0,30,True,3,2.0,0.3372453797382976,50.0,26,14.0,0.7358081012471948,85.71428571428571,0.95,9.016666666666667,-0.909341302469839,-89.46395563770795,1,0.0,,,7,0.23333333333333334,14,0.4666666666666667,False,False,False,False,B_individuelle_a_verifier,"Alerte individuelle a verifier: signal pipeline conserve, mais support troupeau moins net ou confidence moderee."
fall_2019,5874,2019-11-26 10:45:00,2019-11-26,1,59.4,100.0,29,True,26,8.0,1.5176042088223392,225.0,50,15.0,1.5738117721120557,233.33333333333334,1.8,1.4166666666666667,0.18250926432896103,27.05882352941176,16,0.0,,,8,0.26666666666666666,14,0.4666666666666667,False,False,False,False,B_individuelle_a_verifier,"Alerte individuelle a verifier: signal pipeline conserve, mais support troupeau moins net ou confidence moderee."
fall_2019,5874,2019-12-11 15:00:00,2019-12-11,1,51.6,100.0,30,True,0,1.5,-0.6744907594765952,-100.0,8,9.0,-0.0749434177196217,-11.11111111111111,15.0,12.041666666666668,0.6744907594765952,24.567474048442893,0,0.0,,,9,0.3,16,0.5333333333333333,True,False,False,False,C_probable_evenement_collectif,"Alerte en contexte collectif: interpretation clinique prudente; verifier gestion, meteo, protocole ou evenement de troupeau."
fall_2019,5875,2019-11-12 11:00:00,2019-11-12,1,58.2,100.0,30,True,97,26.0,1.8418786124168562,273.0769230769231,1226,100.5,7.866729013377284,1119.9004975124378,5.316666666666666,1.3250000000000002,2.031956438926346,301.2578616352201,2,3.0,-0.22483025315886507,-33.333333333333336,9,0.3,13,0.43333333333333335,True,False,True,True,C_probable_evenement_collectif,"Alerte en contexte collectif: interpretation clinique prudente; verifier gestion, meteo, protocole ou evenement de troupeau."
fall_2019,5875,2019-11-14 10:15:00,2019-11-14,1,47.3,100.0,30,True,62,26.0,1.1037121518707922,138.46153846153845,746,80.5,6.5054144990097695,826.7080745341615,0.75,0.4083333333333333,0.5643698191538858,83.67346938775509,5,4.0,0.22483025315886507,25.0,7,0.23333333333333334,14,0.4666666666666667,False,False,False,False,B_individuelle_a_verifier,"Alerte individuelle a verifier: signal pipeline conserve, mais support troupeau moins net ou confidence moderee."
fall_2019,5875,2019-12-13 09:30:00,2019-12-13,1,47.0,100.0,30,True,22,12.0,0.5620756328971627,83.33333333333333,90,25.5,1.7060648622055055,252.94117647058823,0.6666666666666666,0.10833333333333331,3.4762216065332225,515.3846153846155,8,0.0,,,9,0.3,14,0.4666666666666667,True,False,True,True,C_probable_evenement_collectif,"Alerte en contexte collectif: interpretation clinique prudente; verifier gestion, meteo, protocole ou evenement de troupeau."
fall_2019,5879,2019-11-21 10:00:00,2019-11-21,1,49.4,100.0,29,True,57,35.0,0.5116826451201757,62.857142857142854,269,109.0,1.047752636080148,146.78899082568807,0.3333333333333333,1.3333333333333333,-0.5058680696074465,-75.0,11,1.0,6.7449075947659525,1000.0,7,0.23333333333333334,17,0.5666666666666667,True,False,False,False,C_probable_evenement_collectif,"Alerte en contexte collectif: interpretation clinique prudente; verifier gestion, meteo, protocole ou evenement de troupeau."
fall_2019,5879,2019-11-25 09:45:00,2019-11-25,1,52.5,100.0,29,True,97,14.0,3.9987666454683857,592.8571428571429,1370,25.0,10.0,5380.0,1.5333333333333332,0.9833333333333332,0.3772575434360618,55.932203389830526,18,1.0,10.0,1700.0,7,0.23333333333333334,15,0.5,True,False,False,False,C_probable_evenement_collectif,"Alerte en contexte collectif: interpretation clinique prudente; verifier gestion, meteo, protocole ou evenement de troupeau."
fall_2019,5879,2019-11-28 11:00:00,2019-11-28,1,48.5,100.0,30,True,1,8.0,-0.7869058860560277,-87.5,2,15.0,-0.8768379873195737,-86.66666666666667,0.0,0.8166666666666667,-0.6744907594765953,-100.00000000000001,0,1.0,-0.6744907594765952,-100.0,7,0.23333333333333334,15,0.5,True,False,False,False,C_probable_evenement_collectif,"Alerte en contexte collectif: interpretation clinique prudente; verifier gestion, meteo, protocole ou evenement de troupeau."
fall_2019,5879,2019-11-29 10:15:00,2019-11-29,1,54.5,100.0,30,True,99,29.5,2.1803305945871334,235.59322033898306,469,66.0,4.28062639478847,610.6060606060606,0.3,0.1666666666666666,0.5395926075812766,80.00000000000007,8,1.5,2.9227932910652457,433.3333333333333,8,0.26666666666666666,17,0.5666666666666667,True,False,False,False,C_probable_evenement_collectif,"Alerte en contexte collectif: interpretation clinique prudente; verifier gestion, meteo, protocole ou evenement de troupeau."
fall_2019,5879,2019-12-05 08:15:00,2019-12-05,1,39.6,100.0,30,True,1,5.5,-0.6744907594765952,-81.81818181818181,5,16.5,-0.8164888141032468,-69.6969696969697,0.3833333333333333,6.675,-0.6528724659036274,-94.25717852684144,8,1.0,4.721435316336167,700.0,8,0.26666666666666666,11,0.36666666666666664,False,False,False,False,B_individuelle_a_verifier,"Alerte individuelle a verifier: signal pipeline conserve, mais support troupeau moins net ou confidence moderee."
fall_2019,5879,2019-12-06 11:45:00,2019-12-06,1,49.1,100.0,30,True,0,2.0,-0.6744907594765952,-100.0,0,4.0,-0.6744907594765952,-100.0,15.0,10.95,0.6744907594765952,36.98630136986302,0,0.0,,,6,0.2,13,0.43333333333333335,False,False,False,False,B_individuelle_a_verifier,"Alerte individuelle a verifier: signal pipeline conserve, mais support troupeau moins net ou confidence moderee."
fall_2019,5879,2019-12-12 11:15:00,2019-12-12,1,54.9,100.0,30,True,0,7.0,-1.1803588290840417,-100.0,0,13.5,-1.2140833670578715,-100.0,1.3166666666666669,0.1333333333333333,5.9861054903547855,887.5000000000003,12,1.5,4.721435316336167,700.0,8,0.26666666666666666,15,0.5,True,True,True,True,C_probable_evenement_collectif,"Alerte en contexte collectif: interpretation clinique prudente; verifier gestion, meteo, protocole ou evenement de troupeau."
fall_2019,821,2019-11-20 10:30:00,2019-11-20,1,46.5,100.0,30,True,2,11.0,-0.5781349366942244,-81.81818181818181,39,24.0,0.49352982400726475,62.5,13.65,0.9666666666666668,8.849783930373947,1312.0689655172412,1,1.0,0.0,0.0,6,0.2,16,0.5333333333333333,True,False,True,True,C_probable_evenement_collectif,"Alerte en contexte collectif: interpretation clinique prudente; verifier gestion, meteo, protocole ou evenement de troupeau."
fall_2019,821,2019-12-02 10:15:00,2019-12-02,1,45.5,100.0,30,True,0,8.5,-0.6744907594765952,-100.0,1,19.5,-0.6399014897598467,-94.87179487179488,15.0,1.225,7.5845797647266116,1124.4897959183672,0,0.5,-0.6744907594765952,-100.0,8,0.26666666666666666,12,0.4,False,False,True,True,A_individuelle_prioritaire,"Alerte individuelle prioritaire: deviation propre a la vache, bonne couverture, sans signal collectif majeur."
fall_2019,821,2019-12-04 01:45:00,2019-12-04,1,47.4,100.0,30,True,0,1.0,-0.6744907594765952,-100.0,6,7.5,-0.15565171372536812,-20.0,15.0,11.649999999999999,0.6744907594765952,28.755364806866964,0,0.0,,,3,0.1,13,0.43333333333333335,False,False,False,False,B_individuelle_a_verifier,"Alerte individuelle a verifier: signal pipeline conserve, mais support troupeau moins net ou confidence moderee."
fall_2019,821,2019-12-05 12:45:00,2019-12-05,1,56.5,100.0,30,True,40,7.0,4.451639012545528,471.42857142857144,61,17.0,4.239656202424313,258.8235294117647,0.1166666666666666,2.033333333333333,-0.6357904699984298,-94.26229508196721,4,1.0,2.023472278429786,300.0,7,0.23333333333333334,9,0.3,False,False,False,False,B_individuelle_a_verifier,"Alerte individuelle a verifier: signal pipeline conserve, mais support troupeau moins net ou confidence moderee."
fall_2019,8501,2019-12-05 23:30:00,2019-12-05,1,33.1,100.0,30,True,0,0.0,,,0,2.5,-0.6744907594765952,-100.0,15.0,15.0,,0.0,0,0.0,,,7,0.23333333333333334,8,0.26666666666666666,False,False,False,False,B_individuelle_a_verifier,"Alerte individuelle a verifier: signal pipeline conserve, mais support troupeau moins net ou confidence moderee."
fall_2019,8517,2019-11-12 11:45:00,2019-11-12,1,50.9,100.0,30,True,113,27.0,2.148377974629155,318.51851851851853,890,257.5,1.6567588558017339,245.63106796116506,0.75,1.8583333333333334,-0.4115012431669136,-59.64125560538117,10,2.0,2.697963037906381,400.0,9,0.3,13,0.43333333333333335,True,False,False,False,C_probable_evenement_collectif,"Alerte en contexte collectif: interpretation clinique prudente; verifier gestion, meteo, protocole ou evenement de troupeau."
fall_2019,8517,2019-11-20 11:15:00,2019-11-20,1,46.9,100.0,30,True,13,10.0,0.20234722784297857,30.0,17,18.5,-0.06527329930418663,-8.108108108108109,0.0166666666666666,2.45,-0.6699023869631491,-99.31972789115648,1,1.0,0.0,0.0,7,0.23333333333333334,16,0.5333333333333333,True,False,False,False,C_probable_evenement_collectif,"Alerte en contexte collectif: interpretation clinique prudente; verifier gestion, meteo, protocole ou evenement de troupeau."
fall_2019,8517,2019-11-28 11:00:00,2019-11-28,1,60.5,100.0,30,True,7,8.0,-0.11241512657943253,-12.5,58,15.0,2.9003102657493596,286.6666666666667,1.4333333333333331,0.8166666666666667,0.509309348992531,75.51020408163264,7,1.0,4.046944556859572,600.0,7,0.23333333333333334,15,0.5,True,False,False,False,C_probable_evenement_collectif,"Alerte en contexte collectif: interpretation clinique prudente; verifier gestion, meteo, protocole ou evenement de troupeau."
fall_2019,8517,2019-12-01 10:00:00,2019-12-01,1,47.3,100.0,30,True,6,2.0,1.3489815189531904,200.0,18,8.5,1.1650294936413919,111.76470588235294,0.0,5.1,-0.6744907594765952,-100.0,0,0.0,,,4,0.13333333333333333,13,0.43333333333333335,False,False,False,False,B_individuelle_a_verifier,"Alerte individuelle a verifier: signal pipeline conserve, mais support troupeau moins net ou confidence moderee."
fall_2019,8517,2019-12-02 11:00:00,2019-12-02,1,48.6,100.0,30,True,8,5.5,0.42155672467287203,45.45454545454545,17,16.0,0.1686226898691488,6.25,2.1166666666666667,1.05,0.6851969620079698,101.58730158730158,15,1.0,9.442870632672333,1400.0,8,0.26666666666666666,12,0.4,False,False,False,False,B_individuelle_a_verifier,"Alerte individuelle a verifier: signal pipeline conserve, mais support troupeau moins net ou confidence moderee."
fall_2019,8517,2019-12-04 12:45:00,2019-12-04,1,58.4,100.0,30,True,10,6.5,0.429221392394197,53.84615384615385,15,19.0,-0.26979630379063807,-21.05263157894737,1.15,1.15,0.0,0.0,12,1.0,7.4193983542425475,1100.0,5,0.16666666666666666,13,0.43333333333333335,False,False,False,False,B_individuelle_a_verifier,"Alerte individuelle a verifier: signal pipeline conserve, mais support troupeau moins net ou confidence moderee."
fall_2019,8517,2019-12-05 11:00:00,2019-12-05,1,47.7,100.0,30,True,95,5.5,10.0,1627.2727272727273,595,13.0,10.0,4476.923076923077,0.15,0.24999999999999994,-0.269796303790638,-39.999999999999986,4,0.0,,,8,0.26666666666666666,10,0.3333333333333333,False,False,False,False,B_individuelle_a_verifier,"Alerte individuelle a verifier: signal pipeline conserve, mais support troupeau moins net ou confidence moderee."
fall_2019,8517,2019-12-07 09:45:00,2019-12-07,1,34.8,100.0,30,True,1,1.5,-0.22483025315886507,-33.333333333333336,9,9.0,0.0,0.0,10.866666666666667,11.475000000000001,-0.11640147858579562,-5.3013798111837405,0,0.0,,,2,0.06666666666666667,13,0.43333333333333335,False,False,False,False,B_individuelle_a_verifier,"Alerte individuelle a verifier: signal pipeline conserve, mais support troupeau moins net ou confidence moderee."
fall_2019,8525,2019-11-20 00:15:00,2019-11-20,1,43.3,100.0,30,True,0,0.0,,,0,2.5,-0.6744907594765952,-100.0,15.0,15.0,,0.0,0,0.0,,,6,0.2,14,0.4666666666666667,False,False,False,False,B_individuelle_a_verifier,"Alerte individuelle a verifier: signal pipeline conserve, mais support troupeau moins net ou confidence moderee."
fall_2019,8525,2019-12-09 02:30:00,2019-12-09,1,38.7,100.0,30,True,0,0.0,,,0,0.0,,,15.0,15.0,,0.0,0,0.0,,,5,0.16666666666666666,12,0.4,False,False,False,False,B_individuelle_a_verifier,"Alerte individuelle a verifier: signal pipeline conserve, mais support troupeau moins net ou confidence moderee."
fall_2019,8525,2019-12-10 02:00:00,2019-12-10,1,44.2,100.0,30,True,0,0.0,,,0,1.0,-0.6744907594765952,-100.0,15.0,15.0,,0.0,0,0.0,,,5,0.16666666666666666,13,0.43333333333333335,False,False,False,False,B_individuelle_a_verifier,"Alerte individuelle a verifier: signal pipeline conserve, mais support troupeau moins net ou confidence moderee."
fall_2019,8525,2019-12-11 00:30:00,2019-12-11,1,45.0,100.0,30,True,0,0.0,,,0,1.0,-0.6744907594765952,-100.0,15.0,15.0,,0.0,0,0.0,,,7,0.23333333333333334,16,0.5333333333333333,True,False,False,False,C_probable_evenement_collectif,"Alerte en contexte collectif: interpretation clinique prudente; verifier gestion, meteo, protocole ou evenement de troupeau."
fall_2019,8525,2019-12-13 22:00:00,2019-12-13,1,51.1,100.0,30,True,0,0.0,,,0,2.5,-0.6744907594765952,-100.0,15.0,15.0,,0.0,0,0.0,,,7,0.23333333333333334,14,0.4666666666666667,False,False,False,False,B_individuelle_a_verifier,"Alerte individuelle a verifier: signal pipeline conserve, mais support troupeau moins net ou confidence moderee."
fall_2019,8526,2019-11-14 15:30:00,2019-11-14,1,50.8,100.0,30,True,0,3.0,-0.6744907594765952,-100.0,0,7.5,-0.7226686708677805,-100.0,15.0,13.641666666666666,0.6744907594765952,9.957238851557735,0,1.0,-0.6744907594765952,-100.0,7,0.23333333333333334,14,0.4666666666666667,False,False,False,False,B_individuelle_a_verifier,"Alerte individuelle a verifier: signal pipeline conserve, mais support troupeau moins net ou confidence moderee."
fall_2019,8526,2019-12-02 16:00:00,2019-12-02,1,40.1,100.0,30,True,0,5.0,-0.6744907594765952,-100.0,1,9.0,-0.6744907594765952,-88.88888888888889,15.0,2.5583333333333336,3.2801781885946464,486.31921824104234,0,0.5,-0.6744907594765952,-100.0,8,0.26666666666666666,12,0.4,False,False,True,True,B_individuelle_a_verifier,"Alerte individuelle a verifier: signal pipeline conserve, mais support troupeau moins net ou confidence moderee."
fall_2019,8527,2019-11-12 11:45:00,2019-11-12,1,47.0,100.0,30,True,88,27.0,1.5238494936323075,225.92592592592592,1085,257.5,2.167538265890806,321.3592233009709,2.7333333333333334,1.8583333333333334,0.3248694025001949,47.08520179372197,25,2.0,7.7566437339808445,1150.0,9,0.3,13,0.43333333333333335,True,False,False,False,C_probable_evenement_collectif,"Alerte en contexte collectif: interpretation clinique prudente; verifier gestion, meteo, protocole ou evenement de troupeau."
fall_2019,8527,2019-11-22 12:00:00,2019-11-22,1,47.7,100.0,29,True,4,0.0,,,15,5.0,1.3489815189531904,200.0,12.6,15.0,,-16.000000000000004,3,0.0,,,6,0.2,16,0.5333333333333333,True,False,False,False,C_probable_evenement_collectif,"Alerte en contexte collectif: interpretation clinique prudente; verifier gestion, meteo, protocole ou evenement de troupeau."
fall_2019,8527,2019-11-29 10:00:00,2019-11-29,1,49.3,100.0,30,True,54,20.0,1.2069834643265387,170.0,191,51.5,2.001945977595426,270.873786407767,0.0,0.21666666666666667,-0.6744907594765952,-100.0,0,1.0,-0.6744907594765952,-100.0,8,0.26666666666666666,16,0.5333333333333333,True,False,False,False,C_probable_evenement_collectif,"Alerte en contexte collectif: interpretation clinique prudente; verifier gestion, meteo, protocole ou evenement de troupeau."
fall_2019,8527,2019-12-04 12:00:00,2019-12-04,1,47.7,100.0,30,True,4,2.5,0.40469445568595713,60.0,15,12.0,0.1686226898691488,25.0,12.6,9.4,0.38542329112948287,34.042553191489354,3,0.0,,,5,0.16666666666666666,13,0.43333333333333335,False,False,False,False,B_individuelle_a_verifier,"Alerte individuelle a verifier: signal pipeline conserve, mais support troupeau moins net ou confidence moderee."
fall_2019,8527,2019-12-11 10:00:00,2019-12-11,1,49.3,100.0,30,True,54,10.0,2.967759341697019,440.0,191,14.5,8.210180623973729,1217.2413793103449,0.0,1.7416666666666665,-0.6744907594765952,-100.0,0,0.0,,,7,0.23333333333333334,16,0.5333333333333333,True,False,False,False,C_probable_evenement_collectif,"Alerte en contexte collectif: interpretation clinique prudente; verifier gestion, meteo, protocole ou evenement de troupeau."
fall_2019,8536,2019-11-16 07:15:00,2019-11-16,1,47.3,100.0,30,True,23,1.5,9.667700885831197,1433.3333333333333,67,8.5,4.642083462280096,688.2352941176471,6.6,13.233333333333334,-2.5325219082234445,-50.12594458438288,14,0.0,,,3,0.1,13,0.43333333333333335,False,False,False,False,B_individuelle_a_verifier,"Alerte individuelle a verifier: signal pipeline conserve, mais support troupeau moins net ou confidence moderee."
summer_2019,2062,2019-06-09 09:15:00,2019-06-09,1,46.2,100.0,16,True,0,0.5,-0.6744907594765952,-100.0,0,9.0,-0.6744907594765952,-100.0,15.0,14.1,0.6744907594765952,6.382978723404258,0,0.0,,,4,0.2222222222222222,7,0.3888888888888889,False,False,False,False,B_individuelle_a_verifier,"Alerte individuelle a verifier: signal pipeline conserve, mais support troupeau moins net ou confidence moderee."
summer_2019,2062,2019-06-12 07:15:00,2019-06-12,1,50.1,100.0,16,True,4,0.0,,,20,1.0,10.0,1900.0,12.466666666666669,15.0,,-16.888888888888875,2,0.0,,,3,0.16666666666666666,7,0.3888888888888889,False,False,False,False,B_individuelle_a_verifier,"Alerte individuelle a verifier: signal pipeline conserve, mais support troupeau moins net ou confidence moderee."
summer_2019,2062,2019-06-14 09:00:00,2019-06-14,1,47.5,100.0,16,True,19,1.5,7.869058860560277,1166.6666666666667,42,8.5,2.8244300553082424,394.11764705882354,0.1833333333333333,9.991666666666667,-1.3209244990082407,-98.1651376146789,5,0.0,,,5,0.2777777777777778,7,0.3888888888888889,False,False,False,False,B_individuelle_a_verifier,"Alerte individuelle a verifier: signal pipeline conserve, mais support troupeau moins net ou confidence moderee."
summer_2019,2062,2019-06-21 07:00:00,2019-06-21,1,45.8,100.0,16,True,17,14.5,0.5620756328971627,17.24137931034483,49,27.5,1.8126939160933495,78.18181818181819,0.25,0.4083333333333333,-0.26698592562615225,-38.775510204081634,1,2.5,-0.40469445568595713,-60.0,5,0.2777777777777778,6,0.3333333333333333,False,False,False,False,B_individuelle_a_verifier,"Alerte individuelle a verifier: signal pipeline conserve, mais support troupeau moins net ou confidence moderee."
summer_2019,2062,2019-06-24 10:15:00,2019-06-24,1,56.5,100.0,16,True,8,14.5,-1.0960474841494672,-44.827586206896555,13,30.5,-1.0263989818122101,-57.377049180327866,0.0,0.0083333333333333,-0.6744907594765952,-100.0,0,0.5,-0.6744907594765952,-100.0,2,0.1111111111111111,4,0.2222222222222222,False,True,False,True,A_individuelle_prioritaire,"Alerte individuelle prioritaire: deviation propre a la vache, bonne couverture, sans signal collectif majeur."
summer_2019,2062,2019-06-26 08:15:00,2019-06-26,1,46.7,100.0,15,True,22,10.0,1.3489815189531904,120.0,43,26.0,0.8190244936501513,65.38461538461539,0.15,0.3833333333333333,-0.41055959272488407,-60.869565217391305,1,1.0,0.0,0.0,3,0.16666666666666666,5,0.2777777777777778,False,False,False,False,B_individuelle_a_verifier,"Alerte individuelle a verifier: signal pipeline conserve, mais support troupeau moins net ou confidence moderee."
summer_2019,2062,2019-07-23 07:15:00,2019-07-23,1,40.8,100.0,16,True,15,11.0,0.385423291129483,36.36363636363637,27,25.0,0.08993210126354603,8.0,0.1,0.10833333333333331,-0.051883904575122534,-7.692307692307667,2,2.0,0.0,0.0,5,0.2777777777777778,8,0.4444444444444444,False,False,False,False,B_individuelle_a_verifier,"Alerte individuelle a verifier: signal pipeline conserve, mais support troupeau moins net ou confidence moderee."
summer_2019,2062,2019-07-26 07:00:00,2019-07-26,1,42.9,100.0,15,True,10,10.0,0.0,0.0,26,21.0,0.3747170885981084,23.80952380952381,0.6333333333333333,0.0833333333333333,4.45163901254553,660.0000000000003,8,1.0,4.721435316336167,700.0,2,0.1111111111111111,6,0.3333333333333333,False,False,True,True,B_individuelle_a_verifier,"Alerte individuelle a verifier: signal pipeline conserve, mais support troupeau moins net ou confidence moderee."
summer_2019,2062,2019-08-15 09:30:00,2019-08-15,1,48.0,100.0,14,True,19,19.5,-0.029325685194634576,-2.5641025641025643,63,50.5,0.2341981803738178,24.752475247524753,0.0166666666666666,0.0166666666666666,0.0,0.0,1,1.0,0.0,0.0,5,0.2777777777777778,5,0.2777777777777778,False,False,False,False,B_individuelle_a_verifier,"Alerte individuelle a verifier: signal pipeline conserve, mais support troupeau moins net ou confidence moderee."
summer_2019,2062,2019-08-21 09:00:00,2019-08-21,1,47.2,100.0,15,True,13,4.0,1.5176042088223392,225.0,33,11.0,1.3489815189531904,200.0,5.6,8.566666666666666,-0.31103459892962165,-34.630350194552534,12,0.0,,,2,0.1111111111111111,5,0.2777777777777778,False,False,False,False,B_individuelle_a_verifier,"Alerte individuelle a verifier: signal pipeline conserve, mais support troupeau moins net ou confidence moderee."
summer_2019,2062,2019-08-24 09:30:00,2019-08-24,1,48.5,100.0,13,True,14,0.0,,,34,3.0,6.969737847924817,1033.3333333333333,0.7666666666666667,15.0,,-94.88888888888889,5,0.0,,,3,0.16666666666666666,4,0.2222222222222222,False,False,False,False,B_individuelle_a_verifier,"Alerte individuelle a verifier: signal pipeline conserve, mais support troupeau moins net ou confidence moderee."
summer_2019,2062,2019-08-26 10:45:00,2019-08-26,1,42.3,100.0,13,True,4,6.0,-0.22483025315886507,-33.333333333333336,8,9.0,-0.0749434177196217,-11.11111111111111,4.5,0.0166666666666666,10.0,26900.000000000106,2,0.0,,,3,0.16666666666666666,4,0.2222222222222222,False,False,True,True,B_individuelle_a_verifier,"Alerte individuelle a verifier: signal pipeline conserve, mais support troupeau moins net ou confidence moderee."
summer_2019,2062,2019-08-27 09:00:00,2019-08-27,1,47.1,100.0,13,True,11,10.0,0.13489815189531904,10.0,42,21.0,1.7705382436260624,100.0,2.3333333333333335,1.85,0.1762183065299213,26.12612612612613,19,0.0,,,3,0.16666666666666666,4,0.2222222222222222,False,False,False,False,B_individuelle_a_verifier,"Alerte individuelle a verifier: signal pipeline conserve, mais support troupeau moins net ou confidence moderee."
summer_2019,2062,2019-08-28 07:15:00,2019-08-28,1,50.7,100.0,13,True,28,4.0,4.046944556859572,600.0,82,16.0,2.782274382840955,412.5,3.4166666666666665,10.283333333333331,-0.9819441445383642,-66.77471636952998,7,0.0,,,1,0.05555555555555555,7,0.3888888888888889,False,False,False,False,B_individuelle_a_verifier,"Alerte individuelle a verifier: signal pipeline conserve, mais support troupeau moins net ou confidence moderee."
summer_2019,2062,2019-08-29 08:15:00,2019-08-29,1,47.2,100.0,13,True,15,0.0,,,24,2.0,7.4193983542425475,1100.0,0.05,15.0,,-99.66666666666667,1,0.0,,,1,0.05555555555555555,6,0.3333333333333333,False,False,False,False,B_individuelle_a_verifier,"Alerte individuelle a verifier: signal pipeline conserve, mais support troupeau moins net ou confidence moderee."
summer_2019,2062,2019-08-31 19:00:00,2019-08-31,1,44.8,100.0,14,True,17,0.0,,,41,6.5,3.579989415683467,530.7692307692307,0.9166666666666666,15.0,,-93.8888888888889,6,0.0,,,4,0.2222222222222222,4,0.2222222222222222,False,False,False,False,B_individuelle_a_verifier,"Alerte individuelle a verifier: signal pipeline conserve, mais support troupeau moins net ou confidence moderee."
summer_2019,2062,2019-09-03 07:00:00,2019-09-03,1,45.9,100.0,14,True,15,11.0,0.5395926075812761,36.36363636363637,27,23.5,0.36318733202585896,14.893617021276595,0.1666666666666666,0.35,-0.3533046835353595,-52.3809523809524,2,1.0,0.6744907594765952,100.0,1,0.05555555555555555,3,0.16666666666666666,False,False,False,False,B_individuelle_a_verifier,"Alerte individuelle a verifier: signal pipeline conserve, mais support troupeau moins net ou confidence moderee."
summer_2019,419,2019-06-10 17:30:00,2019-06-10,1,45.1,100.0,16,True,15,5.5,1.281532443005531,172.72727272727272,50,18.0,3.083386329035864,177.77777777777777,9.35,8.191666666666666,0.11632036670874284,14.140386571719224,1,0.5,0.6744907594765952,100.0,4,0.2222222222222222,6,0.3333333333333333,False,False,False,False,B_individuelle_a_verifier,"Alerte individuelle a verifier: signal pipeline conserve, mais support troupeau moins net ou confidence moderee."
summer_2019,419,2019-06-14 12:15:00,2019-06-14,1,56.4,100.0,16,True,0,6.5,-1.0960474841494672,-100.0,0,11.0,-0.9892531138990064,-100.0,15.0,2.7249999999999996,3.0383024119542044,450.4587155963303,0,1.0,-0.6744907594765952,-100.0,5,0.2777777777777778,7,0.3888888888888889,False,True,True,True,A_individuelle_prioritaire,"Alerte individuelle prioritaire: deviation propre a la vache, bonne couverture, sans signal collectif majeur."
summer_2019,419,2019-07-01 13:00:00,2019-07-01,1,50.7,100.0,15,True,0,0.0,,,8,6.0,0.22483025315886507,33.333333333333336,15.0,15.0,,0.0,0,0.0,,,1,0.05555555555555555,3,0.16666666666666666,False,False,False,False,B_individuelle_a_verifier,"Alerte individuelle a verifier: signal pipeline conserve, mais support troupeau moins net ou confidence moderee."
summer_2019,419,2019-07-10 15:00:00,2019-07-10,1,49.6,100.0,17,True,0,8.0,-1.0791852151625523,-100.0,0,18.0,-1.7344048100826734,-100.0,15.0,2.85,2.8754606061896952,426.3157894736842,0,0.0,,,5,0.2777777777777778,6,0.3333333333333333,False,True,True,True,A_individuelle_prioritaire,"Alerte individuelle prioritaire: deviation propre a la vache, bonne couverture, sans signal collectif majeur."
summer_2019,419,2019-07-18 12:00:00,2019-07-18,1,47.6,100.0,17,True,12,14.0,-0.13489815189531904,-14.285714285714286,67,30.0,0.8318719366878008,123.33333333333333,13.683333333333334,3.5,1.9624469240009508,290.95238095238096,2,0.0,,,7,0.3888888888888889,10,0.5555555555555556,True,False,True,True,C_probable_evenement_collectif,"Alerte en contexte collectif: interpretation clinique prudente; verifier gestion, meteo, protocole ou evenement de troupeau."
summer_2019,419,2019-07-24 14:00:00,2019-07-24,1,36.8,100.0,16,True,0,0.0,,,0,5.0,-0.6744907594765952,-100.0,15.0,15.0,,0.0,0,0.0,,,3,0.16666666666666666,8,0.4444444444444444,False,False,False,False,B_individuelle_a_verifier,"Alerte individuelle a verifier: signal pipeline conserve, mais support troupeau moins net ou confidence moderee."
summer_2019,419,2019-08-08 14:30:00,2019-08-08,1,51.6,100.0,15,True,0,1.0,-0.6744907594765952,-100.0,0,5.0,-0.6744907594765952,-100.0,15.0,11.2,0.6744907594765952,33.92857142857144,0,0.0,,,3,0.16666666666666666,5,0.2777777777777778,False,False,False,False,B_individuelle_a_verifier,"Alerte individuelle a verifier: signal pipeline conserve, mais support troupeau moins net ou confidence moderee."
summer_2019,419,2019-08-13 13:15:00,2019-08-13,1,49.0,100.0,14,True,0,0.0,,,0,1.0,-0.6744907594765952,-100.0,15.0,15.0,,0.0,0,0.0,,,3,0.16666666666666666,5,0.2777777777777778,False,False,False,False,B_individuelle_a_verifier,"Alerte individuelle a verifier: signal pipeline conserve, mais support troupeau moins net ou confidence moderee."
summer_2019,419,2019-08-14 16:45:00,2019-08-14,1,44.9,100.0,14,True,1,6.5,-0.5707229503263498,-84.61538461538461,41,16.5,1.2240758227538209,148.4848484848485,14.7,2.6750000000000003,3.0320565916658153,449.5327102803737,0,0.0,,,4,0.2222222222222222,5,0.2777777777777778,False,False,True,True,B_individuelle_a_verifier,"Alerte individuelle a verifier: signal pipeline conserve, mais support troupeau moins net ou confidence moderee."
summer_2019,419,2019-08-15 12:15:00,2019-08-15,1,46.3,100.0,14,True,75,11.5,10.0,552.1739130434783,713,31.5,10.0,2163.4920634920636,0.9,2.333333333333333,-1.4501551328746785,-61.42857142857143,6,0.0,,,5,0.2777777777777778,5,0.2777777777777778,False,False,False,False,B_individuelle_a_verifier,"Alerte individuelle a verifier: signal pipeline conserve, mais support troupeau moins net ou confidence moderee."
summer_2019,419,2019-08-16 11:15:00,2019-08-16,1,46.8,100.0,14,True,114,16.5,5.2610279239174425,590.9090909090909,574,50.5,8.508335243036086,1036.6336633663366,0.5666666666666667,0.0416666666666666,8.498583569405113,1260.000000000002,6,1.0,3.3724537973829762,500.0,3,0.16666666666666666,6,0.3333333333333333,False,False,True,True,A_individuelle_prioritaire,"Alerte individuelle prioritaire: deviation propre a la vache, bonne couverture, sans signal collectif majeur."
summer_2019,5169,2019-06-26 15:15:00,2019-06-26,1,43.3,100.0,15,True,0,0.0,,,0,2.0,-0.6744907594765952,-100.0,15.0,15.0,,0.0,0,0.0,,,4,0.2222222222222222,5,0.2777777777777778,False,False,False,False,B_individuelle_a_verifier,"Alerte individuelle a verifier: signal pipeline conserve, mais support troupeau moins net ou confidence moderee."
summer_2019,5169,2019-06-27 13:00:00,2019-06-27,1,47.7,100.0,16,True,21,11.5,0.7538426135326652,82.6086956521739,59,31.0,0.7554296506137866,90.3225806451613,8.083333333333334,5.050000000000001,0.47123730604506836,60.06600660066005,2,1.0,0.6744907594765952,100.0,3,0.16666666666666666,5,0.2777777777777778,False,False,False,False,B_individuelle_a_verifier,"Alerte individuelle a verifier: signal pipeline conserve, mais support troupeau moins net ou confidence moderee."
summer_2019,5169,2019-06-28 11:45:00,2019-06-28,1,50.0,100.0,16,True,1,5.0,-0.5395926075812761,-80.0,47,29.0,0.7588021044111696,62.06896551724138,13.516666666666667,10.941666666666666,0.590418256878946,23.533891850723546,0,0.0,,,4,0.2222222222222222,5,0.2777777777777778,False,False,False,False,B_individuelle_a_verifier,"Alerte individuelle a verifier: signal pipeline conserve, mais support troupeau moins net ou confidence moderee."
summer_2019,5214,2019-07-11 06:15:00,2019-07-11,1,46.3,100.0,17,True,16,11.0,1.1241512657943253,45.45454545454545,18,17.0,0.11241512657943253,5.882352941176471,3.8166666666666664,0.0166666666666666,10.0,22800.00000000009,15,1.0,9.442870632672333,1400.0,5,0.2777777777777778,6,0.3333333333333333,False,False,True,True,A_individuelle_prioritaire,"Alerte individuelle prioritaire: deviation propre a la vache, bonne couverture, sans signal collectif majeur."
summer_2019,5214,2019-07-19 06:30:00,2019-07-19,1,47.0,100.0,16,True,33,12.5,3.072680126504489,164.0,39,21.5,1.686226898691488,81.3953488372093,0.2,0.0333333333333333,3.3724537973829807,500.0000000000007,2,0.5,2.023472278429786,300.0,9,0.5,10,0.5555555555555556,True,False,True,True,C_probable_evenement_collectif,"Alerte en contexte collectif: interpretation clinique prudente; verifier gestion, meteo, protocole ou evenement de troupeau."
summer_2019,5258,2019-06-21 12:30:00,2019-06-21,1,57.0,100.0,16,True,0,10.5,-1.1803588290840417,-100.0,0,20.0,-1.7986420252709208,-100.0,15.0,0.1333333333333333,10.0,11150.000000000004,0,0.0,,,5,0.2777777777777778,6,0.3333333333333333,False,True,True,True,A_individuelle_prioritaire,"Alerte individuelle prioritaire: deviation propre a la vache, bonne couverture, sans signal collectif majeur."
summer_2019,5258,2019-06-25 07:30:00,2019-06-25,1,47.3,100.0,16,True,6,0.0,,,29,0.0,,,5.1,15.0,,-66.0,6,0.0,,,3,0.16666666666666666,4,0.2222222222222222,False,False,False,False,B_individuelle_a_verifier,"Alerte individuelle a verifier: signal pipeline conserve, mais support troupeau moins net ou confidence moderee."
summer_2019,5258,2019-06-27 12:15:00,2019-06-27,1,50.1,100.0,15,True,12,9.0,0.3372453797382976,33.333333333333336,36,20.0,0.770846582258966,80.0,0.6833333333333333,5.3,-0.5875281143868455,-87.1069182389937,12,1.0,7.4193983542425475,1100.0,3,0.16666666666666666,5,0.2777777777777778,False,False,False,False,B_individuelle_a_verifier,"Alerte individuelle a verifier: signal pipeline conserve, mais support troupeau moins net ou confidence moderee."
summer_2019,5258,2019-07-05 14:45:00,2019-07-05,1,35.1,100.0,17,True,0,8.0,-0.6744907594765952,-100.0,1,15.0,-0.7869058860560277,-93.33333333333333,15.0,7.2,0.7306983227663115,108.33333333333333,0,0.0,,,3,0.16666666666666666,4,0.2222222222222222,False,False,False,False,B_individuelle_a_verifier,"Alerte individuelle a verifier: signal pipeline conserve, mais support troupeau moins net ou confidence moderee."
summer_2019,5258,2019-07-08 13:30:00,2019-07-08,1,58.3,100.0,17,True,5,1.0,2.697963037906381,400.0,29,8.0,1.7705382436260624,262.5,10.733333333333333,14.216666666666669,-2.9993312495874225,-24.50175849941385,1,0.0,,,2,0.1111111111111111,6,0.3333333333333333,False,False,False,False,B_individuelle_a_verifier,"Alerte individuelle a verifier: signal pipeline conserve, mais support troupeau moins net ou confidence moderee."
summer_2019,5258,2019-07-09 12:00:00,2019-07-09,1,57.2,100.0,17,True,183,8.0,10.0,2187.5,1034,20.0,10.0,5070.0,0.15,3.5833333333333335,-0.6462562625682726,-95.81395348837209,3,0.0,,,2,0.1111111111111111,5,0.2777777777777778,False,False,False,False,B_individuelle_a_verifier,"Alerte individuelle a verifier: signal pipeline conserve, mais support troupeau moins net ou confidence moderee."
summer_2019,5258,2019-07-10 12:30:00,2019-07-10,1,58.0,100.0,17,True,20,13.0,0.7869058860560277,53.84615384615385,67,25.0,2.8328611898017,168.0,0.1666666666666666,0.0,,,4,0.0,,,5,0.2777777777777778,6,0.3333333333333333,False,False,False,False,B_individuelle_a_verifier,"Alerte individuelle a verifier: signal pipeline conserve, mais support troupeau moins net ou confidence moderee."
summer_2019,5258,2019-07-30 16:15:00,2019-07-30,1,51.5,100.0,15,True,1,5.0,-0.5395926075812761,-80.0,12,14.0,-0.11241512657943253,-14.285714285714286,10.916666666666666,2.4,2.3935054034204177,354.8611111111111,2,0.0,,,3,0.16666666666666666,4,0.2222222222222222,False,False,True,True,A_individuelle_prioritaire,"Alerte individuelle prioritaire: deviation propre a la vache, bonne couverture, sans signal collectif majeur."
summer_2019,5258,2019-08-11 07:30:00,2019-08-11,1,47.9,100.0,14,True,0,0.0,,,13,0.0,,,8.75,15.0,,-41.666666666666664,1,0.0,,,1,0.05555555555555555,5,0.2777777777777778,False,False,False,False,B_individuelle_a_verifier,"Alerte individuelle a verifier: signal pipeline conserve, mais support troupeau moins net ou confidence moderee."
summer_2019,5258,2019-08-15 12:45:00,2019-08-15,1,48.5,100.0,14,True,4,7.5,-0.5246039240373518,-46.666666666666664,21,22.0,-0.05395926075812762,-4.545454545454546,2.783333333333333,2.166666666666667,0.19197044692795387,28.46153846153844,21,1.0,10.0,2000.0,4,0.2222222222222222,5,0.2777777777777778,False,False,False,False,B_individuelle_a_verifier,"Alerte individuelle a verifier: signal pipeline conserve, mais support troupeau moins net ou confidence moderee."
summer_2019,5258,2019-08-17 10:15:00,2019-08-17,1,48.3,100.0,15,True,17,2.0,5.058680696074464,750.0,38,12.0,1.4613966455326228,216.66666666666666,0.0,5.2,-0.6744907594765952,-100.0,0,0.0,,,2,0.1111111111111111,8,0.4444444444444444,False,False,False,False,B_individuelle_a_verifier,"Alerte individuelle a verifier: signal pipeline conserve, mais support troupeau moins net ou confidence moderee."
summer_2019,5313,2019-06-05 21:00:00,2019-06-05,1,47.2,100.0,16,True,37,16.0,1.8885741265344667,131.25,169,40.5,3.4668825037096993,317.28395061728395,0.0,0.0333333333333333,-0.6744907594765952,-100.0,0,1.0,-0.6744907594765952,-100.0,2,0.1111111111111111,3,0.16666666666666666,False,False,False,False,B_individuelle_a_verifier,"Alerte individuelle a verifier: signal pipeline conserve, mais support troupeau moins net ou confidence moderee."
summer_2019,5313,2019-06-14 07:30:00,2019-06-14,1,46.5,100.0,16,True,0,0.0,,,0,0.0,,,15.0,15.0,,0.0,0,0.0,,,5,0.2777777777777778,7,0.3888888888888889,False,False,False,False,B_individuelle_a_verifier,"Alerte individuelle a verifier: signal pipeline conserve, mais support troupeau moins net ou confidence moderee."
summer_2019,5313,2019-07-17 00:15:00,2019-07-17,1,48.8,100.0,17,True,16,4.0,2.023472278429786,300.0,46,8.0,3.2038311075138273,475.0,5.55,14.533333333333331,-10.0,-61.811926605504574,0,0.0,,,4,0.2222222222222222,9,0.5,True,False,False,False,C_probable_evenement_collectif,"Alerte en contexte collectif: interpretation clinique prudente; verifier gestion, meteo, protocole ou evenement de troupeau."
summer_2019,5313,2019-07-24 04:45:00,2019-07-24,1,39.9,100.0,16,True,0,0.0,,,0,0.5,-0.6744907594765952,-100.0,15.0,15.0,,0.0,0,0.0,,,4,0.2222222222222222,8,0.4444444444444444,False,False,False,False,B_individuelle_a_verifier,"Alerte individuelle a verifier: signal pipeline conserve, mais support troupeau moins net ou confidence moderee."
summer_2019,5313,2019-08-03 22:30:00,2019-08-03,1,37.5,100.0,15,True,0,1.0,-0.6744907594765952,-100.0,4,7.0,-0.2890674683471122,-42.857142857142854,15.0,14.616666666666667,0.6744907594765952,2.622576966932722,0,0.0,,,3,0.16666666666666666,4,0.2222222222222222,False,False,False,False,B_individuelle_a_verifier,"Alerte individuelle a verifier: signal pipeline conserve, mais support troupeau moins net ou confidence moderee."
summer_2019,5313,2019-08-04 18:15:00,2019-08-04,1,43.1,100.0,15,True,0,0.0,,,3,0.0,,,15.0,15.0,,0.0,0,0.0,,,2,0.1111111111111111,5,0.2777777777777778,False,False,False,False,B_individuelle_a_verifier,"Alerte individuelle a verifier: signal pipeline conserve, mais support troupeau moins net ou confidence moderee."
summer_2019,5313,2019-08-06 22:30:00,2019-08-06,1,47.5,100.0,15,True,0,0.0,,,0,4.0,-0.6744907594765952,-100.0,15.0,15.0,,0.0,0,0.0,,,3,0.16666666666666666,5,0.2777777777777778,False,False,False,False,B_individuelle_a_verifier,"Alerte individuelle a verifier: signal pipeline conserve, mais support troupeau moins net ou confidence moderee."
summer_2019,5313,2019-08-09 00:15:00,2019-08-09,1,39.7,100.0,15,True,0,0.0,,,0,1.0,-0.6744907594765952,-100.0,15.0,15.0,,0.0,0,0.0,,,3,0.16666666666666666,5,0.2777777777777778,False,False,False,False,B_individuelle_a_verifier,"Alerte individuelle a verifier: signal pipeline conserve, mais support troupeau moins net ou confidence moderee."
summer_2019,5313,2019-08-19 03:00:00,2019-08-19,1,32.4,100.0,15,True,0,0.0,,,0,2.0,-0.6744907594765952,-100.0,15.0,15.0,,0.0,0,0.0,,,3,0.16666666666666666,7,0.3888888888888889,False,False,False,False,B_individuelle_a_verifier,"Alerte individuelle a verifier: signal pipeline conserve, mais support troupeau moins net ou confidence moderee."
summer_2019,5322,2019-06-20 23:45:00,2019-06-20,1,37.6,100.0,16,True,0,0.0,,,0,1.5,-0.6744907594765952,-100.0,15.0,15.0,,0.0,0,0.0,,,5,0.2777777777777778,6,0.3333333333333333,False,False,False,False,B_individuelle_a_verifier,"Alerte individuelle a verifier: signal pipeline conserve, mais support troupeau moins net ou confidence moderee."
summer_2019,5322,2019-07-03 00:15:00,2019-07-03,1,48.0,100.0,15,True,0,0.0,,,3,3.0,0.0,0.0,15.0,15.0,,0.0,0,0.0,,,1,0.05555555555555555,5,0.2777777777777778,False,False,False,False,B_individuelle_a_verifier,"Alerte individuelle a verifier: signal pipeline conserve, mais support troupeau moins net ou confidence moderee."
summer_2019,5322,2019-08-06 22:30:00,2019-08-06,1,49.2,100.0,15,True,0,0.0,,,0,4.0,-0.6744907594765952,-100.0,15.0,15.0,,0.0,0,0.0,,,3,0.16666666666666666,5,0.2777777777777778,False,False,False,False,B_individuelle_a_verifier,"Alerte individuelle a verifier: signal pipeline conserve, mais support troupeau moins net ou confidence moderee."
summer_2019,5322,2019-08-08 19:15:00,2019-08-08,1,46.8,100.0,15,True,8,6.0,0.3372453797382976,33.333333333333336,22,22.0,0.0,0.0,0.7,4.816666666666666,-0.576467880936744,-85.46712802768165,3,1.0,1.3489815189531904,200.0,3,0.16666666666666666,5,0.2777777777777778,False,False,False,False,B_individuelle_a_verifier,"Alerte individuelle a verifier: signal pipeline conserve, mais support troupeau moins net ou confidence moderee."
summer_2019,5322,2019-08-12 23:30:00,2019-08-12,1,37.0,100.0,14,True,0,0.0,,,1,4.0,-0.6744907594765952,-75.0,15.0,15.0,,0.0,0,0.0,,,3,0.16666666666666666,5,0.2777777777777778,False,False,False,False,B_individuelle_a_verifier,"Alerte individuelle a verifier: signal pipeline conserve, mais support troupeau moins net ou confidence moderee."
summer_2019,5322,2019-08-15 22:30:00,2019-08-15,1,47.3,100.0,14,True,0,0.0,,,0,0.5,-0.6744907594765952,-100.0,15.0,15.0,,0.0,0,0.0,,,4,0.2222222222222222,5,0.2777777777777778,False,False,False,False,B_individuelle_a_verifier,"Alerte individuelle a verifier: signal pipeline conserve, mais support troupeau moins net ou confidence moderee."
summer_2019,5322,2019-08-30 22:15:00,2019-08-30,1,38.5,100.0,14,True,0,0.0,,,2,4.5,-0.3747170885981084,-55.55555555555556,15.0,15.0,,0.0,0,0.0,,,4,0.2222222222222222,4,0.2222222222222222,False,False,False,False,B_individuelle_a_verifier,"Alerte individuelle a verifier: signal pipeline conserve, mais support troupeau moins net ou confidence moderee."
summer_2019,5330,2019-06-08 14:30:00,2019-06-08,1,49.5,100.0,16,True,6,3.5,0.4817791139118537,71.42857142857143,19,11.5,0.5951389054205252,65.21739130434783,4.266666666666667,7.083333333333334,-0.2682092667095167,-39.76470588235295,22,0.0,,,3,0.16666666666666666,7,0.3888888888888889,False,False,False,False,B_individuelle_a_verifier,"Alerte individuelle a verifier: signal pipeline conserve, mais support troupeau moins net ou confidence moderee."
summer_2019,5330,2019-07-08 16:00:00,2019-07-08,1,46.6,100.0,17,True,4,4.0,0.0,0.0,18,14.0,0.1927116455647415,28.571428571428573,7.316666666666666,6.45,0.0906292493353564,13.436692506459941,30,0.0,,,2,0.1111111111111111,6,0.3333333333333333,False,False,False,False,B_individuelle_a_verifier,"Alerte individuelle a verifier: signal pipeline conserve, mais support troupeau moins net ou confidence moderee."
summer_2019,5330,2019-07-11 07:00:00,2019-07-11,1,52.4,100.0,17,True,7,6.0,0.11241512657943253,16.666666666666668,35,12.0,1.292773955663474,191.66666666666666,2.216666666666667,10.6,-1.285109287942149,-79.0880503144654,14,0.0,,,5,0.2777777777777778,6,0.3333333333333333,False,False,False,False,B_individuelle_a_verifier,"Alerte individuelle a verifier: signal pipeline conserve, mais support troupeau moins net ou confidence moderee."
summer_2019,5330,2019-08-03 12:15:00,2019-08-03,1,45.2,100.0,15,True,7,7.0,0.0,0.0,12,13.0,-0.06744907594765952,-7.6923076923076925,0.0,0.3666666666666666,-0.6744907594765952,-100.0,0,0.0,,,3,0.16666666666666666,3,0.16666666666666666,False,False,False,False,B_individuelle_a_verifier,"Alerte individuelle a verifier: signal pipeline conserve, mais support troupeau moins net ou confidence moderee."
summer_2019,5854,2019-06-28 15:00:00,2019-06-28,1,54.6,100.0,16,True,5,6.5,-0.25293403480372323,-23.076923076923077,28,16.0,0.8993210126354603,75.0,9.233333333333333,0.9583333333333334,5.824081079654425,863.478260869565,1,0.0,,,2,0.1111111111111111,6,0.3333333333333333,False,False,True,True,A_individuelle_prioritaire,"Alerte individuelle prioritaire: deviation propre a la vache, bonne couverture, sans signal collectif majeur."
summer_2019,5854,2019-07-05 16:15:00,2019-07-05,1,50.8,100.0,17,True,0,6.0,-0.8093889113719143,-100.0,5,14.0,-0.6070416835289357,-64.28571428571429,15.0,4.866666666666667,1.4044191156224994,208.21917808219175,0,0.0,,,3,0.16666666666666666,5,0.2777777777777778,False,False,True,True,A_individuelle_prioritaire,"Alerte individuelle prioritaire: deviation propre a la vache, bonne couverture, sans signal collectif majeur."
summer_2019,5854,2019-07-15 16:15:00,2019-07-15,1,50.2,100.0,17,True,1,7.0,-0.6744907594765952,-85.71428571428571,14,9.0,0.3747170885981084,55.55555555555556,14.85,6.633333333333333,0.8354872975426167,123.86934673366835,1,0.0,,,3,0.16666666666666666,7,0.3888888888888889,False,False,False,False,B_individuelle_a_verifier,"Alerte individuelle a verifier: signal pipeline conserve, mais support troupeau moins net ou confidence moderee."
summer_2019,5854,2019-07-17 16:30:00,2019-07-17,1,56.7,100.0,17,True,3,6.0,-0.3372453797382976,-50.0,12,16.0,-0.20753561830049083,-25.0,11.233333333333333,0.0,,,1,0.0,,,6,0.3333333333333333,10,0.5555555555555556,True,False,False,False,C_probable_evenement_collectif,"Alerte en contexte collectif: interpretation clinique prudente; verifier gestion, meteo, protocole ou evenement de troupeau."
summer_2019,5854,2019-07-19 16:45:00,2019-07-19,1,48.7,100.0,16,True,1,7.0,-0.8093889113719143,-85.71428571428571,16,22.5,-0.5480237420747336,-28.88888888888889,12.583333333333334,8.6,0.4990813978789667,46.317829457364354,0,0.0,,,5,0.2777777777777778,10,0.5555555555555556,True,False,False,False,C_probable_evenement_collectif,"Alerte en contexte collectif: interpretation clinique prudente; verifier gestion, meteo, protocole ou evenement de troupeau."
summer_2019,5854,2019-07-22 16:45:00,2019-07-22,1,44.9,100.0,16,True,2,9.0,-0.7263746640517179,-77.77777777777777,11,19.0,-0.5679922185066064,-42.10526315789474,10.0,8.308333333333334,0.5565919681859708,20.361083249749242,0,0.0,,,5,0.2777777777777778,8,0.4444444444444444,False,False,False,False,B_individuelle_a_verifier,"Alerte individuelle a verifier: signal pipeline conserve, mais support troupeau moins net ou confidence moderee."
summer_2019,5857,2019-06-11 15:00:00,2019-06-11,1,39.5,100.0,16,True,0,8.0,-0.6744907594765952,-100.0,0,14.5,-0.724453037956343,-100.0,15.0,7.408333333333333,0.6911823193286595,102.47469066366703,0,0.5,-0.6744907594765952,-100.0,4,0.2222222222222222,7,0.3888888888888889,False,False,True,True,B_individuelle_a_verifier,"Alerte individuelle a verifier: signal pipeline conserve, mais support troupeau moins net ou confidence moderee."
summer_2019,5857,2019-07-17 16:45:00,2019-07-17,1,54.5,100.0,17,True,0,10.0,-0.8431134493457441,-100.0,3,25.0,-1.1414459006526996,-88.0,15.0,0.2166666666666666,10.0,6823.076923076925,0,0.0,,,6,0.3333333333333333,10,0.5555555555555556,True,True,True,True,C_probable_evenement_collectif,"Alerte en contexte collectif: interpretation clinique prudente; verifier gestion, meteo, protocole ou evenement de troupeau."
summer_2019,5857,2019-07-18 15:30:00,2019-07-18,1,43.9,100.0,16,True,0,7.5,-0.6744907594765952,-100.0,0,18.0,-0.7141666865046302,-100.0,15.0,4.416666666666666,1.6162325745948605,239.62264150943403,0,0.0,,,7,0.3888888888888889,10,0.5555555555555556,True,False,True,True,C_probable_evenement_collectif,"Alerte en contexte collectif: interpretation clinique prudente; verifier gestion, meteo, protocole ou evenement de troupeau."
summer_2019,5857,2019-07-23 16:15:00,2019-07-23,1,47.9,100.0,16,True,0,2.5,-0.6744907594765952,-100.0,0,6.0,-0.6744907594765952,-100.0,15.0,8.416666666666666,0.6744907594765952,78.21782178217823,0,0.0,,,6,0.3333333333333333,8,0.4444444444444444,True,False,False,False,C_probable_evenement_collectif,"Alerte en contexte collectif: interpretation clinique prudente; verifier gestion, meteo, protocole ou evenement de troupeau."
summer_2019,5857,2019-07-29 16:45:00,2019-07-29,1,46.4,100.0,15,True,0,11.0,-2.4731327847475155,-100.0,1,20.0,-1.067943702504609,-95.0,15.0,0.0166666666666666,10.0,89900.00000000036,0,0.0,,,4,0.2222222222222222,5,0.2777777777777778,False,True,True,True,A_individuelle_prioritaire,"Alerte individuelle prioritaire: deviation propre a la vache, bonne couverture, sans signal collectif majeur."
summer_2019,5857,2019-08-19 16:30:00,2019-08-19,1,47.0,100.0,15,True,11,6.0,0.5620756328971627,83.33333333333333,23,16.0,0.5246039240373518,43.75,2.2333333333333334,0.8,1.2084626107288996,179.16666666666666,1,0.0,,,4,0.2222222222222222,6,0.3333333333333333,False,False,True,True,A_individuelle_prioritaire,"Alerte individuelle prioritaire: deviation propre a la vache, bonne couverture, sans signal collectif majeur."
summer_2019,5857,2019-08-24 06:45:00,2019-08-24,1,46.5,100.0,13,True,7,7.0,0.0,0.0,22,25.0,-0.25293403480372323,-12.0,12.916666666666666,0.65,10.0,1887.1794871794868,1,1.0,0.0,0.0,2,0.1111111111111111,4,0.2222222222222222,False,False,True,True,A_individuelle_prioritaire,"Alerte individuelle prioritaire: deviation propre a la vache, bonne couverture, sans signal collectif majeur."
summer_2019,5857,2019-08-26 22:15:00,2019-08-26,1,40.8,100.0,13,True,0,0.0,,,32,5.0,3.642250101173614,540.0,15.0,15.0,,0.0,0,0.0,,,3,0.16666666666666666,4,0.2222222222222222,False,False,False,False,B_individuelle_a_verifier,"Alerte individuelle a verifier: signal pipeline conserve, mais support troupeau moins net ou confidence moderee."
summer_2019,5857,2019-09-04 22:45:00,2019-09-04,1,46.4,100.0,14,True,0,0.0,,,0,4.5,-0.6744907594765952,-100.0,15.0,15.0,,0.0,0,0.0,,,1,0.05555555555555555,2,0.1111111111111111,False,False,False,False,B_individuelle_a_verifier,"Alerte individuelle a verifier: signal pipeline conserve, mais support troupeau moins net ou confidence moderee."
summer_2019,5862,2019-07-11 04:15:00,2019-07-11,1,47.2,100.0,17,True,15,1.0,9.442870632672333,1400.0,42,4.0,6.4076622150276545,950.0,4.133333333333334,9.966666666666669,-0.781694588797379,-58.52842809364549,1,0.0,,,5,0.2777777777777778,6,0.3333333333333333,False,False,False,False,B_individuelle_a_verifier,"Alerte individuelle a verifier: signal pipeline conserve, mais support troupeau moins net ou confidence moderee."
summer_2019,5862,2019-07-20 02:00:00,2019-07-20,1,51.0,100.0,16,True,0,0.0,,,0,5.0,-0.6744907594765952,-100.0,15.0,15.0,,0.0,0,0.0,,,5,0.2777777777777778,9,0.5,True,False,False,False,C_probable_evenement_collectif,"Alerte en contexte collectif: interpretation clinique prudente; verifier gestion, meteo, protocole ou evenement de troupeau."
summer_2019,5862,2019-07-21 23:00:00,2019-07-21,1,48.5,100.0,16,True,0,3.5,-0.6744907594765952,-100.0,4,11.0,-0.5554629783924901,-63.63636363636363,15.0,7.516666666666667,0.6744907594765952,99.55654101995566,0,0.0,,,3,0.16666666666666666,10,0.5555555555555556,True,False,False,False,C_probable_evenement_collectif,"Alerte en contexte collectif: interpretation clinique prudente; verifier gestion, meteo, protocole ou evenement de troupeau."
summer_2019,5862,2019-08-07 02:15:00,2019-08-07,1,31.9,100.0,15,True,0,2.0,-0.6744907594765952,-100.0,1,7.0,-0.5781349366942244,-85.71428571428571,15.0,11.983333333333333,0.6744907594765952,25.173852573018088,0,0.0,,,3,0.16666666666666666,5,0.2777777777777778,False,False,False,False,B_individuelle_a_verifier,"Alerte individuelle a verifier: signal pipeline conserve, mais support troupeau moins net ou confidence moderee."
summer_2019,5862,2019-08-30 22:45:00,2019-08-30,1,49.5,100.0,14,True,0,0.0,,,0,5.5,-0.6744907594765952,-100.0,15.0,15.0,,0.0,0,0.0,,,4,0.2222222222222222,4,0.2222222222222222,False,False,False,False,B_individuelle_a_verifier,"Alerte individuelle a verifier: signal pipeline conserve, mais support troupeau moins net ou confidence moderee."
summer_2019,5865,2019-06-19 22:15:00,2019-06-19,1,52.3,100.0,16,True,0,0.0,,,1,1.0,0.0,0.0,15.0,15.0,,0.0,0,0.0,,,2,0.1111111111111111,7,0.3888888888888889,False,False,False,False,B_individuelle_a_verifier,"Alerte individuelle a verifier: signal pipeline conserve, mais support troupeau moins net ou confidence moderee."
summer_2019,5865,2019-07-15 10:15:00,2019-07-15,1,47.0,100.0,17,True,109,16.0,6.272764063132335,581.25,416,33.0,10.0,1160.6060606060605,0.0166666666666666,0.15,-0.5995473417569738,-88.88888888888893,1,1.0,0.0,0.0,3,0.16666666666666666,6,0.3333333333333333,False,False,False,False,B_individuelle_a_verifier,"Alerte individuelle a verifier: signal pipeline conserve, mais support troupeau moins net ou confidence moderee."
summer_2019,5865,2019-07-19 16:15:00,2019-07-19,1,53.4,100.0,16,True,17,13.5,0.7869058860560277,25.925925925925927,39,25.5,0.7004327117641566,52.94117647058823,2.5666666666666664,4.25,-0.2697963037906381,-39.60784313725491,2,1.0,0.6744907594765952,100.0,6,0.3333333333333333,10,0.5555555555555556,True,False,False,False,C_probable_evenement_collectif,"Alerte en contexte collectif: interpretation clinique prudente; verifier gestion, meteo, protocole ou evenement de troupeau."
summer_2019,5865,2019-08-25 07:45:00,2019-08-25,1,42.4,100.0,13,True,0,0.0,,,0,1.0,-0.6744907594765952,-100.0,15.0,15.0,,0.0,0,0.0,,,2,0.1111111111111111,4,0.2222222222222222,False,False,False,False,B_individuelle_a_verifier,"Alerte individuelle a verifier: signal pipeline conserve, mais support troupeau moins net ou confidence moderee."
summer_2019,5871,2019-06-14 06:30:00,2019-06-14,1,47.1,100.0,16,True,15,8.5,0.974264430355082,76.47058823529412,35,9.0,5.010502784683278,288.8888888888889,0.4666666666666667,0.275,0.4700996202412633,69.69696969696969,3,2.5,0.1686226898691488,20.0,5,0.2777777777777778,7,0.3888888888888889,False,False,False,False,B_individuelle_a_verifier,"Alerte individuelle a verifier: signal pipeline conserve, mais support troupeau moins net ou confidence moderee."
summer_2019,5871,2019-07-19 07:45:00,2019-07-19,1,47.3,100.0,16,True,38,0.0,,,116,3.5,10.0,3214.285714285714,2.9,15.0,,-80.66666666666667,3,0.0,,,9,0.5,10,0.5555555555555556,True,False,False,False,C_probable_evenement_collectif,"Alerte en contexte collectif: interpretation clinique prudente; verifier gestion, meteo, protocole ou evenement de troupeau."
summer_2019,5871,2019-07-20 19:15:00,2019-07-20,1,46.1,100.0,16,True,17,10.0,0.6744907594765952,70.0,93,22.5,3.5223406328222193,313.3333333333333,7.216666666666667,0.975,4.317893836307435,640.1709401709403,1,0.5,0.6744907594765952,100.0,2,0.1111111111111111,10,0.5555555555555556,True,False,True,True,C_probable_evenement_collectif,"Alerte en contexte collectif: interpretation clinique prudente; verifier gestion, meteo, protocole ou evenement de troupeau."
summer_2019,5871,2019-07-28 19:00:00,2019-07-28,1,47.0,100.0,15,True,0,4.0,-0.6744907594765952,-100.0,2,11.0,-0.5518560759353961,-81.81818181818181,15.0,2.7666666666666666,2.9823868521434997,442.16867469879526,0,0.0,,,3,0.16666666666666666,6,0.3333333333333333,False,False,True,True,A_individuelle_prioritaire,"Alerte individuelle prioritaire: deviation propre a la vache, bonne couverture, sans signal collectif majeur."
summer_2019,5871,2019-07-29 23:45:00,2019-07-29,1,38.1,100.0,15,True,0,0.0,,,0,6.0,-0.6744907594765952,-100.0,15.0,15.0,,0.0,0,0.0,,,4,0.2222222222222222,4,0.2222222222222222,False,False,False,False,B_individuelle_a_verifier,"Alerte individuelle a verifier: signal pipeline conserve, mais support troupeau moins net ou confidence moderee."
summer_2019,5871,2019-07-30 22:30:00,2019-07-30,1,51.0,100.0,15,True,0,5.0,-0.6744907594765952,-100.0,1,18.0,-0.8190244936501513,-94.44444444444444,15.0,12.166666666666666,0.6744907594765953,23.287671232876715,0,0.0,,,2,0.1111111111111111,4,0.2222222222222222,False,False,False,False,B_individuelle_a_verifier,"Alerte individuelle a verifier: signal pipeline conserve, mais support troupeau moins net ou confidence moderee."
summer_2019,5871,2019-08-04 07:15:00,2019-08-04,1,47.0,100.0,15,True,6,0.0,,,24,15.0,0.6070416835289357,60.0,10.366666666666667,13.783333333333331,-1.8941178862013932,-24.78839177750905,1,0.0,,,3,0.16666666666666666,5,0.2777777777777778,False,False,False,False,B_individuelle_a_verifier,"Alerte individuelle a verifier: signal pipeline conserve, mais support troupeau moins net ou confidence moderee."
summer_2019,5871,2019-08-13 09:30:00,2019-08-13,1,46.6,100.0,14,True,2,17.5,-0.8712172309906021,-88.57142857142857,16,43.5,-0.5620756328971627,-63.2183908045977,2.0166666666666666,0.0,,,20,0.0,,,3,0.16666666666666666,5,0.2777777777777778,False,False,False,False,B_individuelle_a_verifier,"Alerte individuelle a verifier: signal pipeline conserve, mais support troupeau moins net ou confidence moderee."
summer_2019,5871,2019-08-14 12:15:00,2019-08-14,1,47.5,100.0,14,True,27,17.0,0.7099902731332581,58.8235294117647,78,37.5,1.2140833670578712,108.0,2.183333333333333,0.22499999999999995,5.870567721370366,870.3703703703704,19,0.0,,,3,0.16666666666666666,5,0.2777777777777778,False,False,True,True,A_individuelle_prioritaire,"Alerte individuelle prioritaire: deviation propre a la vache, bonne couverture, sans signal collectif majeur."
summer_2019,5871,2019-08-20 08:00:00,2019-08-20,1,44.3,100.0,15,True,1,0.0,,,8,4.0,0.6744907594765952,100.0,11.783333333333331,15.0,,-21.444444444444457,0,0.0,,,3,0.16666666666666666,6,0.3333333333333333,False,False,False,False,B_individuelle_a_verifier,"Alerte individuelle a verifier: signal pipeline conserve, mais support troupeau moins net ou confidence moderee."
summer_2019,8515,2019-06-09 00:00:00,2019-06-09,1,48.4,100.0,16,True,16,0.5,10.0,3100.0,35,7.0,2.697963037906381,400.0,6.216666666666667,13.091666666666665,-2.4299339588130584,-52.514322087842125,1,0.0,,,4,0.2222222222222222,7,0.3888888888888889,False,False,False,False,B_individuelle_a_verifier,"Alerte individuelle a verifier: signal pipeline conserve, mais support troupeau moins net ou confidence moderee."
summer_2019,8515,2019-06-10 17:45:00,2019-06-10,1,45.1,100.0,16,True,0,0.0,,,0,3.5,-0.6744907594765952,-100.0,15.0,15.0,,0.0,0,0.0,,,4,0.2222222222222222,6,0.3333333333333333,False,False,False,False,B_individuelle_a_verifier,"Alerte individuelle a verifier: signal pipeline conserve, mais support troupeau moins net ou confidence moderee."
summer_2019,8515,2019-06-11 07:30:00,2019-06-11,1,49.2,100.0,16,True,31,0.0,,,108,0.0,,,0.0,15.0,,-100.0,0,0.0,,,4,0.2222222222222222,8,0.4444444444444444,False,False,False,False,B_individuelle_a_verifier,"Alerte individuelle a verifier: signal pipeline conserve, mais support troupeau moins net ou confidence moderee."
summer_2019,8515,2019-06-15 23:45:00,2019-06-15,1,41.9,100.0,16,True,0,0.5,-0.6744907594765952,-100.0,0,5.5,-0.6744907594765952,-100.0,15.0,12.833333333333332,0.6744907594765952,16.883116883116895,0,0.0,,,1,0.05555555555555555,8,0.4444444444444444,False,False,False,False,B_individuelle_a_verifier,"Alerte individuelle a verifier: signal pipeline conserve, mais support troupeau moins net ou confidence moderee."
summer_2019,8515,2019-07-04 17:15:00,2019-07-04,1,47.2,100.0,16,True,15,15.0,0.0,0.0,95,25.5,8.52311050611334,272.54901960784315,0.7666666666666667,0.0,,,2,0.0,,,3,0.16666666666666666,4,0.2222222222222222,False,False,False,False,B_individuelle_a_verifier,"Alerte individuelle a verifier: signal pipeline conserve, mais support troupeau moins net ou confidence moderee."
summer_2019,8515,2019-08-30 22:15:00,2019-08-30,1,36.7,100.0,14,True,0,0.0,,,0,4.5,-0.6744907594765952,-100.0,15.0,15.0,,0.0,0,0.0,,,4,0.2222222222222222,4,0.2222222222222222,False,False,False,False,B_individuelle_a_verifier,"Alerte individuelle a verifier: signal pipeline conserve, mais support troupeau moins net ou confidence moderee."
summer_2019,8515,2019-09-01 09:45:00,2019-09-01,1,47.2,100.0,14,True,32,8.0,3.597284050541841,300.0,110,17.5,5.199199604298754,528.5714285714286,0.0,1.0583333333333333,-0.6744907594765952,-100.0,0,0.5,-0.6744907594765952,-100.0,2,0.1111111111111111,4,0.2222222222222222,False,False,False,False,B_individuelle_a_verifier,"Alerte individuelle a verifier: signal pipeline conserve, mais support troupeau moins net ou confidence moderee."
summer_2019,8520,2019-06-06 12:15:00,2019-06-06,1,46.9,100.0,16,True,0,0.0,,,1,0.0,,,15.0,15.0,,0.0,0,0.0,,,2,0.1111111111111111,5,0.2777777777777778,False,False,False,False,B_individuelle_a_verifier,"Alerte individuelle a verifier: signal pipeline conserve, mais support troupeau moins net ou confidence moderee."
summer_2019,8520,2019-06-18 12:00:00,2019-06-18,1,49.4,100.0,16,True,11,0.0,,,23,2.5,5.530824227708081,820.0,8.35,15.0,,-44.333333333333336,1,0.0,,,3,0.16666666666666666,7,0.3888888888888889,False,False,False,False,B_individuelle_a_verifier,"Alerte individuelle a verifier: signal pipeline conserve, mais support troupeau moins net ou confidence moderee."
summer_2019,8520,2019-06-20 12:30:00,2019-06-20,1,50.0,100.0,16,True,44,3.5,7.80482164537203,1157.142857142857,63,12.0,2.8665857277755293,425.0,9.95,13.225000000000001,-1.2444829505835788,-24.76370510396977,5,0.0,,,6,0.3333333333333333,7,0.3888888888888889,True,False,False,False,C_probable_evenement_collectif,"Alerte en contexte collectif: interpretation clinique prudente; verifier gestion, meteo, protocole ou evenement de troupeau."
summer_2019,8520,2019-07-12 14:45:00,2019-07-12,1,43.1,100.0,17,True,10,0.0,,,11,6.0,0.6744907594765952,83.33333333333333,3.8833333333333337,15.0,,-74.11111111111111,1,0.0,,,1,0.05555555555555555,7,0.3888888888888889,False,False,False,False,B_individuelle_a_verifier,"Alerte individuelle a verifier: signal pipeline conserve, mais support troupeau moins net ou confidence moderee."
summer_2019,8520,2019-07-15 13:15:00,2019-07-15,1,47.9,100.0,17,True,1,0.0,,,9,2.0,2.3607176581680833,350.0,14.3,15.0,,-4.666666666666662,1,0.0,,,3,0.16666666666666666,7,0.3888888888888889,False,False,False,False,B_individuelle_a_verifier,"Alerte individuelle a verifier: signal pipeline conserve, mais support troupeau moins net ou confidence moderee."
summer_2019,8520,2019-07-18 15:45:00,2019-07-18,1,47.6,100.0,16,True,2,1.0,0.6744907594765952,100.0,18,13.0,0.26979630379063807,38.46153846153846,14.616666666666667,14.725000000000001,-0.26570848100593514,-0.7357102433503176,1,0.0,,,7,0.3888888888888889,10,0.5555555555555556,True,False,False,False,C_probable_evenement_collectif,"Alerte en contexte collectif: interpretation clinique prudente; verifier gestion, meteo, protocole ou evenement de troupeau."
summer_2019,8520,2019-07-22 16:30:00,2019-07-22,1,44.4,100.0,16,True,0,0.0,,,0,2.0,-0.6744907594765952,-100.0,15.0,15.0,,0.0,0,0.0,,,5,0.2777777777777778,8,0.4444444444444444,False,False,False,False,B_individuelle_a_verifier,"Alerte individuelle a verifier: signal pipeline conserve, mais support troupeau moins net ou confidence moderee."
summer_2019,8520,2019-07-29 15:30:00,2019-07-29,1,45.6,100.0,15,True,7,5.0,0.26979630379063807,40.0,26,11.0,0.9197601265589935,136.36363636363637,8.583333333333334,8.583333333333334,0.0,0.0,0,0.0,,,3,0.16666666666666666,5,0.2777777777777778,False,False,False,False,B_individuelle_a_verifier,"Alerte individuelle a verifier: signal pipeline conserve, mais support troupeau moins net ou confidence moderee."
summer_2019,8520,2019-08-19 12:15:00,2019-08-19,1,56.9,100.0,15,True,11,13.0,-0.26979630379063807,-15.384615384615385,25,24.0,0.13489815189531904,4.166666666666667,2.783333333333333,0.0,,,22,0.0,,,4,0.2222222222222222,6,0.3333333333333333,False,False,False,False,B_individuelle_a_verifier,"Alerte individuelle a verifier: signal pipeline conserve, mais support troupeau moins net ou confidence moderee."
summer_2019,8520,2019-08-20 09:30:00,2019-08-20,1,38.8,100.0,15,True,21,17.0,0.2997736708784868,23.529411764705884,42,37.0,0.21077836233643601,13.513513513513514,0.5333333333333333,0.0666666666666666,4.721435316336172,700.0000000000008,6,2.0,1.3489815189531904,200.0,4,0.2222222222222222,6,0.3333333333333333,False,False,True,True,B_individuelle_a_verifier,"Alerte individuelle a verifier: signal pipeline conserve, mais support troupeau moins net ou confidence moderee."
summer_2019,8525,2019-06-17 18:30:00,2019-06-17,1,39.7,100.0,16,True,0,1.0,-0.6744907594765952,-100.0,0,6.5,-0.6744907594765952,-100.0,15.0,13.108333333333334,0.6744907594765952,14.431023521932605,0,0.0,,,3,0.16666666666666666,5,0.2777777777777778,False,False,False,False,B_individuelle_a_verifier,"Alerte individuelle a verifier: signal pipeline conserve, mais support troupeau moins net ou confidence moderee."
summer_2019,8525,2019-07-26 19:00:00,2019-07-26,1,46.6,100.0,15,True,0,0.0,,,1,1.0,0.0,0.0,15.0,15.0,,0.0,0,0.0,,,2,0.1111111111111111,7,0.3888888888888889,False,False,False,False,B_individuelle_a_verifier,"Alerte individuelle a verifier: signal pipeline conserve, mais support troupeau moins net ou confidence moderee."
summer_2019,8536,2019-06-09 21:00:00,2019-06-09,1,44.8,100.0,16,True,1,9.0,-1.541693164517932,-88.88888888888889,3,17.0,-1.1803588290840417,-82.3529411764706,0.0,0.16666666666666666,-0.6744907594765952,-99.99999999999999,0,0.5,-0.6744907594765952,-100.0,4,0.2222222222222222,6,0.3333333333333333,False,True,False,True,B_individuelle_a_verifier,"Alerte individuelle a verifier: signal pipeline conserve, mais support troupeau moins net ou confidence moderee."
summer_2019,8536,2019-06-13 19:15:00,2019-06-13,1,47.6,100.0,16,True,0,0.5,-0.6744907594765952,-100.0,0,6.0,-0.6744907594765952,-100.0,15.0,13.583333333333332,0.6744907594765952,10.429447852760747,0,0.0,,,5,0.2777777777777778,7,0.3888888888888889,False,False,False,False,B_individuelle_a_verifier,"Alerte individuelle a verifier: signal pipeline conserve, mais support troupeau moins net ou confidence moderee."
summer_2019,8536,2019-06-17 19:00:00,2019-06-17,1,47.8,100.0,16,True,0,8.0,-0.6744907594765952,-100.0,0,23.5,-1.1321809176928561,-100.0,15.0,5.916666666666667,1.0502784683278408,153.52112676056336,0,0.5,-0.6744907594765952,-100.0,3,0.16666666666666666,5,0.2777777777777778,False,True,True,True,A_individuelle_prioritaire,"Alerte individuelle prioritaire: deviation propre a la vache, bonne couverture, sans signal collectif majeur."
summer_2019,8536,2019-06-21 11:00:00,2019-06-21,1,46.7,100.0,16,True,75,20.0,5.2995702530303905,275.0,366,39.0,10.0,838.4615384615385,0.0,0.0333333333333333,-0.6744907594765952,-100.0,0,1.0,-0.6744907594765952,-100.0,5,0.2777777777777778,6,0.3333333333333333,False,False,False,False,B_individuelle_a_verifier,"Alerte individuelle a verifier: signal pipeline conserve, mais support troupeau moins net ou confidence moderee."
summer_2019,8536,2019-06-25 11:00:00,2019-06-25,1,58.8,100.0,15,True,94,11.0,10.0,754.5454545454545,794,23.0,10.0,3352.1739130434785,0.35,3.4,-0.7093782125529708,-89.70588235294117,2,2.0,0.0,0.0,3,0.16666666666666666,4,0.2222222222222222,False,False,False,False,B_individuelle_a_verifier,"Alerte individuelle a verifier: signal pipeline conserve, mais support troupeau moins net ou confidence moderee."
summer_2019,8536,2019-06-26 11:00:00,2019-06-26,1,48.0,100.0,15,True,13,17.0,-0.385423291129483,-23.529411764705884,19,29.0,-0.6744907594765952,-34.48275862068966,0.0166666666666666,0.0166666666666666,0.0,0.0,1,1.0,0.0,0.0,3,0.16666666666666666,5,0.2777777777777778,False,False,False,False,B_individuelle_a_verifier,"Alerte individuelle a verifier: signal pipeline conserve, mais support troupeau moins net ou confidence moderee."
summer_2019,8536,2019-06-27 12:15:00,2019-06-27,1,47.9,100.0,15,True,0,9.0,-1.0117361392148927,-100.0,0,20.0,-0.9635582278237074,-100.0,15.0,5.3,1.2344453522496177,183.01886792452828,0,1.0,-0.6744907594765952,-100.0,3,0.16666666666666666,5,0.2777777777777778,False,True,True,True,A_individuelle_prioritaire,"Alerte individuelle prioritaire: deviation propre a la vache, bonne couverture, sans signal collectif majeur."
summer_2019,8536,2019-07-17 16:45:00,2019-07-17,1,44.1,100.0,17,True,7,10.0,-0.25293403480372323,-30.0,25,25.0,0.0,0.0,3.1,0.2166666666666666,8.975915491496233,1330.7692307692312,1,0.0,,,6,0.3333333333333333,10,0.5555555555555556,True,False,True,True,C_probable_evenement_collectif,"Alerte en contexte collectif: interpretation clinique prudente; verifier gestion, meteo, protocole ou evenement de troupeau."
summer_2019,8536,2019-07-18 16:30:00,2019-07-18,1,44.7,100.0,16,True,4,0.0,,,12,6.0,0.6744907594765952,100.0,2.7333333333333334,15.0,,-81.77777777777777,0,0.0,,,8,0.4444444444444444,10,0.5555555555555556,True,False,False,False,C_probable_evenement_collectif,"Alerte en contexte collectif: interpretation clinique prudente; verifier gestion, meteo, protocole ou evenement de troupeau."
summer_2019,8536,2019-08-26 17:15:00,2019-08-26,1,45.5,100.0,13,True,44,13.0,2.987030506253493,238.46153846153845,125,25.0,3.3724537973829762,400.0,0.0,0.0,,,0,0.0,,,3,0.16666666666666666,4,0.2222222222222222,False,False,False,False,B_individuelle_a_verifier,"Alerte individuelle a verifier: signal pipeline conserve, mais support troupeau moins net ou confidence moderee."
winter_2019,2047,2019-02-01 11:15:00,2019-02-01,1,56.8,100.0,15,True,0,2.0,-0.6744907594765952,-100.0,0,26.0,-0.8768379873195737,-100.0,30.0,25.866666666666667,0.6744907594765952,15.979381443298966,0,2.0,-0.6744907594765952,-100.0,9,0.5294117647058824,12,0.7058823529411765,True,False,False,False,C_probable_evenement_collectif,"Alerte en contexte collectif: interpretation clinique prudente; verifier gestion, meteo, protocole ou evenement de troupeau."
winter_2019,2047,2019-02-02 09:00:00,2019-02-02,1,47.1,100.0,15,True,22,14.0,0.5395926075812761,57.142857142857146,70,38.0,0.7194568101083683,84.21052631578948,18.933333333333337,13.733333333333333,0.3131564240427052,37.86407766990295,6,0.0,,,11,0.6470588235294118,13,0.7647058823529411,True,False,False,False,C_probable_evenement_collectif,"Alerte en contexte collectif: interpretation clinique prudente; verifier gestion, meteo, protocole ou evenement de troupeau."
winter_2019,2047,2019-02-03 11:30:00,2019-02-03,1,44.6,100.0,15,True,22,0.0,,,48,2.0,10.0,2300.0,15.866666666666667,30.0,,-47.11111111111111,4,0.0,,,12,0.7058823529411765,13,0.7647058823529411,True,False,False,False,C_probable_evenement_collectif,"Alerte en contexte collectif: interpretation clinique prudente; verifier gestion, meteo, protocole ou evenement de troupeau."
winter_2019,2047,2019-02-04 19:00:00,2019-02-04,1,46.8,100.0,15,True,28,4.0,4.046944556859572,600.0,70,30.0,1.0376780915024542,133.33333333333334,2.1,8.5,-0.5200892603193022,-75.29411764705883,2,2.0,0.0,0.0,13,0.7647058823529411,14,0.8235294117647058,True,False,False,False,C_probable_evenement_collectif,"Alerte en contexte collectif: interpretation clinique prudente; verifier gestion, meteo, protocole ou evenement de troupeau."
winter_2019,2047,2019-02-05 08:30:00,2019-02-05,1,48.3,100.0,15,True,20,0.0,,,50,14.0,1.7344048100826734,257.14285714285717,2.7333333333333334,27.966666666666665,-8.370319752848888,-90.2264600715137,8,0.0,,,11,0.6470588235294118,14,0.8235294117647058,True,False,False,False,C_probable_evenement_collectif,"Alerte en contexte collectif: interpretation clinique prudente; verifier gestion, meteo, protocole ou evenement de troupeau."
winter_2019,2047,2019-02-06 07:30:00,2019-02-06,1,43.1,100.0,15,True,68,0.0,,,170,8.0,10.0,2025.0,2.4333333333333336,30.0,,-91.88888888888889,16,0.0,,,11,0.6470588235294118,14,0.8235294117647058,True,False,False,False,C_probable_evenement_collectif,"Alerte en contexte collectif: interpretation clinique prudente; verifier gestion, meteo, protocole ou evenement de troupeau."
winter_2019,2047,2019-02-06 21:15:00,2019-02-06,1,48.6,100.0,15,True,0,4.0,-0.6744907594765952,-100.0,4,28.0,-0.5781349366942244,-85.71428571428571,30.0,26.6,0.6744907594765952,12.78195488721804,0,2.0,-0.6744907594765952,-100.0,14,0.8235294117647058,14,0.8235294117647058,True,False,False,False,C_probable_evenement_collectif,"Alerte en contexte collectif: interpretation clinique prudente; verifier gestion, meteo, protocole ou evenement de troupeau."
winter_2019,2047,2019-02-07 10:15:00,2019-02-07,1,49.4,100.0,15,True,44,18.0,2.9227932910652457,144.44444444444446,88,46.0,1.41643059490085,91.30434782608695,2.2333333333333334,0.6333333333333333,1.7039766555198197,252.63157894736844,16,0.0,,,14,0.8235294117647058,14,0.8235294117647058,True,False,True,True,C_probable_evenement_collectif,"Alerte en contexte collectif: interpretation clinique prudente; verifier gestion, meteo, protocole ou evenement de troupeau."
winter_2019,2047,2019-02-08 10:00:00,2019-02-08,1,49.1,100.0,15,True,60,40.0,0.4817791139118537,50.0,174,126.0,0.3597284050541841,38.095238095238095,0.0,0.9333333333333332,-0.6994718987164691,-100.0,0,8.0,-0.8993210126354603,-100.0,14,0.8235294117647058,14,0.8235294117647058,True,False,False,False,C_probable_evenement_collectif,"Alerte en contexte collectif: interpretation clinique prudente; verifier gestion, meteo, protocole ou evenement de troupeau."
winter_2019,2056,2019-02-04 02:15:00,2019-02-04,1,51.0,100.0,15,True,0,0.0,,,2,4.0,-0.3372453797382976,-50.0,30.0,30.0,,0.0,0,0.0,,,12,0.7058823529411765,14,0.8235294117647058,True,False,False,False,C_probable_evenement_collectif,"Alerte en contexte collectif: interpretation clinique prudente; verifier gestion, meteo, protocole ou evenement de troupeau."
winter_2019,2056,2019-02-05 00:30:00,2019-02-05,1,47.9,100.0,15,True,0,0.0,,,0,4.0,-0.6744907594765952,-100.0,30.0,30.0,,0.0,0,0.0,,,13,0.7647058823529411,14,0.8235294117647058,True,False,False,False,C_probable_evenement_collectif,"Alerte en contexte collectif: interpretation clinique prudente; verifier gestion, meteo, protocole ou evenement de troupeau."
winter_2019,2056,2019-02-05 16:15:00,2019-02-05,1,60.7,100.0,15,True,0,0.0,,,0,6.0,-0.6744907594765952,-100.0,30.0,30.0,,0.0,0,0.0,,,10,0.5882352941176471,14,0.8235294117647058,True,False,False,False,C_probable_evenement_collectif,"Alerte en contexte collectif: interpretation clinique prudente; verifier gestion, meteo, protocole ou evenement de troupeau."
winter_2019,2056,2019-02-07 11:00:00,2019-02-07,1,47.4,100.0,15,True,188,30.0,5.920529999850114,526.6666666666666,1146,90.0,10.0,1173.3333333333333,0.7333333333333333,0.7333333333333333,0.0,0.0,4,4.0,0.0,0.0,14,0.8235294117647058,14,0.8235294117647058,True,False,False,False,C_probable_evenement_collectif,"Alerte en contexte collectif: interpretation clinique prudente; verifier gestion, meteo, protocole ou evenement de troupeau."
winter_2019,2056,2019-02-08 12:30:00,2019-02-08,1,54.2,100.0,15,True,0,0.0,,,0,0.0,,,30.0,30.0,,0.0,0,0.0,,,13,0.7647058823529411,14,0.8235294117647058,True,False,False,False,C_probable_evenement_collectif,"Alerte en contexte collectif: interpretation clinique prudente; verifier gestion, meteo, protocole ou evenement de troupeau."
winter_2019,2056,2019-02-11 16:30:00,2019-02-11,1,50.6,100.0,15,True,0,0.0,,,4,6.0,-0.22483025315886507,-33.333333333333336,15.0,15.0,,0.0,0,0.0,,,7,0.4117647058823529,7,0.4117647058823529,True,False,False,False,C_probable_evenement_collectif,"Alerte en contexte collectif: interpretation clinique prudente; verifier gestion, meteo, protocole ou evenement de troupeau."
winter_2019,2056,2019-02-13 14:30:00,2019-02-13,1,49.9,100.0,15,True,0,0.0,,,1,1.0,0.0,0.0,15.0,15.0,,0.0,0,0.0,,,3,0.17647058823529413,7,0.4117647058823529,False,False,False,False,B_individuelle_a_verifier,"Alerte individuelle a verifier: signal pipeline conserve, mais support troupeau moins net ou confidence moderee."
winter_2019,2056,2019-02-14 16:30:00,2019-02-14,1,51.5,100.0,15,True,0,9.0,-1.5176042088223392,-100.0,1,17.0,-0.8993210126354603,-94.11764705882354,15.0,8.433333333333334,0.6744907594765952,77.86561264822134,0,1.0,-0.6744907594765952,-100.0,2,0.11764705882352941,3,0.17647058823529413,False,True,False,True,A_individuelle_prioritaire,"Alerte individuelle prioritaire: deviation propre a la vache, bonne couverture, sans signal collectif majeur."
winter_2019,2056,2019-02-20 11:00:00,2019-02-20,1,51.3,100.0,16,True,27,16.0,0.9892531138990064,68.75,121,45.0,2.135887405009218,168.88888888888889,1.8833333333333333,0.9750000000000001,0.6283717331875971,93.16239316239313,14,1.0,8.768379873195737,1300.0,2,0.11764705882352941,3,0.17647058823529413,False,False,False,False,B_individuelle_a_verifier,"Alerte individuelle a verifier: signal pipeline conserve, mais support troupeau moins net ou confidence moderee."
winter_2019,2056,2019-02-21 12:30:00,2019-02-21,1,49.4,100.0,16,True,6,9.0,-0.44966050631773014,-33.333333333333336,12,21.0,-0.6744907594765952,-42.857142857142854,2.3333333333333335,0.3,4.571548480896924,677.7777777777779,16,1.0,10.0,1500.0,2,0.11764705882352941,2,0.11764705882352941,False,False,True,True,A_individuelle_prioritaire,"Alerte individuelle prioritaire: deviation propre a la vache, bonne couverture, sans signal collectif majeur."
winter_2019,2056,2019-02-22 12:15:00,2019-02-22,1,49.5,100.0,16,True,36,13.5,1.7854167162615755,166.66666666666666,230,24.5,8.942442004673568,838.7755102040817,2.2666666666666666,0.0333333333333333,10.0,6700.000000000007,26,0.5,10.0,5100.0,1,0.058823529411764705,2,0.11764705882352941,False,False,True,True,A_individuelle_prioritaire,"Alerte individuelle prioritaire: deviation propre a la vache, bonne couverture, sans signal collectif majeur."
winter_2019,2056,2019-03-01 11:15:00,2019-03-01,1,50.8,100.0,14,True,6,15.0,-0.40469445568595713,-60.0,15,39.5,-0.5330652776508574,-62.0253164556962,0.2333333333333333,0.7583333333333333,-0.4669551411761044,-69.23076923076923,3,0.0,,,4,0.23529411764705882,5,0.29411764705882354,False,False,False,False,B_individuelle_a_verifier,"Alerte individuelle a verifier: signal pipeline conserve, mais support troupeau moins net ou confidence moderee."
winter_2019,2056,2019-03-05 16:30:00,2019-03-05,1,46.8,100.0,15,True,0,0.0,,,0,5.0,-0.6744907594765952,-100.0,15.0,15.0,,0.0,0,0.0,,,1,0.058823529411764705,4,0.23529411764705882,False,False,False,False,B_individuelle_a_verifier,"Alerte individuelle a verifier: signal pipeline conserve, mais support troupeau moins net ou confidence moderee."
winter_2019,2056,2019-03-06 16:00:00,2019-03-06,1,50.5,100.0,15,True,0,5.0,-0.6744907594765952,-100.0,2,17.0,-0.843113449345744,-88.23529411764706,15.0,10.65,0.6744907594765952,40.8450704225352,0,0.0,,,2,0.11764705882352941,4,0.23529411764705882,False,False,False,False,B_individuelle_a_verifier,"Alerte individuelle a verifier: signal pipeline conserve, mais support troupeau moins net ou confidence moderee."
winter_2019,2056,2019-03-08 17:45:00,2019-03-08,1,41.4,100.0,15,True,0,0.0,,,0,1.0,-0.6744907594765952,-100.0,15.0,15.0,,0.0,0,0.0,,,3,0.17647058823529413,4,0.23529411764705882,False,False,False,False,B_individuelle_a_verifier,"Alerte individuelle a verifier: signal pipeline conserve, mais support troupeau moins net ou confidence moderee."
winter_2019,2056,2019-03-26 16:45:00,2019-03-26,1,47.4,100.0,15,True,0,0.0,,,0,4.0,-0.6744907594765952,-100.0,15.0,15.0,,0.0,0,0.0,,,3,0.17647058823529413,3,0.17647058823529413,False,False,False,False,B_individuelle_a_verifier,"Alerte individuelle a verifier: signal pipeline conserve, mais support troupeau moins net ou confidence moderee."
winter_2019,2056,2019-03-28 15:45:00,2019-03-28,1,44.0,100.0,15,True,5,9.0,-0.44966050631773014,-44.44444444444444,30,16.0,0.7869058860560277,87.5,12.283333333333331,3.9,1.4498668889603732,214.95726495726493,1,0.0,,,2,0.11764705882352941,4,0.23529411764705882,False,False,True,True,B_individuelle_a_verifier,"Alerte individuelle a verifier: signal pipeline conserve, mais support troupeau moins net ou confidence moderee."
winter_2019,2063,2019-02-01 17:45:00,2019-02-01,1,50.0,100.0,15,True,20,4.0,2.697963037906381,400.0,46,32.0,0.6744907594765952,43.75,2.3666666666666667,24.8,-2.9098223149214655,-90.45698924731182,10,2.0,2.697963037906381,400.0,10,0.5882352941176471,13,0.7647058823529411,True,False,False,False,C_probable_evenement_collectif,"Alerte en contexte collectif: interpretation clinique prudente; verifier gestion, meteo, protocole ou evenement de troupeau."
winter_2019,2063,2019-02-02 11:30:00,2019-02-02,1,47.4,100.0,15,True,8,6.0,0.22483025315886507,33.333333333333336,38,22.0,0.5995473417569736,72.72727272727273,6.433333333333334,18.533333333333335,-0.7117446095639655,-65.28776978417267,20,2.0,6.070416835289357,900.0,11,0.6470588235294118,13,0.7647058823529411,True,False,False,False,C_probable_evenement_collectif,"Alerte en contexte collectif: interpretation clinique prudente; verifier gestion, meteo, protocole ou evenement de troupeau."
winter_2019,2063,2019-02-03 17:15:00,2019-02-03,1,46.9,100.0,15,True,26,26.0,0.0,0.0,28,50.0,-0.5707229503263498,-44.0,0.0,0.0666666666666666,-0.6744907594765952,-100.0,0,2.0,-0.6744907594765952,-100.0,12,0.7058823529411765,13,0.7647058823529411,True,False,False,False,C_probable_evenement_collectif,"Alerte en contexte collectif: interpretation clinique prudente; verifier gestion, meteo, protocole ou evenement de troupeau."
winter_2019,2063,2019-02-05 10:45:00,2019-02-05,1,46.6,100.0,15,True,40,30.0,0.6744907594765952,33.333333333333336,104,80.0,0.3372453797382976,30.0,0.0333333333333333,0.8,-0.646386977831737,-95.83333333333333,2,4.0,-0.6744907594765952,-50.0,9,0.5294117647058824,14,0.8235294117647058,True,False,False,False,C_probable_evenement_collectif,"Alerte en contexte collectif: interpretation clinique prudente; verifier gestion, meteo, protocole ou evenement de troupeau."
winter_2019,2063,2019-02-06 17:00:00,2019-02-06,1,49.0,100.0,15,True,18,30.0,-0.8093889113719143,-40.0,42,64.0,-0.7419398354242548,-34.375,0.0,0.0,,,0,0.0,,,14,0.8235294117647058,14,0.8235294117647058,True,False,False,False,C_probable_evenement_collectif,"Alerte en contexte collectif: interpretation clinique prudente; verifier gestion, meteo, protocole ou evenement de troupeau."
winter_2019,2063,2019-02-08 10:00:00,2019-02-08,1,46.8,100.0,15,True,40,40.0,0.0,0.0,128,126.0,0.014988683543924337,1.5873015873015872,0.1333333333333333,0.9333333333333332,-0.5995473417569736,-85.71428571428572,4,8.0,-0.44966050631773014,-50.0,14,0.8235294117647058,14,0.8235294117647058,True,False,False,False,C_probable_evenement_collectif,"Alerte en contexte collectif: interpretation clinique prudente; verifier gestion, meteo, protocole ou evenement de troupeau."
winter_2019,2063,2019-02-12 06:45:00,2019-02-12,1,47.2,100.0,15,True,14,4.0,1.6862268986914881,250.0,44,15.0,1.7782029113473874,193.33333333333334,1.6166666666666667,1.6166666666666667,0.0,0.0,19,0.0,,,6,0.35294117647058826,7,0.4117647058823529,True,False,False,False,C_probable_evenement_collectif,"Alerte en contexte collectif: interpretation clinique prudente; verifier gestion, meteo, protocole ou evenement de troupeau."
winter_2019,2063,2019-02-12 19:00:00,2019-02-12,1,46.6,100.0,15,True,7,9.0,-0.3372453797382976,-22.22222222222222,22,23.0,-0.0749434177196217,-4.3478260869565215,2.3166666666666664,1.5,0.36722274682614614,54.44444444444443,26,0.0,,,3,0.17647058823529413,7,0.4117647058823529,False,False,False,False,B_individuelle_a_verifier,"Alerte individuelle a verifier: signal pipeline conserve, mais support troupeau moins net ou confidence moderee."
winter_2019,2069,2019-02-01 11:00:00,2019-02-01,1,48.4,100.0,15,True,16,14.0,0.09635582278237075,14.285714285714286,70,34.0,1.1037121518707922,105.88235294117646,12.133333333333333,4.616666666666667,1.0981780957543117,162.81588447653425,22,0.0,,,9,0.5294117647058824,12,0.7058823529411765,True,False,True,True,C_probable_evenement_collectif,"Alerte en contexte collectif: interpretation clinique prudente; verifier gestion, meteo, protocole ou evenement de troupeau."
winter_2019,2069,2019-02-03 00:30:00,2019-02-03,1,47.7,100.0,15,True,0,0.0,,,8,8.0,0.0,0.0,30.0,30.0,,0.0,0,0.0,,,10,0.5882352941176471,13,0.7647058823529411,True,False,False,False,C_probable_evenement_collectif,"Alerte en contexte collectif: interpretation clinique prudente; verifier gestion, meteo, protocole ou evenement de troupeau."
winter_2019,2069,2019-02-03 14:30:00,2019-02-03,1,51.2,100.0,15,True,14,10.0,0.26979630379063807,40.0,66,42.0,0.6744907594765952,57.142857142857146,1.7333333333333334,21.433333333333337,-1.5510662990298365,-91.91290824261274,30,2.0,9.442870632672333,1400.0,12,0.7058823529411765,13,0.7647058823529411,True,False,False,False,C_probable_evenement_collectif,"Alerte en contexte collectif: interpretation clinique prudente; verifier gestion, meteo, protocole ou evenement de troupeau."
winter_2019,2069,2019-02-04 06:00:00,2019-02-04,1,45.9,100.0,15,True,24,18.0,0.40469445568595713,33.333333333333336,84,34.0,2.4088955695592684,147.05882352941177,0.2333333333333333,0.0333333333333333,4.046944556859576,600.0000000000007,4,0.0,,,12,0.7058823529411765,14,0.8235294117647058,True,False,True,True,C_probable_evenement_collectif,"Alerte en contexte collectif: interpretation clinique prudente; verifier gestion, meteo, protocole ou evenement de troupeau."
winter_2019,2069,2019-02-07 12:00:00,2019-02-07,1,51.2,100.0,15,True,22,22.0,0.0,0.0,104,80.0,0.3372453797382976,30.0,2.966666666666667,0.5333333333333333,3.0773640901119657,456.25000000000006,30,2.0,9.442870632672333,1400.0,14,0.8235294117647058,14,0.8235294117647058,True,False,True,True,C_probable_evenement_collectif,"Alerte en contexte collectif: interpretation clinique prudente; verifier gestion, meteo, protocole ou evenement de troupeau."
winter_2019,2069,2019-02-08 05:30:00,2019-02-08,1,49.6,100.0,15,True,84,18.0,3.1797421518182345,366.6666666666667,156,32.0,5.974061012506986,387.5,0.0,0.0,,,0,0.0,,,14,0.8235294117647058,14,0.8235294117647058,True,False,False,False,C_probable_evenement_collectif,"Alerte en contexte collectif: interpretation clinique prudente; verifier gestion, meteo, protocole ou evenement de troupeau."
winter_2019,2069,2019-04-02 09:15:00,2019-04-02,1,46.8,100.0,14,True,6,3.0,1.011736139214893,100.0,17,19.0,-0.22483025315886507,-10.526315789473685,0.6833333333333333,11.608333333333334,-4.465946392291999,-94.11342426417802,3,0.0,,,4,0.23529411764705882,5,0.29411764705882354,False,False,False,False,B_individuelle_a_verifier,"Alerte individuelle a verifier: signal pipeline conserve, mais support troupeau moins net ou confidence moderee."
winter_2019,2081,2019-01-25 07:15:00,2019-01-25,1,45.5,100.0,15,True,5,0.0,,,32,0.0,,,11.583333333333334,15.0,,-22.777777777777775,1,0.0,,,3,0.17647058823529413,4,0.23529411764705882,False,False,False,False,B_individuelle_a_verifier,"Alerte individuelle a verifier: signal pipeline conserve, mais support troupeau moins net ou confidence moderee."
winter_2019,2081,2019-01-30 12:00:00,2019-01-30,1,58.6,100.0,15,True,12,1.0,7.4193983542425475,1100.0,28,22.0,0.2890674683471122,27.272727272727273,0.1333333333333333,2.85,-0.6429356362262282,-95.3216374269006,2,0.0,,,1,0.058823529411764705,10,0.5882352941176471,True,False,False,False,C_probable_evenement_collectif,"Alerte en contexte collectif: interpretation clinique prudente; verifier gestion, meteo, protocole ou evenement de troupeau."
winter_2019,2081,2019-02-01 16:00:00,2019-02-01,1,47.1,100.0,15,True,8,0.0,,,18,6.0,1.3489815189531904,200.0,27.833333333333332,30.0,,-7.222222222222227,2,0.0,,,10,0.5882352941176471,12,0.7058823529411765,True,False,False,False,C_probable_evenement_collectif,"Alerte en contexte collectif: interpretation clinique prudente; verifier gestion, meteo, protocole ou evenement de troupeau."
winter_2019,2081,2019-02-04 10:00:00,2019-02-04,1,47.4,100.0,15,True,192,24.0,8.093889113719142,700.0,1888,48.0,10.0,3833.3333333333335,0.0333333333333333,0.0,,,2,0.0,,,12,0.7058823529411765,14,0.8235294117647058,True,False,False,False,C_probable_evenement_collectif,"Alerte en contexte collectif: interpretation clinique prudente; verifier gestion, meteo, protocole ou evenement de troupeau."
winter_2019,2081,2019-02-06 14:30:00,2019-02-06,1,44.4,100.0,15,True,20,18.0,0.09635582278237075,11.11111111111111,40,40.0,0.0,0.0,5.833333333333333,5.5,0.040878227847066344,6.060606060606054,2,2.0,0.0,0.0,14,0.8235294117647058,14,0.8235294117647058,True,False,False,False,C_probable_evenement_collectif,"Alerte en contexte collectif: interpretation clinique prudente; verifier gestion, meteo, protocole ou evenement de troupeau."
winter_2019,2081,2019-02-07 08:00:00,2019-02-07,1,48.5,100.0,15,True,14,8.0,0.5058680696074465,75.0,42,20.0,0.9274247942803184,110.0,0.0,22.233333333333334,-1.930838354381498,-100.0,0,0.0,,,14,0.8235294117647058,14,0.8235294117647058,True,False,False,False,C_probable_evenement_collectif,"Alerte en contexte collectif: interpretation clinique prudente; verifier gestion, meteo, protocole ou evenement de troupeau."
winter_2019,2081,2019-02-08 10:30:00,2019-02-08,1,47.1,100.0,15,True,60,38.0,0.7419398354242548,57.89473684210526,248,104.0,1.6187778227438285,138.46153846153845,0.8666666666666667,0.8666666666666667,0.0,0.0,8,4.0,0.6744907594765952,100.0,14,0.8235294117647058,14,0.8235294117647058,True,False,False,False,C_probable_evenement_collectif,"Alerte en contexte collectif: interpretation clinique prudente; verifier gestion, meteo, protocole ou evenement de troupeau."
winter_2019,2081,2019-02-11 15:00:00,2019-02-11,1,47.2,100.0,15,True,3,7.0,-0.6744907594765952,-57.142857142857146,13,19.0,-0.3679040506235974,-31.57894736842105,14.4,6.716666666666667,0.7715638712623087,114.39205955334988,1,0.0,,,7,0.4117647058823529,7,0.4117647058823529,True,False,False,False,C_probable_evenement_collectif,"Alerte en contexte collectif: interpretation clinique prudente; verifier gestion, meteo, protocole ou evenement de troupeau."
winter_2019,2081,2019-02-28 07:00:00,2019-02-28,1,40.5,100.0,14,True,8,3.5,0.8672024050413367,128.57142857142858,9,12.0,-0.22483025315886507,-25.0,0.0,5.991666666666665,-0.6744907594765952,-100.0,0,0.0,,,1,0.058823529411764705,4,0.23529411764705882,False,False,False,False,B_individuelle_a_verifier,"Alerte individuelle a verifier: signal pipeline conserve, mais support troupeau moins net ou confidence moderee."
winter_2019,2081,2019-03-01 11:15:00,2019-03-01,1,49.8,100.0,14,True,31,15.0,0.7194568101083683,106.66666666666667,70,39.5,0.6636118762592308,77.21518987341773,0.0333333333333333,0.7583333333333333,-0.6448428140050966,-95.6043956043956,2,0.0,,,4,0.23529411764705882,5,0.29411764705882354,False,False,False,False,B_individuelle_a_verifier,"Alerte individuelle a verifier: signal pipeline conserve, mais support troupeau moins net ou confidence moderee."
winter_2019,2081,2019-03-12 11:00:00,2019-03-12,1,48.8,100.0,15,True,64,23.0,1.6267130081494354,178.2608695652174,491,83.0,5.616167956458181,491.56626506024094,0.7,1.2333333333333334,-0.2997736708784868,-43.24324324324325,11,1.0,6.7449075947659525,1000.0,4,0.23529411764705882,5,0.29411764705882354,False,False,False,False,B_individuelle_a_verifier,"Alerte individuelle a verifier: signal pipeline conserve, mais support troupeau moins net ou confidence moderee."
winter_2019,2083,2019-02-18 10:15:00,2019-02-18,1,57.0,100.0,16,True,0,4.5,-0.7588021044111696,-100.0,0,15.5,-1.9008375948885865,-100.0,15.0,5.266666666666667,1.3398047739262982,184.8101265822785,0,0.5,-0.6744907594765952,-100.0,1,0.058823529411764705,4,0.23529411764705882,False,True,True,True,A_individuelle_prioritaire,"Alerte individuelle prioritaire: deviation propre a la vache, bonne couverture, sans signal collectif majeur."
winter_2019,3437,2019-01-28 08:30:00,2019-01-28,1,48.2,100.0,15,True,11,0.0,,,28,3.0,5.620756328971626,833.3333333333334,0.45,15.0,,-97.0,1,0.0,,,1,0.058823529411764705,4,0.23529411764705882,False,False,False,False,B_individuelle_a_verifier,"Alerte individuelle a verifier: signal pipeline conserve, mais support troupeau moins net ou confidence moderee."
winter_2019,3437,2019-02-01 13:00:00,2019-02-01,1,47.7,100.0,15,True,20,6.0,1.5738117721120555,233.33333333333334,96,32.0,2.1583704303251046,200.0,24.233333333333334,23.666666666666668,0.06034917321632693,2.3943661971830976,2,2.0,0.0,0.0,10,0.5882352941176471,12,0.7058823529411765,True,False,False,False,C_probable_evenement_collectif,"Alerte en contexte collectif: interpretation clinique prudente; verifier gestion, meteo, protocole ou evenement de troupeau."
winter_2019,3437,2019-02-03 10:45:00,2019-02-03,1,46.8,100.0,15,True,50,8.0,3.5410764872521248,525.0,82,32.0,1.5329335442649892,156.25,0.0,7.566666666666666,-0.6744907594765952,-100.0,0,0.0,,,12,0.7058823529411765,13,0.7647058823529411,True,False,False,False,C_probable_evenement_collectif,"Alerte en contexte collectif: interpretation clinique prudente; verifier gestion, meteo, protocole ou evenement de troupeau."
winter_2019,3437,2019-02-04 10:15:00,2019-02-04,1,47.5,100.0,15,True,186,18.0,10.0,933.3333333333334,3052,50.0,10.0,6004.0,4.9,0.9666666666666668,2.7444796420082147,406.8965517241379,20,2.0,6.070416835289357,900.0,12,0.7058823529411765,14,0.8235294117647058,True,False,True,True,C_probable_evenement_collectif,"Alerte en contexte collectif: interpretation clinique prudente; verifier gestion, meteo, protocole ou evenement de troupeau."
winter_2019,3437,2019-02-07 08:30:00,2019-02-07,1,50.2,100.0,15,True,48,0.0,,,86,8.0,6.576284904896803,975.0,0.3333333333333333,30.0,,-98.8888888888889,2,0.0,,,14,0.8235294117647058,14,0.8235294117647058,True,False,False,False,C_probable_evenement_collectif,"Alerte en contexte collectif: interpretation clinique prudente; verifier gestion, meteo, protocole ou evenement de troupeau."
winter_2019,3437,2019-02-08 10:45:00,2019-02-08,1,46.9,100.0,15,True,114,72.0,0.5246039240373518,58.333333333333336,1214,584.0,0.8078501491829942,107.87671232876713,5.866666666666667,1.3,2.717801001420398,351.2820512820513,28,4.0,4.046944556859572,600.0,14,0.8235294117647058,14,0.8235294117647058,True,False,True,True,C_probable_evenement_collectif,"Alerte en contexte collectif: interpretation clinique prudente; verifier gestion, meteo, protocole ou evenement de troupeau."
winter_2019,3437,2019-02-11 09:30:00,2019-02-11,1,47.5,100.0,15,True,151,7.0,10.0,2057.1428571428573,1117,18.0,10.0,6105.555555555556,0.1666666666666666,0.1666666666666666,0.0,0.0,5,1.0,2.697963037906381,400.0,7,0.4117647058823529,11,0.6470588235294118,True,False,False,False,C_probable_evenement_collectif,"Alerte en contexte collectif: interpretation clinique prudente; verifier gestion, meteo, protocole ou evenement de troupeau."
winter_2019,3437,2019-03-12 11:45:00,2019-03-12,1,48.1,100.0,15,True,14,3.0,2.4731327847475155,366.6666666666667,28,10.0,1.2140833670578715,180.0,0.0166666666666666,7.7,-0.7099092240153205,-99.78354978354979,1,0.0,,,4,0.23529411764705882,5,0.29411764705882354,False,False,False,False,B_individuelle_a_verifier,"Alerte individuelle a verifier: signal pipeline conserve, mais support troupeau moins net ou confidence moderee."
winter_2019,3437,2019-03-20 08:45:00,2019-03-20,1,45.6,100.0,15,True,23,0.0,,,41,3.0,8.543549620036872,1266.6666666666667,0.0,15.0,,-100.0,0,0.0,,,2,0.11764705882352941,4,0.23529411764705882,False,False,False,False,B_individuelle_a_verifier,"Alerte individuelle a verifier: signal pipeline conserve, mais support troupeau moins net ou confidence moderee."
winter_2019,3443,2019-02-02 10:15:00,2019-02-02,1,47.8,100.0,15,True,14,10.0,0.26979630379063807,40.0,46,32.0,0.9442870632672333,43.75,1.7333333333333334,4.7,-0.425742394279553,-63.12056737588652,8,0.0,,,11,0.6470588235294118,13,0.7647058823529411,True,False,False,False,C_probable_evenement_collectif,"Alerte en contexte collectif: interpretation clinique prudente; verifier gestion, meteo, protocole ou evenement de troupeau."
winter_2019,3443,2019-02-03 10:45:00,2019-02-03,1,47.3,100.0,15,True,10,8.0,0.1686226898691488,25.0,50,32.0,0.5518560759353961,56.25,7.566666666666666,7.566666666666666,0.0,0.0,8,0.0,,,12,0.7058823529411765,13,0.7647058823529411,True,False,False,False,C_probable_evenement_collectif,"Alerte en contexte collectif: interpretation clinique prudente; verifier gestion, meteo, protocole ou evenement de troupeau."
winter_2019,3443,2019-02-04 08:00:00,2019-02-04,1,47.3,100.0,15,True,0,0.0,,,0,0.0,,,30.0,30.0,,0.0,0,0.0,,,12,0.7058823529411765,14,0.8235294117647058,True,False,False,False,C_probable_evenement_collectif,"Alerte en contexte collectif: interpretation clinique prudente; verifier gestion, meteo, protocole ou evenement de troupeau."
winter_2019,3443,2019-02-05 11:00:00,2019-02-05,1,50.2,100.0,15,True,242,44.0,6.0704168352893575,450.0,2132,98.0,10.0,2075.5102040816328,0.4666666666666667,0.4666666666666667,0.0,0.0,4,4.0,0.0,0.0,9,0.5294117647058824,14,0.8235294117647058,True,False,False,False,C_probable_evenement_collectif,"Alerte en contexte collectif: interpretation clinique prudente; verifier gestion, meteo, protocole ou evenement de troupeau."
winter_2019,3443,2019-02-07 11:45:00,2019-02-07,1,58.9,100.0,15,True,238,20.0,10.0,1090.0,2864,46.0,10.0,6126.086956521739,6.1,0.1333333333333333,10.0,4475.000000000001,36,2.0,10.0,1700.0,14,0.8235294117647058,14,0.8235294117647058,True,False,True,True,C_probable_evenement_collectif,"Alerte en contexte collectif: interpretation clinique prudente; verifier gestion, meteo, protocole ou evenement de troupeau."
winter_2019,3443,2019-02-08 11:15:00,2019-02-08,1,47.9,100.0,15,True,8,20.0,-0.40469445568595713,-60.0,52,52.0,0.0,0.0,18.066666666666663,5.366666666666666,1.596155151307967,236.6459627329192,24,2.0,7.4193983542425475,1100.0,14,0.8235294117647058,14,0.8235294117647058,True,False,True,True,C_probable_evenement_collectif,"Alerte en contexte collectif: interpretation clinique prudente; verifier gestion, meteo, protocole ou evenement de troupeau."
winter_2019,3443,2019-02-11 12:15:00,2019-02-11,1,49.7,100.0,15,True,18,16.0,0.1498868354392434,12.5,34,29.0,0.19837963514017504,17.24137931034483,0.1,0.2333333333333333,-0.3854232911294829,-57.14285714285714,4,4.0,0.0,0.0,7,0.4117647058823529,8,0.47058823529411764,True,False,False,False,C_probable_evenement_collectif,"Alerte en contexte collectif: interpretation clinique prudente; verifier gestion, meteo, protocole ou evenement de troupeau."
winter_2019,3443,2019-02-20 10:30:00,2019-02-20,1,48.0,100.0,16,True,51,25.0,1.6701675948944261,104.0,213,49.5,4.010154151797211,330.3030303030303,0.1166666666666666,0.36666666666666664,-0.47057494847204323,-68.1818181818182,4,2.0,0.6744907594765952,100.0,2,0.11764705882352941,3,0.17647058823529413,False,False,False,False,B_individuelle_a_verifier,"Alerte individuelle a verifier: signal pipeline conserve, mais support troupeau moins net ou confidence moderee."
winter_2019,3443,2019-02-21 11:30:00,2019-02-21,1,58.3,100.0,16,True,2,11.0,-0.6070416835289357,-81.81818181818181,8,17.5,-0.5339718512523045,-54.285714285714285,2.8333333333333335,0.0583333333333333,10.0,4757.1428571428605,33,2.0,10.0,1550.0,2,0.11764705882352941,2,0.11764705882352941,False,False,True,True,A_individuelle_prioritaire,"Alerte individuelle prioritaire: deviation propre a la vache, bonne couverture, sans signal collectif majeur."
winter_2019,3443,2019-03-01 11:30:00,2019-03-01,1,50.2,100.0,14,True,34,9.0,2.810378164485813,277.77777777777777,252,27.0,9.48502630513962,833.3333333333334,0.1666666666666666,0.0833333333333333,0.6744907594765952,100.0,2,0.0,,,4,0.23529411764705882,5,0.29411764705882354,False,False,True,True,A_individuelle_prioritaire,"Alerte individuelle prioritaire: deviation propre a la vache, bonne couverture, sans signal collectif majeur."
winter_2019,3443,2019-03-17 15:30:00,2019-03-17,1,57.2,100.0,15,True,2,9.0,-2.3607176581680833,-77.77777777777777,14,23.0,-0.8672024050413367,-39.130434782608695,6.616666666666667,5.366666666666666,0.1680624815971584,23.291925465838528,24,1.0,,2300.0,1,0.058823529411764705,5,0.29411764705882354,False,True,False,True,A_individuelle_prioritaire,"Alerte individuelle prioritaire: deviation propre a la vache, bonne couverture, sans signal collectif majeur."
winter_2019,3443,2019-03-20 11:15:00,2019-03-20,1,46.7,100.0,15,True,0,6.0,-0.6744907594765952,-100.0,1,13.0,-1.011736139214893,-92.3076923076923,15.0,4.316666666666666,1.6692995244189095,247.4903474903475,0,0.0,,,2,0.11764705882352941,4,0.23529411764705882,False,True,True,True,A_individuelle_prioritaire,"Alerte individuelle prioritaire: deviation propre a la vache, bonne couverture, sans signal collectif majeur."
winter_2019,5221,2019-02-06 21:45:00,2019-02-06,1,45.7,100.0,15,True,0,0.0,,,4,4.0,0.0,0.0,30.0,30.0,,0.0,0,0.0,,,14,0.8235294117647058,14,0.8235294117647058,True,False,False,False,C_probable_evenement_collectif,"Alerte en contexte collectif: interpretation clinique prudente; verifier gestion, meteo, protocole ou evenement de troupeau."
winter_2019,5221,2019-02-08 07:15:00,2019-02-08,1,46.6,100.0,15,True,16,0.0,,,42,0.0,,,15.966666666666669,30.0,,-46.777777777777764,8,0.0,,,14,0.8235294117647058,14,0.8235294117647058,True,False,False,False,C_probable_evenement_collectif,"Alerte en contexte collectif: interpretation clinique prudente; verifier gestion, meteo, protocole ou evenement de troupeau."
winter_2019,5221,2019-03-14 05:00:00,2019-03-14,1,41.8,100.0,15,True,10,9.0,0.13489815189531904,11.11111111111111,19,22.0,-0.1839520253117987,-13.636363636363637,5.15,4.833333333333333,0.4271774810018445,6.551724137931048,0,0.0,,,1,0.058823529411764705,6,0.35294117647058826,False,False,False,False,B_individuelle_a_verifier,"Alerte individuelle a verifier: signal pipeline conserve, mais support troupeau moins net ou confidence moderee."
winter_2019,5221,2019-03-19 07:00:00,2019-03-19,1,47.9,100.0,15,True,2,5.0,-0.6744907594765952,-60.0,6,17.0,-0.7419398354242548,-64.70588235294117,0.0,2.75,-0.6744907594765952,-100.0,0,1.0,-0.6744907594765952,-100.0,2,0.11764705882352941,4,0.23529411764705882,False,False,False,False,B_individuelle_a_verifier,"Alerte individuelle a verifier: signal pipeline conserve, mais support troupeau moins net ou confidence moderee."
winter_2019,5221,2019-03-31 07:15:00,2019-03-31,1,46.4,100.0,14,True,14,5.0,1.2140833670578715,180.0,22,12.0,0.6744907594765952,83.33333333333333,0.0,5.316666666666666,-0.6744907594765952,-100.0,0,0.0,,,2,0.11764705882352941,6,0.35294117647058826,False,False,False,False,B_individuelle_a_verifier,"Alerte individuelle a verifier: signal pipeline conserve, mais support troupeau moins net ou confidence moderee."
winter_2019,5221,2019-04-03 06:30:00,2019-04-03,1,46.3,100.0,14,True,10,8.5,0.40469445568595713,17.647058823529413,18,26.5,-0.7166464319438824,-32.075471698113205,0.0,0.4083333333333333,-0.6744907594765953,-100.00000000000001,0,1.0,-0.6744907594765952,-100.0,4,0.23529411764705882,4,0.23529411764705882,False,False,False,False,B_individuelle_a_verifier,"Alerte individuelle a verifier: signal pipeline conserve, mais support troupeau moins net ou confidence moderee."
winter_2019,5246,2019-02-02 12:00:00,2019-02-02,1,41.6,100.0,15,True,0,0.0,,,0,0.0,,,30.0,30.0,,0.0,0,0.0,,,11,0.6470588235294118,13,0.7647058823529411,True,False,False,False,C_probable_evenement_collectif,"Alerte en contexte collectif: interpretation clinique prudente; verifier gestion, meteo, protocole ou evenement de troupeau."
winter_2019,5246,2019-02-03 00:30:00,2019-02-03,1,40.1,100.0,15,True,0,0.0,,,2,8.0,-0.5058680696074465,-75.0,30.0,30.0,,0.0,0,0.0,,,10,0.5882352941176471,13,0.7647058823529411,True,False,False,False,C_probable_evenement_collectif,"Alerte en contexte collectif: interpretation clinique prudente; verifier gestion, meteo, protocole ou evenement de troupeau."
winter_2019,5246,2019-02-05 16:45:00,2019-02-05,1,54.9,100.0,15,True,6,10.0,-0.44966050631773014,-40.0,72,38.0,1.0423948101001925,89.47368421052632,20.133333333333333,18.5,0.6744907594765952,8.828828828828826,0,0.0,,,10,0.5882352941176471,14,0.8235294117647058,True,False,False,False,C_probable_evenement_collectif,"Alerte en contexte collectif: interpretation clinique prudente; verifier gestion, meteo, protocole ou evenement de troupeau."
winter_2019,5246,2019-02-06 22:00:00,2019-02-06,1,51.2,100.0,15,True,0,6.0,-0.6744907594765952,-100.0,0,30.0,-0.7226686708677805,-100.0,30.0,20.133333333333333,0.6744907594765952,49.0066225165563,0,0.0,,,14,0.8235294117647058,14,0.8235294117647058,True,False,False,False,C_probable_evenement_collectif,"Alerte en contexte collectif: interpretation clinique prudente; verifier gestion, meteo, protocole ou evenement de troupeau."
winter_2019,5246,2019-02-07 12:00:00,2019-02-07,1,48.8,100.0,15,True,166,22.0,9.712666936462972,654.5454545454545,1036,80.0,10.0,1195.0,0.0,0.5333333333333333,-0.6744907594765952,-100.0,0,2.0,-0.6744907594765952,-100.0,14,0.8235294117647058,14,0.8235294117647058,True,False,False,False,C_probable_evenement_collectif,"Alerte en contexte collectif: interpretation clinique prudente; verifier gestion, meteo, protocole ou evenement de troupeau."
winter_2019,5246,2019-02-08 00:15:00,2019-02-08,1,46.6,100.0,15,True,0,0.0,,,2,8.0,-0.5058680696074465,-75.0,30.0,30.0,,0.0,0,0.0,,,14,0.8235294117647058,14,0.8235294117647058,True,False,False,False,C_probable_evenement_collectif,"Alerte en contexte collectif: interpretation clinique prudente; verifier gestion, meteo, protocole ou evenement de troupeau."
winter_2019,5246,2019-02-08 12:30:00,2019-02-08,1,49.5,100.0,15,True,0,0.0,,,0,0.0,,,30.0,30.0,,0.0,0,0.0,,,13,0.7647058823529411,14,0.8235294117647058,True,False,False,False,C_probable_evenement_collectif,"Alerte en contexte collectif: interpretation clinique prudente; verifier gestion, meteo, protocole ou evenement de troupeau."
winter_2019,5246,2019-03-15 14:30:00,2019-03-15,1,46.0,100.0,15,True,5,5.0,0.0,0.0,37,26.0,1.0599140506060782,42.30769230769231,12.216666666666669,10.783333333333331,0.22927353879441628,13.292117465224148,1,1.0,0.0,0.0,1,0.058823529411764705,4,0.23529411764705882,False,False,False,False,B_individuelle_a_verifier,"Alerte individuelle a verifier: signal pipeline conserve, mais support troupeau moins net ou confidence moderee."
winter_2019,5250,2019-01-17 22:15:00,2019-01-17,1,44.3,100.0,15,True,0,0.0,,,0,5.0,-0.6744907594765952,-100.0,15.0,15.0,,0.0,0,0.0,,,1,0.058823529411764705,1,0.058823529411764705,False,False,False,False,B_individuelle_a_verifier,"Alerte individuelle a verifier: signal pipeline conserve, mais support troupeau moins net ou confidence moderee."
winter_2019,5250,2019-01-19 23:30:00,2019-01-19,1,46.8,100.0,15,True,9,0.0,,,41,11.0,1.839520253117987,272.72727272727275,6.816666666666666,15.0,,-54.55555555555556,1,0.0,,,1,0.058823529411764705,2,0.11764705882352941,False,False,False,False,B_individuelle_a_verifier,"Alerte individuelle a verifier: signal pipeline conserve, mais support troupeau moins net ou confidence moderee."
winter_2019,5250,2019-02-03 03:15:00,2019-02-03,1,47.2,100.0,15,True,48,0.0,,,142,22.0,4.046944556859572,545.4545454545455,1.0666666666666669,30.0,,-96.44444444444444,2,0.0,,,11,0.6470588235294118,13,0.7647058823529411,True,False,False,False,C_probable_evenement_collectif,"Alerte en contexte collectif: interpretation clinique prudente; verifier gestion, meteo, protocole ou evenement de troupeau."
winter_2019,5250,2019-02-04 02:45:00,2019-02-04,1,47.0,100.0,15,True,32,0.0,,,90,0.0,,,9.633333333333333,30.0,,-67.88888888888889,2,0.0,,,12,0.7058823529411765,14,0.8235294117647058,True,False,False,False,C_probable_evenement_collectif,"Alerte en contexte collectif: interpretation clinique prudente; verifier gestion, meteo, protocole ou evenement de troupeau."
winter_2019,5250,2019-02-05 10:15:00,2019-02-05,1,46.6,100.0,15,True,12,28.0,-0.44966050631773014,-57.142857142857146,16,46.0,-0.6744907594765952,-65.21739130434783,0.5,0.0333333333333333,9.442870632672344,1400.0000000000014,8,2.0,2.023472278429786,300.0,10,0.5882352941176471,14,0.8235294117647058,True,False,True,True,C_probable_evenement_collectif,"Alerte en contexte collectif: interpretation clinique prudente; verifier gestion, meteo, protocole ou evenement de troupeau."
winter_2019,5250,2019-02-06 01:30:00,2019-02-06,1,45.6,100.0,15,True,0,0.0,,,0,4.0,-0.6744907594765952,-100.0,30.0,30.0,,0.0,0,0.0,,,11,0.6470588235294118,14,0.8235294117647058,True,False,False,False,C_probable_evenement_collectif,"Alerte en contexte collectif: interpretation clinique prudente; verifier gestion, meteo, protocole ou evenement de troupeau."
winter_2019,5250,2019-02-07 03:30:00,2019-02-07,1,46.5,100.0,15,True,10,0.0,,,74,18.0,2.098415696149407,311.1111111111111,18.266666666666666,30.0,,-39.111111111111114,2,0.0,,,14,0.8235294117647058,14,0.8235294117647058,True,False,False,False,C_probable_evenement_collectif,"Alerte en contexte collectif: interpretation clinique prudente; verifier gestion, meteo, protocole ou evenement de troupeau."
winter_2019,5250,2019-02-08 10:45:00,2019-02-08,1,48.0,100.0,15,True,166,72.0,1.174113544274073,130.55555555555554,674,584.0,0.11540716416899918,15.41095890410959,1.1666666666666667,1.3,-0.07935185405607,-10.256410256410254,18,4.0,2.3607176581680833,350.0,14,0.8235294117647058,14,0.8235294117647058,True,False,False,False,C_probable_evenement_collectif,"Alerte en contexte collectif: interpretation clinique prudente; verifier gestion, meteo, protocole ou evenement de troupeau."
winter_2019,5250,2019-03-02 00:15:00,2019-03-02,1,41.2,100.0,15,True,0,3.0,-0.6744907594765952,-100.0,2,9.0,-0.5246039240373518,-77.77777777777777,15.0,9.266666666666667,0.6744907594765952,61.87050359712229,0,0.0,,,4,0.23529411764705882,5,0.29411764705882354,False,False,False,False,B_individuelle_a_verifier,"Alerte individuelle a verifier: signal pipeline conserve, mais support troupeau moins net ou confidence moderee."
winter_2019,5250,2019-03-08 12:00:00,2019-03-08,1,49.9,100.0,15,True,131,8.0,10.0,1537.5,685,36.0,10.0,1802.7777777777778,1.7,3.1333333333333333,-0.36253878321866995,-45.74468085106383,13,1.0,8.093889113719143,1200.0,3,0.17647058823529413,4,0.23529411764705882,False,False,False,False,B_individuelle_a_verifier,"Alerte individuelle a verifier: signal pipeline conserve, mais support troupeau moins net ou confidence moderee."
winter_2019,5250,2019-04-01 22:30:00,2019-04-01,1,46.8,100.0,14,True,0,0.0,,,0,3.0,-0.6744907594765952,-100.0,15.0,15.0,,0.0,0,0.0,,,2,0.11764705882352941,5,0.29411764705882354,False,False,False,False,B_individuelle_a_verifier,"Alerte individuelle a verifier: signal pipeline conserve, mais support troupeau moins net ou confidence moderee."
winter_2019,5250,2019-04-02 11:30:00,2019-04-02,1,61.2,100.0,14,True,10,16.0,-0.3679040506235974,-37.5,18,31.0,-0.44966050631773014,-41.935483870967744,0.0166666666666666,0.02499999999999995,-0.22483025315886593,-33.333333333333464,1,1.0,0.0,0.0,4,0.23529411764705882,5,0.29411764705882354,False,False,False,False,B_individuelle_a_verifier,"Alerte individuelle a verifier: signal pipeline conserve, mais support troupeau moins net ou confidence moderee."
winter_2019,5250,2019-04-11 00:15:00,2019-04-11,1,46.5,100.0,14,True,0,0.0,,,0,5.5,-0.6744907594765952,-100.0,15.0,15.0,,0.0,0,0.0,,,1,0.058823529411764705,2,0.11764705882352941,False,False,False,False,B_individuelle_a_verifier,"Alerte individuelle a verifier: signal pipeline conserve, mais support troupeau moins net ou confidence moderee."
winter_2019,8500,2019-01-24 10:15:00,2019-01-24,1,47.2,100.0,15,True,11,10.0,0.11241512657943253,10.0,22,29.0,-0.2623019620186759,-24.137931034482758,3.0,0.5,3.3724537973829762,500.0,6,1.0,3.3724537973829762,500.0,2,0.11764705882352941,5,0.29411764705882354,False,False,True,True,A_individuelle_prioritaire,"Alerte individuelle prioritaire: deviation propre a la vache, bonne couverture, sans signal collectif majeur."
winter_2019,8500,2019-02-01 20:00:00,2019-02-01,1,56.5,100.0,15,True,8,20.0,-1.3489815189531904,-60.0,32,50.0,-0.7588021044111696,-36.0,13.266666666666667,1.0666666666666669,7.714488061513557,1143.7499999999998,60,6.0,6.070416835289357,900.0,10,0.5882352941176471,13,0.7647058823529411,True,True,True,True,C_probable_evenement_collectif,"Alerte en contexte collectif: interpretation clinique prudente; verifier gestion, meteo, protocole ou evenement de troupeau."
winter_2019,8500,2019-02-03 17:00:00,2019-02-03,1,47.0,100.0,15,True,12,24.0,-0.6744907594765952,-50.0,76,48.0,0.6744907594765952,58.333333333333336,10.3,0.0333333333333333,10.0,30800.000000000036,48,2.0,10.0,2300.0,12,0.7058823529411765,13,0.7647058823529411,True,False,True,True,C_probable_evenement_collectif,"Alerte en contexte collectif: interpretation clinique prudente; verifier gestion, meteo, protocole ou evenement de troupeau."
winter_2019,8500,2019-02-04 07:15:00,2019-02-04,1,47.3,100.0,15,True,20,26.0,-0.40469445568595713,-23.076923076923077,50,66.0,-0.41507123660098166,-24.242424242424242,1.6,0.2333333333333333,3.9505887340772006,585.7142857142858,14,2.0,4.046944556859572,600.0,12,0.7058823529411765,14,0.8235294117647058,True,False,True,True,C_probable_evenement_collectif,"Alerte en contexte collectif: interpretation clinique prudente; verifier gestion, meteo, protocole ou evenement de troupeau."
winter_2019,8500,2019-02-07 11:15:00,2019-02-07,1,48.2,100.0,15,True,10,32.0,-0.9274247942803184,-68.75,36,82.0,-0.7756643733980845,-56.09756097560975,0.3333333333333333,1.5666666666666669,-0.6239039525158506,-78.72340425531915,4,4.0,0.0,0.0,14,0.8235294117647058,14,0.8235294117647058,True,False,False,False,C_probable_evenement_collectif,"Alerte en contexte collectif: interpretation clinique prudente; verifier gestion, meteo, protocole ou evenement de troupeau."
winter_2019,8500,2019-03-19 07:30:00,2019-03-19,1,50.7,100.0,15,True,27,0.0,,,71,2.0,10.0,3450.0,4.516666666666667,15.0,,-69.8888888888889,1,0.0,,,2,0.11764705882352941,4,0.23529411764705882,False,False,False,False,B_individuelle_a_verifier,"Alerte individuelle a verifier: signal pipeline conserve, mais support troupeau moins net ou confidence moderee."
winter_2019,8500,2019-04-08 17:45:00,2019-04-08,1,44.9,100.0,14,True,0,0.0,,,18,0.5,10.0,3500.0,12.716666666666669,15.0,,-15.222222222222209,9,0.0,,,1,0.058823529411764705,2,0.11764705882352941,False,False,False,False,B_individuelle_a_verifier,"Alerte individuelle a verifier: signal pipeline conserve, mais support troupeau moins net ou confidence moderee."
winter_2019,8502,2019-01-21 15:15:00,2019-01-21,1,47.0,100.0,15,True,9,9.0,0.0,0.0,17,21.0,-0.20753561830049083,-19.047619047619047,0.0,0.0,,,0,0.0,,,1,0.058823529411764705,3,0.17647058823529413,False,False,False,False,B_individuelle_a_verifier,"Alerte individuelle a verifier: signal pipeline conserve, mais support troupeau moins net ou confidence moderee."
winter_2019,8502,2019-03-26 11:00:00,2019-03-26,1,48.2,100.0,15,True,12,29.0,-0.5460163291001009,-58.62068965517241,36,60.0,-0.3519082223356149,-40.0,4.233333333333333,0.1333333333333333,10.0,3075.0000000000005,0,1.0,-0.6744907594765952,-100.0,3,0.17647058823529413,3,0.17647058823529413,False,False,True,True,A_individuelle_prioritaire,"Alerte individuelle prioritaire: deviation propre a la vache, bonne couverture, sans signal collectif majeur."
winter_2019,8502,2019-03-30 12:00:00,2019-03-30,1,45.3,100.0,14,True,13,0.0,,,30,4.5,3.8221143037007064,566.6666666666666,0.0166666666666666,15.0,,-99.8888888888889,1,0.0,,,2,0.11764705882352941,6,0.35294117647058826,False,False,False,False,B_individuelle_a_verifier,"Alerte individuelle a verifier: signal pipeline conserve, mais support troupeau moins net ou confidence moderee."
winter_2019,8505,2019-01-27 07:30:00,2019-01-27,1,46.3,100.0,15,True,1,0.0,,,8,5.0,0.40469445568595713,60.0,7.8,15.0,,-48.0,0,0.0,,,1,0.058823529411764705,5,0.29411764705882354,False,False,False,False,B_individuelle_a_verifier,"Alerte individuelle a verifier: signal pipeline conserve, mais support troupeau moins net ou confidence moderee."
winter_2019,8506,2019-01-26 00:00:00,2019-01-26,1,47.9,100.0,15,True,0,1.0,-0.6744907594765952,-100.0,0,13.0,-0.974264430355082,-100.0,15.0,12.316666666666666,0.6744907594765952,21.78619756427605,0,0.0,,,2,0.11764705882352941,5,0.29411764705882354,False,False,False,False,B_individuelle_a_verifier,"Alerte individuelle a verifier: signal pipeline conserve, mais support troupeau moins net ou confidence moderee."
winter_2019,8506,2019-02-01 13:30:00,2019-02-01,1,46.8,100.0,15,True,4,4.0,0.0,0.0,32,30.0,0.044966050631773016,6.666666666666667,29.2,29.2,0.0,0.0,2,0.0,,,10,0.5882352941176471,12,0.7058823529411765,True,False,False,False,C_probable_evenement_collectif,"Alerte en contexte collectif: interpretation clinique prudente; verifier gestion, meteo, protocole ou evenement de troupeau."
winter_2019,8506,2019-02-02 11:45:00,2019-02-02,1,52.4,100.0,15,True,50,0.0,,,106,8.0,8.262511803588291,1225.0,0.5,30.0,,-98.33333333333333,10,0.0,,,11,0.6470588235294118,13,0.7647058823529411,True,False,False,False,C_probable_evenement_collectif,"Alerte en contexte collectif: interpretation clinique prudente; verifier gestion, meteo, protocole ou evenement de troupeau."
winter_2019,8506,2019-02-03 01:15:00,2019-02-03,1,47.4,100.0,15,True,98,0.0,,,130,28.0,3.439902873330636,364.2857142857143,0.0,30.0,,-100.0,0,0.0,,,10,0.5882352941176471,13,0.7647058823529411,True,False,False,False,C_probable_evenement_collectif,"Alerte en contexte collectif: interpretation clinique prudente; verifier gestion, meteo, protocole ou evenement de troupeau."
winter_2019,8506,2019-02-04 13:30:00,2019-02-04,1,48.6,100.0,15,True,0,16.0,-0.6744907594765952,-100.0,2,30.0,-0.6295247088448223,-93.33333333333333,30.0,1.5666666666666669,10.0,1814.8936170212764,0,0.0,,,12,0.7058823529411765,14,0.8235294117647058,True,False,True,True,C_probable_evenement_collectif,"Alerte en contexte collectif: interpretation clinique prudente; verifier gestion, meteo, protocole ou evenement de troupeau."
winter_2019,8506,2019-02-05 10:30:00,2019-02-05,1,50.1,100.0,15,True,44,34.0,0.3747170885981084,29.41176470588235,236,98.0,1.4543707001214083,140.81632653061226,2.5,0.2666666666666666,5.648860110616487,837.5000000000002,14,2.0,4.046944556859572,600.0,9,0.5294117647058824,14,0.8235294117647058,True,False,True,True,C_probable_evenement_collectif,"Alerte en contexte collectif: interpretation clinique prudente; verifier gestion, meteo, protocole ou evenement de troupeau."
winter_2019,8506,2019-02-05 23:00:00,2019-02-05,1,48.4,100.0,15,True,14,10.0,0.26979630379063807,40.0,26,18.0,0.2997736708784868,44.44444444444444,3.4333333333333336,15.5,-0.5613003561621321,-77.8494623655914,28,0.0,,,11,0.6470588235294118,14,0.8235294117647058,True,False,False,False,C_probable_evenement_collectif,"Alerte en contexte collectif: interpretation clinique prudente; verifier gestion, meteo, protocole ou evenement de troupeau."
winter_2019,8506,2019-02-07 02:00:00,2019-02-07,1,43.2,100.0,15,True,0,0.0,,,4,4.0,0.0,0.0,30.0,30.0,,0.0,0,0.0,,,14,0.8235294117647058,14,0.8235294117647058,True,False,False,False,C_probable_evenement_collectif,"Alerte en contexte collectif: interpretation clinique prudente; verifier gestion, meteo, protocole ou evenement de troupeau."
winter_2019,8506,2019-02-07 19:30:00,2019-02-07,1,43.8,100.0,15,True,0,22.0,-1.8548495885606369,-100.0,0,46.0,-1.551328746796169,-100.0,30.0,0.3,10.0,9900.0,0,2.0,-0.6744907594765952,-100.0,14,0.8235294117647058,14,0.8235294117647058,True,True,True,True,C_probable_evenement_collectif,"Alerte en contexte collectif: interpretation clinique prudente; verifier gestion, meteo, protocole ou evenement de troupeau."
winter_2019,8506,2019-02-08 09:45:00,2019-02-08,1,51.0,100.0,15,True,34,34.0,0.0,0.0,94,94.0,0.0,0.0,0.2,0.2,0.0,0.0,8,4.0,0.6744907594765952,100.0,14,0.8235294117647058,14,0.8235294117647058,True,False,False,False,C_probable_evenement_collectif,"Alerte en contexte collectif: interpretation clinique prudente; verifier gestion, meteo, protocole ou evenement de troupeau."
winter_2019,8506,2019-02-11 03:00:00,2019-02-11,1,49.4,100.0,15,True,0,0.0,,,0,5.0,-0.8431134493457441,-100.0,15.0,15.0,,0.0,0,0.0,,,6,0.35294117647058826,13,0.7647058823529411,True,False,False,False,C_probable_evenement_collectif,"Alerte en contexte collectif: interpretation clinique prudente; verifier gestion, meteo, protocole ou evenement de troupeau."
winter_2019,8508,2019-02-01 17:30:00,2019-02-01,1,47.9,100.0,15,True,0,12.0,-1.3489815189531904,-100.0,0,36.0,-1.3489815189531904,-100.0,30.0,4.266666666666667,4.068022393093215,603.125,0,2.0,-0.6744907594765952,-100.0,10,0.5882352941176471,13,0.7647058823529411,True,True,True,True,C_probable_evenement_collectif,"Alerte en contexte collectif: interpretation clinique prudente; verifier gestion, meteo, protocole ou evenement de troupeau."
winter_2019,8508,2019-02-02 11:45:00,2019-02-02,1,47.2,100.0,15,True,0,0.0,,,0,8.0,-0.6744907594765952,-100.0,30.0,30.0,,0.0,0,0.0,,,11,0.6470588235294118,13,0.7647058823529411,True,False,False,False,C_probable_evenement_collectif,"Alerte en contexte collectif: interpretation clinique prudente; verifier gestion, meteo, protocole ou evenement de troupeau."
winter_2019,8508,2019-02-04 10:00:00,2019-02-04,1,45.0,100.0,15,True,24,24.0,0.0,0.0,48,48.0,0.0,0.0,0.0,0.0,,,0,0.0,,,12,0.7058823529411765,14,0.8235294117647058,True,False,False,False,C_probable_evenement_collectif,"Alerte en contexte collectif: interpretation clinique prudente; verifier gestion, meteo, protocole ou evenement de troupeau."
winter_2019,8508,2019-02-05 11:15:00,2019-02-05,1,47.4,100.0,15,True,194,26.0,6.295247088448222,646.1538461538462,1390,90.0,10.0,1444.4444444444443,0.0,1.6666666666666663,-0.6744907594765952,-100.0,0,4.0,-0.6744907594765952,-100.0,9,0.5294117647058824,14,0.8235294117647058,True,False,False,False,C_probable_evenement_collectif,"Alerte en contexte collectif: interpretation clinique prudente; verifier gestion, meteo, protocole ou evenement de troupeau."
winter_2019,8508,2019-02-06 07:00:00,2019-02-06,1,46.7,100.0,15,True,0,0.0,,,0,0.0,,,30.0,30.0,,0.0,0,0.0,,,11,0.6470588235294118,14,0.8235294117647058,True,False,False,False,C_probable_evenement_collectif,"Alerte en contexte collectif: interpretation clinique prudente; verifier gestion, meteo, protocole ou evenement de troupeau."
winter_2019,8508,2019-02-07 10:45:00,2019-02-07,1,47.0,100.0,15,True,70,28.0,1.5738117721120555,150.0,294,68.0,3.3138024269937074,332.3529411764706,0.0,0.1333333333333333,-0.6744907594765952,-100.0,0,4.0,-0.6744907594765952,-100.0,14,0.8235294117647058,14,0.8235294117647058,True,False,False,False,C_probable_evenement_collectif,"Alerte en contexte collectif: interpretation clinique prudente; verifier gestion, meteo, protocole ou evenement de troupeau."
winter_2019,8508,2019-02-08 09:30:00,2019-02-08,1,48.3,100.0,15,True,14,18.0,-0.44966050631773014,-22.22222222222222,66,50.0,0.5995473417569736,32.0,1.9666666666666668,0.4666666666666667,2.168006012603342,321.42857142857144,0,0.0,,,14,0.8235294117647058,14,0.8235294117647058,True,False,True,True,C_probable_evenement_collectif,"Alerte en contexte collectif: interpretation clinique prudente; verifier gestion, meteo, protocole ou evenement de troupeau."
winter_2019,8508,2019-02-11 12:45:00,2019-02-11,1,49.1,100.0,15,True,0,4.0,-0.6744907594765952,-100.0,3,13.0,-0.6131734177059956,-76.92307692307692,15.0,13.1,0.6744907594765952,14.503816793893133,0,0.0,,,7,0.4117647058823529,7,0.4117647058823529,True,False,False,False,C_probable_evenement_collectif,"Alerte en contexte collectif: interpretation clinique prudente; verifier gestion, meteo, protocole ou evenement de troupeau."
winter_2019,8508,2019-02-13 12:30:00,2019-02-13,1,48.0,100.0,15,True,8,11.0,-0.6744907594765952,-27.272727272727273,22,24.0,-0.22483025315886507,-8.333333333333334,0.6,0.1666666666666666,1.7536759746391481,260.0000000000001,4,1.0,2.023472278429786,300.0,3,0.17647058823529413,7,0.4117647058823529,False,False,True,True,A_individuelle_prioritaire,"Alerte individuelle prioritaire: deviation propre a la vache, bonne couverture, sans signal collectif majeur."
winter_2019,8508,2019-02-14 09:45:00,2019-02-14,1,48.5,100.0,15,True,74,10.0,10.0,640.0,291,20.0,10.0,1355.0,0.9,0.05,10.0,1700.0,9,1.0,5.395926075812762,800.0,2,0.11764705882352941,5,0.29411764705882354,False,False,True,True,A_individuelle_prioritaire,"Alerte individuelle prioritaire: deviation propre a la vache, bonne couverture, sans signal collectif majeur."
winter_2019,8508,2019-02-15 11:00:00,2019-02-15,1,47.5,100.0,15,True,13,8.0,0.4817791139118537,62.5,67,17.0,3.3724537973829762,294.11764705882354,2.45,0.2333333333333333,6.407662215027655,950.0000000000002,7,1.0,4.046944556859572,600.0,2,0.11764705882352941,4,0.23529411764705882,False,False,True,True,A_individuelle_prioritaire,"Alerte individuelle prioritaire: deviation propre a la vache, bonne couverture, sans signal collectif majeur."
winter_2019,8508,2019-03-07 11:00:00,2019-03-07,1,47.3,100.0,15,True,69,15.0,3.3111364556123766,360.0,404,30.0,10.0,1246.6666666666667,0.6,4.733333333333333,-0.7304528748916839,-87.32394366197184,8,1.0,4.721435316336167,700.0,2,0.11764705882352941,4,0.23529411764705882,False,False,False,False,B_individuelle_a_verifier,"Alerte individuelle a verifier: signal pipeline conserve, mais support troupeau moins net ou confidence moderee."
winter_2019,8508,2019-03-12 12:00:00,2019-03-12,1,47.8,100.0,15,True,74,7.0,6.45584012641884,957.1428571428571,660,22.0,10.0,2900.0,0.05,3.4166666666666665,-0.66462016299645,-98.53658536585367,1,0.0,,,4,0.23529411764705882,5,0.29411764705882354,False,False,False,False,B_individuelle_a_verifier,"Alerte individuelle a verifier: signal pipeline conserve, mais support troupeau moins net ou confidence moderee."
winter_2019,8508,2019-03-25 15:45:00,2019-03-25,1,44.2,100.0,15,True,3,1.0,1.3489815189531904,200.0,24,9.0,1.1241512657943253,166.66666666666666,11.833333333333334,14.766666666666667,-8.479312404848656,-19.864559819413095,1,0.0,,,2,0.11764705882352941,3,0.17647058823529413,False,False,False,False,B_individuelle_a_verifier,"Alerte individuelle a verifier: signal pipeline conserve, mais support troupeau moins net ou confidence moderee."
winter_2019,8508,2019-03-26 11:45:00,2019-03-26,1,57.7,100.0,15,True,1,5.0,-0.5395926075812761,-80.0,7,23.0,-0.770846582258966,-69.56521739130434,13.6,9.0,0.5334081650875079,51.11111111111111,0,1.0,-0.6744907594765952,-100.0,3,0.17647058823529413,3,0.17647058823529413,False,False,False,False,B_individuelle_a_verifier,"Alerte individuelle a verifier: signal pipeline conserve, mais support troupeau moins net ou confidence moderee."
winter_2019,8508,2019-03-28 10:30:00,2019-03-28,1,57.4,100.0,15,True,25,13.0,0.8093889113719143,92.3076923076923,70,32.0,1.1650294936413919,118.75,1.4833333333333334,0.0166666666666666,10.0,8800.000000000036,13,1.0,8.093889113719143,1200.0,2,0.11764705882352941,4,0.23529411764705882,False,False,True,True,A_individuelle_prioritaire,"Alerte individuelle prioritaire: deviation propre a la vache, bonne couverture, sans signal collectif majeur."
winter_2019,8508,2019-03-29 09:30:00,2019-03-29,1,46.7,100.0,15,True,21,13.0,0.6744907594765952,61.53846153846154,41,21.0,1.1241512657943253,95.23809523809524,0.5166666666666667,0.0,,,0,0.0,,,2,0.11764705882352941,4,0.23529411764705882,False,False,False,False,B_individuelle_a_verifier,"Alerte individuelle a verifier: signal pipeline conserve, mais support troupeau moins net ou confidence moderee."
winter_2019,8508,2019-04-03 09:00:00,2019-04-03,1,46.5,100.0,14,True,9,5.5,0.429221392394197,63.63636363636363,17,16.0,0.046516604101834155,6.25,0.7833333333333333,9.933333333333334,-1.218077062344246,-92.11409395973155,7,0.5,8.768379873195737,1300.0,4,0.23529411764705882,4,0.23529411764705882,False,False,False,False,B_individuelle_a_verifier,"Alerte individuelle a verifier: signal pipeline conserve, mais support troupeau moins net ou confidence moderee."
winter_2019,8508,2019-04-05 12:30:00,2019-04-05,1,47.7,100.0,15,True,8,8.0,0.0,0.0,23,18.0,0.3747170885981084,27.77777777777778,15.2,15.0,0.17595411116780663,1.3333333333333286,4,1.0,2.023472278429786,300.0,1,0.058823529411764705,2,0.11764705882352941,False,False,False,False,B_individuelle_a_verifier,"Alerte individuelle a verifier: signal pipeline conserve, mais support troupeau moins net ou confidence moderee."
winter_2019,8510,2019-02-04 17:30:00,2019-02-04,1,49.0,100.0,15,True,18,18.0,0.0,0.0,58,44.0,0.5246039240373518,31.818181818181817,25.066666666666663,3.1666666666666665,4.714259882724712,691.5789473684209,2,2.0,0.0,0.0,13,0.7647058823529411,14,0.8235294117647058,True,False,True,True,C_probable_evenement_collectif,"Alerte en contexte collectif: interpretation clinique prudente; verifier gestion, meteo, protocole ou evenement de troupeau."
winter_2019,8510,2019-02-05 10:30:00,2019-02-05,1,50.3,100.0,15,True,64,34.0,1.1241512657943253,88.23529411764706,334,98.0,2.487184675569945,240.81632653061226,1.9666666666666668,0.2666666666666666,4.299878591663296,637.5000000000002,16,2.0,4.721435316336167,700.0,9,0.5294117647058824,14,0.8235294117647058,True,False,True,True,C_probable_evenement_collectif,"Alerte en contexte collectif: interpretation clinique prudente; verifier gestion, meteo, protocole ou evenement de troupeau."
winter_2019,8510,2019-02-07 10:30:00,2019-02-07,1,41.1,100.0,15,True,22,26.0,-0.26979630379063807,-15.384615384615385,42,64.0,-0.6744907594765952,-34.375,0.0,0.0666666666666666,-0.6744907594765952,-100.0,0,4.0,-0.6744907594765952,-100.0,14,0.8235294117647058,14,0.8235294117647058,True,False,False,False,C_probable_evenement_collectif,"Alerte en contexte collectif: interpretation clinique prudente; verifier gestion, meteo, protocole ou evenement de troupeau."
winter_2019,8510,2019-02-08 10:15:00,2019-02-08,1,48.1,100.0,15,True,122,42.0,2.697963037906381,190.47619047619048,528,160.0,2.216183923994527,230.0,0.0,0.4666666666666667,-0.6744907594765952,-100.0,0,8.0,-0.6744907594765952,-100.0,14,0.8235294117647058,14,0.8235294117647058,True,False,False,False,C_probable_evenement_collectif,"Alerte en contexte collectif: interpretation clinique prudente; verifier gestion, meteo, protocole ou evenement de troupeau."
winter_2019,8510,2019-03-04 10:00:00,2019-03-04,1,53.0,100.0,15,True,69,29.0,1.4988683543924337,137.93103448275863,501,80.0,4.655091962945026,526.25,0.0666666666666666,0.0666666666666666,0.0,0.0,2,2.0,0.0,0.0,1,0.058823529411764705,5,0.29411764705882354,False,False,False,False,B_individuelle_a_verifier,"Alerte individuelle a verifier: signal pipeline conserve, mais support troupeau moins net ou confidence moderee."
winter_2019,8510,2019-03-08 15:00:00,2019-03-08,1,46.6,100.0,15,True,4,2.0,0.6744907594765952,100.0,18,13.0,0.6744907594765952,38.46153846153846,13.766666666666667,13.7,0.03458926971674925,0.48661800486619133,1,0.0,,,3,0.17647058823529413,4,0.23529411764705882,False,False,False,False,B_individuelle_a_verifier,"Alerte individuelle a verifier: signal pipeline conserve, mais support troupeau moins net ou confidence moderee."
winter_2019,8510,2019-03-12 14:45:00,2019-03-12,1,32.1,100.0,15,True,0,0.0,,,0,1.0,-0.6744907594765952,-100.0,15.0,15.0,,0.0,0,0.0,,,4,0.23529411764705882,6,0.35294117647058826,False,False,False,False,B_individuelle_a_verifier,"Alerte individuelle a verifier: signal pipeline conserve, mais support troupeau moins net ou confidence moderee."
fall_2021,2041,2021-12-01 10:15:00,2021-12-01,1,48.1,100.0,9,True,112,46.0,1.3489815189531904,143.47826086956522,612,232.0,1.1703492630187498,163.79310344827587,0.0,0.0,,,0,0.0,,,2,0.2,4,0.4,False,False,False,False,B_individuelle_a_verifier,"Alerte individuelle a verifier: signal pipeline conserve, mais support troupeau moins net ou confidence moderee."
fall_2021,8089,2021-12-03 12:15:00,2021-12-03,1,49.4,100.0,9,True,0,3.0,-0.6744907594765952,-100.0,0,6.0,-0.6744907594765952,-100.0,15.0,7.25,0.7210073635784294,106.89655172413794,0,0.0,,,1,0.1,4,0.4,False,False,False,False,B_individuelle_a_verifier,"Alerte individuelle a verifier: signal pipeline conserve, mais support troupeau moins net ou confidence moderee."
fall_2021,8557,2021-12-01 11:45:00,2021-12-01,1,57.3,100.0,9,True,4,9.0,-0.6744907594765952,-55.55555555555556,10,14.0,-0.385423291129483,-28.571428571428573,2.216666666666667,0.0,,,14,0.0,,,2,0.2,4,0.4,False,False,False,False,B_individuelle_a_verifier,"Alerte individuelle a verifier: signal pipeline conserve, mais support troupeau moins net ou confidence moderee."
fall_2021,8562,2021-12-02 12:00:00,2021-12-02,1,58.1,100.0,9,True,10,10.0,0.0,0.0,21,21.0,0.0,0.0,0.0166666666666666,0.0166666666666666,0.0,0.0,1,1.0,0.0,0.0,1,0.1,4,0.4,False,False,False,False,B_individuelle_a_verifier,"Alerte individuelle a verifier: signal pipeline conserve, mais support troupeau moins net ou confidence moderee."
