Start,Steps,THI,n_cows
2019-07-01 08:30:00,2.8666666666666667,65.34863860337015,15
2019-07-01 08:45:00,4.4,65.91925904343516,15
2019-07-01 09:00:00,5.733333333333333,66.60349790844892,15
2019-07-01 09:15:00,9.866666666666667,67.27729182685901,15
2019-07-01 09:30:00,23.6,67.80837626082773,15
2019-07-01 09:45:00,36.53333333333333,68.35792282942525,15
2019-07-01 10:00:00,29.6,68.63049278442939,15
2019-07-01 10:15:00,33.733333333333334,69.38639602246523,15
2019-07-01 10:30:00,19.666666666666668,70.47991469164079,15
2019-07-01 10:45:00,18.6,71.1575717301613,15
2019-07-01 11:00:00,16.666666666666668,71.41640305319306,15
2019-07-01 11:15:00,27.4,71.72400672236898,15
2019-07-01 11:30:00,27.8,71.76014066300488,15
2019-07-01 11:45:00,19.2,71.99938368059634,15
2019-07-01 12:00:00,19.0,72.17102748128703,15
2019-07-01 12:15:00,29.066666666666666,72.67516118476085,15
2019-07-01 12:30:00,21.266666666666666,72.8318788398671,15
2019-07-01 12:45:00,13.6,72.96204818201252,15
2019-07-01 13:00:00,3.4,72.97669896853544,15
2019-07-01 13:15:00,2.466666666666667,73.02044544244309,15
2019-07-01 13:30:00,6.0,73.28826092167814,15
2019-07-01 13:45:00,2.8,73.38783332103336,15
2019-07-01 14:00:00,4.2,73.61709388919162,15
2019-07-01 14:15:00,1.6,73.42634377566081,15
2019-07-01 14:30:00,1.8,73.75570900955144,15
2019-07-01 14:45:00,5.733333333333333,73.88186810340864,15
2019-07-01 15:00:00,8.333333333333334,74.24198380803476,15
2019-07-01 15:15:00,9.4,74.28969452047623,15
2019-07-01 15:30:00,9.4,74.25728900096863,15
2019-07-01 15:45:00,8.8,74.31706162927573,15
2019-07-01 16:00:00,9.866666666666667,74.94155953002814,15
2019-07-01 16:15:00,8.666666666666666,74.65727762412503,15
2019-07-01 16:30:00,9.066666666666666,74.4973619345812,15
2019-07-01 16:45:00,11.8,74.01576044868317,15
2019-07-01 17:00:00,16.666666666666668,74.09702196995742,15
2019-07-01 17:15:00,21.6,74.17657004360363,15
2019-07-01 17:30:00,17.0,73.62419890004395,15
2019-07-01 17:45:00,9.866666666666667,73.68444597275662,15
2019-07-01 18:00:00,2.466666666666667,73.26412659653285,15
2019-07-01 18:15:00,0.5333333333333333,73.16468125848708,15
2019-07-01 18:30:00,5.4,73.4591831268217,15
2019-07-01 18:45:00,6.0,72.85618009550448,15
2019-07-01 19:00:00,6.133333333333334,72.51453240950907,15
2019-07-01 19:15:00,6.933333333333334,72.31093979922427,15
2019-07-01 19:30:00,8.466666666666667,72.10983828634473,15
2019-07-01 19:45:00,13.733333333333333,71.77776569497674,15
2019-07-01 20:00:00,12.4,71.62701279204015,15
2019-07-01 20:15:00,13.733333333333333,71.48322331025686,15
2019-07-01 20:30:00,11.533333333333333,71.31733910722447,15
2019-07-01 20:45:00,11.0,71.19002189659703,15
2019-07-01 21:00:00,12.733333333333333,71.2790745085283,15
2019-07-01 21:15:00,11.066666666666666,71.18435564749427,15
2019-07-01 21:30:00,7.866666666666666,71.02661149974442,15
2019-07-01 21:45:00,6.266666666666667,70.8344336491317,15
2019-07-01 22:00:00,5.066666666666666,70.58924483636369,15
2019-07-01 22:15:00,4.6,70.43827092194202,15
2019-07-01 22:30:00,6.266666666666667,70.15041957887912,15
2019-07-01 22:45:00,3.2,69.96157454798934,15
2019-07-01 23:00:00,7.066666666666666,69.45269532691269,15
2019-07-01 23:15:00,7.666666666666667,69.23292497805119,15
2019-07-01 23:30:00,4.133333333333334,69.08079178017694,15
2019-07-01 23:45:00,6.666666666666667,68.74667019989741,15
2019-07-02 00:00:00,7.6,68.43956137267027,15
2019-07-02 00:15:00,8.066666666666666,68.13438121674625,15
2019-07-02 00:30:00,8.466666666666667,67.98753321107725,15
2019-07-02 00:45:00,5.533333333333333,67.73334717396618,15
2019-07-02 01:00:00,6.066666666666666,67.58968619868973,15
2019-07-02 01:15:00,4.6,67.33270792051663,15
2019-07-02 01:30:00,3.2,66.96124910335371,15
2019-07-02 01:45:00,1.3333333333333333,66.77598192044407,15
2019-07-02 02:00:00,3.933333333333333,66.69603281691776,15
2019-07-02 02:15:00,1.8666666666666667,66.615398999872,15
2019-07-02 02:30:00,3.466666666666667,66.56557894048997,15
2019-07-02 02:45:00,2.6666666666666665,66.42898962742375,15
2019-07-02 03:00:00,2.6666666666666665,66.34947306895513,15
2019-07-02 03:15:00,4.066666666666666,66.23943324512697,15
2019-07-02 03:30:00,5.266666666666667,66.0764990583268,15
2019-07-02 03:45:00,5.733333333333333,66.10254178236738,15
2019-07-02 04:00:00,3.8666666666666667,65.9557315008812,15
2019-07-02 04:15:00,3.0,65.80915005907706,15
2019-07-02 04:30:00,6.333333333333333,65.70416123894911,15
2019-07-02 04:45:00,5.866666666666666,65.65883532307141,15
2019-07-02 05:00:00,3.6,65.60581105804614,15
2019-07-02 05:15:00,6.666666666666667,65.6177241433026,15
2019-07-02 05:30:00,6.6,65.6100698991225,15
2019-07-02 05:45:00,10.4,65.64038121088062,15
2019-07-02 06:00:00,12.066666666666666,65.55632418552239,15
2019-07-02 06:15:00,13.333333333333334,65.52177085212328,15
2019-07-02 06:30:00,11.4,65.6482209952042,15
2019-07-02 06:45:00,12.4,65.90539053880589,15
2019-07-02 07:00:00,8.533333333333333,66.04094261561856,15
2019-07-02 07:15:00,2.7333333333333334,66.44173116032077,15
2019-07-02 07:30:00,0.0,66.79265671484173,15
2019-07-02 07:45:00,0.6666666666666666,67.08947046388649,15
2019-07-02 08:00:00,1.6,67.87412711867552,15
2019-07-02 08:15:00,3.533333333333333,68.55570507159086,15
2019-07-02 08:30:00,6.4,69.239732649759,15
2019-07-02 08:45:00,6.866666666666666,69.73026149060787,15
2019-07-02 09:00:00,8.2,70.24549978041414,15
2019-07-02 09:15:00,8.866666666666667,70.90974665458512,15
2019-07-02 09:30:00,29.6,71.50636938949283,15
2019-07-02 09:45:00,30.333333333333332,71.90095178962858,15
2019-07-02 10:00:00,16.6,72.63105437091819,15
2019-07-02 10:15:00,15.733333333333333,72.72957961740411,15
2019-07-02 10:30:00,13.8,72.81016206817098,15
2019-07-02 10:45:00,11.733333333333333,73.43237634502752,15
2019-07-02 11:00:00,35.46666666666667,73.71504853788984,15
2019-07-02 11:15:00,21.733333333333334,74.12336948029247,15
2019-07-02 11:30:00,16.0,74.79208198806249,15
2019-07-02 11:45:00,17.0,74.78630716695831,15
2019-07-02 12:00:00,20.066666666666666,74.63689781997975,15
2019-07-02 12:15:00,8.466666666666667,74.89276827713778,15
2019-07-02 12:30:00,5.0,74.93273044684533,15
2019-07-02 12:45:00,4.733333333333333,75.02379734058655,15
2019-07-02 13:00:00,3.3333333333333335,74.70076131451562,15
2019-07-02 13:15:00,3.3333333333333335,74.87405664041513,15
2019-07-02 13:30:00,5.4,75.30945629892827,15
2019-07-02 13:45:00,6.266666666666667,75.3278893447821,15
2019-07-02 14:00:00,10.8,75.38698494757871,15
2019-07-02 14:15:00,10.466666666666667,75.57771498757627,15
2019-07-02 14:30:00,8.533333333333333,75.61887785736877,15
2019-07-02 14:45:00,7.0,75.39673201798173,15
2019-07-02 15:00:00,3.3333333333333335,75.3888704294752,15
2019-07-02 15:15:00,4.866666666666666,75.52860193685974,15
2019-07-02 15:30:00,4.733333333333333,75.39150137353238,15
2019-07-02 15:45:00,8.733333333333333,75.77119907365152,15
2019-07-02 16:00:00,11.866666666666667,75.72000275527469,15
2019-07-02 16:15:00,11.066666666666666,75.9092286961424,15
2019-07-02 16:30:00,10.333333333333334,76.05509803784129,15
2019-07-02 16:45:00,11.6,75.98565817858558,15
2019-07-02 17:00:00,17.8,75.75987592830695,15
2019-07-02 17:15:00,18.2,75.76039694908349,15
2019-07-02 17:30:00,9.866666666666667,75.62829117550528,15
2019-07-02 17:45:00,4.266666666666667,75.52121217553282,15
2019-07-02 18:00:00,1.1333333333333333,75.38182676415242,15
2019-07-02 18:15:00,1.0,75.09474539175925,15
2019-07-02 18:30:00,2.0,74.89556838543771,15
2019-07-02 18:45:00,4.2,74.8222581046981,15
2019-07-02 19:00:00,7.8,74.50919746067207,15
2019-07-02 19:15:00,7.8,74.3591123005903,15
2019-07-02 19:30:00,10.133333333333333,74.14004209780059,15
2019-07-02 19:45:00,12.8,73.79135322671631,15
2019-07-02 20:00:00,10.466666666666667,73.50360997711233,15
2019-07-02 20:15:00,9.933333333333334,73.15536161053767,15
2019-07-02 20:30:00,9.6,72.65283189895398,15
2019-07-02 20:45:00,9.6,72.1070778501817,15
2019-07-02 21:00:00,13.066666666666666,71.61031336434486,15
2019-07-02 21:15:00,10.933333333333334,71.13141700775653,15
2019-07-02 21:30:00,9.266666666666667,70.74901140433312,15
2019-07-02 21:45:00,5.466666666666667,70.4599225220219,15
2019-07-02 22:00:00,3.533333333333333,70.10943144197012,15
2019-07-02 22:15:00,5.133333333333334,69.61344284304816,15
2019-07-02 22:30:00,8.533333333333333,69.34479147951988,15
2019-07-02 22:45:00,8.0,69.42362595301731,15
2019-07-02 23:00:00,6.866666666666666,69.34379054088632,15
2019-07-02 23:15:00,6.466666666666667,69.12871003148724,15
2019-07-02 23:30:00,4.933333333333334,68.92659478235721,15
2019-07-02 23:45:00,5.133333333333334,68.71596255299319,15
2019-07-03 00:00:00,4.333333333333333,67.98839989462596,15
2019-07-03 00:15:00,4.2,68.0613150286229,15
2019-07-03 00:30:00,5.266666666666667,68.33420573172828,15
2019-07-03 00:45:00,6.6,68.57358048455578,15
2019-07-03 01:00:00,5.466666666666667,68.86552065748738,15
2019-07-03 01:15:00,5.6,68.8923735711174,15
2019-07-03 01:30:00,6.2,68.7440157118284,15
2019-07-03 01:45:00,5.4,68.69104889011372,15
2019-07-03 02:00:00,5.2,68.60875799366828,15
2019-07-03 02:15:00,2.8666666666666667,68.41017049556349,15
2019-07-03 02:30:00,2.3333333333333335,68.18743883598616,15
2019-07-03 02:45:00,1.0666666666666667,67.97165110097593,15
2019-07-03 03:00:00,0.8,67.75547332597074,15
2019-07-03 03:15:00,1.6,67.55116571803644,15
2019-07-03 03:30:00,1.4666666666666666,67.38266127511312,15
2019-07-03 03:45:00,3.4,67.1928704353412,15
2019-07-03 04:00:00,4.0,67.0056200110272,15
2019-07-03 04:15:00,3.8,66.90440959576613,15
2019-07-03 04:30:00,3.2666666666666666,66.99817531774006,15
2019-07-03 04:45:00,4.333333333333333,66.88062186707575,15
2019-07-03 05:00:00,6.333333333333333,66.4964338490807,15
2019-07-03 05:15:00,7.866666666666666,66.47052702159986,15
2019-07-03 05:30:00,11.733333333333333,66.27281819582295,15
2019-07-03 05:45:00,14.933333333333334,66.37308280430882,15
2019-07-03 06:00:00,8.4,66.49478525255456,15
2019-07-03 06:15:00,9.266666666666667,66.85338013339656,15
2019-07-03 06:30:00,10.2,67.29120490163984,15
2019-07-03 06:45:00,12.333333333333334,67.79000652504995,15
2019-07-03 07:00:00,6.733333333333333,67.95338916633617,15
2019-07-03 07:15:00,7.4,68.25040557616181,15
2019-07-03 07:30:00,4.733333333333333,68.56386097355578,15
2019-07-03 07:45:00,0.4,68.7830440417785,15
2019-07-03 08:00:00,0.13333333333333333,69.13406498909622,15
2019-07-03 08:15:00,5.133333333333334,69.66785556244105,15
2019-07-03 08:30:00,12.466666666666667,70.13982656938171,15
2019-07-03 08:45:00,12.733333333333333,70.48810516596937,15
2019-07-03 09:00:00,11.4,70.97319854667055,15
2019-07-03 09:15:00,10.466666666666667,71.82247880642466,15
2019-07-03 09:30:00,14.533333333333333,72.30889724174249,15
2019-07-03 09:45:00,28.133333333333333,72.40119184848261,15
2019-07-03 10:00:00,37.6,72.85576128802089,15
2019-07-03 10:15:00,28.866666666666667,73.4186394632223,15
2019-07-03 10:30:00,26.4,73.84705575196082,15
2019-07-03 10:45:00,21.2,73.82030233625149,15
2019-07-03 11:00:00,19.2,74.31099589754547,15
2019-07-03 11:15:00,24.866666666666667,74.9215742586034,15
2019-07-03 11:30:00,36.2,74.70193633047438,15
2019-07-03 11:45:00,19.933333333333334,75.0253984414005,15
2019-07-03 12:00:00,16.4,75.02859162624783,15
2019-07-03 12:15:00,25.266666666666666,75.46037690561484,15
2019-07-03 12:30:00,20.6,76.06246441281147,15
2019-07-03 12:45:00,13.0,76.04137737701852,15
2019-07-03 13:00:00,13.333333333333334,75.91935241544505,15
2019-07-03 13:15:00,6.466666666666667,76.37226117057902,15
2019-07-03 13:30:00,7.333333333333333,76.3011596741427,15
2019-07-03 13:45:00,0.7333333333333333,76.61463388222249,15
2019-07-03 14:00:00,4.0,76.74052174110437,15
2019-07-03 14:15:00,4.6,76.80040818105282,15
2019-07-03 14:30:00,8.266666666666667,76.57103698988895,15
2019-07-03 14:45:00,7.866666666666666,76.87868675462659,15
2019-07-03 15:00:00,5.066666666666666,76.84136879310469,15
2019-07-03 15:15:00,9.266666666666667,77.3557108480423,15
2019-07-03 15:30:00,11.666666666666666,77.60352397160158,15
2019-07-03 15:45:00,12.466666666666667,77.67865248024144,15
2019-07-03 16:00:00,9.866666666666667,77.66554837021103,15
2019-07-03 16:15:00,8.333333333333334,77.58933806857762,15
2019-07-03 16:30:00,5.733333333333333,77.38101418828876,15
2019-07-03 16:45:00,6.533333333333333,77.68727570297524,15
2019-07-03 17:00:00,14.733333333333333,77.78205160633846,15
2019-07-03 17:15:00,19.0,77.97743269275473,15
2019-07-03 17:30:00,15.733333333333333,77.55410360447627,15
2019-07-03 17:45:00,12.466666666666667,77.4186307147774,15
2019-07-03 18:00:00,6.933333333333334,77.30554027006661,15
2019-07-03 18:15:00,5.666666666666667,77.27265226463959,15
2019-07-03 18:30:00,6.6,76.98158297050686,15
2019-07-03 18:45:00,5.733333333333333,77.13918249362202,15
2019-07-03 19:00:00,5.866666666666666,76.6851007019489,15
2019-07-03 19:15:00,8.666666666666666,76.52595434089712,15
2019-07-03 19:30:00,8.6,76.15624102567959,15
2019-07-03 19:45:00,12.133333333333333,75.77624350433081,15
2019-07-03 20:00:00,9.266666666666667,75.20103141437913,15
2019-07-03 20:15:00,12.333333333333334,74.90592684522994,15
2019-07-03 20:30:00,13.8,74.25212390219998,15
2019-07-03 20:45:00,14.2,73.76955825508838,15
2019-07-03 21:00:00,7.466666666666667,72.89818202615993,15
2019-07-03 21:15:00,4.933333333333334,72.48353212871059,15
2019-07-03 21:30:00,5.0,72.19793344060992,15
2019-07-03 21:45:00,7.666666666666667,71.28641120628274,15
2019-07-03 22:00:00,7.866666666666666,70.84347674300437,15
2019-07-03 22:15:00,9.0,70.69762352740219,15
2019-07-03 22:30:00,6.666666666666667,70.44060818325717,15
2019-07-03 22:45:00,4.666666666666667,70.08500863725547,15
2019-07-03 23:00:00,2.2,70.03688727935155,15
2019-07-03 23:15:00,8.6,69.63181643299372,15
2019-07-03 23:30:00,6.4,69.32743489299537,15
2019-07-03 23:45:00,5.8,69.23927539810101,15
2019-07-04 00:00:00,6.4,69.17942584401588,15
2019-07-04 00:15:00,9.666666666666666,69.01560655096725,15
2019-07-04 00:30:00,5.066666666666666,68.44733096399362,15
2019-07-04 00:45:00,3.8666666666666667,68.57638075798049,15
2019-07-04 01:00:00,1.4,68.88256257996743,15
2019-07-04 01:15:00,3.6,68.75184835063024,15
2019-07-04 01:30:00,2.933333333333333,68.48769659681871,15
2019-07-04 01:45:00,5.466666666666667,68.41705665963582,15
2019-07-04 02:00:00,3.066666666666667,68.42418637421717,15
2019-07-04 02:15:00,4.2,68.1109029068012,15
2019-07-04 02:30:00,4.8,67.90630117221785,15
2019-07-04 02:45:00,1.6666666666666667,67.54484366267668,15
2019-07-04 03:00:00,2.4,67.31036801236829,15
2019-07-04 03:15:00,5.866666666666666,67.28012838082877,15
2019-07-04 03:30:00,5.933333333333334,67.18827391174413,15
2019-07-04 03:45:00,3.933333333333333,67.10278782800712,15
2019-07-04 04:00:00,5.066666666666666,66.8686432297405,15
2019-07-04 04:15:00,1.8666666666666667,66.54438293480762,15
2019-07-04 04:30:00,2.7333333333333334,66.27789204049401,15
2019-07-04 04:45:00,2.7333333333333334,66.08900766509906,15
2019-07-04 05:00:00,4.2,66.00074072603205,15
2019-07-04 05:15:00,9.666666666666666,65.97199958277075,15
2019-07-04 05:30:00,15.266666666666667,65.98634799796758,15
2019-07-04 05:45:00,14.6,66.22543189157102,15
2019-07-04 06:00:00,13.4,66.73576792348113,15
2019-07-04 06:15:00,12.933333333333334,67.31191482042261,15
2019-07-04 06:30:00,11.266666666666667,68.16270911562766,15
2019-07-04 06:45:00,8.666666666666666,68.76134228818725,15
2019-07-04 07:00:00,6.2,69.11587475957982,15
2019-07-04 07:15:00,10.6,70.11364648344491,15
2019-07-04 07:30:00,11.6,70.6670308603434,15
2019-07-04 07:45:00,11.8,71.05956730061347,15
2019-07-04 08:00:00,9.6,71.38772325565891,15
2019-07-04 08:15:00,10.866666666666667,71.74564033174632,15
2019-07-04 08:30:00,5.733333333333333,72.20599713973137,15
2019-07-04 08:45:00,6.466666666666667,72.76706786072803,15
2019-07-04 09:00:00,4.0,73.38093034399736,15
2019-07-04 09:15:00,8.4,73.8147364111269,15
2019-07-04 09:30:00,28.866666666666667,74.39498302867393,15
2019-07-04 09:45:00,30.666666666666668,74.78139879461804,15
2019-07-04 10:00:00,17.8,75.19709496485184,15
2019-07-04 10:15:00,14.133333333333333,75.34604481378362,15
2019-07-04 10:30:00,10.6,75.88853345581865,15
2019-07-04 10:45:00,13.333333333333334,75.94093366302296,15
2019-07-04 11:00:00,25.0,76.0683940989773,15
2019-07-04 11:15:00,17.666666666666668,76.41323223827666,15
2019-07-04 11:30:00,12.0,76.88233676470053,15
2019-07-04 11:45:00,17.0,77.11381749485666,15
2019-07-04 12:00:00,17.4,77.57826310263034,15
2019-07-04 12:15:00,14.533333333333333,77.91916097715911,15
2019-07-04 12:30:00,9.866666666666667,78.4708167240505,15
2019-07-04 12:45:00,12.666666666666666,78.67233210909174,15
2019-07-04 13:00:00,7.8,79.02625343893612,15
2019-07-04 13:15:00,12.125,78.83212479580048,16
2019-07-04 13:30:00,18.125,78.82305117551881,16
2019-07-04 13:45:00,16.375,78.49069718254243,16
2019-07-04 14:00:00,12.6875,78.9333559789641,16
2019-07-04 14:15:00,7.3125,78.22155333350936,16
2019-07-04 14:30:00,8.375,78.49290123322308,16
2019-07-04 14:45:00,5.125,78.5689166675728,16
2019-07-04 15:00:00,5.0,78.60748960218638,16
2019-07-04 15:15:00,2.875,78.62400744923947,16
2019-07-04 15:30:00,4.875,78.38378932394629,16
2019-07-04 15:45:00,8.25,79.02939083638357,16
2019-07-04 16:00:00,6.5625,78.97174575641763,16
2019-07-04 16:15:00,7.5625,79.14564735144761,16
2019-07-04 16:30:00,6.0,78.48347861658719,16
2019-07-04 16:45:00,10.1875,78.77028086169831,16
2019-07-04 17:00:00,14.5,78.69843217389503,16
2019-07-04 17:15:00,16.375,78.68141831633947,16
2019-07-04 17:30:00,10.25,78.9480560920626,16
2019-07-04 17:45:00,7.6875,78.51511623981781,16
2019-07-04 18:00:00,3.125,78.57111933204351,16
2019-07-04 18:15:00,1.75,77.8362761656048,16
2019-07-04 18:30:00,3.6875,78.15112875315208,16
2019-07-04 18:45:00,6.8125,78.15818827558853,16
2019-07-04 19:00:00,8.625,78.1294534323885,16
2019-07-04 19:15:00,8.5625,77.914901802463,16
2019-07-04 19:30:00,8.4375,77.42248930696714,16
2019-07-04 19:45:00,12.5,77.27752372062155,16
2019-07-04 20:00:00,12.5,77.13629670092142,16
2019-07-04 20:15:00,12.6875,76.12425069378325,16
2019-07-04 20:30:00,9.875,75.59910830866583,16
2019-07-04 20:45:00,10.8125,74.94775290155839,16
2019-07-04 21:00:00,12.0625,74.20377191397614,16
2019-07-04 21:15:00,10.4375,73.71265484906668,16
2019-07-04 21:30:00,8.875,73.2034278525591,16
2019-07-04 21:45:00,4.4375,72.87753118797657,16
2019-07-04 22:00:00,5.5625,72.30882015446643,16
2019-07-04 22:15:00,7.5,71.79646087234343,16
2019-07-04 22:30:00,10.9375,71.35569495117485,16
2019-07-04 22:45:00,8.1875,71.09814596455415,16
2019-07-04 23:00:00,3.8125,70.68792172524117,16
2019-07-04 23:15:00,2.5625,70.22950725367707,16
2019-07-04 23:30:00,4.5,69.94790392523139,16
2019-07-04 23:45:00,6.5,69.66093224028835,16
2019-07-05 00:00:00,6.6875,69.64153818197974,16
2019-07-05 00:15:00,6.625,69.2141611469831,16
2019-07-05 00:30:00,4.0,69.67525769659444,16
2019-07-05 00:45:00,1.0,69.09804235672141,16
2019-07-05 01:00:00,2.125,69.01778042519777,16
2019-07-05 01:15:00,5.1875,68.7270260005859,16
2019-07-05 01:30:00,4.0625,68.85038500785514,16
2019-07-05 01:45:00,4.125,68.9868248335405,16
2019-07-05 02:00:00,6.875,68.3279730100202,16
2019-07-05 02:15:00,4.5625,67.89203200738517,16
2019-07-05 02:30:00,6.4375,67.76081922520136,16
2019-07-05 02:45:00,5.1875,67.3959188783597,16
2019-07-05 03:00:00,2.25,67.1435470037198,16
2019-07-05 03:15:00,2.3125,67.1351138967603,16
2019-07-05 03:30:00,0.625,67.03019591890597,16
2019-07-05 03:45:00,1.0,66.74624474188926,16
2019-07-05 04:00:00,1.8125,66.6029874652278,16
2019-07-05 04:15:00,5.8125,66.2939945409464,16
2019-07-05 04:30:00,4.3125,66.40928202493765,16
2019-07-05 04:45:00,2.5,66.36974340342108,16
2019-07-05 05:00:00,5.625,66.63806988466405,16
2019-07-05 05:15:00,10.9375,66.77824291155959,16
2019-07-05 05:30:00,13.0,66.80731191530303,16
2019-07-05 05:45:00,14.25,66.95907990377019,16
2019-07-05 06:00:00,8.3125,67.13897178020623,16
2019-07-05 06:15:00,11.1875,68.35962837748683,16
2019-07-05 06:30:00,10.9375,70.00257845242051,16
2019-07-05 06:45:00,9.5625,70.90366483973798,16
2019-07-05 07:00:00,3.5625,70.84385663122508,16
2019-07-05 07:15:00,0.875,70.77693883491985,16
2019-07-05 07:30:00,0.0625,71.266428955333,16
2019-07-05 07:45:00,1.1875,71.8333601271066,16
2019-07-05 08:00:00,6.125,72.03399664942768,16
2019-07-05 08:15:00,7.0625,72.52667129106592,16
2019-07-05 08:30:00,8.823529411764707,72.21169153935523,17
2019-07-05 08:45:00,9.352941176470589,71.46878672886785,17
2019-07-05 09:00:00,8.235294117647058,71.01609677610948,17
2019-07-05 09:15:00,11.058823529411764,70.33088136798665,17
2019-07-05 09:30:00,12.529411764705882,70.64117859670233,17
2019-07-05 09:45:00,24.941176470588236,71.11960156354073,17
2019-07-05 10:00:00,29.058823529411764,71.57550942275999,17
2019-07-05 10:15:00,20.705882352941178,72.57835260808206,17
2019-07-05 10:30:00,14.058823529411764,73.22523094730728,17
2019-07-05 10:45:00,16.352941176470587,73.85867045651192,17
2019-07-05 11:00:00,12.352941176470589,74.57365114915821,17
2019-07-05 11:15:00,32.705882352941174,75.16110874704088,17
2019-07-05 11:30:00,18.764705882352942,75.6380082187586,17
2019-07-05 11:45:00,16.823529411764707,75.40176012057782,17
2019-07-05 12:00:00,11.294117647058824,75.23005659960663,17
2019-07-05 12:15:00,16.058823529411764,75.25953250917429,17
2019-07-05 12:30:00,24.529411764705884,75.69624818605526,17
2019-07-05 12:45:00,15.411764705882353,76.06144952752086,17
2019-07-05 13:00:00,13.294117647058824,76.86638644706919,17
2019-07-05 13:15:00,8.470588235294118,77.97289940472741,17
2019-07-05 13:30:00,3.1176470588235294,78.07361588633721,17
2019-07-05 13:45:00,2.176470588235294,78.06993770020705,17
2019-07-05 14:00:00,2.8823529411764706,77.919938157207,17
2019-07-05 14:15:00,4.882352941176471,78.32658259173643,17
2019-07-05 14:30:00,7.882352941176471,78.80012318694985,17
2019-07-05 14:45:00,9.176470588235293,79.46975687574891,17
2019-07-05 15:00:00,8.117647058823529,79.39661445764234,17
2019-07-05 15:15:00,10.941176470588236,79.04454170792587,17
2019-07-05 15:30:00,10.764705882352942,78.63332996144824,17
2019-07-05 15:45:00,11.176470588235293,78.88337646012043,17
2019-07-05 16:00:00,9.882352941176471,78.57929492011334,17
2019-07-05 16:15:00,7.0,76.99434425688297,17
2019-07-05 16:30:00,8.470588235294118,76.19972621058129,17
2019-07-05 16:45:00,5.352941176470588,75.99893638711016,17
2019-07-05 17:00:00,12.411764705882353,75.54624767646528,17
2019-07-05 17:15:00,18.41176470588235,75.04518405901474,17
2019-07-05 17:30:00,13.529411764705882,74.87418246674638,17
2019-07-05 17:45:00,8.352941176470589,75.15901427186027,17
2019-07-05 18:00:00,5.235294117647059,75.46511742268221,17
2019-07-05 18:15:00,5.0588235294117645,76.24535436532148,17
2019-07-05 18:30:00,7.588235294117647,77.17524355400408,17
2019-07-05 18:45:00,9.411764705882353,77.09689164673438,17
2019-07-05 19:00:00,10.411764705882353,76.65037733166689,17
2019-07-05 19:15:00,12.411764705882353,76.51203639559998,17
2019-07-05 19:30:00,9.647058823529411,76.28831271702803,17
2019-07-05 19:45:00,8.705882352941176,76.15438339066748,17
2019-07-05 20:00:00,8.941176470588236,76.23876819754263,17
2019-07-05 20:15:00,12.235294117647058,76.2197649467967,17
2019-07-05 20:30:00,11.411764705882353,76.15332664240535,17
2019-07-05 20:45:00,14.0,76.02318516747664,17
2019-07-05 21:00:00,10.764705882352942,75.63992926772825,17
2019-07-05 21:15:00,7.823529411764706,75.40353652019625,17
2019-07-05 21:30:00,5.176470588235294,75.09951631295637,17
2019-07-05 21:45:00,9.235294117647058,74.87506506319586,17
2019-07-05 22:00:00,9.058823529411764,74.56143413888346,17
2019-07-05 22:15:00,5.411764705882353,74.31897724214929,17
2019-07-05 22:30:00,4.705882352941177,74.24324005196952,17
2019-07-05 22:45:00,6.588235294117647,73.96302938704342,17
2019-07-05 23:00:00,10.882352941176471,73.65013301227224,17
2019-07-05 23:15:00,8.647058823529411,73.41407970965854,17
2019-07-05 23:30:00,5.647058823529412,73.31570406802469,17
2019-07-05 23:45:00,6.0,73.25449375235647,17
2019-07-06 00:00:00,3.4705882352941178,73.21324117522856,17
2019-07-06 00:15:00,4.647058823529412,73.11979280341518,17
2019-07-06 00:30:00,10.117647058823529,73.28126354983219,17
2019-07-06 00:45:00,9.647058823529411,73.85440176935636,17
2019-07-06 01:00:00,9.176470588235293,74.66976405997191,17
2019-07-06 01:15:00,7.352941176470588,74.96717600325461,17
2019-07-06 01:30:00,6.411764705882353,75.16419523972391,17
2019-07-06 01:45:00,3.235294117647059,75.16910437983984,17
2019-07-06 02:00:00,2.235294117647059,75.1025706712323,17
2019-07-06 02:15:00,2.6470588235294117,74.98279236675886,17
2019-07-06 02:30:00,5.0,74.7513036734271,17
2019-07-06 02:45:00,6.588235294117647,74.65689141239223,17
2019-07-06 03:00:00,6.705882352941177,74.7428492739379,17
2019-07-06 03:15:00,7.0588235294117645,74.77553519954623,17
2019-07-06 03:30:00,5.294117647058823,74.68524406459495,17
2019-07-06 03:45:00,3.2941176470588234,74.63498793179225,17
2019-07-06 04:00:00,3.3529411764705883,74.64105263563367,17
2019-07-06 04:15:00,3.4705882352941178,74.66207911415951,17
2019-07-06 04:30:00,3.235294117647059,74.50709059635959,17
2019-07-06 04:45:00,3.411764705882353,74.26555727104655,17
2019-07-06 05:00:00,9.0,73.93426924721153,17
2019-07-06 05:15:00,12.764705882352942,73.69385260403025,17
2019-07-06 05:30:00,12.705882352941176,73.65998500061728,17
2019-07-06 05:45:00,14.411764705882353,73.75062308024827,17
2019-07-06 06:00:00,9.882352941176471,74.00159609992488,17
2019-07-06 06:15:00,12.235294117647058,74.02966089519136,17
2019-07-06 06:30:00,12.941176470588236,74.35657831794205,17
2019-07-06 06:45:00,9.352941176470589,74.7542240065693,17
2019-07-06 07:00:00,6.764705882352941,74.47317626465484,17
2019-07-06 07:15:00,4.235294117647059,74.28992565387927,17
2019-07-06 07:30:00,2.3529411764705883,74.40975523580913,17
2019-07-06 07:45:00,3.411764705882353,74.95557000466569,17
2019-07-06 08:00:00,6.529411764705882,74.79749590562083,17
2019-07-06 08:15:00,4.176470588235294,74.83423686338021,17
2019-07-06 08:30:00,2.4705882352941178,75.02238971886878,17
2019-07-06 08:45:00,6.0588235294117645,75.54891085175325,17
2019-07-06 09:00:00,6.411764705882353,75.95070181991738,17
2019-07-06 09:15:00,9.294117647058824,76.08026493859236,17
2019-07-06 09:30:00,8.588235294117647,76.56204602795397,17
2019-07-06 09:45:00,7.9411764705882355,77.0916010476153,17
2019-07-06 10:00:00,9.529411764705882,77.41113480973888,17
2019-07-06 10:15:00,9.529411764705882,78.03929041151297,17
2019-07-06 10:30:00,8.117647058823529,78.40669029258889,17
2019-07-06 10:45:00,7.647058823529412,77.95259625927208,17
2019-07-06 11:00:00,9.117647058823529,78.65050054414115,17
2019-07-06 11:15:00,7.470588235294118,77.37072577132723,17
2019-07-06 11:30:00,3.588235294117647,76.94235801043148,17
2019-07-06 11:45:00,5.294117647058823,77.84865444257724,17
2019-07-06 12:00:00,7.235294117647059,77.73096485908066,17
2019-07-06 12:15:00,15.117647058823529,77.10558337479551,17
2019-07-06 12:30:00,14.411764705882353,77.30299276167372,17
2019-07-06 12:45:00,10.470588235294118,77.42179843790774,17
2019-07-06 13:00:00,10.0,77.91356990246749,17
2019-07-06 13:15:00,8.529411764705882,78.25210262874668,17
2019-07-06 13:30:00,7.647058823529412,78.46798939691647,17
2019-07-06 13:45:00,4.294117647058823,78.00072151189512,17
2019-07-06 14:00:00,2.176470588235294,77.82009666816835,17
2019-07-06 14:15:00,4.882352941176471,77.92768705305805,17
2019-07-06 14:30:00,8.470588235294118,77.88456597181194,17
2019-07-06 14:45:00,12.294117647058824,77.81490135077672,17
2019-07-06 15:00:00,14.411764705882353,77.2609185016306,17
2019-07-06 15:15:00,10.647058823529411,76.8768842898914,17
2019-07-06 15:30:00,10.705882352941176,76.79544960053083,17
2019-07-06 15:45:00,12.470588235294118,77.3219542393711,17
2019-07-06 16:00:00,8.647058823529411,76.90063808513456,17
2019-07-06 16:15:00,4.294117647058823,76.31308199227044,17
2019-07-06 16:30:00,4.470588235294118,76.55353421782462,17
2019-07-06 16:45:00,12.058823529411764,77.09373691927625,17
2019-07-06 17:00:00,16.941176470588236,76.46486682100085,17
2019-07-06 17:15:00,14.235294117647058,76.28955846289463,17
2019-07-06 17:30:00,9.588235294117647,75.94671844867504,17
2019-07-06 17:45:00,6.117647058823529,75.54388217648862,17
2019-07-06 18:00:00,3.1176470588235294,75.2966909278549,17
2019-07-06 18:15:00,2.0588235294117645,74.63386012182313,17
2019-07-06 18:30:00,4.470588235294118,74.45862349077053,17
2019-07-06 18:45:00,4.529411764705882,74.48738413409781,17
2019-07-06 19:00:00,5.9411764705882355,73.74368938443773,17
2019-07-06 19:15:00,9.882352941176471,73.09916283922881,17
2019-07-06 19:30:00,11.352941176470589,72.41383699993683,17
2019-07-06 19:45:00,12.176470588235293,71.74956739437808,17
2019-07-06 20:00:00,9.117647058823529,71.33083372944373,17
2019-07-06 20:15:00,10.294117647058824,70.73557416853852,17
2019-07-06 20:30:00,9.764705882352942,70.1156974984625,17
2019-07-06 20:45:00,8.235294117647058,69.61020833079805,17
2019-07-06 21:00:00,10.588235294117647,68.74636037180939,17
2019-07-06 21:15:00,10.352941176470589,68.08077630718233,17
2019-07-06 21:30:00,6.529411764705882,67.7073579446906,17
2019-07-06 21:45:00,6.0588235294117645,67.21160164432631,17
2019-07-06 22:00:00,5.176470588235294,66.88920670987045,17
2019-07-06 22:15:00,0.8823529411764706,66.63853519423189,17
2019-07-06 22:30:00,1.8823529411764706,66.20912533105808,17
2019-07-06 22:45:00,3.3529411764705883,66.1000880754499,17
2019-07-06 23:00:00,6.0,65.69296317415919,17
2019-07-06 23:15:00,6.529411764705882,65.55941563736555,17
2019-07-06 23:30:00,7.764705882352941,65.55319215176715,17
2019-07-06 23:45:00,7.882352941176471,65.38361362396783,17
2019-07-07 00:00:00,5.588235294117647,65.238270584881,17
2019-07-07 00:15:00,3.411764705882353,64.89101862919064,17
2019-07-07 00:30:00,3.0588235294117645,64.54494049207284,17
2019-07-07 00:45:00,3.176470588235294,64.31410070402596,17
2019-07-07 01:00:00,2.2941176470588234,64.05769323792447,17
2019-07-07 01:15:00,3.235294117647059,63.66935322353506,17
2019-07-07 01:30:00,3.235294117647059,63.330308788119304,17
2019-07-07 01:45:00,4.235294117647059,62.913976292412826,17
2019-07-07 02:00:00,4.235294117647059,62.40648068761638,17
2019-07-07 02:15:00,5.0588235294117645,62.09926592072855,17
2019-07-07 02:30:00,4.0588235294117645,61.73606465199732,17
2019-07-07 02:45:00,3.176470588235294,61.21011586900588,17
2019-07-07 03:00:00,1.588235294117647,60.65371362616089,17
2019-07-07 03:15:00,3.6470588235294117,60.2938791539749,17
2019-07-07 03:30:00,4.352941176470588,59.97332599741748,17
2019-07-07 03:45:00,3.8823529411764706,59.45788167069835,17
2019-07-07 04:00:00,1.7058823529411764,59.08574206049516,17
2019-07-07 04:15:00,1.8235294117647058,59.14592144126976,17
2019-07-07 04:30:00,1.7647058823529411,59.1393865907919,17
2019-07-07 04:45:00,2.0588235294117645,59.15624544599415,17
2019-07-07 05:00:00,6.588235294117647,59.083838337459525,17
2019-07-07 05:15:00,9.588235294117647,59.00417958621936,17
2019-07-07 05:30:00,12.411764705882353,58.906319581388885,17
2019-07-07 05:45:00,11.411764705882353,58.96563162259506,17
2019-07-07 06:00:00,10.882352941176471,59.423895806821896,17
2019-07-07 06:15:00,12.235294117647058,60.17671977091542,17
2019-07-07 06:30:00,11.235294117647058,60.86087954762588,17
2019-07-07 06:45:00,10.411764705882353,61.38383588371474,17
2019-07-07 07:00:00,5.0588235294117645,61.84849781738157,17
2019-07-07 07:15:00,2.1176470588235294,62.34718083073559,17
2019-07-07 07:30:00,0.8235294117647058,62.770751374034944,17
2019-07-07 07:45:00,0.8235294117647058,62.98468867570068,17
2019-07-07 08:00:00,3.4705882352941178,63.60427746106342,17
2019-07-07 08:15:00,5.470588235294118,63.82622103669562,17
2019-07-07 08:30:00,4.470588235294118,63.92046090125783,17
2019-07-07 08:45:00,1.7647058823529411,64.19813484771905,17
2019-07-07 09:00:00,1.588235294117647,64.51952237841007,17
2019-07-07 09:15:00,3.3529411764705883,64.85365334207555,17
2019-07-07 09:30:00,7.705882352941177,65.34641725475115,17
2019-07-07 09:45:00,9.294117647058824,65.79985934277785,17
2019-07-07 10:00:00,9.588235294117647,65.59578535059104,17
2019-07-07 10:15:00,7.9411764705882355,66.27841021169446,17
2019-07-07 10:30:00,4.882352941176471,65.97463003254315,17
2019-07-07 10:45:00,3.5294117647058822,66.43636640004301,17
2019-07-07 11:00:00,2.764705882352941,66.96203558683997,17
2019-07-07 11:15:00,1.9411764705882353,67.12203564872283,17
2019-07-07 11:30:00,3.5294117647058822,67.11526235898549,17
2019-07-07 11:45:00,2.2941176470588234,67.36375088052944,17
2019-07-07 12:00:00,5.117647058823529,67.20750343247381,17
2019-07-07 12:15:00,6.882352941176471,67.20344655376164,17
2019-07-07 12:30:00,9.058823529411764,67.52362520527929,17
2019-07-07 12:45:00,11.176470588235293,67.82366947856912,17
2019-07-07 13:00:00,10.294117647058824,68.0727194833539,17
2019-07-07 13:15:00,7.235294117647059,68.11545468993394,17
2019-07-07 13:30:00,3.5294117647058822,68.20323891511309,17
2019-07-07 13:45:00,2.588235294117647,68.60312397476825,17
2019-07-07 14:00:00,3.8823529411764706,68.8505907082805,17
2019-07-07 14:15:00,3.823529411764706,69.15671961737517,17
2019-07-07 14:30:00,4.470588235294118,69.44371074921642,17
2019-07-07 14:45:00,7.0588235294117645,69.74050197319363,17
2019-07-07 15:00:00,8.411764705882353,69.84296449533691,17
2019-07-07 15:15:00,12.294117647058824,69.9897386567751,17
2019-07-07 15:30:00,12.117647058823529,70.37335065531985,17
2019-07-07 15:45:00,7.705882352941177,70.44859857432424,17
2019-07-07 16:00:00,7.176470588235294,70.73322357044306,17
2019-07-07 16:15:00,6.117647058823529,70.83585078161211,17
2019-07-07 16:30:00,7.9411764705882355,71.1546846480996,17
2019-07-07 16:45:00,5.470588235294118,70.98221756106936,17
2019-07-07 17:00:00,13.117647058823529,71.09259084063221,17
2019-07-07 17:15:00,15.823529411764707,71.07946054965602,17
2019-07-07 17:30:00,14.705882352941176,71.26339376707922,17
2019-07-07 17:45:00,8.647058823529411,71.00004132217586,17
2019-07-07 18:00:00,6.470588235294118,71.02077964137766,17
2019-07-07 18:15:00,3.176470588235294,70.84609192345714,17
2019-07-07 18:30:00,2.4705882352941178,70.82202449559402,17
2019-07-07 18:45:00,3.0,70.54218149925366,17
2019-07-07 19:00:00,5.411764705882353,70.4958109044864,17
2019-07-07 19:15:00,10.470588235294118,70.01348481316992,17
2019-07-07 19:30:00,15.823529411764707,69.63078567825178,17
2019-07-07 19:45:00,14.411764705882353,69.15500681859365,17
2019-07-07 20:00:00,13.352941176470589,68.90855387212855,17
2019-07-07 20:15:00,9.470588235294118,68.6228600158798,17
2019-07-07 20:30:00,10.705882352941176,68.08123473659865,17
2019-07-07 20:45:00,11.764705882352942,67.33970149944092,17
2019-07-07 21:00:00,11.588235294117647,66.5142102940409,17
2019-07-07 21:15:00,10.529411764705882,65.89311057492965,17
2019-07-07 21:30:00,6.529411764705882,65.49989196013597,17
2019-07-07 21:45:00,5.352941176470588,65.26217544972062,17
2019-07-07 22:00:00,7.235294117647059,65.21125546615468,17
2019-07-07 22:15:00,6.705882352941177,65.71413537649991,17
2019-07-07 22:30:00,5.9411764705882355,66.04855081747267,17
2019-07-07 22:45:00,2.5294117647058822,65.61470105676612,17
2019-07-07 23:00:00,3.0,64.80011242620442,17
2019-07-07 23:15:00,5.705882352941177,63.969769660581015,17
2019-07-07 23:30:00,5.470588235294118,62.95805390461425,17
2019-07-07 23:45:00,5.529411764705882,62.310756139103994,17
2019-07-08 00:00:00,6.9411764705882355,61.605525489732145,17
2019-07-08 00:15:00,7.588235294117647,61.031380198519834,17
2019-07-08 00:30:00,4.882352941176471,60.682657632851466,17
2019-07-08 00:45:00,3.588235294117647,60.63819738414202,17
2019-07-08 01:00:00,2.9411764705882355,60.49114518889087,17
2019-07-08 01:15:00,5.470588235294118,60.18653686514074,17
2019-07-08 01:30:00,7.176470588235294,59.96176632250438,17
2019-07-08 01:45:00,4.529411764705882,59.8259596712121,17
2019-07-08 02:00:00,4.352941176470588,59.88762617646059,17
2019-07-08 02:15:00,5.0,58.80905843638171,17
2019-07-08 02:30:00,3.588235294117647,58.17287492185165,17
2019-07-08 02:45:00,2.411764705882353,57.68109384448989,17
2019-07-08 03:00:00,3.176470588235294,57.08974020724137,17
2019-07-08 03:15:00,3.411764705882353,56.21757641802563,17
2019-07-08 03:30:00,1.2941176470588236,56.07932297466374,17
2019-07-08 03:45:00,3.0,55.82924956742051,17
2019-07-08 04:00:00,6.176470588235294,55.93504911080303,17
2019-07-08 04:15:00,3.4705882352941178,56.29186632121926,17
2019-07-08 04:30:00,3.0,55.645620748564305,17
2019-07-08 04:45:00,1.9411764705882353,55.235947537152576,17
2019-07-08 05:00:00,2.5294117647058822,54.76927530813544,17
2019-07-08 05:15:00,5.176470588235294,54.69231978385759,17
2019-07-08 05:30:00,12.764705882352942,54.46589115074185,17
2019-07-08 05:45:00,13.882352941176471,54.54608278959923,17
2019-07-08 06:00:00,10.470588235294118,55.82456733608876,17
2019-07-08 06:15:00,13.411764705882353,57.04618567521663,17
2019-07-08 06:30:00,15.117647058823529,59.01257451762516,17
2019-07-08 06:45:00,11.352941176470589,61.052142953950245,17
2019-07-08 07:00:00,13.117647058823529,62.4122624236569,17
2019-07-08 07:15:00,10.588235294117647,62.934104894084335,17
2019-07-08 07:30:00,3.176470588235294,63.07878308240376,17
2019-07-08 07:45:00,1.0,63.42703922245027,17
2019-07-08 08:00:00,1.8823529411764706,64.00678667180001,17
2019-07-08 08:15:00,1.2352941176470589,64.63877964208517,17
2019-07-08 08:30:00,1.2941176470588236,65.34074081757785,17
2019-07-08 08:45:00,1.0588235294117647,65.91137547514295,17
2019-07-08 09:00:00,7.0588235294117645,66.25011475486558,17
2019-07-08 09:15:00,11.882352941176471,66.50688739549221,17
2019-07-08 09:30:00,30.294117647058822,67.00456730483141,17
2019-07-08 09:45:00,45.35294117647059,68.03456897756593,17
2019-07-08 10:00:00,57.411764705882355,68.37548955785967,17
2019-07-08 10:15:00,37.529411764705884,68.47808475183096,17
2019-07-08 10:30:00,31.294117647058822,68.14206376962282,17
2019-07-08 10:45:00,25.58823529411765,68.3449260032451,17
2019-07-08 11:00:00,29.941176470588236,68.75712476631095,17
2019-07-08 11:15:00,42.705882352941174,69.4420214848411,17
2019-07-08 11:30:00,19.352941176470587,69.8620915924285,17
2019-07-08 11:45:00,15.705882352941176,69.84204623145975,17
2019-07-08 12:00:00,10.176470588235293,70.15270881654222,17
2019-07-08 12:15:00,24.352941176470587,70.53341773258329,17
2019-07-08 12:30:00,38.1764705882353,70.78683144049462,17
2019-07-08 12:45:00,13.235294117647058,71.08208940074668,17
2019-07-08 13:00:00,14.0,71.27039294968709,17
2019-07-08 13:15:00,11.882352941176471,71.14112324266608,17
2019-07-08 13:30:00,4.764705882352941,71.52796885519524,17
2019-07-08 13:45:00,5.235294117647059,71.50861498106512,17
2019-07-08 14:00:00,5.294117647058823,71.92958625253988,17
2019-07-08 14:15:00,5.764705882352941,72.28339738577154,17
2019-07-08 14:30:00,2.5294117647058822,72.30228980741167,17
2019-07-08 14:45:00,4.882352941176471,72.43585130581104,17
2019-07-08 15:00:00,3.9411764705882355,72.64616597603369,17
2019-07-08 15:15:00,4.588235294117647,72.58732517782889,17
2019-07-08 15:30:00,8.117647058823529,72.57029416112788,17
2019-07-08 15:45:00,7.0,72.87470543045522,17
2019-07-08 16:00:00,7.823529411764706,72.86113511725164,17
2019-07-08 16:15:00,7.588235294117647,73.10356651499741,17
2019-07-08 16:30:00,9.117647058823529,72.73389656686659,17
2019-07-08 16:45:00,9.588235294117647,73.20881027075035,17
2019-07-08 17:00:00,10.941176470588236,73.30713477460165,17
2019-07-08 17:15:00,18.470588235294116,73.34038500320305,17
2019-07-08 17:30:00,15.0,72.7884693520706,17
2019-07-08 17:45:00,10.235294117647058,72.5573713924692,17
2019-07-08 18:00:00,5.0588235294117645,72.48117734199207,17
2019-07-08 18:15:00,3.0,72.51573062603087,17
2019-07-08 18:30:00,3.3529411764705883,72.47049525491978,17
2019-07-08 18:45:00,3.0588235294117645,72.10820156830154,17
2019-07-08 19:00:00,3.7058823529411766,71.85535605211086,17
2019-07-08 19:15:00,6.882352941176471,71.87333314937295,17
2019-07-08 19:30:00,13.588235294117647,71.77852227607869,17
2019-07-08 19:45:00,14.352941176470589,71.38646971360016,17
2019-07-08 20:00:00,15.352941176470589,71.21729819064048,17
2019-07-08 20:15:00,12.529411764705882,70.95996037305086,17
2019-07-08 20:30:00,10.588235294117647,70.79400140889878,17
2019-07-08 20:45:00,10.588235294117647,70.40142245589139,17
2019-07-08 21:00:00,12.235294117647058,70.22956825404516,17
2019-07-08 21:15:00,8.294117647058824,69.83763340716989,17
2019-07-08 21:30:00,10.588235294117647,69.24153296257059,17
2019-07-08 21:45:00,11.411764705882353,69.16047969849654,17
2019-07-08 22:00:00,9.764705882352942,68.94110575303968,17
2019-07-08 22:15:00,5.9411764705882355,68.44336593933896,17
2019-07-08 22:30:00,2.764705882352941,67.90188257710705,17
2019-07-08 22:45:00,4.117647058823529,66.96982478309285,17
2019-07-08 23:00:00,8.294117647058824,66.18933568840782,17
2019-07-08 23:15:00,7.235294117647059,66.10412821098326,17
2019-07-08 23:30:00,6.9411764705882355,66.30580420218662,17
2019-07-08 23:45:00,10.117647058823529,66.36418831268249,17
2019-07-09 00:00:00,10.235294117647058,65.945247810243,17
2019-07-09 00:15:00,7.764705882352941,65.39884953342933,17
2019-07-09 00:30:00,6.470588235294118,64.8698199552987,17
2019-07-09 00:45:00,3.0588235294117645,64.6556242319499,17
2019-07-09 01:00:00,3.411764705882353,64.49764041966631,17
2019-07-09 01:15:00,1.0588235294117647,64.2558767219055,17
2019-07-09 01:30:00,1.7647058823529411,64.05069732800649,17
2019-07-09 01:45:00,2.0,63.62808954708811,17
2019-07-09 02:00:00,2.588235294117647,63.437125782476265,17
2019-07-09 02:15:00,2.7058823529411766,63.17340535165172,17
2019-07-09 02:30:00,2.3529411764705883,63.26665267179041,17
2019-07-09 02:45:00,0.29411764705882354,63.33677892833088,17
2019-07-09 03:00:00,3.823529411764706,63.10426507472965,17
2019-07-09 03:15:00,3.764705882352941,62.93799351343275,17
2019-07-09 03:30:00,2.8823529411764706,62.81641008548163,17
2019-07-09 03:45:00,6.352941176470588,62.57694171297329,17
2019-07-09 04:00:00,3.6470588235294117,62.38454836217179,17
2019-07-09 04:15:00,2.9411764705882355,62.14897124223731,17
2019-07-09 04:30:00,1.7058823529411764,62.013896632666295,17
2019-07-09 04:45:00,2.176470588235294,61.85283330874082,17
2019-07-09 05:00:00,4.117647058823529,61.75838177888946,17
2019-07-09 05:15:00,9.0,61.61417854430434,17
2019-07-09 05:30:00,11.529411764705882,61.59070851623111,17
2019-07-09 05:45:00,14.0,61.65534346531896,17
2019-07-09 06:00:00,10.882352941176471,61.89333278340454,17
2019-07-09 06:15:00,5.647058823529412,62.17868286457184,17
2019-07-09 06:30:00,7.882352941176471,62.60855379728713,17
2019-07-09 06:45:00,12.294117647058824,63.078846378606364,17
2019-07-09 07:00:00,10.941176470588236,63.27822695060735,17
2019-07-09 07:15:00,6.882352941176471,63.70116691791495,17
2019-07-09 07:30:00,4.117647058823529,63.87264751980326,17
2019-07-09 07:45:00,1.1176470588235294,64.20799353678268,17
2019-07-09 08:00:00,1.8823529411764706,64.80956593300145,17
2019-07-09 08:15:00,2.5294117647058822,65.40600899671317,17
2019-07-09 08:30:00,0.7058823529411765,65.97978862813117,17
2019-07-09 08:45:00,1.7058823529411764,66.51810889962192,17
2019-07-09 09:00:00,5.0,67.36212377220232,17
2019-07-09 09:15:00,9.470588235294118,68.0679745153411,17
2019-07-09 09:30:00,21.352941176470587,68.68583823462119,17
2019-07-09 09:45:00,40.94117647058823,69.46653086290812,17
2019-07-09 10:00:00,43.11764705882353,70.2510669820073,17
2019-07-09 10:15:00,18.764705882352942,70.8158377910441,17
2019-07-09 10:30:00,14.470588235294118,71.56279661047837,17
2019-07-09 10:45:00,10.235294117647058,72.16545515134162,17
2019-07-09 11:00:00,24.470588235294116,72.82923437161942,17
2019-07-09 11:15:00,25.764705882352942,73.35540941473418,17
2019-07-09 11:30:00,19.0,73.88038193211106,17
2019-07-09 11:45:00,16.294117647058822,74.29909586012596,17
2019-07-09 12:00:00,20.823529411764707,74.72765680988279,17
2019-07-09 12:15:00,23.823529411764707,74.5132910210491,17
2019-07-09 12:30:00,10.941176470588236,74.83000404870727,17
2019-07-09 12:45:00,8.764705882352942,74.7714371108508,17
2019-07-09 13:00:00,6.235294117647059,74.7897507813733,17
2019-07-09 13:15:00,3.588235294117647,74.9194371034042,17
2019-07-09 13:30:00,2.3529411764705883,75.35272449909293,17
2019-07-09 13:45:00,2.6470588235294117,75.80513211182677,17
2019-07-09 14:00:00,4.470588235294118,76.05240106080582,17
2019-07-09 14:15:00,4.470588235294118,75.94419829395008,17
2019-07-09 14:30:00,4.117647058823529,75.975161903551,17
2019-07-09 14:45:00,11.058823529411764,76.23863916252029,17
2019-07-09 15:00:00,13.647058823529411,76.2872326389447,17
2019-07-09 15:15:00,14.823529411764707,75.97655392617811,17
2019-07-09 15:30:00,11.411764705882353,75.90017803606938,17
2019-07-09 15:45:00,9.470588235294118,76.06216872367774,17
2019-07-09 16:00:00,4.9411764705882355,76.12275403323025,17
2019-07-09 16:15:00,2.588235294117647,75.50431509474446,17
2019-07-09 16:30:00,2.235294117647059,75.52911447265159,17
2019-07-09 16:45:00,5.235294117647059,75.6048723343561,17
2019-07-09 17:00:00,12.058823529411764,75.74388775387601,17
2019-07-09 17:15:00,17.941176470588236,75.77696541663884,17
2019-07-09 17:30:00,12.588235294117647,75.3510568720268,17
2019-07-09 17:45:00,8.588235294117647,75.08827257030742,17
2019-07-09 18:00:00,3.764705882352941,75.17498950795489,17
2019-07-09 18:15:00,2.5294117647058822,75.21977718356293,17
2019-07-09 18:30:00,3.588235294117647,75.23061387813442,17
2019-07-09 18:45:00,4.0588235294117645,75.00365220063937,17
2019-07-09 19:00:00,5.705882352941177,74.63427424525553,17
2019-07-09 19:15:00,8.647058823529411,74.55713500734446,17
2019-07-09 19:30:00,10.941176470588236,74.33867401492738,17
2019-07-09 19:45:00,12.411764705882353,73.97347034158285,17
2019-07-09 20:00:00,12.117647058823529,73.48279170761953,17
2019-07-09 20:15:00,13.176470588235293,72.98741325684209,17
2019-07-09 20:30:00,9.941176470588236,72.55652653553699,17
2019-07-09 20:45:00,13.470588235294118,71.79008680925303,17
2019-07-09 21:00:00,10.882352941176471,71.39227829318774,17
2019-07-09 21:15:00,12.470588235294118,71.37451445395283,17
2019-07-09 21:30:00,10.882352941176471,70.85028554563011,17
2019-07-09 21:45:00,4.647058823529412,70.35661125347046,17
2019-07-09 22:00:00,2.764705882352941,70.29312022982852,17
2019-07-09 22:15:00,3.9411764705882355,70.36669222450537,17
2019-07-09 22:30:00,4.0,70.36762984222538,17
2019-07-09 22:45:00,3.7058823529411766,70.45293197671668,17
2019-07-09 23:00:00,6.176470588235294,70.41924294745802,17
2019-07-09 23:15:00,6.0588235294117645,70.38987199300682,17
2019-07-09 23:30:00,4.588235294117647,69.72849816638445,17
2019-07-09 23:45:00,4.882352941176471,69.31961952027166,17
2019-07-10 00:00:00,3.4705882352941178,69.03610735313296,17
2019-07-10 00:15:00,5.470588235294118,69.04582980956255,17
2019-07-10 00:30:00,4.882352941176471,68.81279067782219,17
2019-07-10 00:45:00,4.235294117647059,68.44654131072775,17
2019-07-10 01:00:00,4.882352941176471,68.13441085297745,17
2019-07-10 01:15:00,6.705882352941177,67.93845317066773,17
2019-07-10 01:30:00,6.235294117647059,67.76163995970714,17
2019-07-10 01:45:00,6.882352941176471,67.6893165616972,17
2019-07-10 02:00:00,5.705882352941177,67.53868259801406,17
2019-07-10 02:15:00,2.3529411764705883,67.31701870232952,17
2019-07-10 02:30:00,3.5294117647058822,67.0414140854798,17
2019-07-10 02:45:00,5.823529411764706,66.94434157603338,17
2019-07-10 03:00:00,3.8823529411764706,66.67254013532161,17
2019-07-10 03:15:00,4.352941176470588,66.43371972640342,17
2019-07-10 03:30:00,1.588235294117647,66.2437667919799,17
2019-07-10 03:45:00,2.3529411764705883,66.08715288735438,17
2019-07-10 04:00:00,3.176470588235294,65.89857879903886,17
2019-07-10 04:15:00,4.0,65.81908150336267,17
2019-07-10 04:30:00,4.588235294117647,65.71561533880734,17
2019-07-10 04:45:00,6.0588235294117645,65.6030145187098,17
2019-07-10 05:00:00,5.176470588235294,65.45568818489377,17
2019-07-10 05:15:00,8.411764705882353,65.31031795954435,17
2019-07-10 05:30:00,11.882352941176471,65.28424985422828,17
2019-07-10 05:45:00,11.882352941176471,65.17541941842308,17
2019-07-10 06:00:00,11.705882352941176,65.20949296302327,17
2019-07-10 06:15:00,11.823529411764707,65.30354149495219,17
2019-07-10 06:30:00,15.117647058823529,65.4327168401356,17
2019-07-10 06:45:00,14.705882352941176,65.70790524848792,17
2019-07-10 07:00:00,12.352941176470589,66.0783869866972,17
2019-07-10 07:15:00,5.411764705882353,66.54725582612963,17
2019-07-10 07:30:00,3.0588235294117645,67.20062986089734,17
2019-07-10 07:45:00,0.9411764705882353,67.96277639796949,17
2019-07-10 08:00:00,1.8823529411764706,68.45501114793797,17
2019-07-10 08:15:00,2.0,68.5397468851391,17
2019-07-10 08:30:00,4.823529411764706,69.18830591268012,17
2019-07-10 08:45:00,7.470588235294118,69.43818148740898,17
2019-07-10 09:00:00,11.176470588235293,70.0111695677132,17
2019-07-10 09:15:00,12.235294117647058,70.6255677544227,17
2019-07-10 09:30:00,12.941176470588236,71.04656142160047,17
2019-07-10 09:45:00,31.235294117647058,71.45424771433126,17
2019-07-10 10:00:00,36.05882352941177,71.95246950239347,17
2019-07-10 10:15:00,21.11764705882353,72.43338498159567,17
2019-07-10 10:30:00,20.176470588235293,72.88030669485197,17
2019-07-10 10:45:00,11.588235294117647,73.4115434963452,17
2019-07-10 11:00:00,23.41176470588235,73.22427588837515,17
2019-07-10 11:15:00,35.8235294117647,73.65461724862512,17
2019-07-10 11:30:00,22.0,74.1524056032362,17
2019-07-10 11:45:00,17.41176470588235,74.82320789637693,17
2019-07-10 12:00:00,9.647058823529411,74.89313168500985,17
2019-07-10 12:15:00,28.41176470588235,75.41116576486051,17
2019-07-10 12:30:00,14.882352941176471,75.76603215719864,17
2019-07-10 12:45:00,10.529411764705882,76.12535016758686,17
2019-07-10 13:00:00,9.529411764705882,76.63496516513227,17
2019-07-10 13:15:00,14.294117647058824,77.00181210627643,17
2019-07-10 13:30:00,10.294117647058824,77.48551852520715,17
2019-07-10 13:45:00,2.2941176470588234,77.53422907363176,17
2019-07-10 14:00:00,1.9411764705882353,77.85037680634842,17
2019-07-10 14:15:00,3.823529411764706,77.57662336635629,17
2019-07-10 14:30:00,4.588235294117647,77.0061447096752,17
2019-07-10 14:45:00,10.882352941176471,77.3225724875078,17
2019-07-10 15:00:00,10.117647058823529,77.72432504826801,17
2019-07-10 15:15:00,8.0,78.05527187133127,17
2019-07-10 15:30:00,6.0588235294117645,77.88976503838802,17
2019-07-10 15:45:00,6.411764705882353,77.96458016542422,17
2019-07-10 16:00:00,6.588235294117647,78.00150346349913,17
2019-07-10 16:15:00,4.705882352941177,77.46976081504523,17
2019-07-10 16:30:00,5.529411764705882,77.29123729406467,17
2019-07-10 16:45:00,8.882352941176471,77.66607525871257,17
2019-07-10 17:00:00,15.0,77.72325306266464,17
2019-07-10 17:15:00,15.294117647058824,78.21834332112134,17
2019-07-10 17:30:00,12.0,78.05951137073744,17
2019-07-10 17:45:00,7.411764705882353,77.46517289361472,17
2019-07-10 18:00:00,4.411764705882353,77.05098675216637,17
2019-07-10 18:15:00,2.764705882352941,76.98839294903249,17
2019-07-10 18:30:00,2.0588235294117645,76.75304808455756,17
2019-07-10 18:45:00,4.9411764705882355,76.8779643911256,17
2019-07-10 19:00:00,7.705882352941177,76.80504458243831,17
2019-07-10 19:15:00,10.117647058823529,76.44900214060695,17
2019-07-10 19:30:00,16.470588235294116,76.33892661323326,17
2019-07-10 19:45:00,12.941176470588236,75.676221784238,17
2019-07-10 20:00:00,11.705882352941176,75.12892885040674,17
2019-07-10 20:15:00,11.764705882352942,74.48156576986453,17
2019-07-10 20:30:00,10.470588235294118,73.95093186785024,17
2019-07-10 20:45:00,8.882352941176471,73.22027491421439,17
2019-07-10 21:00:00,7.176470588235294,72.80723062178832,17
2019-07-10 21:15:00,6.764705882352941,72.21024550978724,17
2019-07-10 21:30:00,8.411764705882353,71.68479889284482,17
2019-07-10 21:45:00,7.470588235294118,71.64579605170611,17
2019-07-10 22:00:00,8.588235294117647,71.66095171760632,17
2019-07-10 22:15:00,3.0588235294117645,71.31436964679747,17
2019-07-10 22:30:00,5.117647058823529,70.89361518097307,17
2019-07-10 22:45:00,6.0588235294117645,70.64328143936336,17
2019-07-10 23:00:00,5.294117647058823,70.46429605226199,17
2019-07-10 23:15:00,2.176470588235294,70.37507989846131,17
2019-07-10 23:30:00,2.7058823529411766,70.32279912045826,17
2019-07-10 23:45:00,6.0,70.47085407093623,17
2019-07-11 00:00:00,3.1176470588235294,70.43251814841561,17
2019-07-11 00:15:00,6.470588235294118,70.12343944977324,17
2019-07-11 00:30:00,5.529411764705882,70.34787748977355,17
2019-07-11 00:45:00,4.235294117647059,70.55433884219165,17
2019-07-11 01:00:00,2.588235294117647,70.50664596743603,17
2019-07-11 01:15:00,4.470588235294118,70.37552675273156,17
2019-07-11 01:30:00,6.0588235294117645,70.38832374986427,17
2019-07-11 01:45:00,6.529411764705882,70.34666748414051,17
2019-07-11 02:00:00,4.470588235294118,70.33798190894045,17
2019-07-11 02:15:00,2.2941176470588234,70.31988578199612,17
2019-07-11 02:30:00,2.2941176470588234,70.12334121590902,17
2019-07-11 02:45:00,4.294117647058823,69.85716755452654,17
2019-07-11 03:00:00,3.6470588235294117,69.33692500123973,17
2019-07-11 03:15:00,3.5294117647058822,68.68604284651018,17
2019-07-11 03:30:00,3.1176470588235294,68.24068025494358,17
2019-07-11 03:45:00,5.823529411764706,68.3746299687763,17
2019-07-11 04:00:00,4.235294117647059,68.71855020744452,17
2019-07-11 04:15:00,4.352941176470588,68.38330845194012,17
2019-07-11 04:30:00,2.4705882352941178,68.11235948682504,17
2019-07-11 04:45:00,3.0,68.4470230126115,17
2019-07-11 05:00:00,3.2941176470588234,68.40703516737817,17
2019-07-11 05:15:00,8.647058823529411,68.0937229505048,17
2019-07-11 05:30:00,13.941176470588236,67.9614984249077,17
2019-07-11 05:45:00,12.941176470588236,68.06595515742497,17
2019-07-11 06:00:00,12.352941176470589,67.91216505396586,17
2019-07-11 06:15:00,10.823529411764707,68.1177885655729,17
2019-07-11 06:30:00,12.764705882352942,68.68693320758014,17
2019-07-11 06:45:00,9.529411764705882,67.99257951439243,17
2019-07-11 07:00:00,6.294117647058823,66.89188171769884,17
2019-07-11 07:15:00,1.588235294117647,66.40413714811085,17
2019-07-11 07:30:00,1.1176470588235294,65.98901899230161,17
2019-07-11 07:45:00,3.8823529411764706,65.39714189062181,17
2019-07-11 08:00:00,3.1176470588235294,64.70183955811838,17
2019-07-11 08:15:00,3.823529411764706,65.25450530029619,17
2019-07-11 08:30:00,5.0,66.13435094739154,17
2019-07-11 08:45:00,6.823529411764706,67.34026136284977,17
2019-07-11 09:00:00,9.058823529411764,67.98030114598886,17
2019-07-11 09:15:00,10.352941176470589,67.49297057218824,17
2019-07-11 09:30:00,12.529411764705882,67.20912215699872,17
2019-07-11 09:45:00,19.352941176470587,66.2066430111226,17
2019-07-11 10:00:00,9.294117647058824,65.48965070677478,17
2019-07-11 10:15:00,9.941176470588236,65.90377879666654,17
2019-07-11 10:30:00,10.294117647058824,67.25610161293447,17
2019-07-11 10:45:00,10.352941176470589,68.71252099485514,17
2019-07-11 11:00:00,6.823529411764706,69.12372747946476,17
2019-07-11 11:15:00,6.882352941176471,69.16751332201845,17
2019-07-11 11:30:00,3.5294117647058822,69.14438539976072,17
2019-07-11 11:45:00,2.4705882352941178,69.08493945510266,17
2019-07-11 12:00:00,4.470588235294118,69.05453737570502,17
2019-07-11 12:15:00,5.529411764705882,69.49180080796005,17
2019-07-11 12:30:00,6.117647058823529,69.94910527435599,17
2019-07-11 12:45:00,6.0588235294117645,70.09865788269988,17
2019-07-11 13:00:00,4.352941176470588,70.15952589363962,17
2019-07-11 13:15:00,5.117647058823529,70.68972053670909,17
2019-07-11 13:30:00,8.647058823529411,71.55535247487104,17
2019-07-11 13:45:00,9.529411764705882,72.75667591468293,17
2019-07-11 14:00:00,10.0,73.79346626402157,17
2019-07-11 14:15:00,5.705882352941177,74.4529757437673,17
2019-07-11 14:30:00,6.647058823529412,74.42426212210289,17
2019-07-11 14:45:00,8.294117647058824,74.59295777707666,17
2019-07-11 15:00:00,10.470588235294118,75.0736902984555,17
2019-07-11 15:15:00,7.764705882352941,75.92190302807235,17
2019-07-11 15:30:00,5.9411764705882355,77.26521524751784,17
2019-07-11 15:45:00,7.0588235294117645,78.03224775315061,17
2019-07-11 16:00:00,9.117647058823529,78.82735776527048,17
2019-07-11 16:15:00,8.470588235294118,79.37178372549504,17
2019-07-11 16:30:00,7.9411764705882355,79.78930998669803,17
2019-07-11 16:45:00,10.117647058823529,80.16326487598785,17
2019-07-11 17:00:00,17.88235294117647,79.68304049630571,17
2019-07-11 17:15:00,17.705882352941178,78.45788861141796,17
2019-07-11 17:30:00,12.941176470588236,77.47800482820132,17
2019-07-11 17:45:00,7.470588235294118,72.24591742860167,17
2019-07-11 18:00:00,5.882352941176471,68.31113292782216,17
2019-07-11 18:15:00,5.647058823529412,67.93815724025613,17
2019-07-11 18:30:00,5.0,66.4029909370447,17
2019-07-11 18:45:00,2.823529411764706,66.764862418171,17
2019-07-11 19:00:00,5.0588235294117645,67.15378832386082,17
2019-07-11 19:15:00,6.411764705882353,66.7731168539447,17
2019-07-11 19:30:00,10.235294117647058,66.70715576267361,17
2019-07-11 19:45:00,9.941176470588236,66.47066722385766,17
2019-07-11 20:00:00,11.411764705882353,66.59745943692631,17
2019-07-11 20:15:00,11.588235294117647,66.50079887946593,17
2019-07-11 20:30:00,10.176470588235293,66.3395886140483,17
2019-07-11 20:45:00,7.823529411764706,66.2629089441695,17
2019-07-11 21:00:00,10.411764705882353,66.13957312152375,17
2019-07-11 21:15:00,7.588235294117647,66.06001688056578,17
2019-07-11 21:30:00,5.823529411764706,66.06142248858522,17
2019-07-11 21:45:00,4.176470588235294,66.05315872303537,17
2019-07-11 22:00:00,3.4705882352941178,65.94901830788176,17
2019-07-11 22:15:00,7.117647058823529,65.93433513120051,17
2019-07-11 22:30:00,6.411764705882353,65.93878072656048,17
2019-07-11 22:45:00,6.294117647058823,65.9777343212107,17
2019-07-11 23:00:00,6.529411764705882,66.09325108444686,17
2019-07-11 23:15:00,5.882352941176471,66.20875207804713,17
2019-07-11 23:30:00,5.117647058823529,66.31612208515689,17
2019-07-11 23:45:00,4.117647058823529,66.33423598453648,17
2019-07-12 00:00:00,3.3529411764705883,66.45632251098841,17
2019-07-12 00:15:00,4.411764705882353,66.34047510214778,17
2019-07-12 00:30:00,2.3529411764705883,66.25137715141697,17
2019-07-12 00:45:00,3.411764705882353,66.16264846743813,17
2019-07-12 01:00:00,3.764705882352941,66.10179849369666,17
2019-07-12 01:15:00,3.7058823529411766,66.38064001500594,17
2019-07-12 01:30:00,5.470588235294118,66.55441599184319,17
2019-07-12 01:45:00,2.7058823529411766,66.38258164986858,17
2019-07-12 02:00:00,3.176470588235294,66.0606659981474,17
2019-07-12 02:15:00,3.411764705882353,65.97423023216183,17
2019-07-12 02:30:00,2.6470588235294117,66.23069123548872,17
2019-07-12 02:45:00,5.470588235294118,66.46766778976881,17
2019-07-12 03:00:00,2.4705882352941178,66.64334728751761,17
2019-07-12 03:15:00,2.5294117647058822,66.63948913739145,17
2019-07-12 03:30:00,5.705882352941177,66.65801747410642,17
2019-07-12 03:45:00,7.588235294117647,66.80290240283878,17
2019-07-12 04:00:00,4.9411764705882355,66.97262347512047,17
2019-07-12 04:15:00,7.294117647058823,67.00213991877308,17
2019-07-12 04:30:00,2.9411764705882355,67.06444201604455,17
2019-07-12 04:45:00,2.9411764705882355,67.03799696734154,17
2019-07-12 05:00:00,3.4705882352941178,66.91624399433371,17
2019-07-12 05:15:00,10.529411764705882,66.97519623519597,17
2019-07-12 05:30:00,12.0,66.9639386774008,17
2019-07-12 05:45:00,11.882352941176471,66.84494357234185,17
2019-07-12 06:00:00,8.764705882352942,66.96327193738442,17
2019-07-12 06:15:00,10.058823529411764,67.11540007838677,17
2019-07-12 06:30:00,12.058823529411764,67.11116257587706,17
2019-07-12 06:45:00,10.941176470588236,67.5740609749231,17
2019-07-12 07:00:00,6.647058823529412,67.5489005536465,17
2019-07-12 07:15:00,5.0,67.86119825803631,17
2019-07-12 07:30:00,2.9411764705882355,68.08071002067189,17
2019-07-12 07:45:00,1.4705882352941178,68.4792708697098,17
2019-07-12 08:00:00,3.235294117647059,68.62957625539883,17
2019-07-12 08:15:00,5.294117647058823,68.62741524608327,17
2019-07-12 08:30:00,7.705882352941177,68.41102900931627,17
2019-07-12 08:45:00,8.411764705882353,68.55521785240269,17
2019-07-12 09:00:00,10.647058823529411,68.59825985444317,17
2019-07-12 09:15:00,11.647058823529411,69.19471559395674,17
2019-07-12 09:30:00,12.764705882352942,69.14663438408427,17
2019-07-12 09:45:00,27.58823529411765,69.20225409837253,17
2019-07-12 10:00:00,42.23529411764706,69.84339939389149,17
2019-07-12 10:15:00,37.529411764705884,70.26693568389375,17
2019-07-12 10:30:00,26.11764705882353,70.48937719254381,17
2019-07-12 10:45:00,23.705882352941178,70.6909559799707,17
2019-07-12 11:00:00,25.235294117647058,70.78743242322437,17
2019-07-12 11:15:00,38.05882352941177,71.67577437403371,17
2019-07-12 11:30:00,28.764705882352942,71.50275180248276,17
2019-07-12 11:45:00,27.058823529411764,71.92614277898633,17
2019-07-12 12:00:00,20.941176470588236,72.05160012450936,17
2019-07-12 12:15:00,30.941176470588236,72.01220456835433,17
2019-07-12 12:30:00,34.705882352941174,71.94230902461396,17
2019-07-12 12:45:00,16.294117647058822,71.53225200897386,17
2019-07-12 13:00:00,14.058823529411764,71.62753175300729,17
2019-07-12 13:15:00,8.941176470588236,71.88025430805452,17
2019-07-12 13:30:00,4.823529411764706,72.14070788234548,17
2019-07-12 13:45:00,1.8823529411764706,72.4615297651317,17
2019-07-12 14:00:00,1.3529411764705883,72.13592060425378,17
2019-07-12 14:15:00,2.764705882352941,72.30435177400075,17
2019-07-12 14:30:00,4.352941176470588,72.30362152261723,17
2019-07-12 14:45:00,4.529411764705882,72.28915706151726,17
2019-07-12 15:00:00,6.764705882352941,72.27887537724374,17
2019-07-12 15:15:00,10.117647058823529,72.02875511458554,17
2019-07-12 15:30:00,9.0,71.96208058126423,17
2019-07-12 15:45:00,8.0,72.1402406185778,17
2019-07-12 16:00:00,7.764705882352941,72.02518089755819,17
2019-07-12 16:15:00,4.9411764705882355,72.2672343321159,17
2019-07-12 16:30:00,9.058823529411764,72.01256875388187,17
2019-07-12 16:45:00,13.823529411764707,71.83855093717638,17
2019-07-12 17:00:00,18.294117647058822,71.99104833283941,17
2019-07-12 17:15:00,18.647058823529413,71.477007230187,17
2019-07-12 17:30:00,16.294117647058822,71.44392816652794,17
2019-07-12 17:45:00,11.941176470588236,71.5791230982597,17
2019-07-12 18:00:00,5.764705882352941,71.66001614481625,17
2019-07-12 18:15:00,3.5294117647058822,71.43412191142973,17
2019-07-12 18:30:00,6.9411764705882355,71.48234249084993,17
2019-07-12 18:45:00,4.411764705882353,71.31542223543181,17
2019-07-12 19:00:00,5.352941176470588,70.95339079565406,17
2019-07-12 19:15:00,10.647058823529411,70.96455575872984,17
2019-07-12 19:30:00,13.647058823529411,70.92118426856081,17
2019-07-12 19:45:00,10.352941176470589,70.7670539339867,17
2019-07-12 20:00:00,9.647058823529411,70.62780462667035,17
2019-07-12 20:15:00,12.647058823529411,70.59654281723186,17
2019-07-12 20:30:00,12.117647058823529,70.46879292309512,17
2019-07-12 20:45:00,12.0,70.28138114250443,17
2019-07-12 21:00:00,10.0,70.22014996638713,17
2019-07-12 21:15:00,8.117647058823529,70.21957467250547,17
2019-07-12 21:30:00,4.411764705882353,70.11055111063668,17
2019-07-12 21:45:00,4.823529411764706,69.90327705021188,17
2019-07-12 22:00:00,5.176470588235294,69.82136691807295,17
2019-07-12 22:15:00,7.9411764705882355,69.430631616125,17
2019-07-12 22:30:00,6.352941176470588,69.14569987629352,17
2019-07-12 22:45:00,4.705882352941177,68.82995348349395,17
2019-07-12 23:00:00,3.0588235294117645,68.66477782431072,17
2019-07-12 23:15:00,5.764705882352941,68.52965821267748,17
2019-07-12 23:30:00,3.1176470588235294,68.12757844480981,17
2019-07-12 23:45:00,1.6470588235294117,67.94412193671708,17
2019-07-13 00:00:00,1.5294117647058822,67.46002204578475,17
2019-07-13 00:15:00,6.176470588235294,67.33574377982774,17
2019-07-13 00:30:00,5.529411764705882,66.78761219472948,17
2019-07-13 00:45:00,3.764705882352941,66.19793993673453,17
2019-07-13 01:00:00,2.823529411764706,65.79587349194377,17
2019-07-13 01:15:00,3.0,65.52585115497503,17
2019-07-13 01:30:00,4.470588235294118,65.30386159043233,17
2019-07-13 01:45:00,4.882352941176471,65.09497662624125,17
2019-07-13 02:00:00,3.411764705882353,64.90669987241344,17
2019-07-13 02:15:00,1.411764705882353,64.90537825799339,17
2019-07-13 02:30:00,1.411764705882353,64.89541980301506,17
2019-07-13 02:45:00,3.3529411764705883,65.07394934682203,17
2019-07-13 03:00:00,3.7058823529411766,65.15842894686057,17
2019-07-13 03:15:00,3.9411764705882355,65.14614048274159,17
2019-07-13 03:30:00,5.235294117647059,65.24718552361814,17
2019-07-13 03:45:00,2.235294117647059,65.04088773337412,17
2019-07-13 04:00:00,2.5294117647058822,64.91775514661215,17
2019-07-13 04:15:00,2.2941176470588234,64.78540658146996,17
2019-07-13 04:30:00,6.705882352941177,64.72193683389948,17
2019-07-13 04:45:00,4.588235294117647,64.63172144324673,17
2019-07-13 05:00:00,5.588235294117647,64.56431190941898,17
2019-07-13 05:15:00,6.529411764705882,64.49243142606822,17
2019-07-13 05:30:00,7.117647058823529,64.40571505467666,17
2019-07-13 05:45:00,13.352941176470589,64.37133385607943,17
2019-07-13 06:00:00,13.588235294117647,64.4504649419794,17
2019-07-13 06:15:00,11.294117647058824,64.56261608956811,17
2019-07-13 06:30:00,12.588235294117647,64.8097807926167,17
2019-07-13 06:45:00,13.235294117647058,65.18137710445176,17
2019-07-13 07:00:00,9.529411764705882,65.50777444963198,17
2019-07-13 07:15:00,5.411764705882353,65.55665255606623,17
2019-07-13 07:30:00,6.823529411764706,65.70485786568958,17
2019-07-13 07:45:00,4.294117647058823,65.9045207245332,17
2019-07-13 08:00:00,1.588235294117647,66.02217063806188,17
2019-07-13 08:15:00,2.588235294117647,66.07580731811173,17
2019-07-13 08:30:00,4.294117647058823,66.33531046010775,17
2019-07-13 08:45:00,4.0,66.59911858728037,17
2019-07-13 09:00:00,3.588235294117647,67.01975557418383,17
2019-07-13 09:15:00,6.117647058823529,67.60658276601518,17
2019-07-13 09:30:00,7.470588235294118,68.17981514648598,17
2019-07-13 09:45:00,6.823529411764706,68.81869086835985,17
2019-07-13 10:00:00,6.411764705882353,69.1987383413191,17
2019-07-13 10:15:00,8.352941176470589,70.32813150127119,17
2019-07-13 10:30:00,8.764705882352942,70.9674470205865,17
2019-07-13 10:45:00,10.882352941176471,71.40989879497182,17
2019-07-13 11:00:00,6.647058823529412,71.99452828870646,17
2019-07-13 11:15:00,9.176470588235293,72.58900118870561,17
2019-07-13 11:30:00,8.764705882352942,72.95736159592201,17
2019-07-13 11:45:00,8.176470588235293,73.27847873157599,17
2019-07-13 12:00:00,7.0,73.37598480900337,17
2019-07-13 12:15:00,3.0,73.58391282214579,17
2019-07-13 12:30:00,4.588235294117647,73.6569518384952,17
2019-07-13 12:45:00,4.529411764705882,74.06322000585985,17
2019-07-13 13:00:00,3.411764705882353,74.05122689675422,17
2019-07-13 13:15:00,3.8823529411764706,74.37948093207036,17
2019-07-13 13:30:00,4.647058823529412,74.93020972306458,17
2019-07-13 13:45:00,9.941176470588236,74.8537175669964,17
2019-07-13 14:00:00,13.823529411764707,74.65856928637703,17
2019-07-13 14:15:00,12.058823529411764,75.14113032675566,17
2019-07-13 14:30:00,10.470588235294118,75.70956813729104,17
2019-07-13 14:45:00,9.117647058823529,75.75308831443873,17
2019-07-13 15:00:00,9.941176470588236,74.96028223453567,17
2019-07-13 15:15:00,10.764705882352942,74.06929700786866,17
2019-07-13 15:30:00,11.058823529411764,73.80214077129904,17
2019-07-13 15:45:00,8.0,74.31456586051682,17
2019-07-13 16:00:00,4.823529411764706,74.1836187112415,17
2019-07-13 16:15:00,3.0,74.21843938024945,17
2019-07-13 16:30:00,4.529411764705882,74.77243256928202,17
2019-07-13 16:45:00,7.117647058823529,75.09900157914261,17
2019-07-13 17:00:00,14.117647058823529,75.17807584844327,17
2019-07-13 17:15:00,19.470588235294116,75.21905376799076,17
2019-07-13 17:30:00,16.88235294117647,75.03820358128648,17
2019-07-13 17:45:00,11.470588235294118,74.75909587253783,17
2019-07-13 18:00:00,6.0,74.25745505924642,17
2019-07-13 18:15:00,3.2941176470588234,74.42553234627808,17
2019-07-13 18:30:00,4.117647058823529,74.80594779837249,17
2019-07-13 18:45:00,7.529411764705882,73.9304026819146,17
2019-07-13 19:00:00,3.764705882352941,73.23197594153423,17
2019-07-13 19:15:00,6.0,72.64131477717487,17
2019-07-13 19:30:00,7.117647058823529,72.18151731511574,17
2019-07-13 19:45:00,8.352941176470589,72.0276735345022,17
2019-07-13 20:00:00,9.823529411764707,71.89250452893152,17
2019-07-13 20:15:00,10.058823529411764,71.58248577411223,17
2019-07-13 20:30:00,11.588235294117647,71.38074803359383,17
2019-07-13 20:45:00,11.823529411764707,70.51837147675467,17
2019-07-13 21:00:00,10.352941176470589,69.68909842662049,17
2019-07-13 21:15:00,14.411764705882353,69.56650443251948,17
2019-07-13 21:30:00,12.647058823529411,67.71742944648152,17
2019-07-13 21:45:00,6.9411764705882355,66.10742901679875,17
2019-07-13 22:00:00,2.6470588235294117,65.79193573253475,17
2019-07-13 22:15:00,2.0588235294117645,65.27307437614648,17
2019-07-13 22:30:00,2.411764705882353,64.70596905283502,17
2019-07-13 22:45:00,2.764705882352941,64.45363081123526,17
2019-07-13 23:00:00,4.117647058823529,64.28589349978408,17
2019-07-13 23:15:00,3.1176470588235294,64.22778284065363,17
2019-07-13 23:30:00,2.764705882352941,63.86156841652791,17
2019-07-13 23:45:00,3.8823529411764706,63.64805931127904,17
2019-07-14 00:00:00,6.0588235294117645,63.91349683942343,17
2019-07-14 00:15:00,7.352941176470588,63.847290741261816,17
2019-07-14 00:30:00,7.0588235294117645,63.79435807583672,17
2019-07-14 00:45:00,5.176470588235294,63.95732793762838,17
2019-07-14 01:00:00,2.176470588235294,63.86326362312548,17
2019-07-14 01:15:00,3.4705882352941178,64.33839005104669,17
2019-07-14 01:30:00,5.0588235294117645,64.39498212683675,17
2019-07-14 01:45:00,3.9411764705882355,64.52839298695558,17
2019-07-14 02:00:00,2.4705882352941178,64.43074804619768,17
2019-07-14 02:15:00,2.235294117647059,64.38181409091396,17
2019-07-14 02:30:00,2.176470588235294,64.5383162454847,17
2019-07-14 02:45:00,2.411764705882353,64.62400716764402,17
2019-07-14 03:00:00,1.7058823529411764,64.43887273374318,17
2019-07-14 03:15:00,2.588235294117647,64.50126424988515,17
2019-07-14 03:30:00,4.588235294117647,64.47623411159195,17
2019-07-14 03:45:00,3.5294117647058822,64.4658158335938,17
2019-07-14 04:00:00,3.5294117647058822,64.49146923033608,17
2019-07-14 04:15:00,1.1764705882352942,64.25851542242059,17
2019-07-14 04:30:00,3.9411764705882355,64.20351440999616,17
2019-07-14 04:45:00,6.0,64.11132230025298,17
2019-07-14 05:00:00,5.9411764705882355,63.802801488323986,17
2019-07-14 05:15:00,7.470588235294118,63.47568528420915,17
2019-07-14 05:30:00,8.823529411764707,63.46771513793967,17
2019-07-14 05:45:00,11.529411764705882,63.61366987228672,17
2019-07-14 06:00:00,10.411764705882353,63.72547873132607,17
2019-07-14 06:15:00,13.235294117647058,64.05853651688548,17
2019-07-14 06:30:00,11.058823529411764,64.07564578067034,17
2019-07-14 06:45:00,13.176470588235293,64.01430118886464,17
2019-07-14 07:00:00,7.9411764705882355,63.9040787547199,17
2019-07-14 07:15:00,2.3529411764705883,63.968540241553065,17
2019-07-14 07:30:00,3.3529411764705883,64.44423033069869,17
2019-07-14 07:45:00,3.235294117647059,65.14105860239088,17
2019-07-14 08:00:00,3.8823529411764706,65.60255917107052,17
2019-07-14 08:15:00,4.647058823529412,66.15935548493309,17
2019-07-14 08:30:00,2.9411764705882355,66.17646532204459,17
2019-07-14 08:45:00,4.0,66.55525472444657,17
2019-07-14 09:00:00,3.3529411764705883,66.89630811165718,17
2019-07-14 09:15:00,3.764705882352941,67.10532023870144,17
2019-07-14 09:30:00,5.0588235294117645,67.34462571601817,17
2019-07-14 09:45:00,7.705882352941177,67.63738870841611,17
2019-07-14 10:00:00,8.705882352941176,68.08787951385926,17
2019-07-14 10:15:00,11.176470588235293,68.75720284395346,17
2019-07-14 10:30:00,12.764705882352942,68.87201757606799,17
2019-07-14 10:45:00,9.470588235294118,69.1537188589903,17
2019-07-14 11:00:00,9.058823529411764,70.02004313164372,17
2019-07-14 11:15:00,1.588235294117647,70.33935584067432,17
2019-07-14 11:30:00,1.588235294117647,70.4113102422562,17
2019-07-14 11:45:00,4.0,70.16688933958655,17
2019-07-14 12:00:00,4.9411764705882355,70.47201795033338,17
2019-07-14 12:15:00,7.705882352941177,70.8467745780018,17
2019-07-14 12:30:00,8.588235294117647,70.254856915043,17
2019-07-14 12:45:00,2.588235294117647,70.44275902880783,17
2019-07-14 13:00:00,3.235294117647059,70.30773563737654,17
2019-07-14 13:15:00,2.235294117647059,70.59306023189355,17
2019-07-14 13:30:00,4.0,70.37591284217909,17
2019-07-14 13:45:00,2.7058823529411766,70.34278652796107,17
2019-07-14 14:00:00,2.9411764705882355,70.58623765940773,17
2019-07-14 14:15:00,3.588235294117647,70.98487042117185,17
2019-07-14 14:30:00,7.764705882352941,70.66204944241792,17
2019-07-14 14:45:00,10.647058823529411,70.93554536168371,17
2019-07-14 15:00:00,12.882352941176471,71.02635344461764,17
2019-07-14 15:15:00,9.529411764705882,70.81275667535009,17
2019-07-14 15:30:00,8.705882352941176,70.75418809570287,17
2019-07-14 15:45:00,8.823529411764707,70.92701796239828,17
2019-07-14 16:00:00,7.0,70.81716593129599,17
2019-07-14 16:15:00,7.411764705882353,71.15980628306431,17
2019-07-14 16:30:00,6.705882352941177,71.09040329801071,17
2019-07-14 16:45:00,10.941176470588236,71.08645236022268,17
2019-07-14 17:00:00,10.823529411764707,70.86341191735843,17
2019-07-14 17:15:00,15.705882352941176,70.46493749254049,17
2019-07-14 17:30:00,13.823529411764707,70.48963424870676,17
2019-07-14 17:45:00,12.588235294117647,70.27534688758571,17
2019-07-14 18:00:00,3.0,69.81874604011121,17
2019-07-14 18:15:00,1.3529411764705883,69.78678491975161,17
2019-07-14 18:30:00,2.823529411764706,69.57446524074932,17
2019-07-14 18:45:00,3.7058823529411766,69.36839306382812,17
2019-07-14 19:00:00,5.411764705882353,69.27925526306247,17
2019-07-14 19:15:00,6.117647058823529,68.79793679384244,17
2019-07-14 19:30:00,11.647058823529411,68.39275607422353,17
2019-07-14 19:45:00,12.882352941176471,67.98156600384843,17
2019-07-14 20:00:00,10.117647058823529,67.89855048463308,17
2019-07-14 20:15:00,8.882352941176471,67.69254966352683,17
2019-07-14 20:30:00,11.470588235294118,67.3213022669637,17
2019-07-14 20:45:00,9.235294117647058,67.25607678393476,17
2019-07-14 21:00:00,8.647058823529411,67.15928616480006,17
2019-07-14 21:15:00,12.647058823529411,66.94393473053832,17
2019-07-14 21:30:00,12.470588235294118,66.90048472737003,17
2019-07-14 21:45:00,8.411764705882353,66.71731010510122,17
2019-07-14 22:00:00,5.235294117647059,66.62021416857733,17
2019-07-14 22:15:00,6.764705882352941,66.78671288098678,17
2019-07-14 22:30:00,8.411764705882353,66.28957535596635,17
2019-07-14 22:45:00,5.411764705882353,65.90912558023915,17
2019-07-14 23:00:00,4.117647058823529,65.7721043141796,17
2019-07-14 23:15:00,0.9411764705882353,65.77751930052987,17
2019-07-14 23:30:00,2.176470588235294,65.54266195872644,17
2019-07-14 23:45:00,4.176470588235294,65.30286902931509,17
2019-07-15 00:00:00,7.352941176470588,64.98275671766065,17
2019-07-15 00:15:00,6.705882352941177,64.91670617496804,17
2019-07-15 00:30:00,3.6470588235294117,64.87098863535473,17
2019-07-15 00:45:00,4.470588235294118,64.75143758256971,17
2019-07-15 01:00:00,2.8823529411764706,64.71563201166535,17
2019-07-15 01:15:00,1.5294117647058822,64.64789771657516,17
2019-07-15 01:30:00,3.6470588235294117,64.62692693746165,17
2019-07-15 01:45:00,7.705882352941177,64.2416960394671,17
2019-07-15 02:00:00,6.9411764705882355,64.13511176086455,17
2019-07-15 02:15:00,4.588235294117647,64.13671495779356,17
2019-07-15 02:30:00,6.705882352941177,64.0097887520888,17
2019-07-15 02:45:00,7.117647058823529,63.72660162692677,17
2019-07-15 03:00:00,4.0,63.6407277335771,17
2019-07-15 03:15:00,1.2941176470588236,63.208794319362624,17
2019-07-15 03:30:00,1.8235294117647058,62.48950494797888,17
2019-07-15 03:45:00,3.588235294117647,62.39373547959156,17
2019-07-15 04:00:00,2.235294117647059,62.496118870669825,17
2019-07-15 04:15:00,4.9411764705882355,62.37606160804621,17
2019-07-15 04:30:00,4.294117647058823,62.14126791432355,17
2019-07-15 04:45:00,4.411764705882353,61.861025813682865,17
2019-07-15 05:00:00,7.176470588235294,62.08394459394554,17
2019-07-15 05:15:00,8.294117647058824,62.11589905054021,17
2019-07-15 05:30:00,12.352941176470589,61.96731866673346,17
2019-07-15 05:45:00,11.941176470588236,61.98878539374436,17
2019-07-15 06:00:00,12.411764705882353,61.89331048481922,17
2019-07-15 06:15:00,7.529411764705882,61.91488653430875,17
2019-07-15 06:30:00,9.823529411764707,62.19744629363021,17
2019-07-15 06:45:00,9.294117647058824,62.097627434822066,17
2019-07-15 07:00:00,13.882352941176471,62.35334139873523,17
2019-07-15 07:15:00,8.117647058823529,62.471179578825094,17
2019-07-15 07:30:00,4.823529411764706,62.75253557588973,17
2019-07-15 07:45:00,4.529411764705882,62.92434906231665,17
2019-07-15 08:00:00,4.117647058823529,63.38786824377598,17
2019-07-15 08:15:00,2.588235294117647,63.798772048143206,17
2019-07-15 08:30:00,7.117647058823529,64.22852832515831,17
2019-07-15 08:45:00,4.705882352941177,64.66345139631854,17
2019-07-15 09:00:00,5.823529411764706,65.36332116486118,17
2019-07-15 09:15:00,9.352941176470589,66.065800325919,17
2019-07-15 09:30:00,14.529411764705882,66.62918646695913,17
2019-07-15 09:45:00,40.94117647058823,67.09082963358695,17
2019-07-15 10:00:00,48.1764705882353,67.68532379592453,17
2019-07-15 10:15:00,39.411764705882355,68.3090974256473,17
2019-07-15 10:30:00,30.0,68.8632275759805,17
2019-07-15 10:45:00,24.176470588235293,69.48763624257073,17
2019-07-15 11:00:00,30.705882352941178,69.93738649110651,17
2019-07-15 11:15:00,38.88235294117647,70.28403841670678,17
2019-07-15 11:30:00,28.235294117647058,70.59955302025337,17
2019-07-15 11:45:00,24.705882352941178,71.16430569979708,17
2019-07-15 12:00:00,19.176470588235293,72.01811117392116,17
2019-07-15 12:15:00,21.176470588235293,72.45984727768749,17
2019-07-15 12:30:00,36.64705882352941,72.16207020276978,17
2019-07-15 12:45:00,12.647058823529411,72.69022371901188,17
2019-07-15 13:00:00,9.411764705882353,72.72031941536898,17
2019-07-15 13:15:00,1.8235294117647058,72.27059475161204,17
2019-07-15 13:30:00,0.5294117647058824,72.83140750090395,17
2019-07-15 13:45:00,2.235294117647059,73.14163825056487,17
2019-07-15 14:00:00,5.235294117647059,73.13650469627301,17
2019-07-15 14:15:00,7.823529411764706,72.89601918359148,17
2019-07-15 14:30:00,9.647058823529411,73.53241957839198,17
2019-07-15 14:45:00,9.176470588235293,73.34039688869623,17
2019-07-15 15:00:00,9.058823529411764,73.5357864105072,17
2019-07-15 15:15:00,8.941176470588236,73.4787666174326,17
2019-07-15 15:30:00,5.235294117647059,73.92463569625646,17
2019-07-15 15:45:00,4.294117647058823,73.89152436357963,17
2019-07-15 16:00:00,8.058823529411764,73.98237996003081,17
2019-07-15 16:15:00,7.705882352941177,73.9223258914814,17
2019-07-15 16:30:00,10.117647058823529,73.88795539221678,17
2019-07-15 16:45:00,7.529411764705882,73.87495552511474,17
2019-07-15 17:00:00,14.058823529411764,73.5982543512601,17
2019-07-15 17:15:00,15.058823529411764,73.84592308834718,17
2019-07-15 17:30:00,12.176470588235293,73.62008260794664,17
2019-07-15 17:45:00,8.058823529411764,73.28293845837418,17
2019-07-15 18:00:00,3.0588235294117645,73.19018800234208,17
2019-07-15 18:15:00,0.7647058823529411,73.09015350263098,17
2019-07-15 18:30:00,1.6470588235294117,73.10015603626404,17
2019-07-15 18:45:00,4.0,72.86274291263584,17
2019-07-15 19:00:00,5.0588235294117645,72.40486570167907,17
2019-07-15 19:15:00,6.764705882352941,71.97904292806537,17
2019-07-15 19:30:00,7.705882352941177,71.76719550918014,17
2019-07-15 19:45:00,8.764705882352942,71.42095713084393,17
2019-07-15 20:00:00,10.176470588235293,71.13080820035911,17
2019-07-15 20:15:00,12.823529411764707,70.82265735292758,17
2019-07-15 20:30:00,13.058823529411764,70.37336886015548,17
2019-07-15 20:45:00,11.176470588235293,69.89166027604016,17
2019-07-15 21:00:00,9.058823529411764,69.46970301725675,17
2019-07-15 21:15:00,8.470588235294118,69.15073083175118,17
2019-07-15 21:30:00,5.529411764705882,68.67877640441229,17
2019-07-15 21:45:00,4.117647058823529,68.21757904073081,17
2019-07-15 22:00:00,3.8823529411764706,67.99252753149135,17
2019-07-15 22:15:00,3.411764705882353,68.13328251134654,17
2019-07-15 22:30:00,4.823529411764706,68.09240741655191,17
2019-07-15 22:45:00,3.823529411764706,67.9917302040593,17
2019-07-15 23:00:00,3.5294117647058822,67.90422048632011,17
2019-07-15 23:15:00,3.2941176470588234,67.88425629020828,17
2019-07-15 23:30:00,4.588235294117647,68.04695163700383,17
2019-07-15 23:45:00,5.176470588235294,68.06085095690663,17
2019-07-16 00:00:00,5.117647058823529,67.75133991767969,17
2019-07-16 00:15:00,3.8823529411764706,67.50486595275821,17
2019-07-16 00:30:00,4.529411764705882,67.18083873793454,17
2019-07-16 00:45:00,8.058823529411764,67.05473030203233,17
2019-07-16 01:00:00,5.176470588235294,66.98485746435178,17
2019-07-16 01:15:00,2.176470588235294,66.79466107773833,17
2019-07-16 01:30:00,2.0,66.56453533895295,17
2019-07-16 01:45:00,3.7058823529411766,66.37885902007308,17
2019-07-16 02:00:00,5.176470588235294,66.18159943626576,17
2019-07-16 02:15:00,4.823529411764706,65.91476680577405,17
2019-07-16 02:30:00,3.2941176470588234,65.64885383490792,17
2019-07-16 02:45:00,4.823529411764706,65.50454925538382,17
2019-07-16 03:00:00,2.823529411764706,65.19429938070493,17
2019-07-16 03:15:00,3.8823529411764706,65.06524171963643,17
2019-07-16 03:30:00,1.7647058823529411,64.89164127559413,17
2019-07-16 03:45:00,1.411764705882353,64.63750000230954,17
2019-07-16 04:00:00,2.0,64.37177079228255,17
2019-07-16 04:15:00,2.6470588235294117,64.21684956069191,17
2019-07-16 04:30:00,1.1176470588235294,63.977197937941376,17
2019-07-16 04:45:00,2.1176470588235294,63.752818224730525,17
2019-07-16 05:00:00,4.882352941176471,63.57376798331989,17
2019-07-16 05:15:00,7.235294117647059,63.25616240234145,17
2019-07-16 05:30:00,10.0,62.968492133171026,17
2019-07-16 05:45:00,12.647058823529411,63.03141732829104,17
2019-07-16 06:00:00,12.647058823529411,63.193509277395776,17
2019-07-16 06:15:00,9.764705882352942,63.79279297213764,17
2019-07-16 06:30:00,11.588235294117647,64.94107638147072,17
2019-07-16 06:45:00,11.058823529411764,66.11223016623585,17
2019-07-16 07:00:00,9.823529411764707,66.91504143973323,17
2019-07-16 07:15:00,2.588235294117647,67.27292252770496,17
2019-07-16 07:30:00,3.6470588235294117,67.81873919413148,17
2019-07-16 07:45:00,3.3529411764705883,68.2755578575649,17
2019-07-16 08:00:00,5.294117647058823,68.46766421040168,17
2019-07-16 08:15:00,9.882352941176471,69.00879120162692,17
2019-07-16 08:30:00,9.0,69.07995267143023,17
2019-07-16 08:45:00,5.823529411764706,69.26336825015788,17
2019-07-16 09:00:00,9.764705882352942,69.70777499892405,17
2019-07-16 09:15:00,10.294117647058824,69.85033129760322,17
2019-07-16 09:30:00,21.41176470588235,69.40793419454835,17
2019-07-16 09:45:00,42.588235294117645,69.92808425213538,17
2019-07-16 10:00:00,59.76470588235294,70.22545775032948,17
2019-07-16 10:15:00,40.588235294117645,71.05324483012207,17
2019-07-16 10:30:00,25.529411764705884,71.59754654573196,17
2019-07-16 10:45:00,22.88235294117647,72.00204235131157,17
2019-07-16 11:00:00,19.470588235294116,72.39460893774115,17
2019-07-16 11:15:00,42.0,72.63434619750582,17
2019-07-16 11:30:00,27.529411764705884,72.79450740630914,17
2019-07-16 11:45:00,23.647058823529413,72.59222997062234,17
2019-07-16 12:00:00,23.941176470588236,72.12382634467411,17
2019-07-16 12:15:00,21.941176470588236,71.50694999323768,17
2019-07-16 12:30:00,42.0,71.62186045675027,17
2019-07-16 12:45:00,29.11764705882353,72.199427547231,17
2019-07-16 13:00:00,13.705882352941176,72.6654212171161,17
2019-07-16 13:15:00,10.411764705882353,72.82326250778083,17
2019-07-16 13:30:00,17.58823529411765,72.96784025742762,17
2019-07-16 13:45:00,11.470588235294118,73.12978492928416,17
2019-07-16 14:00:00,9.647058823529411,73.91103215811893,17
2019-07-16 14:15:00,7.0,75.29388939741484,17
2019-07-16 14:30:00,2.8823529411764706,75.92829255322832,17
2019-07-16 14:45:00,7.117647058823529,76.68807597850098,17
2019-07-16 15:00:00,12.235294117647058,77.36428910859478,17
2019-07-16 15:15:00,11.176470588235293,78.0317371042131,17
2019-07-16 15:30:00,9.235294117647058,78.1451692121593,17
2019-07-16 15:45:00,11.0,78.09452213059632,17
2019-07-16 16:00:00,9.235294117647058,78.14725337960009,17
2019-07-16 16:15:00,10.176470588235293,78.63171059252795,17
2019-07-16 16:30:00,8.352941176470589,79.33101289058065,17
2019-07-16 16:45:00,11.941176470588236,79.1697632596323,17
2019-07-16 17:00:00,11.941176470588236,78.6229480943936,17
2019-07-16 17:15:00,17.705882352941178,78.38291126303181,17
2019-07-16 17:30:00,16.0,78.2554312822173,17
2019-07-16 17:45:00,11.705882352941176,77.80272239605499,17
2019-07-16 18:00:00,7.0588235294117645,77.61129772340168,17
2019-07-16 18:15:00,3.6470588235294117,77.61081881877146,17
2019-07-16 18:30:00,3.6470588235294117,77.84153343036819,17
2019-07-16 18:45:00,7.117647058823529,78.07734667522956,17
2019-07-16 19:00:00,8.352941176470589,77.86619568465858,17
2019-07-16 19:15:00,10.647058823529411,77.60319175399071,17
2019-07-16 19:30:00,13.529411764705882,77.59067783156478,17
2019-07-16 19:45:00,14.941176470588236,77.54694033862815,17
2019-07-16 20:00:00,15.294117647058824,77.4618221527068,17
2019-07-16 20:15:00,12.294117647058824,77.36642276754672,17
2019-07-16 20:30:00,13.0,77.23327826259668,17
2019-07-16 20:45:00,11.882352941176471,77.0398749873512,17
2019-07-16 21:00:00,16.705882352941178,76.74661830638199,17
2019-07-16 21:15:00,11.294117647058824,76.64157825517971,17
2019-07-16 21:30:00,6.176470588235294,76.48758360564888,17
2019-07-16 21:45:00,7.176470588235294,76.37047297348137,17
2019-07-16 22:00:00,3.823529411764706,76.17015967868967,17
2019-07-16 22:15:00,4.0,75.91198420664175,17
2019-07-16 22:30:00,5.0588235294117645,75.74016167610874,17
2019-07-16 22:45:00,6.294117647058823,75.5173832186163,17
2019-07-16 23:00:00,8.588235294117647,75.4509947578985,17
2019-07-16 23:15:00,6.0,75.25468649156436,17
2019-07-16 23:30:00,3.823529411764706,74.97409125857028,17
2019-07-16 23:45:00,4.0588235294117645,74.72620867080788,17
2019-07-17 00:00:00,4.176470588235294,74.56254097545123,17
2019-07-17 00:15:00,5.0588235294117645,74.57450261206924,17
2019-07-17 00:30:00,5.823529411764706,74.61975515343791,17
2019-07-17 00:45:00,6.0588235294117645,74.46629405860448,17
2019-07-17 01:00:00,4.823529411764706,74.33499684269826,17
2019-07-17 01:15:00,5.705882352941177,74.10716381742891,17
2019-07-17 01:30:00,6.294117647058823,73.88130605947823,17
2019-07-17 01:45:00,4.411764705882353,73.69429714288746,17
2019-07-17 02:00:00,1.7058823529411764,73.56708905436763,17
2019-07-17 02:15:00,1.7647058823529411,73.47306327353841,17
2019-07-17 02:30:00,2.2941176470588234,73.49240816166301,17
2019-07-17 02:45:00,3.764705882352941,73.47811291888499,17
2019-07-17 03:00:00,4.294117647058823,73.53715036756448,17
2019-07-17 03:15:00,3.8823529411764706,73.41099865001044,17
2019-07-17 03:30:00,4.470588235294118,73.2678107208471,17
2019-07-17 03:45:00,7.0588235294117645,73.0929044918275,17
2019-07-17 04:00:00,4.470588235294118,73.05298619255682,17
2019-07-17 04:15:00,1.4705882352941178,73.11116237751736,17
2019-07-17 04:30:00,1.6470588235294117,73.08373850733194,17
2019-07-17 04:45:00,4.117647058823529,73.02675421417435,17
2019-07-17 05:00:00,6.588235294117647,72.90897754259574,17
2019-07-17 05:15:00,9.941176470588236,72.79438445076697,17
2019-07-17 05:30:00,13.647058823529411,72.84158809438534,17
2019-07-17 05:45:00,13.235294117647058,72.86387849151772,17
2019-07-17 06:00:00,12.647058823529411,72.85182687689137,17
2019-07-17 06:15:00,11.117647058823529,72.85279903206845,17
2019-07-17 06:30:00,10.411764705882353,72.8056477143847,17
2019-07-17 06:45:00,7.588235294117647,72.8537820055901,17
2019-07-17 07:00:00,4.705882352941177,72.95223964071715,17
2019-07-17 07:15:00,3.764705882352941,73.02452866345695,17
2019-07-17 07:30:00,5.117647058823529,73.11671858940214,17
2019-07-17 07:45:00,5.647058823529412,73.13136653809538,17
2019-07-17 08:00:00,6.705882352941177,73.2913113338041,17
2019-07-17 08:15:00,7.882352941176471,73.5610329642176,17
2019-07-17 08:30:00,8.823529411764707,73.82368836927317,17
2019-07-17 08:45:00,7.647058823529412,73.80522001241386,17
2019-07-17 09:00:00,3.764705882352941,73.8682266362479,17
2019-07-17 09:15:00,9.882352941176471,74.03663639731587,17
2019-07-17 09:30:00,19.470588235294116,74.33071503470559,17
2019-07-17 09:45:00,33.470588235294116,74.69548799897468,17
2019-07-17 10:00:00,45.529411764705884,75.05031764281365,17
2019-07-17 10:15:00,40.294117647058826,75.81351541549623,17
2019-07-17 10:30:00,39.76470588235294,76.32034611233259,17
2019-07-17 10:45:00,24.941176470588236,76.73896511141805,17
2019-07-17 11:00:00,29.235294117647058,76.29297143532317,17
2019-07-17 11:15:00,27.941176470588236,75.85621484513831,17
2019-07-17 11:30:00,49.8235294117647,75.45811066440025,17
2019-07-17 11:45:00,29.352941176470587,75.55912332235671,17
2019-07-17 12:00:00,24.352941176470587,75.91828646614296,17
2019-07-17 12:15:00,18.647058823529413,76.6438511567173,17
2019-07-17 12:30:00,16.294117647058822,76.37381739033447,17
2019-07-17 12:45:00,45.529411764705884,76.83069218795356,17
2019-07-17 13:00:00,20.88235294117647,77.20857002981364,17
2019-07-17 13:15:00,10.529411764705882,77.52733961015788,17
2019-07-17 13:30:00,8.117647058823529,77.94696124302335,17
2019-07-17 13:45:00,7.529411764705882,78.24291483940631,17
2019-07-17 14:00:00,3.7058823529411766,78.46602564950433,17
2019-07-17 14:15:00,5.529411764705882,77.65605922527146,17
2019-07-17 14:30:00,2.764705882352941,74.64230780499851,17
2019-07-17 14:45:00,2.8823529411764706,74.23559129354558,17
2019-07-17 15:00:00,8.764705882352942,74.46404842294699,17
2019-07-17 15:15:00,14.058823529411764,74.69997554714887,17
2019-07-17 15:30:00,10.176470588235293,75.15972239292321,17
2019-07-17 15:45:00,6.823529411764706,75.12809093880928,17
2019-07-17 16:00:00,7.117647058823529,75.43775887585464,17
2019-07-17 16:15:00,9.235294117647058,75.85922207049299,17
2019-07-17 16:30:00,9.176470588235293,75.87507966471664,17
2019-07-17 16:45:00,12.294117647058824,75.92541382734397,17
2019-07-17 17:00:00,15.352941176470589,76.05213529442145,17
2019-07-17 17:15:00,16.529411764705884,76.01122619907706,17
2019-07-17 17:30:00,12.352941176470589,77.1420203488412,17
2019-07-17 17:45:00,7.0,77.00393767178302,17
2019-07-17 18:00:00,3.2941176470588234,76.4807650993421,17
2019-07-17 18:15:00,3.823529411764706,76.08288549567438,17
2019-07-17 18:30:00,7.411764705882353,76.15048997050096,17
2019-07-17 18:45:00,6.764705882352941,76.22228005706766,17
2019-07-17 19:00:00,10.823529411764707,76.25218481667876,17
2019-07-17 19:15:00,9.294117647058824,76.07220592647768,17
2019-07-17 19:30:00,12.529411764705882,75.47314142292156,17
2019-07-17 19:45:00,13.0,74.78585521677583,17
2019-07-17 20:00:00,12.823529411764707,73.83897626268866,17
2019-07-17 20:15:00,9.823529411764707,73.14194566712771,17
2019-07-17 20:30:00,10.941176470588236,72.94945420570637,17
2019-07-17 20:45:00,7.176470588235294,72.07394639701063,17
2019-07-17 21:00:00,9.941176470588236,71.53862530898618,17
2019-07-17 21:15:00,6.647058823529412,70.77213433101328,17
2019-07-17 21:30:00,8.058823529411764,70.62916679580347,17
2019-07-17 21:45:00,6.0588235294117645,70.39243347508899,17
2019-07-17 22:00:00,5.235294117647059,70.18284889527003,17
2019-07-17 22:15:00,5.176470588235294,69.65846694222799,17
2019-07-17 22:30:00,6.9411764705882355,68.64302899764145,17
2019-07-17 22:45:00,7.882352941176471,68.06289068848098,17
2019-07-17 23:00:00,5.176470588235294,67.39897994554188,17
2019-07-17 23:15:00,1.1764705882352942,66.98878308556024,17
2019-07-17 23:30:00,3.4705882352941178,66.77627058418167,17
2019-07-17 23:45:00,4.823529411764706,66.00122655588434,17
2019-07-18 00:00:00,6.0,65.83891533176669,17
2019-07-18 00:15:00,6.823529411764706,65.80053879133453,17
2019-07-18 00:30:00,4.823529411764706,65.22910630670536,17
2019-07-18 00:45:00,3.0588235294117645,64.89501976406767,17
2019-07-18 01:00:00,4.470588235294118,64.62075063508873,17
2019-07-18 01:15:00,4.9411764705882355,64.74833182296298,17
2019-07-18 01:30:00,5.882352941176471,64.6907114381594,17
2019-07-18 01:45:00,3.764705882352941,64.4191721430368,17
2019-07-18 02:00:00,1.6470588235294117,64.36531465681692,17
2019-07-18 02:15:00,2.0,64.20449718852608,17
2019-07-18 02:30:00,4.411764705882353,64.17968485709271,17
2019-07-18 02:45:00,5.705882352941177,64.00904694983087,17
2019-07-18 03:00:00,1.9411764705882353,63.81310951101478,17
2019-07-18 03:15:00,0.8235294117647058,63.73224086481904,17
2019-07-18 03:30:00,2.1176470588235294,63.7493158996044,17
2019-07-18 03:45:00,1.9411764705882353,63.83922737725757,17
2019-07-18 04:00:00,2.4705882352941178,63.87698726027062,17
2019-07-18 04:15:00,3.1176470588235294,63.67375111939851,17
2019-07-18 04:30:00,1.8823529411764706,63.48152599550955,17
2019-07-18 04:45:00,2.411764705882353,63.24021864723854,17
2019-07-18 05:00:00,2.411764705882353,62.92271762453686,17
2019-07-18 05:15:00,8.294117647058824,62.0184908053954,17
2019-07-18 05:30:00,12.176470588235293,61.2727183254102,17
2019-07-18 05:45:00,13.882352941176471,61.035999539444454,17
2019-07-18 06:00:00,10.117647058823529,61.135043254223355,17
2019-07-18 06:15:00,9.470588235294118,61.33869663439051,17
2019-07-18 06:30:00,10.352941176470589,61.614646914243984,17
2019-07-18 06:45:00,12.588235294117647,62.09353799052317,17
2019-07-18 07:00:00,6.764705882352941,62.44711943975361,17
2019-07-18 07:15:00,2.5294117647058822,62.80815923569374,17
2019-07-18 07:30:00,1.8823529411764706,63.20428433233645,17
2019-07-18 07:45:00,1.6470588235294117,63.61637721490135,17
2019-07-18 08:00:00,0.8823529411764706,64.1338387794706,17
2019-07-18 08:15:00,4.176470588235294,64.84887469661605,17
2019-07-18 08:30:00,5.470588235294118,65.45258297188265,17
2019-07-18 08:45:00,5.9411764705882355,65.7903374583182,17
2019-07-18 09:00:00,6.9411764705882355,66.06582974331309,17
2019-07-18 09:15:00,11.647058823529411,66.40858658454133,17
2019-07-18 09:30:00,19.352941176470587,67.1209866503923,17
2019-07-18 09:45:00,37.11764705882353,68.09237849195769,17
2019-07-18 10:00:00,42.94117647058823,68.22566377398819,17
2019-07-18 10:15:00,45.23529411764706,68.91180628965613,17
2019-07-18 10:30:00,31.11764705882353,69.22245200436895,17
2019-07-18 10:45:00,31.235294117647058,69.20047451762163,17
2019-07-18 11:00:00,30.11764705882353,69.4568805354508,17
2019-07-18 11:15:00,29.470588235294116,70.06926734702365,17
2019-07-18 11:30:00,38.588235294117645,70.51649295282985,17
2019-07-18 11:45:00,27.941176470588236,70.9930295568335,17
2019-07-18 12:00:00,21.764705882352942,71.1920354436958,17
2019-07-18 12:15:00,11.705882352941176,70.98448526886767,17
2019-07-18 12:30:00,21.470588235294116,70.7719567117304,17
2019-07-18 12:45:00,36.11764705882353,70.84994627087472,17
2019-07-18 13:00:00,18.88235294117647,71.02634819937482,17
2019-07-18 13:15:00,11.588235294117647,71.31419222390615,17
2019-07-18 13:30:00,9.235294117647058,71.49170199629985,17
2019-07-18 13:45:00,5.352941176470588,71.64910669909574,17
2019-07-18 14:00:00,5.470588235294118,71.63730682411158,17
2019-07-18 14:15:00,8.705882352941176,72.1348291614624,17
2019-07-18 14:30:00,8.882352941176471,72.45751710746198,17
2019-07-18 14:45:00,6.3125,72.38645501504165,16
2019-07-18 15:00:00,12.75,72.5789160314116,16
2019-07-18 15:15:00,8.25,72.74962817700317,16
2019-07-18 15:30:00,10.75,73.03071705972592,16
2019-07-18 15:45:00,5.1875,73.06569190028864,16
2019-07-18 16:00:00,6.9375,73.22397205775788,16
2019-07-18 16:15:00,6.9375,72.96692583609071,16
2019-07-18 16:30:00,3.4375,73.15958597282957,16
2019-07-18 16:45:00,7.5,73.35288511238292,16
2019-07-18 17:00:00,13.1875,73.69396136849497,16
2019-07-18 17:15:00,19.0,73.41230103294724,16
2019-07-18 17:30:00,17.625,73.61692344551135,16
2019-07-18 17:45:00,11.9375,73.607285836867,16
2019-07-18 18:00:00,5.5,73.26670191498322,16
2019-07-18 18:15:00,2.875,73.33436628334384,16
2019-07-18 18:30:00,5.0,73.33064573569278,16
2019-07-18 18:45:00,3.25,73.04575744664123,16
2019-07-18 19:00:00,5.5625,73.05010376537408,16
2019-07-18 19:15:00,7.0625,72.75059800581242,16
2019-07-18 19:30:00,9.875,72.63375500435332,16
2019-07-18 19:45:00,12.9375,72.20587572434104,16
2019-07-18 20:00:00,16.1875,71.76237948189187,16
2019-07-18 20:15:00,16.6875,71.23847886377949,16
2019-07-18 20:30:00,15.0625,70.49674385174741,16
2019-07-18 20:45:00,17.5625,69.77350974288069,16
2019-07-18 21:00:00,11.6875,69.3868416062126,16
2019-07-18 21:15:00,7.9375,69.03640576172211,16
2019-07-18 21:30:00,3.375,68.48848885571125,16
2019-07-18 21:45:00,1.8125,68.27613223116224,16
2019-07-18 22:00:00,3.6875,68.1540102597666,16
2019-07-18 22:15:00,5.8125,68.2365931473825,16
2019-07-18 22:30:00,7.6875,68.03786177804336,16
2019-07-18 22:45:00,9.5625,68.21677551263029,16
2019-07-18 23:00:00,6.9375,68.66468137998606,16
2019-07-18 23:15:00,8.125,68.37507091535393,16
2019-07-18 23:30:00,4.9375,67.8737539957694,16
2019-07-18 23:45:00,3.625,67.58380417018289,16
2019-07-19 00:00:00,4.125,67.37815881013715,16
2019-07-19 00:15:00,4.3125,67.08241394087797,16
2019-07-19 00:30:00,3.8125,66.7338715992267,16
2019-07-19 00:45:00,2.125,66.53732636336609,16
2019-07-19 01:00:00,2.625,66.16611257999227,16
2019-07-19 01:15:00,4.125,65.86970485110645,16
2019-07-19 01:30:00,6.6875,65.65155269438216,16
2019-07-19 01:45:00,5.4375,65.61226319181335,16
2019-07-19 02:00:00,4.1875,65.60657063489985,16
2019-07-19 02:15:00,1.875,65.36951956378171,16
2019-07-19 02:30:00,4.9375,65.5001174677971,16
2019-07-19 02:45:00,6.4375,65.58682793132249,16
2019-07-19 03:00:00,7.625,65.54112396724058,16
2019-07-19 03:15:00,9.75,65.58667993423154,16
2019-07-19 03:30:00,5.5625,65.38040197974968,16
2019-07-19 03:45:00,2.0,65.358588240007,16
2019-07-19 04:00:00,4.75,65.4842761323924,16
2019-07-19 04:15:00,6.4375,65.9119464136126,16
2019-07-19 04:30:00,8.625,66.07974293932794,16
2019-07-19 04:45:00,6.625,66.49444035751486,16
2019-07-19 05:00:00,6.375,67.18627596061354,16
2019-07-19 05:15:00,14.625,67.7056652616577,16
2019-07-19 05:30:00,18.5,68.00685172457997,16
2019-07-19 05:45:00,18.75,68.05063725660922,16
2019-07-19 06:00:00,14.375,68.26434586212747,16
2019-07-19 06:15:00,14.125,68.66018545120089,16
2019-07-19 06:30:00,16.6875,68.8783430787248,16
2019-07-19 06:45:00,13.875,69.5729124550406,16
2019-07-19 07:00:00,15.4375,70.0364496590371,16
2019-07-19 07:15:00,8.0,70.44877106299056,16
2019-07-19 07:30:00,5.3125,71.01636822434365,16
2019-07-19 07:45:00,4.875,71.7620995368071,16
2019-07-19 08:00:00,8.8125,72.42734084171984,16
2019-07-19 08:15:00,11.4375,72.88155372707968,16
2019-07-19 08:30:00,14.9375,73.31420672862335,16
2019-07-19 08:45:00,12.8125,74.22224217373837,16
2019-07-19 09:00:00,14.75,74.50326045954428,16
2019-07-19 09:15:00,15.9375,75.0186559326052,16
2019-07-19 09:30:00,39.125,75.50985264652809,16
2019-07-19 09:45:00,51.8125,75.97248072353749,16
2019-07-19 10:00:00,61.9375,76.58541494167913,16
2019-07-19 10:15:00,74.6875,77.57656445578714,16
2019-07-19 10:30:00,49.1875,78.11938769294795,16
2019-07-19 10:45:00,43.8125,78.39999996341504,16
2019-07-19 11:00:00,29.5625,78.23262211754313,16
2019-07-19 11:15:00,53.9375,78.25131501015262,16
2019-07-19 11:30:00,50.1875,79.2985309524649,16
2019-07-19 11:45:00,29.9375,79.85784986203673,16
2019-07-19 12:00:00,28.125,79.54627822332235,16
2019-07-19 12:15:00,30.6875,80.05496862100867,16
2019-07-19 12:30:00,29.5625,80.05875873338023,16
2019-07-19 12:45:00,46.9375,80.17062249998553,16
2019-07-19 13:00:00,17.3125,80.82189784893215,16
2019-07-19 13:15:00,12.5,80.89619239236279,16
2019-07-19 13:30:00,6.25,81.00174293044584,16
2019-07-19 13:45:00,5.5625,81.50787731514008,16
2019-07-19 14:00:00,8.5,81.7070213058404,16
2019-07-19 14:15:00,12.25,81.50527352579246,16
2019-07-19 14:30:00,9.9375,81.62591595025832,16
2019-07-19 14:45:00,10.625,81.63925155636727,16
2019-07-19 15:00:00,7.8125,82.36393438107721,16
2019-07-19 15:15:00,7.0625,82.15897672374649,16
2019-07-19 15:30:00,12.75,82.20008800276092,16
2019-07-19 15:45:00,16.3125,82.16093297855808,16
2019-07-19 16:00:00,12.875,81.8665868494959,16
2019-07-19 16:15:00,11.9375,81.49772163222492,16
2019-07-19 16:30:00,6.25,81.75861333452904,16
2019-07-19 16:45:00,9.125,81.85153443895365,16
2019-07-19 17:00:00,16.625,81.97741223941972,16
2019-07-19 17:15:00,17.0,81.76950480439636,16
2019-07-19 17:30:00,15.5625,81.7426506339602,16
2019-07-19 17:45:00,13.875,81.53884389959579,16
2019-07-19 18:00:00,9.0625,81.51449163968601,16
2019-07-19 18:15:00,6.625,81.3264934113059,16
2019-07-19 18:30:00,10.5625,81.13777336997504,16
2019-07-19 18:45:00,16.4375,80.96480409201736,16
2019-07-19 19:00:00,14.8125,80.85805719403452,16
2019-07-19 19:15:00,12.875,80.49683142649303,16
2019-07-19 19:30:00,12.625,80.12344650671567,16
2019-07-19 19:45:00,11.625,79.86642845301954,16
2019-07-19 20:00:00,10.1875,79.69435781930316,16
2019-07-19 20:15:00,12.9375,79.44812533022129,16
2019-07-19 20:30:00,11.9375,79.02254323572265,16
2019-07-19 20:45:00,12.5625,78.8159536630263,16
2019-07-19 21:00:00,14.25,78.69287140302522,16
2019-07-19 21:15:00,9.9375,78.59019950820561,16
2019-07-19 21:30:00,10.375,78.45914930305678,16
2019-07-19 21:45:00,9.875,78.35783321294309,16
2019-07-19 22:00:00,6.125,78.25419790173386,16
2019-07-19 22:15:00,5.75,78.12720053818258,16
2019-07-19 22:30:00,7.375,77.99054267524504,16
2019-07-19 22:45:00,5.25,77.83166389499499,16
2019-07-19 23:00:00,6.5625,77.6665044784096,16
2019-07-19 23:15:00,9.8125,77.48303070042239,16
2019-07-19 23:30:00,7.625,77.33052953272107,16
2019-07-19 23:45:00,3.8125,77.15694890165913,16
2019-07-20 00:00:00,6.875,77.06154492840733,16
2019-07-20 00:15:00,8.6875,76.85778808710508,16
2019-07-20 00:30:00,9.4375,76.67433720998422,16
2019-07-20 00:45:00,5.4375,76.406626077231,16
2019-07-20 01:00:00,2.875,76.13987291221109,16
2019-07-20 01:15:00,3.0,75.94736053439352,16
2019-07-20 01:30:00,6.1875,75.69590671113762,16
2019-07-20 01:45:00,2.875,75.43499358176332,16
2019-07-20 02:00:00,5.0625,75.21445008502316,16
2019-07-20 02:15:00,4.6875,74.78685635602587,16
2019-07-20 02:30:00,6.25,74.2997534119548,16
2019-07-20 02:45:00,5.0,73.8973377047077,16
2019-07-20 03:00:00,4.1875,73.67431907066708,16
2019-07-20 03:15:00,3.3125,73.60528794810425,16
2019-07-20 03:30:00,4.5625,73.53787743811093,16
2019-07-20 03:45:00,2.9375,73.49018726576544,16
2019-07-20 04:00:00,6.3125,73.39522072579366,16
2019-07-20 04:15:00,6.3125,73.33238571739531,16
2019-07-20 04:30:00,3.625,73.16768528258079,16
2019-07-20 04:45:00,5.125,72.9127743265747,16
2019-07-20 05:00:00,8.375,72.56973679126078,16
2019-07-20 05:15:00,11.875,72.36780386014622,16
2019-07-20 05:30:00,18.0,72.24228458462353,16
2019-07-20 05:45:00,9.4375,72.21627329112106,16
2019-07-20 06:00:00,6.875,72.31556878227038,16
2019-07-20 06:15:00,13.4375,72.44348663717632,16
2019-07-20 06:30:00,17.375,72.624685693925,16
2019-07-20 06:45:00,17.1875,72.8495243445744,16
2019-07-20 07:00:00,13.3125,73.1812724157666,16
2019-07-20 07:15:00,11.875,73.53547037914167,16
2019-07-20 07:30:00,5.9375,73.80027972468089,16
2019-07-20 07:45:00,4.0625,74.04589630819333,16
2019-07-20 08:00:00,4.6875,74.7095206264776,16
2019-07-20 08:15:00,5.6875,75.38874267437704,16
2019-07-20 08:30:00,6.9375,75.72621817546788,16
2019-07-20 08:45:00,4.375,76.38376536328896,16
2019-07-20 09:00:00,3.1875,76.81976754541247,16
2019-07-20 09:15:00,5.0,77.3295441959181,16
2019-07-20 09:30:00,11.75,77.80610486128397,16
2019-07-20 09:45:00,10.25,78.272579126674,16
2019-07-20 10:00:00,13.0625,77.99795581462297,16
2019-07-20 10:15:00,13.5,78.56812985361509,16
2019-07-20 10:30:00,14.25,78.93592716338824,16
2019-07-20 10:45:00,13.5,79.34727425517514,16
2019-07-20 11:00:00,14.0,79.86107931607656,16
2019-07-20 11:15:00,11.125,80.23908361710842,16
2019-07-20 11:30:00,6.375,80.63491296495879,16
2019-07-20 11:45:00,7.6875,80.52731596242083,16
2019-07-20 12:00:00,10.0625,80.56614188038772,16
2019-07-20 12:15:00,8.25,80.9856297723359,16
2019-07-20 12:30:00,8.0625,80.94608692584018,16
2019-07-20 12:45:00,9.6875,80.70340530106051,16
2019-07-20 13:00:00,10.125,80.98828339833015,16
2019-07-20 13:15:00,12.375,80.8498512597147,16
2019-07-20 13:30:00,11.25,81.27112804372119,16
2019-07-20 13:45:00,11.25,81.4282719533975,16
2019-07-20 14:00:00,10.875,82.03586756142606,16
2019-07-20 14:15:00,13.3125,82.17120029296744,16
2019-07-20 14:30:00,9.375,82.0437972922444,16
2019-07-20 14:45:00,8.625,82.12465484816813,16
2019-07-20 15:00:00,8.625,82.6036525182111,16
2019-07-20 15:15:00,12.625,83.09711290689533,16
2019-07-20 15:30:00,16.0625,83.26564579738118,16
2019-07-20 15:45:00,13.1875,83.75616869002873,16
2019-07-20 16:00:00,10.625,83.91629777234317,16
2019-07-20 16:15:00,11.0625,83.13408069304023,16
2019-07-20 16:30:00,11.5625,82.68128854493783,16
2019-07-20 16:45:00,13.0,82.14146523778281,16
2019-07-20 17:00:00,16.625,81.77700263860837,16
2019-07-20 17:15:00,19.875,81.51227920685702,16
2019-07-20 17:30:00,15.8125,81.47287166194944,16
2019-07-20 17:45:00,12.8125,80.99677976752386,16
2019-07-20 18:00:00,11.5,77.6898913585455,16
2019-07-20 18:15:00,7.4375,76.09154738225362,16
2019-07-20 18:30:00,10.125,76.25810528517277,16
2019-07-20 18:45:00,11.125,76.37186195665346,16
2019-07-20 19:00:00,14.5,75.74409213159663,16
2019-07-20 19:15:00,14.125,75.44626553457452,16
2019-07-20 19:30:00,16.5625,75.6692387160149,16
2019-07-20 19:45:00,13.4375,75.53028182391817,16
2019-07-20 20:00:00,15.0625,75.21016705334335,16
2019-07-20 20:15:00,18.5625,74.96866054713111,16
2019-07-20 20:30:00,12.4375,74.5442315182495,16
2019-07-20 20:45:00,9.0625,74.51186865112915,16
2019-07-20 21:00:00,11.25,74.34169680024817,16
2019-07-20 21:15:00,9.0625,74.05622137104397,16
2019-07-20 21:30:00,4.75,73.92750822120311,16
2019-07-20 21:45:00,4.625,73.69542499594502,16
2019-07-20 22:00:00,6.875,73.63709994569443,16
2019-07-20 22:15:00,12.3125,73.76560916143814,16
2019-07-20 22:30:00,6.6875,73.64224499492893,16
2019-07-20 22:45:00,7.6875,73.5008415714461,16
2019-07-20 23:00:00,6.3125,73.31696009785139,16
2019-07-20 23:15:00,5.125,73.20412455335465,16
2019-07-20 23:30:00,4.0,73.08450488856494,16
2019-07-20 23:45:00,9.0625,73.47710635203912,16
2019-07-21 00:00:00,7.1875,73.68746250593094,16
2019-07-21 00:15:00,6.8125,74.09022029944272,16
2019-07-21 00:30:00,6.875,74.49713424962668,16
2019-07-21 00:45:00,6.25,74.58647226328169,16
2019-07-21 01:00:00,5.3125,74.3738082645592,16
2019-07-21 01:15:00,4.5,74.77292173044133,16
2019-07-21 01:30:00,7.5625,75.14057857378405,16
2019-07-21 01:45:00,5.25,75.33168875854452,16
2019-07-21 02:00:00,3.1875,75.51246392976203,16
2019-07-21 02:15:00,7.125,75.63676748768269,16
2019-07-21 02:30:00,7.375,75.79756858530028,16
2019-07-21 02:45:00,3.625,75.92356468297278,16
2019-07-21 03:00:00,2.625,75.92523896622963,16
2019-07-21 03:15:00,0.8125,75.84655507078917,16
2019-07-21 03:30:00,2.125,75.68033123746308,16
2019-07-21 03:45:00,2.4375,75.51684920048517,16
2019-07-21 04:00:00,2.8125,75.36984339342195,16
2019-07-21 04:15:00,8.4375,75.20863748707397,16
2019-07-21 04:30:00,6.1875,75.22052576539555,16
2019-07-21 04:45:00,7.25,75.17500406806579,16
2019-07-21 05:00:00,9.8125,75.02277989998088,16
2019-07-21 05:15:00,9.0,74.91279289380049,16
2019-07-21 05:30:00,10.5625,74.74673596837418,16
2019-07-21 05:45:00,15.0,74.58474659091036,16
2019-07-21 06:00:00,15.375,74.42130838515787,16
2019-07-21 06:15:00,12.75,74.23031625499917,16
2019-07-21 06:30:00,12.875,74.08570033394254,16
2019-07-21 06:45:00,15.3125,73.96129942245614,16
2019-07-21 07:00:00,14.75,73.85504968817888,16
2019-07-21 07:15:00,11.125,73.71330181440493,16
2019-07-21 07:30:00,4.75,73.40961172185662,16
2019-07-21 07:45:00,4.125,73.41743956127823,16
2019-07-21 08:00:00,3.6875,73.78093109240639,16
2019-07-21 08:15:00,6.375,73.98852043274165,16
2019-07-21 08:30:00,3.9375,74.1698512835945,16
2019-07-21 08:45:00,7.75,74.23012023361403,16
2019-07-21 09:00:00,8.625,74.21810688095522,16
2019-07-21 09:15:00,10.25,74.74515631467992,16
2019-07-21 09:30:00,9.5,74.96769241835995,16
2019-07-21 09:45:00,9.625,75.33055474078252,16
2019-07-21 10:00:00,12.625,75.63454759616872,16
2019-07-21 10:15:00,14.3125,76.00396932603111,16
2019-07-21 10:30:00,13.6875,76.53631928809206,16
2019-07-21 10:45:00,12.25,77.3541730158983,16
2019-07-21 11:00:00,9.25,77.35540548621746,16
2019-07-21 11:15:00,5.75,77.46165292888817,16
2019-07-21 11:30:00,5.8125,77.6816136882122,16
2019-07-21 11:45:00,8.9375,77.75076692972398,16
2019-07-21 12:00:00,12.3125,77.49007584653403,16
2019-07-21 12:15:00,11.75,77.51078048519145,16
2019-07-21 12:30:00,14.0625,77.07943046238928,16
2019-07-21 12:45:00,10.875,76.80253793499152,16
2019-07-21 13:00:00,10.6875,77.19723100816834,16
2019-07-21 13:15:00,7.25,76.79674274815618,16
2019-07-21 13:30:00,4.75,76.86075524810786,16
2019-07-21 13:45:00,6.25,76.88660782104382,16
2019-07-21 14:00:00,10.5625,77.37251965512685,16
2019-07-21 14:15:00,7.75,76.67474322359807,16
2019-07-21 14:30:00,8.875,76.64971857023573,16
2019-07-21 14:45:00,8.25,76.7363583269933,16
2019-07-21 15:00:00,9.0625,76.66384241920598,16
2019-07-21 15:15:00,10.75,76.77587283665576,16
2019-07-21 15:30:00,9.625,76.9657779437115,16
2019-07-21 15:45:00,14.625,77.28898093373932,16
2019-07-21 16:00:00,15.0625,76.7643598502835,16
2019-07-21 16:15:00,14.25,76.51432264822411,16
2019-07-21 16:30:00,9.875,76.69935509841821,16
2019-07-21 16:45:00,5.5,76.84903307855889,16
2019-07-21 17:00:00,14.125,76.4401506317019,16
2019-07-21 17:15:00,19.75,76.76926335656677,16
2019-07-21 17:30:00,15.5,75.73395386578073,16
2019-07-21 17:45:00,9.5,75.52679876827749,16
2019-07-21 18:00:00,5.6875,75.8827319482726,16
2019-07-21 18:15:00,5.625,75.26999124375861,16
2019-07-21 18:30:00,9.9375,75.27611873098098,16
2019-07-21 18:45:00,11.5,75.16868271898775,16
2019-07-21 19:00:00,15.0,74.33834719014102,16
2019-07-21 19:15:00,14.875,73.88234664079121,16
2019-07-21 19:30:00,8.625,73.7510850851153,16
2019-07-21 19:45:00,11.125,73.62671541483925,16
2019-07-21 20:00:00,11.6875,73.28975593018006,16
2019-07-21 20:15:00,19.3125,72.80078040277789,16
2019-07-21 20:30:00,22.125,72.20576661334006,16
2019-07-21 20:45:00,14.875,71.74173721769357,16
2019-07-21 21:00:00,9.375,71.44452215845935,16
2019-07-21 21:15:00,3.6875,71.06754880002184,16
2019-07-21 21:30:00,5.375,70.70610197784983,16
2019-07-21 21:45:00,7.125,70.51878838547348,16
2019-07-21 22:00:00,12.9375,70.32696546347609,16
2019-07-21 22:15:00,7.25,70.23974450268726,16
2019-07-21 22:30:00,3.875,70.06705078739756,16
2019-07-21 22:45:00,5.8125,69.91493956732383,16
2019-07-21 23:00:00,10.25,69.47913222912833,16
2019-07-21 23:15:00,8.75,69.18339278791798,16
2019-07-21 23:30:00,7.3125,69.11282319571708,16
2019-07-21 23:45:00,6.375,68.89102032841542,16
2019-07-22 00:00:00,2.5625,68.56550739091911,16
2019-07-22 00:15:00,4.9375,68.40391640357421,16
2019-07-22 00:30:00,4.5,67.97341845090261,16
2019-07-22 00:45:00,5.1875,67.57832622979508,16
2019-07-22 01:00:00,4.75,67.20029182297323,16
2019-07-22 01:15:00,2.375,66.83603297383125,16
2019-07-22 01:30:00,2.125,66.42472612003486,16
2019-07-22 01:45:00,2.4375,66.04514294301684,16
2019-07-22 02:00:00,1.9375,65.71269657290291,16
2019-07-22 02:15:00,1.75,65.65637110371145,16
2019-07-22 02:30:00,2.625,65.5037194875595,16
2019-07-22 02:45:00,2.5625,65.19631119198927,16
2019-07-22 03:00:00,3.75,65.02338383164793,16
2019-07-22 03:15:00,3.25,64.42052851505433,16
2019-07-22 03:30:00,1.4375,63.66819258724769,16
2019-07-22 03:45:00,2.9375,63.48275477860174,16
2019-07-22 04:00:00,2.4375,62.77445410962607,16
2019-07-22 04:15:00,1.4375,62.12127526589075,16
2019-07-22 04:30:00,1.375,62.27225212813311,16
2019-07-22 04:45:00,3.0625,61.6004307975428,16
2019-07-22 05:00:00,4.125,61.40200500654729,16
2019-07-22 05:15:00,7.5625,61.647302877753866,16
2019-07-22 05:30:00,13.3125,62.15907378921896,16
2019-07-22 05:45:00,13.75,62.076359704379975,16
2019-07-22 06:00:00,13.625,62.12759463037795,16
2019-07-22 06:15:00,13.75,63.05868979507616,16
2019-07-22 06:30:00,12.5,63.90273497397268,16
2019-07-22 06:45:00,11.0625,64.13884490571115,16
2019-07-22 07:00:00,11.125,64.54184795196954,16
2019-07-22 07:15:00,10.375,64.8493392806834,16
2019-07-22 07:30:00,10.6875,64.91915582032343,16
2019-07-22 07:45:00,6.375,65.09524094090379,16
2019-07-22 08:00:00,3.625,65.3312215532525,16
2019-07-22 08:15:00,3.875,65.42530838615696,16
2019-07-22 08:30:00,4.375,65.3999337404595,16
2019-07-22 08:45:00,11.125,65.56045428540837,16
2019-07-22 09:00:00,19.625,65.6402289832749,16
2019-07-22 09:15:00,11.9375,66.01910201288888,16
2019-07-22 09:30:00,13.625,66.1545263052955,16
2019-07-22 09:45:00,39.4375,65.85504475053075,16
2019-07-22 10:00:00,37.3125,65.84147327555058,16
2019-07-22 10:15:00,45.9375,65.83340396652754,16
2019-07-22 10:30:00,41.625,65.60680729692164,16
2019-07-22 10:45:00,34.375,65.77332415861271,16
2019-07-22 11:00:00,28.9375,66.22575260797304,16
2019-07-22 11:15:00,32.6875,66.59380404592686,16
2019-07-22 11:30:00,43.625,66.85867875745703,16
2019-07-22 11:45:00,24.6875,67.54150035274635,16
2019-07-22 12:00:00,20.5,67.68934776821152,16
2019-07-22 12:15:00,17.125,67.69215906978677,16
2019-07-22 12:30:00,21.5625,67.66435483542851,16
2019-07-22 12:45:00,31.375,67.64802460576736,16
2019-07-22 13:00:00,14.6875,67.58523281595016,16
2019-07-22 13:15:00,9.375,67.44988895703685,16
2019-07-22 13:30:00,6.3125,67.58825942817361,16
2019-07-22 13:45:00,3.375,67.62054211368336,16
2019-07-22 14:00:00,1.25,67.89021883997745,16
2019-07-22 14:15:00,3.4375,68.44785660230148,16
2019-07-22 14:30:00,4.8125,68.91942660418862,16
2019-07-22 14:45:00,5.0625,68.65265115146897,16
2019-07-22 15:00:00,8.375,68.82883681246092,16
2019-07-22 15:15:00,12.1875,68.77244675530353,16
2019-07-22 15:30:00,12.25,68.97403335593891,16
2019-07-22 15:45:00,12.4375,69.13547389417471,16
2019-07-22 16:00:00,15.125,68.60931712065386,16
2019-07-22 16:15:00,6.5,68.19730141694627,16
2019-07-22 16:30:00,5.375,68.19142988516413,16
2019-07-22 16:45:00,9.625,68.1251980629143,16
2019-07-22 17:00:00,21.5625,68.10041110276819,16
2019-07-22 17:15:00,22.4375,68.24002741327199,16
2019-07-22 17:30:00,10.375,68.38576533951094,16
2019-07-22 17:45:00,6.4375,68.53301742347367,16
2019-07-22 18:00:00,3.625,68.39489097850955,16
2019-07-22 18:15:00,2.75,68.60262614603884,16
2019-07-22 18:30:00,10.625,68.87755539748119,16
2019-07-22 18:45:00,7.4375,68.68264560401543,16
2019-07-22 19:00:00,9.625,68.31017010625398,16
2019-07-22 19:15:00,10.5625,68.26681239922961,16
2019-07-22 19:30:00,7.8125,68.30831998856193,16
2019-07-22 19:45:00,8.5,68.08890358759832,16
2019-07-22 20:00:00,11.5,67.82598617518298,16
2019-07-22 20:15:00,15.9375,67.15569231167818,16
2019-07-22 20:30:00,12.6875,66.56322227233882,16
2019-07-22 20:45:00,10.3125,66.27997200179504,16
2019-07-22 21:00:00,7.0625,66.00901833952274,16
2019-07-22 21:15:00,6.0,65.42662008748506,16
2019-07-22 21:30:00,3.5,64.55654358401809,16
2019-07-22 21:45:00,2.75,63.815105199244975,16
2019-07-22 22:00:00,3.875,63.289631865225736,16
2019-07-22 22:15:00,2.625,62.658074229530904,16
2019-07-22 22:30:00,7.1875,62.79525241600112,16
2019-07-22 22:45:00,6.9375,62.332837756452214,16
2019-07-22 23:00:00,6.9375,61.9176374373011,16
2019-07-22 23:15:00,5.3125,61.738961251648526,16
2019-07-22 23:30:00,2.25,62.075356840129814,16
2019-07-22 23:45:00,3.8125,62.51235416919443,16
2019-07-23 00:00:00,4.4375,62.465881441384,16
2019-07-23 00:15:00,2.1875,62.72602549545297,16
2019-07-23 00:30:00,3.9375,62.5408832734924,16
2019-07-23 00:45:00,5.875,62.51246657209662,16
2019-07-23 01:00:00,4.25,62.47881285167879,16
2019-07-23 01:15:00,2.3125,62.16432267297153,16
2019-07-23 01:30:00,3.9375,62.06209537199292,16
2019-07-23 01:45:00,8.6875,61.57572079445064,16
2019-07-23 02:00:00,6.6875,61.512921219313625,16
2019-07-23 02:15:00,6.4375,61.37312837458553,16
2019-07-23 02:30:00,3.375,61.22659633352651,16
2019-07-23 02:45:00,0.875,61.463394644541474,16
2019-07-23 03:00:00,1.125,62.226543075404145,16
2019-07-23 03:15:00,0.9375,62.54178839101741,16
2019-07-23 03:30:00,3.625,62.434269935116994,16
2019-07-23 03:45:00,2.375,62.21257154520924,16
2019-07-23 04:00:00,2.9375,61.845939972478185,16
2019-07-23 04:15:00,3.875,61.70634416881029,16
2019-07-23 04:30:00,6.125,61.41600033574983,16
2019-07-23 04:45:00,5.0625,60.59698535422438,16
2019-07-23 05:00:00,6.375,59.47731090846216,16
2019-07-23 05:15:00,5.875,59.14664072134388,16
2019-07-23 05:30:00,8.5625,59.47464351089685,16
2019-07-23 05:45:00,12.0625,60.29009955543495,16
2019-07-23 06:00:00,16.75,60.96390416915097,16
2019-07-23 06:15:00,13.375,61.564848008080965,16
2019-07-23 06:30:00,14.1875,62.25520924761542,16
2019-07-23 06:45:00,16.0,62.45964973074202,16
2019-07-23 07:00:00,17.4375,62.6669216587205,16
2019-07-23 07:15:00,16.125,63.07080475338791,16
2019-07-23 07:30:00,12.6875,63.16936081611012,16
2019-07-23 07:45:00,5.6875,63.18860314184627,16
2019-07-23 08:00:00,4.0,63.636536182256606,16
2019-07-23 08:15:00,1.875,64.31643189586264,16
2019-07-23 08:30:00,2.3125,64.91984870604954,16
2019-07-23 08:45:00,6.625,65.52651835120476,16
2019-07-23 09:00:00,7.25,66.47610519698854,16
2019-07-23 09:15:00,12.6875,67.42792442778482,16
2019-07-23 09:30:00,24.0,68.21301160028911,16
2019-07-23 09:45:00,43.0625,68.9116695417204,16
2019-07-23 10:00:00,45.6875,69.46798571443708,16
2019-07-23 10:15:00,39.25,69.60679835140103,16
2019-07-23 10:30:00,37.4375,70.04549724717037,16
2019-07-23 10:45:00,32.125,70.3710064688704,16
2019-07-23 11:00:00,23.8125,70.79016220230982,16
2019-07-23 11:15:00,30.3125,71.03387658864467,16
2019-07-23 11:30:00,43.125,71.33796600976298,16
2019-07-23 11:45:00,30.8125,71.6588563576701,16
2019-07-23 12:00:00,23.6875,71.70188780647257,16
2019-07-23 12:15:00,26.5,71.78092292314442,16
2019-07-23 12:30:00,36.1875,72.08641254604952,16
2019-07-23 12:45:00,43.0,72.2054648404383,16
2019-07-23 13:00:00,13.875,72.17706125604984,16
2019-07-23 13:15:00,13.0,72.19221785554589,16
2019-07-23 13:30:00,15.4375,71.86935730037175,16
2019-07-23 13:45:00,10.3125,72.30202393570141,16
2019-07-23 14:00:00,7.9375,71.74518103157196,16
2019-07-23 14:15:00,2.8125,72.26351023909501,16
2019-07-23 14:30:00,6.375,72.49963895980541,16
2019-07-23 14:45:00,8.5,72.31225934838017,16
2019-07-23 15:00:00,7.4375,71.95146047103941,16
2019-07-23 15:15:00,8.5,70.72948200586369,16
2019-07-23 15:30:00,15.625,70.82235028533395,16
2019-07-23 15:45:00,9.8125,71.23420795529479,16
2019-07-23 16:00:00,6.6875,71.61886205089134,16
2019-07-23 16:15:00,8.6875,71.76194747200606,16
2019-07-23 16:30:00,5.1875,71.20080080835363,16
2019-07-23 16:45:00,16.4375,71.5716421949081,16
2019-07-23 17:00:00,22.5625,72.04381089628258,16
2019-07-23 17:15:00,20.125,72.22520403731882,16
2019-07-23 17:30:00,14.75,71.56992479552407,16
2019-07-23 17:45:00,4.5625,71.33469460574763,16
2019-07-23 18:00:00,4.4375,71.58335894620465,16
2019-07-23 18:15:00,4.9375,70.87063985132686,16
2019-07-23 18:30:00,5.625,70.34886768241758,16
2019-07-23 18:45:00,7.25,69.797432081901,16
2019-07-23 19:00:00,8.6875,69.96187375749663,16
2019-07-23 19:15:00,8.375,69.63203094550961,16
2019-07-23 19:30:00,13.4375,69.25084961670369,16
2019-07-23 19:45:00,17.1875,68.70600977918669,16
2019-07-23 20:00:00,16.5,68.25979435446278,16
2019-07-23 20:15:00,12.6875,67.66314586741268,16
2019-07-23 20:30:00,11.5,67.20366887000186,16
2019-07-23 20:45:00,10.375,66.86622663289229,16
2019-07-23 21:00:00,8.6875,66.59501003091269,16
2019-07-23 21:15:00,5.9375,66.39742892708375,16
2019-07-23 21:30:00,4.8125,65.9749585917688,16
2019-07-23 21:45:00,5.0,65.70691718876537,16
2019-07-23 22:00:00,6.25,65.23824432782784,16
2019-07-23 22:15:00,8.625,65.2512366531539,16
2019-07-23 22:30:00,5.5,65.31405631826046,16
2019-07-23 22:45:00,4.9375,64.86330696745536,16
2019-07-23 23:00:00,8.125,64.0044391840005,16
2019-07-23 23:15:00,7.5,63.36312590621851,16
2019-07-23 23:30:00,4.1875,62.91396272030187,16
2019-07-23 23:45:00,4.375,62.40001227949608,16
2019-07-24 00:00:00,3.625,61.83049686981878,16
2019-07-24 00:15:00,3.8125,61.137004382034945,16
2019-07-24 00:30:00,5.875,61.34473810971415,16
2019-07-24 00:45:00,5.5,61.36702564936562,16
2019-07-24 01:00:00,5.125,61.124638109082575,16
2019-07-24 01:15:00,4.5625,61.125704287713866,16
2019-07-24 01:30:00,6.25,60.93420556107006,16
2019-07-24 01:45:00,1.9375,60.792818141316026,16
2019-07-24 02:00:00,2.375,60.65151012205727,16
2019-07-24 02:15:00,2.25,60.261906230544305,16
2019-07-24 02:30:00,5.5625,59.89356917685816,16
2019-07-24 02:45:00,5.25,59.646242799872375,16
2019-07-24 03:00:00,3.125,59.36478622752846,16
2019-07-24 03:15:00,2.9375,59.03743509489241,16
2019-07-24 03:30:00,3.6875,58.84032967212829,16
2019-07-24 03:45:00,2.5,58.35984749484331,16
2019-07-24 04:00:00,2.625,57.679950425149464,16
2019-07-24 04:15:00,1.125,57.23589326382617,16
2019-07-24 04:30:00,2.5,57.03953795146756,16
2019-07-24 04:45:00,1.4375,56.65298009879806,16
2019-07-24 05:00:00,2.1875,56.21525586237683,16
2019-07-24 05:15:00,9.0,56.04695254263902,16
2019-07-24 05:30:00,12.75,56.210084990866,16
2019-07-24 05:45:00,17.0,56.181797867681446,16
2019-07-24 06:00:00,13.625,56.75028214240182,16
2019-07-24 06:15:00,12.25,57.98338103135658,16
2019-07-24 06:30:00,17.6875,59.38678003153438,16
2019-07-24 06:45:00,14.75,60.8841703094652,16
2019-07-24 07:00:00,15.0625,61.620877613654066,16
2019-07-24 07:15:00,8.0625,61.837929993207815,16
2019-07-24 07:30:00,2.0,62.24348453793929,16
2019-07-24 07:45:00,3.9375,62.9687286179465,16
2019-07-24 08:00:00,2.875,63.55288295292584,16
2019-07-24 08:15:00,3.9375,63.90076494190427,16
2019-07-24 08:30:00,7.125,64.25809729476937,16
2019-07-24 08:45:00,6.25,64.50766014788827,16
2019-07-24 09:00:00,8.8125,65.15852202353928,16
2019-07-24 09:15:00,12.25,65.78830565426037,16
2019-07-24 09:30:00,19.125,66.09304055824005,16
2019-07-24 09:45:00,47.25,66.2291351585943,16
2019-07-24 10:00:00,49.9375,66.41057587484376,16
2019-07-24 10:15:00,56.6875,66.24219840311729,16
2019-07-24 10:30:00,39.9375,66.62336395403652,16
2019-07-24 10:45:00,36.875,67.2332734348352,16
2019-07-24 11:00:00,31.9375,67.42836326145698,16
2019-07-24 11:15:00,46.0625,66.9672819903586,16
2019-07-24 11:30:00,36.625,66.79009133664698,16
2019-07-24 11:45:00,22.3125,67.95604564579085,16
2019-07-24 12:00:00,22.5,67.28498317141366,16
2019-07-24 12:15:00,25.6875,68.06463149119834,16
2019-07-24 12:30:00,30.8125,68.01100162596514,16
2019-07-24 12:45:00,24.125,67.95613356603813,16
2019-07-24 13:00:00,11.8125,68.22586325616861,16
2019-07-24 13:15:00,7.1875,68.92318066146214,16
2019-07-24 13:30:00,2.375,68.79387477946969,16
2019-07-24 13:45:00,3.75,69.0857623955779,16
2019-07-24 14:00:00,4.25,69.06415199967432,16
2019-07-24 14:15:00,2.0625,69.27255138774818,16
2019-07-24 14:30:00,3.4375,69.23819109266648,16
2019-07-24 14:45:00,4.375,69.50577696153913,16
2019-07-24 15:00:00,6.0,69.38807534478548,16
2019-07-24 15:15:00,5.75,69.56038595769057,16
2019-07-24 15:30:00,9.4375,69.83703907536447,16
2019-07-24 15:45:00,10.625,69.90035818501987,16
2019-07-24 16:00:00,12.9375,69.88318017343484,16
2019-07-24 16:15:00,13.625,69.9847420006128,16
2019-07-24 16:30:00,13.4375,69.95916557019927,16
2019-07-24 16:45:00,13.5,70.00662905266557,16
2019-07-24 17:00:00,17.4375,69.97672919352641,16
2019-07-24 17:15:00,19.125,69.9832176192537,16
2019-07-24 17:30:00,16.625,70.10072238560619,16
2019-07-24 17:45:00,4.5,69.98927818902904,16
2019-07-24 18:00:00,0.375,69.55318733983266,16
2019-07-24 18:15:00,1.875,69.30607488849476,16
2019-07-24 18:30:00,4.625,69.2957783076157,16
2019-07-24 18:45:00,7.625,69.30573888522662,16
2019-07-24 19:00:00,12.5,68.92127393588011,16
2019-07-24 19:15:00,14.375,68.62929771658033,16
2019-07-24 19:30:00,16.0,68.46226162098422,16
2019-07-24 19:45:00,13.9375,68.34336612699022,16
2019-07-24 20:00:00,10.25,68.07695277898621,16
2019-07-24 20:15:00,12.875,67.48613802635187,16
2019-07-24 20:30:00,14.25,66.81604202839962,16
2019-07-24 20:45:00,12.9375,66.10789150028454,16
2019-07-24 21:00:00,11.0,65.48563536316124,16
2019-07-24 21:15:00,8.375,64.52842670292571,16
2019-07-24 21:30:00,7.5625,64.08077141209004,16
2019-07-24 21:45:00,7.875,64.80742479744853,16
2019-07-24 22:00:00,8.6875,64.86513511881404,16
2019-07-24 22:15:00,7.6875,64.28438758872007,16
2019-07-24 22:30:00,3.1875,63.554692577659885,16
2019-07-24 22:45:00,5.1875,62.5710493692732,16
2019-07-24 23:00:00,4.3125,61.91004284444926,16
2019-07-24 23:15:00,1.8125,62.00518474694232,16
2019-07-24 23:30:00,1.8125,61.71891502917233,16
2019-07-24 23:45:00,1.8125,61.067955070990216,16
2019-07-25 00:00:00,6.125,60.36206525755566,16
2019-07-25 00:15:00,6.375,59.95848101740149,16
2019-07-25 00:30:00,7.75,59.26587126908979,16
2019-07-25 00:45:00,6.375,58.61969432516249,16
2019-07-25 01:00:00,3.25,58.529434146223885,16
2019-07-25 01:15:00,3.0,58.228820827990376,16
2019-07-25 01:30:00,1.8125,57.957269715496786,16
2019-07-25 01:45:00,3.3125,57.816428104393,16
2019-07-25 02:00:00,2.875,57.849094110144144,16
2019-07-25 02:15:00,1.75,57.89827345188723,16
2019-07-25 02:30:00,1.375,57.70866982833072,16
2019-07-25 02:45:00,1.125,57.89320834563603,16
2019-07-25 03:00:00,4.25,57.28127753588652,16
2019-07-25 03:15:00,1.875,57.392594968834544,16
2019-07-25 03:30:00,1.625,56.996425797715595,16
2019-07-25 03:45:00,2.375,56.8722152895762,16
2019-07-25 04:00:00,2.875,57.225949751969246,16
2019-07-25 04:15:00,4.1875,57.15895541334651,16
2019-07-25 04:30:00,3.1875,56.60614326486667,16
2019-07-25 04:45:00,3.5,56.70541743030726,16
2019-07-25 05:00:00,6.875,57.81599629098304,16
2019-07-25 05:15:00,8.1875,58.01959886756524,16
2019-07-25 05:30:00,11.75,57.888069334931906,16
2019-07-25 05:45:00,13.875,57.79922703945092,16
2019-07-25 06:00:00,10.25,58.352336093713866,16
2019-07-25 06:15:00,10.3125,59.2768246297483,16
2019-07-25 06:30:00,14.125,60.68497433348343,16
2019-07-25 06:45:00,13.25,61.27330837492199,16
2019-07-25 07:00:00,14.125,62.18893536436261,16
2019-07-25 07:15:00,15.1875,62.782879025419,16
2019-07-25 07:30:00,12.1875,63.307607669552475,16
2019-07-25 07:45:00,5.625,63.877717637875215,16
2019-07-25 08:00:00,2.375,64.28290343925718,16
2019-07-25 08:15:00,0.9375,64.45836439087438,16
2019-07-25 08:30:00,1.4375,64.78263570963578,16
2019-07-25 08:45:00,7.5625,65.72922228325669,16
2019-07-25 09:00:00,8.0,66.50715949066328,16
2019-07-25 09:15:00,9.666666666666666,67.5325277555382,15
2019-07-25 09:30:00,29.866666666666667,68.18814543187118,15
2019-07-25 09:45:00,42.4,68.69702936855838,15
2019-07-25 10:00:00,35.733333333333334,69.22990706424105,15
2019-07-25 10:15:00,29.4,69.62955079150463,15
2019-07-25 10:30:00,27.0,69.37550051328061,15
2019-07-25 10:45:00,27.866666666666667,70.02171106400397,15
2019-07-25 11:00:00,46.8,70.88008286723702,15
2019-07-25 11:15:00,29.0,71.59966436944383,15
2019-07-25 11:30:00,26.4,71.87710889680723,15
2019-07-25 11:45:00,20.6,72.15492890456464,15
2019-07-25 12:00:00,20.2,72.68224606613444,15
2019-07-25 12:15:00,34.333333333333336,72.78289110637358,15
2019-07-25 12:30:00,15.4,73.22863692825477,15
2019-07-25 12:45:00,10.933333333333334,73.3119516051374,15
2019-07-25 13:00:00,9.933333333333334,73.3747778108098,15
2019-07-25 13:15:00,5.933333333333334,73.68423563348453,15
2019-07-25 13:30:00,12.375,73.92758518487183,16
2019-07-25 13:45:00,10.333333333333334,74.42722550627207,15
2019-07-25 14:00:00,11.733333333333333,74.7198573358612,15
2019-07-25 14:15:00,5.666666666666667,74.73118470221438,15
2019-07-25 14:30:00,4.066666666666666,74.7132987557726,15
2019-07-25 14:45:00,5.133333333333334,73.95844803043771,15
2019-07-25 15:00:00,4.933333333333334,74.08837013668317,15
2019-07-25 15:15:00,10.466666666666667,74.16332068957536,15
2019-07-25 15:30:00,11.6,74.69089998165303,15
2019-07-25 15:45:00,12.466666666666667,74.8680244796655,15
2019-07-25 16:00:00,14.866666666666667,74.74560835134228,15
2019-07-25 16:15:00,12.4,75.03871566242533,15
2019-07-25 16:30:00,7.733333333333333,75.07806473235088,15
2019-07-25 16:45:00,7.466666666666667,75.19699947312638,15
2019-07-25 17:00:00,12.066666666666666,75.41651106720423,15
2019-07-25 17:15:00,14.933333333333334,75.03135266077635,15
2019-07-25 17:30:00,12.4,74.9206689973982,15
2019-07-25 17:45:00,4.733333333333333,74.95016151158927,15
2019-07-25 18:00:00,4.466666666666667,74.75224716771852,15
2019-07-25 18:15:00,2.6,74.91430467769842,15
2019-07-25 18:30:00,4.0,74.83878350017194,15
2019-07-25 18:45:00,5.4,74.85873032400406,15
2019-07-25 19:00:00,6.6,74.67629999884844,15
2019-07-25 19:15:00,7.8,74.30914688136339,15
2019-07-25 19:30:00,8.2,73.9245077071316,15
2019-07-25 19:45:00,9.8,73.49921712717669,15
2019-07-25 20:00:00,11.866666666666667,72.82187257122926,15
2019-07-25 20:15:00,15.2,72.19190171927521,15
2019-07-25 20:30:00,10.733333333333333,71.79767385094938,15
2019-07-25 20:45:00,14.333333333333334,71.24356305136247,15
2019-07-25 21:00:00,10.466666666666667,70.75335588851144,15
2019-07-25 21:15:00,7.333333333333333,70.34431686738054,15
2019-07-25 21:30:00,7.866666666666666,70.03226753476592,15
2019-07-25 21:45:00,9.666666666666666,69.84330489192725,15
2019-07-25 22:00:00,8.8,69.70874833965134,15
2019-07-25 22:15:00,6.933333333333334,69.40185989314791,15
2019-07-25 22:30:00,5.8,69.13052979966945,15
2019-07-25 22:45:00,6.066666666666666,68.77324475172927,15
2019-07-25 23:00:00,3.066666666666667,68.6485855628694,15
2019-07-25 23:15:00,1.9333333333333333,68.50427051191329,15
2019-07-25 23:30:00,4.466666666666667,68.27870829101774,15
2019-07-25 23:45:00,5.6,67.95571225404575,15
2019-07-26 00:00:00,6.866666666666666,67.80872080438826,15
2019-07-26 00:15:00,4.266666666666667,67.83848470676514,15
2019-07-26 00:30:00,3.8,67.76808212557467,15
2019-07-26 00:45:00,1.9333333333333333,67.64751292743908,15
2019-07-26 01:00:00,3.6,67.53074047749345,15
2019-07-26 01:15:00,5.733333333333333,67.35504285939534,15
2019-07-26 01:30:00,5.333333333333333,67.10224978917756,15
2019-07-26 01:45:00,7.666666666666667,66.83467421892118,15
2019-07-26 02:00:00,2.2,66.66099490327228,15
2019-07-26 02:15:00,2.466666666666667,66.43666433389141,15
2019-07-26 02:30:00,2.933333333333333,66.27642497729867,15
2019-07-26 02:45:00,2.6,65.89645480868835,15
2019-07-26 03:00:00,4.266666666666667,65.60159371835584,15
2019-07-26 03:15:00,5.333333333333333,65.3422484889892,15
2019-07-26 03:30:00,3.2666666666666666,65.21490577148109,15
2019-07-26 03:45:00,1.6,64.97404626173689,15
2019-07-26 04:00:00,1.6666666666666667,64.80204483460774,15
2019-07-26 04:15:00,1.9333333333333333,64.66899554984539,15
2019-07-26 04:30:00,5.2,64.57281821361005,15
2019-07-26 04:45:00,4.0,64.670503836341,15
2019-07-26 05:00:00,3.6,64.8570895832549,15
2019-07-26 05:15:00,6.666666666666667,64.70268035874774,15
2019-07-26 05:30:00,13.333333333333334,64.75561683234987,15
2019-07-26 05:45:00,13.4,64.73424259369652,15
2019-07-26 06:00:00,8.733333333333333,64.85200287285342,15
2019-07-26 06:15:00,7.133333333333334,65.25615361853535,15
2019-07-26 06:30:00,7.733333333333333,65.65250937109498,15
2019-07-26 06:45:00,9.4,65.91022339620471,15
2019-07-26 07:00:00,10.6,66.3176539231955,15
2019-07-26 07:15:00,8.8,66.6432486891244,15
2019-07-26 07:30:00,4.8,66.96678546022987,15
2019-07-26 07:45:00,3.4,67.54524991065797,15
2019-07-26 08:00:00,2.2,68.16918405240189,15
2019-07-26 08:15:00,3.4,68.61753411507706,15
2019-07-26 08:30:00,5.333333333333333,68.83358768069796,15
2019-07-26 08:45:00,4.066666666666666,69.0791518768308,15
2019-07-26 09:00:00,5.333333333333333,69.61289412489441,15
2019-07-26 09:15:00,12.266666666666667,70.01781618563754,15
2019-07-26 09:30:00,28.333333333333332,70.559825394101,15
2019-07-26 09:45:00,41.8,71.25717976613444,15
2019-07-26 10:00:00,33.666666666666664,71.83424968739284,15
2019-07-26 10:15:00,23.133333333333333,72.64293479684676,15
2019-07-26 10:30:00,27.066666666666666,73.4297085375404,15
2019-07-26 10:45:00,20.4,73.70939469732163,15
2019-07-26 11:00:00,25.2,73.95955271218088,15
2019-07-26 11:15:00,23.0,74.13709034032505,15
2019-07-26 11:30:00,23.666666666666668,74.66463091634897,15
2019-07-26 11:45:00,24.933333333333334,75.15435310044239,15
2019-07-26 12:00:00,18.933333333333334,75.5626201089844,15
2019-07-26 12:15:00,38.53333333333333,76.0733041710419,15
2019-07-26 12:30:00,22.0,76.2614083597242,15
2019-07-26 12:45:00,9.8,76.61145225168575,15
2019-07-26 13:00:00,10.066666666666666,76.63246718793995,15
2019-07-26 13:15:00,11.0,77.04224480304616,15
2019-07-26 13:30:00,10.2,77.38257625798907,15
2019-07-26 13:45:00,6.4,77.73671613186366,15
2019-07-26 14:00:00,7.333333333333333,78.02884271193189,15
2019-07-26 14:15:00,5.933333333333334,77.84030423199509,15
2019-07-26 14:30:00,4.333333333333333,77.98958162879596,15
2019-07-26 14:45:00,7.733333333333333,78.40625066002235,15
2019-07-26 15:00:00,10.266666666666667,78.58329395387211,15
2019-07-26 15:15:00,8.733333333333333,78.36102162190234,15
2019-07-26 15:30:00,9.333333333333334,78.48091494843219,15
2019-07-26 15:45:00,9.866666666666667,78.07949760331108,15
2019-07-26 16:00:00,6.933333333333334,78.26579177234142,15
2019-07-26 16:15:00,4.933333333333334,78.00485374438726,15
2019-07-26 16:30:00,9.466666666666667,77.89237427259138,15
2019-07-26 16:45:00,14.6,77.89498322096972,15
2019-07-26 17:00:00,15.333333333333334,77.91040567703267,15
2019-07-26 17:15:00,14.2,77.63274226623217,15
2019-07-26 17:30:00,14.533333333333333,77.76204678404731,15
2019-07-26 17:45:00,9.066666666666666,77.84444290741656,15
2019-07-26 18:00:00,9.4,77.57879284735844,15
2019-07-26 18:15:00,12.2,77.1989286056513,15
2019-07-26 18:30:00,8.066666666666666,76.99700766112834,15
2019-07-26 18:45:00,5.0,76.58631591204359,15
2019-07-26 19:00:00,3.2,76.44456474662597,15
2019-07-26 19:15:00,2.3333333333333335,76.15822607212448,15
2019-07-26 19:30:00,6.8,75.50006349253995,15
2019-07-26 19:45:00,12.466666666666667,75.06489782305906,15
2019-07-26 20:00:00,12.866666666666667,74.89052217014479,15
2019-07-26 20:15:00,12.533333333333333,74.36709603658194,15
2019-07-26 20:30:00,9.933333333333334,73.78975238198355,15
2019-07-26 20:45:00,10.266666666666667,73.03128384932985,15
2019-07-26 21:00:00,7.066666666666666,72.12585856575177,15
2019-07-26 21:15:00,6.466666666666667,71.26056568266216,15
2019-07-26 21:30:00,6.4,70.64363731814879,15
2019-07-26 21:45:00,3.466666666666667,70.24232894233073,15
2019-07-26 22:00:00,2.7333333333333334,70.15069008781164,15
2019-07-26 22:15:00,2.533333333333333,70.395155543322,15
2019-07-26 22:30:00,3.3333333333333335,70.98926543658665,15
2019-07-26 22:45:00,7.666666666666667,71.23234031719275,15
2019-07-26 23:00:00,7.133333333333334,70.96043796715654,15
2019-07-26 23:15:00,8.933333333333334,70.40569554679031,15
2019-07-26 23:30:00,8.533333333333333,69.65959069871114,15
2019-07-26 23:45:00,7.8,68.78941396645297,15
2019-07-27 00:00:00,9.266666666666667,67.99795574422724,15
2019-07-27 00:15:00,6.666666666666667,67.69354546906926,15
2019-07-27 00:30:00,4.066666666666666,67.997731975093,15
2019-07-27 00:45:00,1.7333333333333334,68.3413987905278,15
2019-07-27 01:00:00,1.4,68.25496094278476,15
2019-07-27 01:15:00,2.8666666666666667,67.96674061148879,15
2019-07-27 01:30:00,5.266666666666667,67.95416457562571,15
2019-07-27 01:45:00,3.2,67.83267257213924,15
2019-07-27 02:00:00,5.0,67.85227474031505,15
2019-07-27 02:15:00,3.3333333333333335,68.2957840666085,15
2019-07-27 02:30:00,2.2666666666666666,68.50148542163758,15
2019-07-27 02:45:00,2.6666666666666665,68.45309822027276,15
2019-07-27 03:00:00,3.066666666666667,67.91953159440983,15
2019-07-27 03:15:00,4.333333333333333,67.8120556633029,15
2019-07-27 03:30:00,3.2,67.67307350689403,15
2019-07-27 03:45:00,2.466666666666667,67.52317773565794,15
2019-07-27 04:00:00,2.933333333333333,67.18042597800657,15
2019-07-27 04:15:00,2.533333333333333,66.80852344553836,15
2019-07-27 04:30:00,3.8,66.23193745262476,15
2019-07-27 04:45:00,4.133333333333334,65.93361348660095,15
2019-07-27 05:00:00,3.466666666666667,65.79585969788764,15
2019-07-27 05:15:00,7.866666666666666,65.7027279270571,15
2019-07-27 05:30:00,11.6,65.78203835781184,15
2019-07-27 05:45:00,11.533333333333333,65.7317768931572,15
2019-07-27 06:00:00,10.733333333333333,65.84692452043127,15
2019-07-27 06:15:00,10.733333333333333,66.29740579478604,15
2019-07-27 06:30:00,9.866666666666667,67.04874503270489,15
2019-07-27 06:45:00,8.733333333333333,68.02857556908607,15
2019-07-27 07:00:00,10.066666666666666,68.4477027427525,15
2019-07-27 07:15:00,8.066666666666666,68.78926326300088,15
2019-07-27 07:30:00,5.133333333333334,69.10880312002969,15
2019-07-27 07:45:00,1.6666666666666667,69.52339000099522,15
2019-07-27 08:00:00,3.6666666666666665,70.06786304541237,15
2019-07-27 08:15:00,3.6,70.71440402561292,15
2019-07-27 08:30:00,3.8,71.31813674023414,15
2019-07-27 08:45:00,2.2666666666666666,72.01947616117282,15
2019-07-27 09:00:00,5.066666666666666,72.28788670657427,15
2019-07-27 09:15:00,4.6,72.98583212975339,15
2019-07-27 09:30:00,4.933333333333334,73.65767784200345,15
2019-07-27 09:45:00,5.666666666666667,73.9733190098105,15
2019-07-27 10:00:00,11.066666666666666,74.47959306417458,15
2019-07-27 10:15:00,10.733333333333333,74.66151225261237,15
2019-07-27 10:30:00,9.2,74.92121275911452,15
2019-07-27 10:45:00,12.266666666666667,75.42013757891273,15
2019-07-27 11:00:00,8.066666666666666,75.76087842121414,15
2019-07-27 11:15:00,4.866666666666666,75.99974971722447,15
2019-07-27 11:30:00,7.0,76.26161487292033,15
2019-07-27 11:45:00,7.933333333333334,76.51785824659328,15
2019-07-27 12:00:00,6.866666666666666,77.02840449297324,15
2019-07-27 12:15:00,7.933333333333334,76.81547122918052,15
2019-07-27 12:30:00,8.733333333333333,77.21981446925936,15
2019-07-27 12:45:00,4.533333333333333,77.44773742929986,15
2019-07-27 13:00:00,5.533333333333333,77.54383737207115,15
2019-07-27 13:15:00,8.6,77.77990910435781,15
2019-07-27 13:30:00,5.933333333333334,78.19833172262727,15
2019-07-27 13:45:00,10.2,78.30079432591724,15
2019-07-27 14:00:00,15.2,78.48930773994601,15
2019-07-27 14:15:00,11.533333333333333,78.3057128270075,15
2019-07-27 14:30:00,9.266666666666667,78.2348362543915,15
2019-07-27 14:45:00,9.533333333333333,77.8634157834312,15
2019-07-27 15:00:00,9.4,77.89525842706381,15
2019-07-27 15:15:00,7.133333333333334,77.95892704978093,15
2019-07-27 15:30:00,7.333333333333333,78.32374885063547,15
2019-07-27 15:45:00,9.0,78.3539884243078,15
2019-07-27 16:00:00,10.533333333333333,78.09619460654329,15
2019-07-27 16:15:00,11.8,78.20467157484418,15
2019-07-27 16:30:00,12.933333333333334,78.46335276522261,15
2019-07-27 16:45:00,9.933333333333334,78.10463621051902,15
2019-07-27 17:00:00,12.066666666666666,78.16370259833245,15
2019-07-27 17:15:00,14.933333333333334,78.23991057790187,15
2019-07-27 17:30:00,9.8,77.71945083524965,15
2019-07-27 17:45:00,7.133333333333334,76.459694461755,15
2019-07-27 18:00:00,4.066666666666666,76.41357982129584,15
2019-07-27 18:15:00,6.266666666666667,76.49267423308743,15
2019-07-27 18:30:00,5.333333333333333,76.4476381587694,15
2019-07-27 18:45:00,7.466666666666667,75.67252912991096,15
2019-07-27 19:00:00,10.066666666666666,74.99648349295899,15
2019-07-27 19:15:00,10.133333333333333,74.76779677214638,15
2019-07-27 19:30:00,10.733333333333333,74.49639824631451,15
2019-07-27 19:45:00,11.4,74.24758045345123,15
2019-07-27 20:00:00,10.666666666666666,73.85770290035728,15
2019-07-27 20:15:00,7.2,73.27767352309543,15
2019-07-27 20:30:00,12.6,72.89386351711799,15
2019-07-27 20:45:00,12.533333333333333,72.45673763774278,15
2019-07-27 21:00:00,14.266666666666667,72.25590127895289,15
2019-07-27 21:15:00,13.4,72.11356723849111,15
2019-07-27 21:30:00,7.4,71.93253793244034,15
2019-07-27 21:45:00,5.4,71.74230057281862,15
2019-07-27 22:00:00,3.533333333333333,71.59851994659833,15
2019-07-27 22:15:00,4.466666666666667,71.40199017994406,15
2019-07-27 22:30:00,2.8666666666666667,71.02082573099898,15
2019-07-27 22:45:00,3.2,70.85025285500099,15
2019-07-27 23:00:00,3.066666666666667,70.75427111104845,15
2019-07-27 23:15:00,6.533333333333333,70.90720057541246,15
2019-07-27 23:30:00,9.0,71.0795263127744,15
2019-07-27 23:45:00,7.0,71.19472746209111,15
2019-07-28 00:00:00,6.333333333333333,71.37772671438644,15
2019-07-28 00:15:00,6.533333333333333,71.40034115625791,15
2019-07-28 00:30:00,4.533333333333333,71.24170623315597,15
2019-07-28 00:45:00,2.466666666666667,71.08850279953175,15
2019-07-28 01:00:00,1.2,70.9713250408958,15
2019-07-28 01:15:00,3.2666666666666666,70.8312129399502,15
2019-07-28 01:30:00,3.7333333333333334,70.65220327611225,15
2019-07-28 01:45:00,5.8,70.64024878401385,15
2019-07-28 02:00:00,5.0,70.6272681067597,15
2019-07-28 02:15:00,6.666666666666667,70.70015414048424,15
2019-07-28 02:30:00,3.066666666666667,70.72366842161252,15
2019-07-28 02:45:00,3.6,70.70956217533494,15
2019-07-28 03:00:00,2.7333333333333334,70.68539439563817,15
2019-07-28 03:15:00,2.8,70.5977129867184,15
2019-07-28 03:30:00,3.933333333333333,70.57694448407288,15
2019-07-28 03:45:00,4.4,70.54709894240548,15
2019-07-28 04:00:00,1.6666666666666667,70.50960921502546,15
2019-07-28 04:15:00,0.6,70.26656524864346,15
2019-07-28 04:30:00,2.8,70.09273922752548,15
2019-07-28 04:45:00,5.933333333333334,69.99173594910825,15
2019-07-28 05:00:00,7.6,69.86062271684737,15
2019-07-28 05:15:00,8.4,69.8070521898079,15
2019-07-28 05:30:00,11.333333333333334,69.82046684135254,15
2019-07-28 05:45:00,9.2,69.6020954754881,15
2019-07-28 06:00:00,9.266666666666667,69.49325308715531,15
2019-07-28 06:15:00,10.466666666666667,69.87498232314373,15
2019-07-28 06:30:00,8.0,70.56290771394943,15
2019-07-28 06:45:00,4.666666666666667,71.07924309676547,15
2019-07-28 07:00:00,5.733333333333333,71.37506948510016,15
2019-07-28 07:15:00,3.066666666666667,71.72596364898963,15
2019-07-28 07:30:00,1.2,72.09541916438688,15
2019-07-28 07:45:00,1.3333333333333333,72.21115459677613,15
2019-07-28 08:00:00,3.6,72.1394825361291,15
2019-07-28 08:15:00,4.4,72.1590472276236,15
2019-07-28 08:30:00,5.066666666666666,72.67585789848125,15
2019-07-28 08:45:00,5.066666666666666,73.4679598066448,15
2019-07-28 09:00:00,7.0,73.61802823892496,15
2019-07-28 09:15:00,7.066666666666666,73.75349141277047,15
2019-07-28 09:30:00,4.8,74.27287543805177,15
2019-07-28 09:45:00,5.2,74.72255936316662,15
2019-07-28 10:00:00,7.066666666666666,74.72738500380376,15
2019-07-28 10:15:00,11.266666666666667,75.24538586627433,15
2019-07-28 10:30:00,12.866666666666667,75.52123488532108,15
2019-07-28 10:45:00,10.8,75.28719002566329,15
2019-07-28 11:00:00,9.466666666666667,75.19606231593276,15
2019-07-28 11:15:00,7.133333333333334,76.14969993031794,15
2019-07-28 11:30:00,3.466666666666667,76.12481414579698,15
2019-07-28 11:45:00,5.533333333333333,75.73114001745232,15
2019-07-28 12:00:00,6.333333333333333,75.74541222306384,15
2019-07-28 12:15:00,10.066666666666666,75.70542202130338,15
2019-07-28 12:30:00,8.866666666666667,75.37142395957231,15
2019-07-28 12:45:00,6.533333333333333,75.29804347769488,15
2019-07-28 13:00:00,8.6,74.36504420641917,15
2019-07-28 13:15:00,9.6,74.39959295471407,15
2019-07-28 13:30:00,8.2,75.49288381853546,15
2019-07-28 13:45:00,9.0,76.49374057396206,15
2019-07-28 14:00:00,5.466666666666667,77.21071068933234,15
2019-07-28 14:15:00,9.666666666666666,77.36796294708103,15
2019-07-28 14:30:00,10.933333333333334,77.80513162099744,15
2019-07-28 14:45:00,10.933333333333334,77.45926537318535,15
2019-07-28 15:00:00,13.333333333333334,76.62312440111462,15
2019-07-28 15:15:00,11.066666666666666,77.14955591988674,15
2019-07-28 15:30:00,9.066666666666666,77.46249737244287,15
2019-07-28 15:45:00,7.2,77.42584344333973,15
2019-07-28 16:00:00,8.933333333333334,77.2046725229731,15
2019-07-28 16:15:00,11.133333333333333,77.29087088012275,15
2019-07-28 16:30:00,11.2,77.46628055852584,15
2019-07-28 16:45:00,13.133333333333333,77.74113561348837,15
2019-07-28 17:00:00,14.066666666666666,77.50653207438295,15
2019-07-28 17:15:00,15.066666666666666,77.2779979455034,15
2019-07-28 17:30:00,16.866666666666667,77.41822309604386,15
2019-07-28 17:45:00,9.066666666666666,77.42654681289766,15
2019-07-28 18:00:00,6.533333333333333,76.66817814686947,15
2019-07-28 18:15:00,4.533333333333333,75.98522509256178,15
2019-07-28 18:30:00,4.866666666666666,75.7911340087998,15
2019-07-28 18:45:00,6.533333333333333,75.80117420328335,15
2019-07-28 19:00:00,7.666666666666667,75.78203315963778,15
2019-07-28 19:15:00,10.133333333333333,75.75155642729193,15
2019-07-28 19:30:00,10.6,75.72618263214645,15
2019-07-28 19:45:00,13.6,75.6760503899057,15
2019-07-28 20:00:00,11.866666666666667,75.2568056973674,15
2019-07-28 20:15:00,15.133333333333333,74.90750174250486,15
2019-07-28 20:30:00,13.2,74.15948827348662,15
2019-07-28 20:45:00,10.066666666666666,73.67785644911633,15
2019-07-28 21:00:00,11.4,73.33206663365488,15
2019-07-28 21:15:00,7.8,73.00724946829239,15
2019-07-28 21:30:00,8.666666666666666,72.74108736945924,15
2019-07-28 21:45:00,9.666666666666666,72.65919270913533,15
2019-07-28 22:00:00,5.0,72.54946545440059,15
2019-07-28 22:15:00,5.2,72.3549578408964,15
2019-07-28 22:30:00,3.466666666666667,72.0112609178784,15
2019-07-28 22:45:00,3.933333333333333,71.80606397940265,15
2019-07-28 23:00:00,6.0,71.85944119023736,15
2019-07-28 23:15:00,7.333333333333333,71.8014890808276,15
2019-07-28 23:30:00,6.533333333333333,71.63446229796057,15
2019-07-28 23:45:00,4.266666666666667,71.36622856358555,15
2019-07-29 00:00:00,7.4,71.37783584425536,15
2019-07-29 00:15:00,8.466666666666667,71.37994051473426,15
2019-07-29 00:30:00,7.466666666666667,71.41426623126107,15
2019-07-29 00:45:00,3.8,71.18361404488711,15
2019-07-29 01:00:00,3.2,71.05775308089238,15
2019-07-29 01:15:00,3.1333333333333333,70.93271467791946,15
2019-07-29 01:30:00,2.533333333333333,70.92762165638545,15
2019-07-29 01:45:00,3.6666666666666665,70.83661802286339,15
2019-07-29 02:00:00,3.533333333333333,70.60369661464387,15
2019-07-29 02:15:00,3.8666666666666667,70.4670927033731,15
2019-07-29 02:30:00,8.4,70.18422959655335,15
2019-07-29 02:45:00,6.133333333333334,70.222675218536,15
2019-07-29 03:00:00,3.4,70.14751824773913,15
2019-07-29 03:15:00,2.6666666666666665,70.07511431327298,15
2019-07-29 03:30:00,1.6666666666666667,70.05713662053861,15
2019-07-29 03:45:00,4.4,70.04526720602429,15
2019-07-29 04:00:00,3.3333333333333335,70.03633528855129,15
2019-07-29 04:15:00,5.4,69.9885096199224,15
2019-07-29 04:30:00,2.0,70.03230217687035,15
2019-07-29 04:45:00,2.2,70.1307028037984,15
2019-07-29 05:00:00,3.4,70.01403391291495,15
2019-07-29 05:15:00,10.333333333333334,70.076858789413,15
2019-07-29 05:30:00,10.133333333333333,70.13977211169652,15
2019-07-29 05:45:00,9.733333333333333,69.8433393695584,15
2019-07-29 06:00:00,10.2,69.68315850676096,15
2019-07-29 06:15:00,9.866666666666667,69.79345235824333,15
2019-07-29 06:30:00,11.4,70.23022725988152,15
2019-07-29 06:45:00,9.4,70.71733489203446,15
2019-07-29 07:00:00,7.066666666666666,71.2290904042166,15
2019-07-29 07:15:00,5.933333333333334,71.49147372199296,15
2019-07-29 07:30:00,2.3333333333333335,71.70414375808575,15
2019-07-29 07:45:00,2.2666666666666666,71.95600572062438,15
2019-07-29 08:00:00,3.6666666666666665,72.10437070254018,15
2019-07-29 08:15:00,3.8666666666666667,72.55005159682547,15
2019-07-29 08:30:00,5.266666666666667,72.86636301079278,15
2019-07-29 08:45:00,7.866666666666666,73.35540933928844,15
2019-07-29 09:00:00,9.2,73.70972276490738,15
2019-07-29 09:15:00,13.0,73.75001163402193,15
2019-07-29 09:30:00,33.666666666666664,74.20000066857614,15
2019-07-29 09:45:00,60.93333333333333,74.74246458627842,15
2019-07-29 10:00:00,65.33333333333333,75.18500999705573,15
2019-07-29 10:15:00,38.266666666666666,75.72397610407877,15
2019-07-29 10:30:00,32.93333333333333,76.08352563040417,15
2019-07-29 10:45:00,27.4,76.90525173951036,15
2019-07-29 11:00:00,44.86666666666667,76.9322253514025,15
2019-07-29 11:15:00,58.6,76.91703063032041,15
2019-07-29 11:30:00,28.866666666666667,77.38963619636355,15
2019-07-29 11:45:00,24.6,77.45059870451574,15
2019-07-29 12:00:00,19.666666666666668,78.05490591100434,15
2019-07-29 12:15:00,22.933333333333334,78.2008555481346,15
2019-07-29 12:30:00,27.333333333333332,78.43059385304731,15
2019-07-29 12:45:00,12.6,78.16819081062765,15
2019-07-29 13:00:00,13.0,78.18709157057374,15
2019-07-29 13:15:00,8.466666666666667,78.15682103445067,15
2019-07-29 13:30:00,8.333333333333334,78.10302435139725,15
2019-07-29 13:45:00,4.8,78.39350464901884,15
2019-07-29 14:00:00,6.266666666666667,78.6227600118995,15
2019-07-29 14:15:00,5.733333333333333,78.5209551489811,15
2019-07-29 14:30:00,5.666666666666667,78.2697262239505,15
2019-07-29 14:45:00,3.1333333333333333,78.09077092612284,15
2019-07-29 15:00:00,2.6666666666666665,78.34369009792529,15
2019-07-29 15:15:00,5.066666666666666,78.32076062113289,15
2019-07-29 15:30:00,7.2,78.30361582430022,15
2019-07-29 15:45:00,7.533333333333333,78.50361389551186,15
2019-07-29 16:00:00,9.933333333333334,78.09217888576426,15
2019-07-29 16:15:00,7.533333333333333,77.79626490721414,15
2019-07-29 16:30:00,6.8,78.48474725916866,15
2019-07-29 16:45:00,9.266666666666667,78.77413185971254,15
2019-07-29 17:00:00,14.466666666666667,78.8311740501915,15
2019-07-29 17:15:00,15.8,79.00598973519512,15
2019-07-29 17:30:00,15.933333333333334,79.27375950774349,15
2019-07-29 17:45:00,10.0,79.15390933062099,15
2019-07-29 18:00:00,6.466666666666667,78.82847839541922,15
2019-07-29 18:15:00,6.866666666666666,79.10914909889892,15
2019-07-29 18:30:00,8.6,78.91073868191486,15
2019-07-29 18:45:00,11.2,78.24791951265853,15
2019-07-29 19:00:00,11.6,78.0005845980736,15
2019-07-29 19:15:00,9.6,77.80453952035144,15
2019-07-29 19:30:00,8.666666666666666,77.84957013296663,15
2019-07-29 19:45:00,15.866666666666667,77.75025884877,15
2019-07-29 20:00:00,13.066666666666666,77.72674822493975,15
2019-07-29 20:15:00,13.933333333333334,77.62927663025096,15
2019-07-29 20:30:00,13.333333333333334,77.35676712082834,15
2019-07-29 20:45:00,11.466666666666667,77.24649448595736,15
2019-07-29 21:00:00,9.333333333333334,77.07797010992921,15
2019-07-29 21:15:00,7.733333333333333,76.88921429157303,15
2019-07-29 21:30:00,9.266666666666667,76.86526885978554,15
2019-07-29 21:45:00,7.8,76.8163917674904,15
2019-07-29 22:00:00,9.466666666666667,76.71853010668879,15
2019-07-29 22:15:00,8.0,76.61244173289874,15
2019-07-29 22:30:00,7.466666666666667,76.36787354553239,15
2019-07-29 22:45:00,7.466666666666667,76.18000760270496,15
2019-07-29 23:00:00,4.133333333333334,76.00967814609292,15
2019-07-29 23:15:00,3.2,75.8499835327524,15
2019-07-29 23:30:00,3.8666666666666667,75.64112217490485,15
2019-07-29 23:45:00,3.3333333333333335,75.50636276762422,15
2019-07-30 00:00:00,6.666666666666667,75.50799616522444,15
2019-07-30 00:15:00,6.666666666666667,75.48820791543334,15
2019-07-30 00:30:00,7.533333333333333,75.36223767774023,15
2019-07-30 00:45:00,9.6,75.15344217459831,15
2019-07-30 01:00:00,7.4,74.88435754629519,15
2019-07-30 01:15:00,6.533333333333333,74.61990941798634,15
2019-07-30 01:30:00,3.066666666666667,74.42835729579367,15
2019-07-30 01:45:00,2.6666666666666665,74.34615584470787,15
2019-07-30 02:00:00,3.3333333333333335,74.20685101611407,15
2019-07-30 02:15:00,4.6,74.15018258318402,15
2019-07-30 02:30:00,2.1333333333333333,74.22192805650583,15
2019-07-30 02:45:00,3.2666666666666666,74.24750221640274,15
2019-07-30 03:00:00,3.066666666666667,74.1597363924284,15
2019-07-30 03:15:00,3.4,74.11818174243929,15
2019-07-30 03:30:00,2.6,73.9661651447491,15
2019-07-30 03:45:00,3.4,73.67601821966412,15
2019-07-30 04:00:00,4.8,73.36370511835105,15
2019-07-30 04:15:00,5.0,72.7868333747156,15
2019-07-30 04:30:00,4.4,72.55412505013145,15
2019-07-30 04:45:00,3.8666666666666667,72.15394234001036,15
2019-07-30 05:00:00,4.666666666666667,71.67080352431189,15
2019-07-30 05:15:00,9.533333333333333,71.30092290205002,15
2019-07-30 05:30:00,13.133333333333333,71.38388656301558,15
2019-07-30 05:45:00,12.2,71.34307570371492,15
2019-07-30 06:00:00,11.733333333333333,71.34186720564777,15
2019-07-30 06:15:00,12.0,71.58890246717031,15
2019-07-30 06:30:00,8.933333333333334,72.3429041354646,15
2019-07-30 06:45:00,6.533333333333333,72.95417256426963,15
2019-07-30 07:00:00,4.933333333333334,73.43658464062811,15
2019-07-30 07:15:00,6.933333333333334,73.80017973605257,15
2019-07-30 07:30:00,7.066666666666666,73.65440355823056,15
2019-07-30 07:45:00,8.0,73.87123077305522,15
2019-07-30 08:00:00,8.466666666666667,74.06889524120338,15
2019-07-30 08:15:00,8.333333333333334,74.26601429560185,15
2019-07-30 08:30:00,6.066666666666666,74.40295644945937,15
2019-07-30 08:45:00,3.6,74.51559893826264,15
2019-07-30 09:00:00,6.333333333333333,74.82606414237155,15
2019-07-30 09:15:00,12.333333333333334,75.05040267885155,15
2019-07-30 09:30:00,33.93333333333333,75.69834136160058,15
2019-07-30 09:45:00,49.86666666666667,76.20578337504237,15
2019-07-30 10:00:00,44.8,76.75667900925386,15
2019-07-30 10:15:00,29.6,77.07425686831164,15
2019-07-30 10:30:00,27.733333333333334,77.39917931353673,15
2019-07-30 10:45:00,30.266666666666666,77.64291899484557,15
2019-07-30 11:00:00,38.86666666666667,77.81622388455456,15
2019-07-30 11:15:00,57.86666666666667,78.00910948019231,15
2019-07-30 11:30:00,32.8,78.37273521547414,15
2019-07-30 11:45:00,25.266666666666666,78.74179628104238,15
2019-07-30 12:00:00,21.066666666666666,78.99914237519205,15
2019-07-30 12:15:00,20.266666666666666,78.7006493802713,15
2019-07-30 12:30:00,36.86666666666667,79.03558125652425,15
2019-07-30 12:45:00,12.933333333333334,79.1404050527927,15
2019-07-30 13:00:00,8.666666666666666,79.66627253159895,15
2019-07-30 13:15:00,6.666666666666667,78.77545723077698,15
2019-07-30 13:30:00,7.866666666666666,71.74491572366539,15
2019-07-30 13:45:00,9.8,69.54332600178775,15
2019-07-30 14:00:00,14.733333333333333,70.45094606716754,15
2019-07-30 14:15:00,11.6,71.5971907921295,15
2019-07-30 14:30:00,12.333333333333334,73.38173809249604,15
2019-07-30 14:45:00,9.866666666666667,73.162299943652,15
2019-07-30 15:00:00,4.4,73.452469439912,15
2019-07-30 15:15:00,4.666666666666667,74.34289977405962,15
2019-07-30 15:30:00,3.7333333333333334,74.71307283050447,15
2019-07-30 15:45:00,8.333333333333334,76.21693968173123,15
2019-07-30 16:00:00,12.2,76.80959102365473,15
2019-07-30 16:15:00,9.0,77.19015005086148,15
2019-07-30 16:30:00,6.0,76.69993777011946,15
2019-07-30 16:45:00,8.4,76.60436095161273,15
2019-07-30 17:00:00,15.4,77.01378619253471,15
2019-07-30 17:15:00,16.533333333333335,76.81868167906717,15
2019-07-30 17:30:00,13.333333333333334,76.7127612541401,15
2019-07-30 17:45:00,11.466666666666667,76.61686082054192,15
2019-07-30 18:00:00,5.4,76.76994235881016,15
2019-07-30 18:15:00,2.2,76.72627860582905,15
2019-07-30 18:30:00,5.2,76.80577127866326,15
2019-07-30 18:45:00,7.533333333333333,76.78837651562309,15
2019-07-30 19:00:00,12.0,76.62075511214127,15
2019-07-30 19:15:00,11.4,76.29465901640323,15
2019-07-30 19:30:00,11.2,75.7170752218985,15
2019-07-30 19:45:00,14.8,75.1824054065778,15
2019-07-30 20:00:00,13.4,74.86928408310601,15
2019-07-30 20:15:00,10.466666666666667,74.65352532942946,15
2019-07-30 20:30:00,11.2,74.41194247544237,15
2019-07-30 20:45:00,11.733333333333333,74.22206646322577,15
2019-07-30 21:00:00,10.533333333333333,74.06921433377816,15
2019-07-30 21:15:00,8.6,73.94076922855834,15
2019-07-30 21:30:00,8.466666666666667,73.60340029517408,15
2019-07-30 21:45:00,3.6,73.39455461492787,15
2019-07-30 22:00:00,3.4,73.39308647979064,15
2019-07-30 22:15:00,5.733333333333333,73.50444729037564,15
2019-07-30 22:30:00,8.066666666666666,73.43752130738854,15
2019-07-30 22:45:00,6.733333333333333,73.32235288174594,15
2019-07-30 23:00:00,5.0,73.29780865243563,15
2019-07-30 23:15:00,4.866666666666666,73.22073945514698,15
2019-07-30 23:30:00,6.6,73.1489462654538,15
2019-07-30 23:45:00,9.0,73.02318152153875,15
2019-07-31 00:00:00,7.2,73.00343984054297,15
2019-07-31 00:15:00,5.133333333333334,73.06758357290245,15
2019-07-31 00:30:00,6.733333333333333,73.00055318074733,15
2019-07-31 00:45:00,5.066666666666666,72.9255281769242,15
2019-07-31 01:00:00,5.4,72.82011310357528,15
2019-07-31 01:15:00,2.6,72.67113953656475,15
2019-07-31 01:30:00,4.333333333333333,72.47033018491797,15
2019-07-31 01:45:00,3.7333333333333334,72.34098222685897,15
2019-07-31 02:00:00,6.866666666666666,72.21254751487972,15
2019-07-31 02:15:00,5.8,72.16112767281525,15
2019-07-31 02:30:00,3.0,71.9393316418964,15
2019-07-31 02:45:00,2.466666666666667,71.6955512609758,15
2019-07-31 03:00:00,1.9333333333333333,71.42921140002568,15
2019-07-31 03:15:00,3.6666666666666665,71.28618178313083,15
2019-07-31 03:30:00,5.733333333333333,71.18516242591234,15
2019-07-31 03:45:00,2.8666666666666667,70.96326134208871,15
2019-07-31 04:00:00,2.1333333333333333,70.59776398974756,15
2019-07-31 04:15:00,6.4,70.25499865863016,15
2019-07-31 04:30:00,6.133333333333334,69.95844235168238,15
2019-07-31 04:45:00,3.466666666666667,69.67800193700647,15
2019-07-31 05:00:00,3.6666666666666665,69.29251764465621,15
2019-07-31 05:15:00,5.4,68.99609707331997,15
2019-07-31 05:30:00,11.6,68.7360403642103,15
2019-07-31 05:45:00,10.4,68.5044119825381,15
2019-07-31 06:00:00,8.4,68.42039276415089,15
2019-07-31 06:15:00,7.0,68.404015377155,15
2019-07-31 06:30:00,8.333333333333334,68.33452912224357,15
2019-07-31 06:45:00,11.933333333333334,68.47318835268284,15
2019-07-31 07:00:00,10.133333333333333,68.67376358712285,15
2019-07-31 07:15:00,9.8,69.05878257872422,15
2019-07-31 07:30:00,5.133333333333334,69.45827246958235,15
2019-07-31 07:45:00,2.066666666666667,69.69539829088026,15
2019-07-31 08:00:00,1.3333333333333333,70.08207512593076,15
2019-07-31 08:15:00,0.9333333333333333,70.35542803073245,15
2019-07-31 08:30:00,1.4,70.600892973538,15
2019-07-31 08:45:00,3.6666666666666665,71.11547680421921,15
2019-07-31 09:00:00,5.466666666666667,71.56924685134646,15
2019-07-31 09:15:00,7.333333333333333,71.59030136430987,15
2019-07-31 09:30:00,12.533333333333333,72.21971501524119,15
2019-07-31 09:45:00,45.4,73.15678994549339,15
2019-07-31 10:00:00,36.733333333333334,73.71958385986812,15
2019-07-31 10:15:00,22.066666666666666,74.14740925533097,15
2019-07-31 10:30:00,24.266666666666666,74.37783375774028,15
2019-07-31 10:45:00,19.0,74.99567715428921,15
2019-07-31 11:00:00,40.0,75.42326900316807,15
2019-07-31 11:15:00,28.866666666666667,75.87293362678763,15
2019-07-31 11:30:00,24.733333333333334,76.34099426319395,15
2019-07-31 11:45:00,18.466666666666665,76.56706740435668,15
2019-07-31 12:00:00,20.4,76.49903925103715,15
2019-07-31 12:15:00,29.266666666666666,76.61479381210637,15
2019-07-31 12:30:00,9.2,76.6121524074497,15
2019-07-31 12:45:00,9.266666666666667,76.55476844475902,15
2019-07-31 13:00:00,7.733333333333333,76.85845287192586,15
2019-07-31 13:15:00,9.866666666666667,76.52832973709592,15
2019-07-31 13:30:00,10.2,76.7213441796305,15
2019-07-31 13:45:00,6.2,76.53299145997336,15
2019-07-31 14:00:00,4.0,76.66915440770929,15
2019-07-31 14:15:00,5.933333333333334,76.60040935867293,15
2019-07-31 14:30:00,5.866666666666666,75.90342528367599,15
2019-07-31 14:45:00,3.4,75.44227182556916,15
2019-07-31 15:00:00,5.6,75.83856152657194,15
2019-07-31 15:15:00,8.666666666666666,75.70141497952754,15
2019-07-31 15:30:00,10.066666666666666,75.95174822475678,15
2019-07-31 15:45:00,11.0,75.14922115822979,15
2019-07-31 16:00:00,11.8,74.59464850016487,15
2019-07-31 16:15:00,8.266666666666667,74.40999279198631,15
2019-07-31 16:30:00,8.2,74.18720973878548,15
2019-07-31 16:45:00,9.666666666666666,75.07899028488909,15
2019-07-31 17:00:00,12.8,74.90658208413552,15
2019-07-31 17:15:00,19.533333333333335,74.55315295340232,15
2019-07-31 17:30:00,14.133333333333333,74.18618738986912,15
2019-07-31 17:45:00,9.266666666666667,75.04999539721837,15
2019-07-31 18:00:00,4.466666666666667,74.91857831168143,15
2019-07-31 18:15:00,2.2,74.26663560019671,15
2019-07-31 18:30:00,7.133333333333334,73.88666521541397,15
2019-07-31 18:45:00,7.8,74.1007641047902,15
2019-07-31 19:00:00,11.666666666666666,74.20696071735931,15
2019-07-31 19:15:00,10.133333333333333,74.13034826372522,15
2019-07-31 19:30:00,11.466666666666667,73.70674587552382,15
2019-07-31 19:45:00,8.2,73.2555163035875,15
2019-07-31 20:00:00,9.466666666666667,72.86326897871949,15
2019-07-31 20:15:00,11.933333333333334,72.50522807572868,15
2019-07-31 20:30:00,12.466666666666667,71.91391460410972,15
2019-07-31 20:45:00,12.4,71.52152476693588,15
2019-07-31 21:00:00,5.8,70.9779621890529,15
2019-07-31 21:15:00,5.266666666666667,70.46654440002582,15
2019-07-31 21:30:00,3.8666666666666667,69.944272914763,15
2019-07-31 21:45:00,3.466666666666667,69.54856515431021,15
2019-07-31 22:00:00,3.6666666666666665,69.23653286014054,15
2019-07-31 22:15:00,3.8,68.7161686268073,15
2019-07-31 22:30:00,3.7333333333333334,68.63034426402476,15
2019-07-31 22:45:00,2.933333333333333,68.44916316576355,15
2019-07-31 23:00:00,3.3333333333333335,68.19506920977415,15
2019-07-31 23:15:00,3.8,67.71508012693798,15
2019-07-31 23:30:00,4.266666666666667,67.35945143518875,15
2019-07-31 23:45:00,4.266666666666667,67.28256405610301,15
2019-08-01 00:00:00,8.866666666666667,67.15396924862145,15
2019-08-01 00:15:00,4.666666666666667,66.9930958110999,15
2019-08-01 00:30:00,4.933333333333334,66.55247304904427,15
2019-08-01 00:45:00,3.2,66.30614485920769,15
2019-08-01 01:00:00,2.1333333333333333,66.00438170800014,15
2019-08-01 01:15:00,1.4,65.56069371419824,15
2019-08-01 01:30:00,2.933333333333333,65.18473810705314,15
2019-08-01 01:45:00,2.2,65.05727304074458,15
2019-08-01 02:00:00,1.3333333333333333,64.64194694214677,15
2019-08-01 02:15:00,4.466666666666667,64.37534402572491,15
2019-08-01 02:30:00,4.066666666666666,63.63510849449066,15
2019-08-01 02:45:00,0.3333333333333333,62.73030872251301,15
2019-08-01 03:00:00,1.0666666666666667,62.29789361542574,15
2019-08-01 03:15:00,2.066666666666667,61.76726954115725,15
2019-08-01 03:30:00,3.4,61.51044560599551,15
2019-08-01 03:45:00,4.533333333333333,61.214719335576696,15
2019-08-01 04:00:00,4.066666666666666,60.994043162635,15
2019-08-01 04:15:00,2.8666666666666667,60.29292396748148,15
2019-08-01 04:30:00,2.6,59.31995074642433,15
2019-08-01 04:45:00,1.4,58.9227808724193,15
2019-08-01 05:00:00,3.466666666666667,58.85624272202616,15
2019-08-01 05:15:00,9.066666666666666,58.89927674725163,15
2019-08-01 05:30:00,9.133333333333333,58.70745769775763,15
2019-08-01 05:45:00,11.066666666666666,58.47486311200424,15
2019-08-01 06:00:00,11.0,58.96746930747684,15
2019-08-01 06:15:00,10.333333333333334,59.639365073851216,15
2019-08-01 06:30:00,11.666666666666666,60.63906152744156,15
2019-08-01 06:45:00,8.933333333333334,61.55501721381771,15
2019-08-01 07:00:00,6.466666666666667,62.62913652007202,15
2019-08-01 07:15:00,5.333333333333333,64.17147818689553,15
2019-08-01 07:30:00,5.4,65.54774355135662,15
2019-08-01 07:45:00,3.8666666666666667,66.1413301038833,15
2019-08-01 08:00:00,3.6,66.75432217768328,15
2019-08-01 08:15:00,3.0,66.86602051285276,15
2019-08-01 08:30:00,2.4,67.11010856952599,15
2019-08-01 08:45:00,5.866666666666666,67.50870150808547,15
2019-08-01 09:00:00,6.666666666666667,67.61073434060269,15
2019-08-01 09:15:00,9.0,68.03153671759974,15
2019-08-01 09:30:00,27.866666666666667,68.3815868722374,15
2019-08-01 09:45:00,42.733333333333334,68.75267596216403,15
2019-08-01 10:00:00,26.666666666666668,69.18638749050155,15
2019-08-01 10:15:00,23.2,69.70238538215288,15
2019-08-01 10:30:00,20.0,69.88965166816084,15
2019-08-01 10:45:00,21.6,70.00315609074718,15
2019-08-01 11:00:00,38.53333333333333,70.21862446341285,15
2019-08-01 11:15:00,28.466666666666665,70.71573620408255,15
2019-08-01 11:30:00,21.533333333333335,70.96877501712666,15
2019-08-01 11:45:00,17.6,70.6431069901272,15
2019-08-01 12:00:00,12.666666666666666,70.47017273264898,15
2019-08-01 12:15:00,31.066666666666666,70.89997506542697,15
2019-08-01 12:30:00,10.0,70.62152281686231,15
2019-08-01 12:45:00,6.066666666666666,70.50979349759282,15
2019-08-01 13:00:00,14.533333333333333,70.60028510205433,15
2019-08-01 13:15:00,10.466666666666667,70.69546159429068,15
2019-08-01 13:30:00,10.133333333333333,70.71985940004707,15
2019-08-01 13:45:00,8.0,70.9695736931928,15
2019-08-01 14:00:00,6.533333333333333,71.06795333836949,15
2019-08-01 14:15:00,5.133333333333334,71.27409853658646,15
2019-08-01 14:30:00,5.933333333333334,71.44759885461438,15
2019-08-01 14:45:00,6.4,71.49117662489708,15
2019-08-01 15:00:00,4.2,71.68117825914416,15
2019-08-01 15:15:00,4.933333333333334,72.04829426826868,15
2019-08-01 15:30:00,4.733333333333333,72.30150116650087,15
2019-08-01 15:45:00,14.2,72.23027140903953,15
2019-08-01 16:00:00,16.733333333333334,72.10174162592192,15
2019-08-01 16:15:00,10.733333333333333,72.44202880824004,15
2019-08-01 16:30:00,9.533333333333333,72.66561361208454,15
2019-08-01 16:45:00,7.933333333333334,72.4556594474264,15
2019-08-01 17:00:00,15.666666666666666,72.5502652640973,15
2019-08-01 17:15:00,16.066666666666666,72.89682616252904,15
2019-08-01 17:30:00,13.866666666666667,72.5587769149929,15
2019-08-01 17:45:00,5.066666666666666,72.42788411817301,15
2019-08-01 18:00:00,4.6,72.11172491151152,15
2019-08-01 18:15:00,1.4666666666666666,71.83262891512221,15
2019-08-01 18:30:00,4.0,71.5950492162391,15
2019-08-01 18:45:00,11.933333333333334,71.42995988063001,15
2019-08-01 19:00:00,12.333333333333334,71.39074578578187,15
2019-08-01 19:15:00,11.266666666666667,70.99971655044862,15
2019-08-01 19:30:00,13.4,70.43535388793451,15
2019-08-01 19:45:00,8.533333333333333,70.02277050628528,15
2019-08-01 20:00:00,11.733333333333333,69.83668042050738,15
2019-08-01 20:15:00,17.533333333333335,69.5698088798458,15
2019-08-01 20:30:00,15.066666666666666,69.26101802227771,15
2019-08-01 20:45:00,11.6,68.93337346993157,15
2019-08-01 21:00:00,7.266666666666667,68.63648531297287,15
2019-08-01 21:15:00,2.933333333333333,68.31980070911679,15
2019-08-01 21:30:00,3.8,67.7015732544614,15
2019-08-01 21:45:00,2.6666666666666665,67.10765383978857,15
2019-08-01 22:00:00,2.1333333333333333,66.96063011013213,15
2019-08-01 22:15:00,3.0,66.89827307922138,15
2019-08-01 22:30:00,3.6666666666666665,66.50470241848059,15
2019-08-01 22:45:00,4.0,66.25527402399798,15
2019-08-01 23:00:00,4.133333333333334,66.27577108414103,15
2019-08-01 23:15:00,2.6,65.72090804819948,15
2019-08-01 23:30:00,2.466666666666667,65.33238065314966,15
2019-08-01 23:45:00,6.6,65.26553598295067,15
2019-08-02 00:00:00,5.866666666666666,65.10322740382388,15
2019-08-02 00:15:00,4.333333333333333,65.16260319422179,15
2019-08-02 00:30:00,2.4,65.0178808780614,15
2019-08-02 00:45:00,4.933333333333334,64.84900589160485,15
2019-08-02 01:00:00,3.8,64.62442469019399,15
2019-08-02 01:15:00,2.933333333333333,64.45878970495704,15
2019-08-02 01:30:00,3.6666666666666665,64.53992424406447,15
2019-08-02 01:45:00,1.4,64.77705234176942,15
2019-08-02 02:00:00,2.8666666666666667,64.65137071510883,15
2019-08-02 02:15:00,2.8666666666666667,64.56476599277106,15
2019-08-02 02:30:00,1.2,64.54225058315727,15
2019-08-02 02:45:00,3.2,64.38846608857891,15
2019-08-02 03:00:00,6.6,64.02963065243797,15
2019-08-02 03:15:00,3.2,63.75216677226256,15
2019-08-02 03:30:00,1.8666666666666667,63.43033479491777,15
2019-08-02 03:45:00,1.4,63.1239753723251,15
2019-08-02 04:00:00,2.0,63.01874420840073,15
2019-08-02 04:15:00,1.1333333333333333,62.863442450862046,15
2019-08-02 04:30:00,3.933333333333333,62.68174674498823,15
2019-08-02 04:45:00,2.8,62.48543652070874,15
2019-08-02 05:00:00,4.066666666666666,62.34482563817456,15
2019-08-02 05:15:00,5.533333333333333,62.02876742572483,15
2019-08-02 05:30:00,9.133333333333333,61.39311508934903,15
2019-08-02 05:45:00,12.933333333333334,61.00346965905741,15
2019-08-02 06:00:00,10.066666666666666,61.014752518163675,15
2019-08-02 06:15:00,11.133333333333333,61.26856952279849,15
2019-08-02 06:30:00,12.933333333333334,61.691312566158125,15
2019-08-02 06:45:00,9.466666666666667,62.33554552208014,15
2019-08-02 07:00:00,6.733333333333333,62.92444255010157,15
2019-08-02 07:15:00,4.4,63.48638403928816,15
2019-08-02 07:30:00,2.2,64.08235470286364,15
2019-08-02 07:45:00,2.466666666666667,64.64231194812912,15
2019-08-02 08:00:00,3.1333333333333333,64.96838057001766,15
2019-08-02 08:15:00,3.6,65.33718798454454,15
2019-08-02 08:30:00,4.2,65.87175128287538,15
2019-08-02 08:45:00,4.466666666666667,66.27809835661141,15
2019-08-02 09:00:00,5.466666666666667,66.72765709323431,15
2019-08-02 09:15:00,13.6,67.16663534236058,15
2019-08-02 09:30:00,17.133333333333333,67.91213455192263,15
2019-08-02 09:45:00,40.666666666666664,68.75619739261488,15
2019-08-02 10:00:00,42.93333333333333,69.27743818628127,15
2019-08-02 10:15:00,25.466666666666665,69.85988978982827,15
2019-08-02 10:30:00,20.6,70.48439041718032,15
2019-08-02 10:45:00,16.4,71.17770332636879,15
2019-08-02 11:00:00,13.0,71.82237041572887,15
2019-08-02 11:15:00,51.6,72.03105178288128,15
2019-08-02 11:30:00,21.733333333333334,72.22838994519138,15
2019-08-02 11:45:00,19.6,72.69966401056871,15
2019-08-02 12:00:00,11.6,72.96634013301569,15
2019-08-02 12:15:00,17.6,73.28504174738897,15
2019-08-02 12:30:00,31.333333333333332,73.60956833073993,15
2019-08-02 12:45:00,14.733333333333333,73.56564434568021,15
2019-08-02 13:00:00,13.8,73.6549854663675,15
2019-08-02 13:15:00,11.866666666666667,73.96194338318823,15
2019-08-02 13:30:00,7.8,73.8063546448138,15
2019-08-02 13:45:00,3.6666666666666665,73.82856428425235,15
2019-08-02 14:00:00,1.1333333333333333,73.95358243061908,15
2019-08-02 14:15:00,3.6666666666666665,74.180519332244,15
2019-08-02 14:30:00,4.066666666666666,74.3126699232643,15
2019-08-02 14:45:00,6.933333333333334,74.55362043052229,15
2019-08-02 15:00:00,14.8,74.61366665817505,15
2019-08-02 15:15:00,11.8,74.6567311457615,15
2019-08-02 15:30:00,14.2,74.58420009552721,15
2019-08-02 15:45:00,11.733333333333333,74.47836600842136,15
2019-08-02 16:00:00,9.933333333333334,74.59635770641056,15
2019-08-02 16:15:00,9.933333333333334,74.56984952102665,15
2019-08-02 16:30:00,6.6,74.28481228891027,15
2019-08-09 11:45:00,14.866666666666667,71.08472722480562,15
2019-08-09 12:00:00,12.0,70.5040395054845,15
2019-08-09 12:15:00,26.666666666666668,70.44969873820865,15
2019-08-09 12:30:00,14.066666666666666,70.46002183269705,15
2019-08-09 12:45:00,8.2,70.19070963770092,15
2019-08-09 13:00:00,4.8,71.17018924921148,15
2019-08-09 13:15:00,1.6,71.0393738139272,15
2019-08-09 13:30:00,1.6666666666666667,70.35609677098167,15
2019-08-09 13:45:00,1.2666666666666666,68.90908520415995,15
2019-08-09 14:00:00,2.933333333333333,69.33714761650316,15
2019-08-09 14:15:00,4.933333333333334,70.05910592510601,15
2019-08-09 14:30:00,8.933333333333334,71.27734660864836,15
2019-08-09 14:45:00,9.6,69.29776603818868,15
2019-08-09 15:00:00,10.4,63.59924578753367,15
2019-08-09 15:15:00,7.933333333333334,61.664695120827595,15
2019-08-09 15:30:00,7.866666666666666,63.638897313777726,15
2019-08-09 15:45:00,8.066666666666666,65.94470416103518,15
2019-08-09 16:00:00,10.4,67.03568593585426,15
2019-08-09 16:15:00,10.733333333333333,67.8646602381417,15
2019-08-09 16:30:00,11.266666666666667,68.06985506942408,15
2019-08-09 16:45:00,7.6,68.22806302574321,15
2019-08-09 17:00:00,10.466666666666667,68.45103363819395,15
2019-08-09 17:15:00,15.666666666666666,69.22328048253719,15
2019-08-09 17:30:00,14.466666666666667,68.85764978287149,15
2019-08-09 17:45:00,6.666666666666667,68.61237768801101,15
2019-08-09 18:00:00,3.2,67.81049105134741,15
2019-08-09 18:15:00,1.6,66.27348066600223,15
2019-08-09 18:30:00,2.1333333333333333,66.69700310631607,15
2019-08-09 18:45:00,4.0,67.1678293467009,15
2019-08-09 19:00:00,6.266666666666667,66.89475018498398,15
2019-08-09 19:15:00,6.8,66.56753223758115,15
2019-08-09 19:30:00,4.466666666666667,66.32131373011119,15
2019-08-09 19:45:00,6.866666666666666,66.05899219819156,15
2019-08-09 20:00:00,9.266666666666667,65.97837917335836,15
2019-08-09 20:15:00,12.933333333333334,65.98524563542476,15
2019-08-09 20:30:00,14.933333333333334,63.686842246350864,15
2019-08-09 20:45:00,11.866666666666667,60.39242258712556,15
2019-08-09 21:00:00,6.4,59.872828502482214,15
2019-08-09 21:15:00,3.066666666666667,59.686597018992494,15
2019-08-09 21:30:00,2.1333333333333333,59.37651912384789,15
2019-08-09 21:45:00,2.533333333333333,59.40975251419593,15
2019-08-09 22:00:00,3.4,59.59156325084185,15
2019-08-09 22:15:00,4.266666666666667,59.120144365423066,15
2019-08-09 22:30:00,5.8,58.58521884913696,15
2019-08-09 22:45:00,2.6,58.567068372247,15
2019-08-09 23:00:00,1.2,58.873405617333354,15
2019-08-09 23:15:00,1.3333333333333333,59.014815508865155,15
2019-08-09 23:30:00,3.466666666666667,59.13812803305415,15
2019-08-09 23:45:00,2.4,59.160106820126565,15
2019-08-10 00:00:00,2.2666666666666666,59.3440590969322,15
2019-08-10 00:15:00,1.8666666666666667,59.67463025712973,15
2019-08-10 00:30:00,5.266666666666667,59.84664266196884,15
2019-08-10 00:45:00,4.066666666666666,60.01400748677707,15
2019-08-10 01:00:00,2.8666666666666667,60.0253915224568,15
2019-08-10 01:15:00,1.4666666666666666,59.93244590397119,15
2019-08-10 01:30:00,2.8,60.033436437905515,15
2019-08-10 01:45:00,3.0,60.30581266276196,15
2019-08-10 02:00:00,1.1333333333333333,60.23115391630794,15
2019-08-10 02:15:00,1.7333333333333334,59.88323414507449,15
2019-08-10 02:30:00,0.3333333333333333,59.50224443762736,15
2019-08-10 02:45:00,2.0,59.354673518108065,15
2019-08-10 03:00:00,2.6,59.28342578391809,15
2019-08-10 03:15:00,3.533333333333333,59.343946175608416,15
2019-08-10 03:30:00,2.0,59.58326071520617,15
2019-08-10 03:45:00,0.13333333333333333,59.4383151201661,15
2019-08-10 04:00:00,0.6666666666666666,59.2814892214808,15
2019-08-10 04:15:00,3.933333333333333,59.2226553711102,15
2019-08-10 04:30:00,3.1333333333333333,58.85150753252905,15
2019-08-10 04:45:00,0.6,58.99269441014201,15
2019-08-10 05:00:00,3.3333333333333335,58.95522668472063,15
2019-08-10 05:15:00,5.866666666666666,58.77477792850464,15
2019-08-10 05:30:00,9.8,58.79282215902568,15
2019-08-10 05:45:00,12.066666666666666,58.54154028793283,15
2019-08-10 06:00:00,10.266666666666667,58.34100467165964,15
2019-08-10 06:15:00,10.933333333333334,58.09551696302771,15
2019-08-10 06:30:00,7.466666666666667,58.20738466981789,15
2019-08-10 06:45:00,5.666666666666667,58.40248930142396,15
2019-08-10 07:00:00,4.133333333333334,58.64327524453998,15
2019-08-10 07:15:00,5.533333333333333,58.90367885278369,15
2019-08-10 07:30:00,6.466666666666667,58.819330900780365,15
2019-08-10 07:45:00,7.733333333333333,59.18027499117179,15
2019-08-10 08:00:00,6.0,59.49361935529447,15
2019-08-10 08:15:00,8.533333333333333,59.78519719685168,15
2019-08-10 08:30:00,8.733333333333333,60.30059445652475,15
2019-08-10 08:45:00,4.933333333333334,60.798758485216105,15
2019-08-10 09:00:00,2.066666666666667,61.58356974051958,15
2019-08-10 09:15:00,0.7333333333333333,61.761886777813395,15
2019-08-10 09:30:00,1.8666666666666667,61.87746620887868,15
2019-08-10 09:45:00,2.1333333333333333,61.989308540810384,15
2019-08-10 10:00:00,6.4,61.70962203096662,15
2019-08-10 10:15:00,6.933333333333334,62.15114784252909,15
2019-08-10 10:30:00,9.4,62.77599005043772,15
2019-08-10 10:45:00,8.933333333333334,62.86959257435519,15
2019-08-10 11:00:00,9.666666666666666,63.021095227671985,15
2019-08-10 11:15:00,9.466666666666667,63.28204523056446,15
2019-08-10 11:30:00,3.466666666666667,63.817008739244805,15
2019-08-10 11:45:00,3.8,63.97637212558926,15
2019-08-10 12:00:00,6.0,63.59431770987053,15
2019-08-10 12:15:00,8.666666666666666,64.35077478025767,15
2019-08-10 12:30:00,11.066666666666666,64.83685517667266,15
2019-08-10 12:45:00,8.266666666666667,65.6887520449291,15
2019-08-10 13:00:00,4.8,65.2266629900252,15
2019-08-10 13:15:00,4.8,63.31546664893594,15
2019-08-10 13:30:00,4.333333333333333,62.80165768715088,15
2019-08-10 13:45:00,4.733333333333333,63.19491413190384,15
2019-08-10 14:00:00,5.466666666666667,64.06435559317194,15
2019-08-10 14:15:00,3.3333333333333335,64.00136951782068,15
2019-08-10 14:30:00,1.8,64.0515466896487,15
2019-08-10 14:45:00,1.4666666666666666,62.738596573017766,15
2019-08-10 15:00:00,3.533333333333333,59.82096489339286,15
2019-08-10 15:15:00,7.733333333333333,58.91569676171958,15
2019-08-10 15:30:00,6.666666666666667,59.66613978299629,15
2019-08-10 15:45:00,5.533333333333333,61.560593790324766,15
2019-08-10 16:00:00,6.2,63.12388652730851,15
2019-08-10 16:15:00,5.6,63.97032845682554,15
2019-08-10 16:30:00,6.733333333333333,63.64711984592585,15
2019-08-10 16:45:00,8.133333333333333,63.504604513880565,15
2019-08-10 17:00:00,14.333333333333334,63.51722671996347,15
2019-08-10 17:15:00,14.733333333333333,63.93296446735619,15
2019-08-10 17:30:00,10.6,64.65681453621154,15
2019-08-10 17:45:00,7.0,64.86359897877425,15
2019-08-10 18:00:00,3.8666666666666667,64.7141955990152,15
2019-08-10 18:15:00,2.1333333333333333,64.67297367990858,15
2019-08-10 18:30:00,4.866666666666666,64.63540897608952,15
2019-08-10 18:45:00,3.2,64.64650838841378,15
2019-08-10 19:00:00,4.6,64.53840815574199,15
2019-08-10 19:15:00,8.4,64.24679314544645,15
2019-08-10 19:30:00,8.866666666666667,63.889501140145775,15
2019-08-10 19:45:00,10.333333333333334,63.72605634495295,15
2019-08-10 20:00:00,11.4,63.6779257389642,15
2019-08-10 20:15:00,14.933333333333334,63.50266172648941,15
2019-08-10 20:30:00,17.133333333333333,63.56195438021027,15
2019-08-10 20:45:00,13.928571428571429,63.428073590781885,14
2019-08-10 21:00:00,9.142857142857142,63.04036740502904,14
2019-08-10 21:15:00,3.5,62.92932752334843,14
2019-08-10 21:30:00,3.9285714285714284,62.60957396647899,14
2019-08-10 21:45:00,5.857142857142857,62.60971131358918,14
2019-08-10 22:00:00,3.7142857142857144,62.60589103273185,14
2019-08-10 22:15:00,0.35714285714285715,62.07970546708967,14
2019-08-10 22:30:00,0.5714285714285714,61.99610266849471,14
2019-08-10 22:45:00,1.2857142857142858,61.93391030065706,14
2019-08-10 23:00:00,4.642857142857143,61.74182493661552,14
2019-08-10 23:15:00,4.714285714285714,61.49829175769633,14
2019-08-10 23:30:00,3.642857142857143,60.64910041586497,14
2019-08-10 23:45:00,1.7142857142857142,59.70543452418841,14
2019-08-11 00:00:00,3.2142857142857144,59.295252555935896,14
2019-08-11 00:15:00,2.4285714285714284,59.55020807880086,14
2019-08-11 00:30:00,4.642857142857143,59.431805301847184,14
2019-08-11 00:45:00,2.142857142857143,59.07744792584579,14
2019-08-11 01:00:00,1.7142857142857142,58.72642566400663,14
2019-08-11 01:15:00,5.071428571428571,58.57811755193438,14
2019-08-11 01:30:00,4.142857142857143,58.276295098353565,14
2019-08-11 01:45:00,1.4285714285714286,58.46791140616934,14
2019-08-11 02:00:00,1.5714285714285714,58.40796584235817,14
2019-08-11 02:15:00,0.35714285714285715,58.33311128729736,14
2019-08-11 02:30:00,3.2142857142857144,58.673499727484206,14
2019-08-11 02:45:00,1.5,58.78619091410861,14
2019-08-11 03:00:00,1.3571428571428572,58.19179702415812,14
2019-08-11 03:15:00,0.9285714285714286,57.85229243918402,14
2019-08-11 03:30:00,1.2142857142857142,57.81619890943448,14
2019-08-11 03:45:00,1.5714285714285714,57.76969527557845,14
2019-08-11 04:00:00,2.2142857142857144,57.75710665935747,14
2019-08-11 04:15:00,3.142857142857143,57.85567905032159,14
2019-08-11 04:30:00,1.9285714285714286,57.16138014615071,14
2019-08-11 04:45:00,3.142857142857143,56.70237602816824,14
2019-08-11 05:00:00,4.428571428571429,56.71649625700241,14
2019-08-11 05:15:00,8.142857142857142,56.820884579892976,14
2019-08-11 05:30:00,9.428571428571429,57.038205980227815,14
2019-08-11 05:45:00,10.642857142857142,57.16557110896451,14
2019-08-11 06:00:00,11.642857142857142,57.226606615836225,14
2019-08-11 06:15:00,10.785714285714286,57.364906668399506,14
2019-08-11 06:30:00,6.857142857142857,57.58154360555568,14
2019-08-11 06:45:00,6.285714285714286,57.74956656470075,14
2019-08-11 07:00:00,5.428571428571429,58.0763439844248,14
2019-08-11 07:15:00,1.2857142857142858,58.68674228112257,14
2019-08-11 07:30:00,0.07142857142857142,58.80823329980546,14
2019-08-11 07:45:00,1.5714285714285714,58.5106779076186,14
2019-08-11 08:00:00,5.071428571428571,59.188299974338314,14
2019-08-11 08:15:00,7.0,59.80782790633652,14
2019-08-11 08:30:00,3.142857142857143,60.46906469648864,14
2019-08-11 08:45:00,4.571428571428571,61.02600509089573,14
2019-08-11 09:00:00,4.357142857142857,62.03277756089807,14
2019-08-11 09:15:00,3.5,62.95167895684356,14
2019-08-11 09:30:00,3.2857142857142856,63.967960608500995,14
2019-08-11 09:45:00,4.714285714285714,64.88096431884834,14
2019-08-11 10:00:00,7.642857142857143,65.69935285697245,14
2019-08-11 10:15:00,8.071428571428571,66.54469401563905,14
2019-08-11 10:30:00,7.857142857142857,67.02179927601809,14
2019-08-11 10:45:00,6.357142857142857,67.48490676822477,14
2019-08-11 11:00:00,7.428571428571429,68.07502389978266,14
2019-08-11 11:15:00,6.285714285714286,68.35009996572536,14
2019-08-11 11:30:00,4.0,68.7950687468301,14
2019-08-11 11:45:00,4.785714285714286,69.14084725399539,14
2019-08-11 12:00:00,5.0,69.58450334129644,14
2019-08-11 12:15:00,5.642857142857143,69.94372737439824,14
2019-08-11 12:30:00,7.285714285714286,70.2026808096405,14
2019-08-11 12:45:00,6.571428571428571,70.28829469642903,14
2019-08-11 13:00:00,5.357142857142857,70.4126051669623,14
2019-08-11 13:15:00,8.428571428571429,70.65480911980528,14
2019-08-11 13:30:00,7.928571428571429,70.78868868844633,14
2019-08-11 13:45:00,8.071428571428571,70.92632616108664,14
2019-08-11 14:00:00,7.714285714285714,71.06662734942904,14
2019-08-11 14:15:00,7.0,71.57182967587691,14
2019-08-11 14:30:00,4.928571428571429,71.70515860629722,14
2019-08-11 14:45:00,2.642857142857143,71.92495698036318,14
2019-08-11 15:00:00,7.5,71.82437118135532,14
2019-08-11 15:15:00,10.285714285714286,71.69448238067905,14
2019-08-11 15:30:00,12.142857142857142,72.40017489004116,14
2019-08-11 15:45:00,11.642857142857142,72.5177601368536,14
2019-08-11 16:00:00,14.785714285714286,72.86763369823295,14
2019-08-11 16:15:00,11.428571428571429,72.40255062727103,14
2019-08-11 16:30:00,8.928571428571429,71.8955964295164,14
2019-08-11 16:45:00,9.214285714285714,71.9231015754303,14
2019-08-11 17:00:00,11.714285714285714,72.11858990432519,14
2019-08-11 17:15:00,14.285714285714286,72.05120835430951,14
2019-08-11 17:30:00,11.857142857142858,71.7062107954003,14
2019-08-11 17:45:00,11.857142857142858,72.03701741671266,14
2019-08-11 18:00:00,6.571428571428571,72.26438873848085,14
2019-08-11 18:15:00,3.7857142857142856,72.01190457224124,14
2019-08-11 18:30:00,3.0,71.66386010453722,14
2019-08-11 18:45:00,6.0,71.37774682817643,14
2019-08-11 19:00:00,3.7857142857142856,71.130021671752,14
2019-08-11 19:15:00,2.9285714285714284,70.75996769121741,14
2019-08-11 19:30:00,5.357142857142857,70.56422362207294,14
2019-08-11 19:45:00,10.142857142857142,70.33753294721669,14
2019-08-11 20:00:00,12.928571428571429,70.05443994942134,14
2019-08-11 20:15:00,15.857142857142858,69.83635226176263,14
2019-08-11 20:30:00,17.5,69.79007061057304,14
2019-08-11 20:45:00,12.071428571428571,69.79862833027848,14
2019-08-11 21:00:00,10.428571428571429,69.75159461623957,14
2019-08-11 21:15:00,4.785714285714286,69.73689908958993,14
2019-08-11 21:30:00,2.857142857142857,69.76439425947736,14
2019-08-11 21:45:00,2.5714285714285716,69.84825081239899,14
2019-08-11 22:00:00,2.5714285714285716,70.08074397769558,14
2019-08-11 22:15:00,5.0,70.19793725291169,14
2019-08-11 22:30:00,4.0,70.06870744407321,14
2019-08-11 22:45:00,4.357142857142857,69.80671528393616,14
2019-08-11 23:00:00,1.5,69.46692832325373,14
2019-08-11 23:15:00,2.2142857142857144,69.08650793072631,14
2019-08-11 23:30:00,3.142857142857143,68.84177392612764,14
2019-08-11 23:45:00,5.5,68.6452128408913,14
2019-08-12 00:00:00,3.5,68.42307981811526,14
2019-08-12 00:15:00,3.2857142857142856,68.24167746272877,14
2019-08-12 00:30:00,3.0714285714285716,68.0614847633398,14
2019-08-12 00:45:00,2.9285714285714284,67.90494518727486,14
2019-08-12 01:00:00,2.642857142857143,67.77659303368137,14
2019-08-12 01:15:00,5.0,67.79993655013594,14
2019-08-12 01:30:00,3.0714285714285716,67.7271996222347,14
2019-08-12 01:45:00,1.0714285714285714,67.60667094871428,14
2019-08-12 02:00:00,1.2142857142857142,67.47676340821523,14
2019-08-12 02:15:00,3.642857142857143,67.1386476813491,14
2019-08-12 02:30:00,4.928571428571429,66.94555423875958,14
2019-08-12 02:45:00,2.857142857142857,66.68620968964747,14
2019-08-12 03:00:00,5.0,66.61129079779558,14
2019-08-12 03:15:00,3.7857142857142856,66.63407822881591,14
2019-08-12 03:30:00,0.35714285714285715,66.66891278730125,14
2019-08-12 03:45:00,0.07142857142857142,66.66714859654626,14
2019-08-12 04:00:00,1.9285714285714286,66.32087977867818,14
2019-08-12 04:15:00,1.1428571428571428,65.90343900000475,14
2019-08-12 04:30:00,0.35714285714285715,65.6514556720507,14
2019-08-12 04:45:00,1.2857142857142858,65.57794514254681,14
2019-08-12 05:00:00,4.785714285714286,65.3453705528006,14
2019-08-12 05:15:00,7.5,65.29146580681258,14
2019-08-12 05:30:00,9.071428571428571,65.35100500244016,14
2019-08-12 05:45:00,10.357142857142858,65.35212583090812,14
2019-08-12 06:00:00,13.785714285714286,65.1723211345657,14
2019-08-12 06:15:00,11.357142857142858,65.07122538321211,14
2019-08-12 06:30:00,13.857142857142858,65.08248410309554,14
2019-08-12 06:45:00,11.0,65.03354081133405,14
2019-08-12 07:00:00,9.571428571428571,65.1214254059833,14
2019-08-12 07:15:00,2.5714285714285716,64.97457116687974,14
2019-08-12 07:30:00,4.142857142857143,64.68139178352006,14
2019-08-12 07:45:00,3.7857142857142856,64.90890608445662,14
2019-08-12 08:00:00,5.714285714285714,64.12752750162822,14
2019-08-12 08:15:00,4.928571428571429,63.63529086221862,14
2019-08-12 08:30:00,2.642857142857143,63.64448867274617,14
2019-08-12 08:45:00,0.6428571428571429,63.9121475511189,14
2019-08-12 09:00:00,8.0,64.06868858669114,14
2019-08-12 09:15:00,12.357142857142858,64.54148476816631,14
2019-08-12 09:30:00,20.428571428571427,65.10676397482415,14
2019-08-12 09:45:00,52.285714285714285,66.19990171388861,14
2019-08-12 10:00:00,35.357142857142854,67.44146122902269,14
2019-08-12 10:15:00,28.357142857142858,67.88672976634436,14
2019-08-12 10:30:00,17.0,68.39955962075848,14
2019-08-12 10:45:00,21.428571428571427,69.42773972702729,14
2019-08-12 11:00:00,40.57142857142857,70.07107662454956,14
2019-08-12 11:15:00,16.357142857142858,70.66303765808442,14
2019-08-12 11:30:00,13.857142857142858,70.9211866841653,14
2019-08-12 11:45:00,10.142857142857142,70.97021401726626,14
2019-08-12 12:00:00,10.142857142857142,71.41232638791229,14
2019-08-12 12:15:00,16.357142857142858,72.08890823981464,14
2019-08-12 12:30:00,12.357142857142858,72.73955209262522,14
2019-08-12 12:45:00,7.857142857142857,72.9552577229064,14
2019-08-12 13:00:00,13.928571428571429,72.62106950544906,14
2019-08-12 13:15:00,10.857142857142858,72.80259764914794,14
2019-08-12 13:30:00,8.5,73.47667301469973,14
2019-08-12 13:45:00,8.142857142857142,73.34243426628747,14
2019-08-12 14:00:00,4.071428571428571,72.98574700006917,14
2019-08-12 14:15:00,4.857142857142857,73.30717292252446,14
2019-08-12 14:30:00,6.928571428571429,73.00510864761175,14
2019-08-12 14:45:00,3.142857142857143,72.47913689479513,14
2019-08-12 15:00:00,1.8571428571428572,73.41755669925432,14
2019-08-12 15:15:00,8.642857142857142,73.8759768132043,14
2019-08-12 15:30:00,7.642857142857143,74.12560204965793,14
2019-08-12 15:45:00,8.571428571428571,74.24094442103592,14
2019-08-12 16:00:00,8.928571428571429,74.2554767261894,14
2019-08-12 16:15:00,7.0,73.8924909523283,14
2019-08-12 16:30:00,6.5,73.71366964861731,14
2019-08-12 16:45:00,6.857142857142857,73.41203323166712,14
2019-08-12 17:00:00,11.142857142857142,73.42367003444282,14
2019-08-12 17:15:00,16.5,73.15291375837874,14
2019-08-12 17:30:00,14.785714285714286,72.13850998546916,14
2019-08-12 17:45:00,9.357142857142858,70.80191060084063,14
2019-08-12 18:00:00,2.0,68.80656335891602,14
2019-08-12 18:15:00,1.9285714285714286,67.52922774282781,14
2019-08-12 18:30:00,3.5,67.06710380119104,14
2019-08-12 18:45:00,4.357142857142857,66.97650990415222,14
2019-08-12 19:00:00,8.214285714285714,66.89643429197115,14
2019-08-12 19:15:00,10.928571428571429,66.94377222305532,14
2019-08-12 19:30:00,9.857142857142858,66.9974704333897,14
2019-08-12 19:45:00,11.071428571428571,67.02322472840872,14
2019-08-12 20:00:00,13.0,67.07735044287199,14
2019-08-12 20:15:00,14.0,67.20278255237261,14
2019-08-12 20:30:00,10.357142857142858,67.27006778445819,14
2019-08-12 20:45:00,9.642857142857142,67.19508873328672,14
2019-08-12 21:00:00,6.142857142857143,67.07327540610194,14
2019-08-12 21:15:00,3.357142857142857,66.93629715818487,14
2019-08-12 21:30:00,6.428571428571429,66.83863630351846,14
2019-08-12 21:45:00,1.0714285714285714,66.73631558875944,14
2019-08-12 22:00:00,3.5714285714285716,66.56861108363269,14
2019-08-12 22:15:00,2.0,66.38097133142529,14
2019-08-12 22:30:00,7.214285714285714,66.35050377257461,14
2019-08-12 22:45:00,2.7857142857142856,66.48919192821515,14
2019-08-12 23:00:00,3.0714285714285716,66.37537217736774,14
2019-08-12 23:15:00,2.142857142857143,66.42591500677206,14
2019-08-12 23:30:00,1.7857142857142858,66.32322069765786,14
2019-08-12 23:45:00,2.2142857142857144,66.43706133260119,14
2019-08-13 00:00:00,2.0,66.68206078058117,14
2019-08-13 00:15:00,2.5714285714285716,66.77623645276027,14
2019-08-13 00:30:00,3.857142857142857,66.88568336747763,14
2019-08-13 00:45:00,4.714285714285714,67.06782709089275,14
2019-08-13 01:00:00,5.642857142857143,66.71042956316312,14
2019-08-13 01:15:00,6.571428571428571,66.60839062217264,14
2019-08-13 01:30:00,2.857142857142857,66.74084965710998,14
2019-08-13 01:45:00,0.9285714285714286,67.01150587188664,14
2019-08-13 02:00:00,3.7857142857142856,66.84321977324315,14
2019-08-13 02:15:00,2.142857142857143,66.62294579814737,14
2019-08-13 02:30:00,1.6428571428571428,66.47703733485928,14
2019-08-13 02:45:00,0.8571428571428571,66.30432276017743,14
2019-08-13 03:00:00,1.3571428571428572,66.2036095372262,14
2019-08-13 03:15:00,2.4285714285714284,66.23425082856595,14
2019-08-13 03:30:00,3.0714285714285716,66.1188429899068,14
2019-08-13 03:45:00,0.9285714285714286,66.05300728444881,14
2019-08-13 04:00:00,2.5,66.26370187625041,14
2019-08-13 04:15:00,1.5,66.57920559489601,14
2019-08-13 04:30:00,2.0714285714285716,66.60100951577868,14
2019-08-13 04:45:00,4.428571428571429,66.43253787799743,14
2019-08-13 05:00:00,5.0,66.26040309507577,14
2019-08-13 05:15:00,5.785714285714286,66.05598623528252,14
2019-08-13 05:30:00,8.142857142857142,66.11002424930585,14
2019-08-13 05:45:00,10.285714285714286,65.92222227960094,14
2019-08-13 06:00:00,11.357142857142858,65.23686532665396,14
2019-08-13 06:15:00,10.928571428571429,65.0143548997722,14
2019-08-13 06:30:00,9.785714285714286,64.9826357493673,14
2019-08-13 06:45:00,10.071428571428571,65.13958268304003,14
2019-08-13 07:00:00,9.785714285714286,65.12039434805052,14
2019-08-13 07:15:00,6.571428571428571,65.08757978610578,14
2019-08-13 07:30:00,2.142857142857143,65.01042938848401,14
2019-08-13 07:45:00,2.2857142857142856,65.19809574949234,14
2019-08-13 08:00:00,2.142857142857143,65.65941059404783,14
2019-08-13 08:15:00,1.5714285714285714,65.59007266355708,14
2019-08-13 08:30:00,2.2857142857142856,65.21524437397454,14
2019-08-13 08:45:00,7.214285714285714,65.49143828623308,14
2019-08-13 09:00:00,5.142857142857143,65.97108590316223,14
2019-08-13 09:15:00,11.428571428571429,66.1777585704258,14
2019-08-13 09:30:00,41.357142857142854,67.07629402184932,14
2019-08-13 09:45:00,39.42857142857143,67.49343580818582,14
2019-08-13 10:00:00,18.642857142857142,67.68206839190988,14
2019-08-13 10:15:00,27.285714285714285,68.07737661443004,14
2019-08-13 10:30:00,19.357142857142858,68.66864129676465,14
2019-08-13 10:45:00,18.428571428571427,68.87508890106524,14
2019-08-13 11:00:00,47.42857142857143,68.97262966692472,14
2019-08-13 11:15:00,13.785714285714286,69.22679085307605,14
2019-08-13 11:30:00,18.357142857142858,69.6453318813329,14
2019-08-13 11:45:00,11.428571428571429,69.84057942030748,14
2019-08-13 12:00:00,8.285714285714286,69.92969361766505,14
2019-08-13 12:15:00,24.357142857142858,70.35828111082184,14
2019-08-13 12:30:00,10.571428571428571,70.05750846848353,14
2019-08-13 12:45:00,14.142857142857142,70.10749919916064,14
2019-08-13 13:00:00,7.0,70.40809039186838,14
2019-08-13 13:15:00,3.2857142857142856,70.80781665472661,14
2019-08-13 13:30:00,2.7142857142857144,71.09288217770451,14
2019-08-13 13:45:00,5.5,71.4783231206021,14
2019-08-13 14:00:00,10.285714285714286,71.1697719647518,14
2019-08-13 14:15:00,8.5,71.17498166820722,14
2019-08-13 14:30:00,8.5,71.72689383177938,14
2019-08-13 14:45:00,4.857142857142857,71.60722401105922,14
2019-08-13 15:00:00,10.357142857142858,72.166990330651,14
2019-08-13 15:15:00,9.428571428571429,72.52969665850573,14
2019-08-13 15:30:00,7.0,72.67454337227333,14
2019-08-13 15:45:00,5.714285714285714,72.34657428180442,14
2019-08-13 16:00:00,4.214285714285714,72.07517859975407,14
2019-08-13 16:15:00,5.428571428571429,72.25992893985666,14
2019-08-13 16:30:00,7.714285714285714,72.27836032576987,14
2019-08-13 16:45:00,13.357142857142858,72.19448151636101,14
2019-08-13 17:00:00,18.214285714285715,72.6313995100229,14
2019-08-13 17:15:00,16.357142857142858,72.70460208670595,14
2019-08-13 17:30:00,12.214285714285714,72.5266103890586,14
2019-08-13 17:45:00,5.285714285714286,72.12380463692642,14
2019-08-13 18:00:00,1.5,71.92089923291196,14
2019-08-13 18:15:00,1.0,71.54693076987881,14
2019-08-13 18:30:00,2.142857142857143,71.37195350237853,14
2019-08-13 18:45:00,3.5714285714285716,71.18866314336236,14
2019-08-13 19:00:00,5.357142857142857,70.4826403504742,14
2019-08-13 19:15:00,8.285714285714286,69.83890717672443,14
2019-08-13 19:30:00,11.857142857142858,69.21121103573908,14
2019-08-13 19:45:00,15.0,68.83284376508666,14
2019-08-13 20:00:00,12.142857142857142,68.12628548703698,14
2019-08-13 20:15:00,14.642857142857142,67.53597815794232,14
2019-08-13 20:30:00,13.071428571428571,67.15265031410458,14
2019-08-13 20:45:00,10.642857142857142,66.89110873608695,14
2019-08-13 21:00:00,5.714285714285714,66.64990171517645,14
2019-08-13 21:15:00,2.2142857142857144,66.46774693195844,14
2019-08-13 21:30:00,2.2857142857142856,66.2895426803356,14
2019-08-13 21:45:00,5.785714285714286,66.21959019450112,14
2019-08-13 22:00:00,3.2142857142857144,66.13503408116217,14
2019-08-13 22:15:00,0.5714285714285714,66.15144958223573,14
2019-08-13 22:30:00,2.0,65.89288426084953,14
2019-08-13 22:45:00,4.285714285714286,65.44575689751234,14
2019-08-13 23:00:00,5.142857142857143,64.9347471433308,14
2019-08-13 23:15:00,3.0,65.04861336010566,14
2019-08-13 23:30:00,5.357142857142857,65.40427527883683,14
2019-08-13 23:45:00,3.142857142857143,66.10253639534902,14
2019-08-14 00:00:00,2.5714285714285716,66.07926252530292,14
2019-08-14 00:15:00,3.357142857142857,65.72397894121977,14
2019-08-14 00:30:00,3.0714285714285716,65.40185659678642,14
2019-08-14 00:45:00,1.7142857142857142,64.75690006101503,14
2019-08-14 01:00:00,4.142857142857143,64.40548649524847,14
2019-08-14 01:15:00,6.928571428571429,64.2300651443117,14
2019-08-14 01:30:00,2.7142857142857144,64.04185072076837,14
2019-08-14 01:45:00,2.5,63.73860462329227,14
2019-08-14 02:00:00,1.5,63.34195272955961,14
2019-08-14 02:15:00,2.7857142857142856,62.9079829169948,14
2019-08-14 02:30:00,2.642857142857143,62.47598188053605,14
2019-08-14 02:45:00,1.2857142857142858,61.9703630404895,14
2019-08-14 03:00:00,1.2142857142857142,61.586449376847774,14
2019-08-14 03:15:00,1.6428571428571428,61.513437013757375,14
2019-08-14 03:30:00,2.9285714285714284,61.31895354531806,14
2019-08-14 03:45:00,0.35714285714285715,60.91753816927265,14
2019-08-14 04:00:00,1.0714285714285714,60.68331922290358,14
2019-08-14 04:15:00,2.7857142857142856,60.47583974431614,14
2019-08-14 04:30:00,0.35714285714285715,60.30575810619364,14
2019-08-14 04:45:00,0.5,60.160253590686274,14
2019-08-14 05:00:00,4.857142857142857,59.944424885016474,14
2019-08-14 05:15:00,9.142857142857142,59.77673977071208,14
2019-08-14 05:30:00,9.785714285714286,59.55929650049967,14
2019-08-14 05:45:00,11.428571428571429,59.280507996720154,14
2019-08-14 06:00:00,9.785714285714286,59.01526330363512,14
2019-08-14 06:15:00,11.785714285714286,58.92160367553074,14
2019-08-14 06:30:00,12.142857142857142,58.94783510947044,14
2019-08-14 06:45:00,4.785714285714286,59.1811490149722,14
2019-08-14 07:00:00,1.4285714285714286,59.59435285051425,14
2019-08-14 07:15:00,0.9285714285714286,60.008166059300784,14
2019-08-14 07:30:00,0.42857142857142855,60.08606135970507,14
2019-08-14 07:45:00,1.7142857142857142,60.20707234631036,14
2019-08-14 08:00:00,3.4285714285714284,60.58883851230976,14
2019-08-14 08:15:00,6.0,61.25547050954416,14
2019-08-14 08:30:00,6.428571428571429,61.58528109941886,14
2019-08-14 08:45:00,5.714285714285714,61.66846010160126,14
2019-08-14 09:00:00,7.0,62.46323732572218,14
2019-08-14 09:15:00,11.928571428571429,62.99200863483958,14
2019-08-14 09:30:00,23.642857142857142,63.97169145523807,14
2019-08-14 09:45:00,49.92857142857143,64.5421861085624,14
2019-08-14 10:00:00,31.5,64.78248513938915,14
2019-08-14 10:15:00,22.214285714285715,65.21185653582278,14
2019-08-14 10:30:00,20.642857142857142,65.63919433275916,14
2019-08-14 10:45:00,18.428571428571427,65.68069204572447,14
2019-08-14 11:00:00,35.42857142857143,65.47722815751533,14
2019-08-14 11:15:00,22.571428571428573,66.14155504717233,14
2019-08-14 11:30:00,15.928571428571429,66.44130819100364,14
2019-08-14 11:45:00,10.857142857142858,67.0810186410072,14
2019-08-14 12:00:00,8.357142857142858,67.24303567313497,14
2019-08-14 12:15:00,33.714285714285715,67.58931767305566,14
2019-08-14 12:30:00,13.928571428571429,67.68204767094326,14
2019-08-14 12:45:00,10.785714285714286,68.07265947067592,14
2019-08-14 13:00:00,9.357142857142858,68.5739895627478,14
2019-08-14 13:15:00,6.214285714285714,68.51666719018846,14
2019-08-14 13:30:00,3.4285714285714284,68.40254706071681,14
2019-08-14 13:45:00,7.214285714285714,68.4792248614187,14
2019-08-14 14:00:00,6.714285714285714,69.02464034643704,14
2019-08-14 14:15:00,6.428571428571429,69.10260698239281,14
2019-08-14 14:30:00,4.857142857142857,69.49944734832944,14
2019-08-14 14:45:00,1.4285714285714286,69.64096284316078,14
2019-08-14 15:00:00,1.7142857142857142,69.31746819821002,14
2019-08-14 15:15:00,5.5,69.303376580036,14
2019-08-14 15:30:00,8.5,69.58231236203102,14
2019-08-14 15:45:00,11.571428571428571,70.01585734507125,14
2019-08-14 16:00:00,7.928571428571429,69.6882328392157,14
2019-08-14 16:15:00,8.071428571428571,69.86488203393455,14
2019-08-14 16:30:00,7.714285714285714,69.97626764144515,14
2019-08-14 16:45:00,7.785714285714286,69.98663857113733,14
2019-08-14 17:00:00,17.357142857142858,69.76302314154022,14
2019-08-14 17:15:00,15.428571428571429,69.33009834453563,14
2019-08-14 17:30:00,11.571428571428571,69.83358278868926,14
2019-08-14 17:45:00,9.642857142857142,69.405515921906,14
2019-08-14 18:00:00,3.642857142857143,68.97723666980613,14
2019-08-14 18:15:00,2.0,69.48319864231978,14
2019-08-14 18:30:00,5.928571428571429,69.5111204171566,14
2019-08-14 18:45:00,7.5,69.09364762470481,14
2019-08-14 19:00:00,7.357142857142857,68.50719334895619,14
2019-08-14 19:15:00,6.928571428571429,68.09713408894977,14
2019-08-14 19:30:00,10.071428571428571,67.52769245361887,14
2019-08-14 19:45:00,11.357142857142858,67.02261788831056,14
2019-08-14 20:00:00,12.5,66.69262505302969,14
2019-08-14 20:15:00,16.785714285714285,66.32754090754025,14
2019-08-14 20:30:00,16.928571428571427,66.16723924552575,14
2019-08-14 20:45:00,15.357142857142858,65.8323909207863,14
2019-08-14 21:00:00,10.928571428571429,65.44573431530007,14
2019-08-14 21:15:00,4.857142857142857,64.98786475025081,14
2019-08-14 21:30:00,4.5,64.50840502579659,14
2019-08-14 21:45:00,2.5,64.0789752098172,14
2019-08-14 22:00:00,1.0,63.651123470830434,14
2019-08-14 22:15:00,1.9285714285714286,63.18202134118415,14
2019-08-14 22:30:00,2.4285714285714284,62.954932514492896,14
2019-08-14 22:45:00,3.0714285714285716,62.60119714228602,14
2019-08-14 23:00:00,2.0714285714285716,61.92531826441522,14
2019-08-14 23:15:00,1.7857142857142858,61.325438034795496,14
2019-08-14 23:30:00,1.7857142857142858,60.66866110431707,14
2019-08-14 23:45:00,0.9285714285714286,60.4927778915505,14
2019-08-15 00:00:00,5.071428571428571,59.82329295325573,14
2019-08-15 00:15:00,2.2857142857142856,59.18760484321553,14
2019-08-15 00:30:00,1.7857142857142858,58.715580828227,14
2019-08-15 00:45:00,2.642857142857143,57.98072213277092,14
2019-08-15 01:00:00,5.214285714285714,57.77118037746211,14
2019-08-15 01:15:00,4.857142857142857,57.795376383138375,14
2019-08-15 01:30:00,0.5714285714285714,58.3180636361912,14
2019-08-15 01:45:00,0.0,58.53791080177312,14
2019-08-15 02:00:00,0.7857142857142857,58.24022033358062,14
2019-08-15 02:15:00,3.2857142857142856,58.304916118557514,14
2019-08-15 02:30:00,0.5,58.15031945519046,14
2019-08-15 02:45:00,2.5714285714285716,57.91475669775139,14
2019-08-15 03:00:00,0.8571428571428571,58.09852940601488,14
2019-08-15 03:15:00,1.1428571428571428,58.06959428446779,14
2019-08-15 03:30:00,1.2142857142857142,57.57503412596402,14
2019-08-15 03:45:00,1.5,56.8174939087908,14
2019-08-15 04:00:00,3.5,56.05645653633409,14
2019-08-15 04:15:00,0.9285714285714286,55.57233920076905,14
2019-08-15 04:30:00,0.21428571428571427,55.049908802747375,14
2019-08-15 04:45:00,0.5714285714285714,54.520518856054174,14
2019-08-15 05:00:00,2.142857142857143,54.87303934104681,14
2019-08-15 05:15:00,8.714285714285714,54.77107748227325,14
2019-08-15 05:30:00,6.785714285714286,54.05825635587536,14
2019-08-15 05:45:00,9.214285714285714,54.27514460324445,14
2019-08-15 06:00:00,14.142857142857142,54.422487350486485,14
2019-08-15 06:15:00,10.428571428571429,54.73044287027989,14
2019-08-15 06:30:00,11.357142857142858,55.20521142824388,14
2019-08-15 06:45:00,8.714285714285714,56.12307395117775,14
2019-08-15 07:00:00,7.0,57.10054604868739,14
2019-08-15 07:15:00,5.357142857142857,57.98620900719511,14
2019-08-15 07:30:00,2.7142857142857144,58.83308991718218,14
2019-08-15 07:45:00,0.8571428571428571,59.40994067765828,14
2019-08-15 08:00:00,0.35714285714285715,60.20984840677122,14
2019-08-15 08:15:00,1.0,61.06122496838801,14
2019-08-15 08:30:00,3.357142857142857,61.73174855605035,14
2019-08-15 08:45:00,8.642857142857142,62.63984992515119,14
2019-08-15 09:00:00,9.071428571428571,63.46839998808627,14
2019-08-15 09:15:00,11.214285714285714,64.27592181219015,14
2019-08-15 09:30:00,42.214285714285715,65.06832638350787,14
2019-08-15 09:45:00,33.785714285714285,65.4543357861068,14
2019-08-15 10:00:00,25.142857142857142,65.73961856633771,14
2019-08-15 10:15:00,15.928571428571429,65.82103029733865,14
2019-08-15 10:30:00,17.857142857142858,66.17463069455452,14
2019-08-15 10:45:00,18.0,66.14108057761798,14
2019-08-15 11:00:00,40.285714285714285,66.59784039400644,14
2019-08-15 11:15:00,22.357142857142858,66.97476891341701,14
2019-08-15 11:30:00,20.214285714285715,66.91566969881835,14
2019-08-15 11:45:00,11.857142857142858,67.11329858382797,14
2019-08-15 12:00:00,9.857142857142858,67.20792761521456,14
2019-08-15 12:15:00,28.714285714285715,67.39888078426578,14
2019-08-15 12:30:00,11.857142857142858,67.52297759535956,14
2019-08-15 12:45:00,9.714285714285714,67.68801606172157,14
2019-08-15 13:00:00,6.142857142857143,67.99063182567006,14
2019-08-15 13:15:00,4.428571428571429,68.21977999747601,14
2019-08-15 13:30:00,3.642857142857143,68.40521443256326,14
2019-08-15 13:45:00,3.642857142857143,68.45485914823979,14
2019-08-15 14:00:00,3.642857142857143,68.43850968870198,14
2019-08-15 14:15:00,6.0,68.71080008580525,14
2019-08-15 14:30:00,7.0,68.40369780057529,14
2019-08-15 14:45:00,4.357142857142857,68.8211012466085,14
2019-08-15 15:00:00,6.357142857142857,69.02138154055235,14
2019-08-15 15:15:00,6.928571428571429,69.08109563865526,14
2019-08-15 15:30:00,9.0,68.99770891646098,14
2019-08-15 15:45:00,6.428571428571429,69.18264999178902,14
2019-08-15 16:00:00,10.214285714285714,69.18844593725983,14
2019-08-15 16:15:00,9.285714285714286,69.21920941536426,14
2019-08-15 16:30:00,7.857142857142857,69.27800231796817,14
2019-08-15 16:45:00,7.785714285714286,69.1928787819988,14
2019-08-15 17:00:00,11.571428571428571,69.30694990189694,14
2019-08-15 17:15:00,13.357142857142858,69.54625021588107,14
2019-08-15 17:30:00,10.714285714285714,69.25355838227054,14
2019-08-15 17:45:00,8.928571428571429,69.20543395875977,14
2019-08-15 18:00:00,4.714285714285714,69.09991725553229,14
2019-08-15 18:15:00,2.4285714285714284,68.84611068380354,14
2019-08-15 18:30:00,3.0714285714285716,68.86877748069456,14
2019-08-15 18:45:00,2.857142857142857,68.6849748258273,14
2019-08-15 19:00:00,4.571428571428571,68.412010728766,14
2019-08-15 19:15:00,7.071428571428571,68.05377681483682,14
2019-08-15 19:30:00,9.214285714285714,67.4723732396758,14
2019-08-15 19:45:00,9.857142857142858,67.21051579236028,14
2019-08-15 20:00:00,8.571428571428571,67.04523962777616,14
2019-08-15 20:15:00,13.571428571428571,66.87358012237337,14
2019-08-15 20:30:00,14.714285714285714,66.9275040340756,14
2019-08-15 20:45:00,13.928571428571429,66.89643226216961,14
2019-08-15 21:00:00,11.928571428571429,66.67341571910046,14
2019-08-15 21:15:00,9.142857142857142,65.32002136279804,14
2019-08-15 21:30:00,4.642857142857143,64.26532341828782,14
2019-08-15 21:45:00,5.142857142857143,63.529433587358234,14
2019-08-15 22:00:00,2.4285714285714284,63.85139185030392,14
2019-08-15 22:15:00,2.0714285714285716,63.441381101929814,14
2019-08-15 22:30:00,0.5,63.136244631957375,14
2019-08-15 22:45:00,0.5,62.92032495782876,14
2019-08-15 23:00:00,0.6428571428571429,62.60013305705643,14
2019-08-15 23:15:00,0.6428571428571429,62.50225898498652,14
2019-08-15 23:30:00,3.7857142857142856,62.46848212106812,14
2019-08-15 23:45:00,3.4285714285714284,62.39234845626991,14
2019-08-16 00:00:00,1.1428571428571428,62.35055807058143,14
2019-08-16 00:15:00,2.857142857142857,62.2559921126422,14
2019-08-16 00:30:00,2.2142857142857144,62.55484885987477,14
2019-08-16 00:45:00,3.642857142857143,63.65188487895515,14
2019-08-16 01:00:00,2.642857142857143,63.49114895817166,14
2019-08-16 01:15:00,0.8571428571428571,62.863529762094736,14
2019-08-16 01:30:00,0.7857142857142857,62.47792926374132,14
2019-08-16 01:45:00,1.7142857142857142,62.09429455151595,14
2019-08-16 02:00:00,0.7857142857142857,61.88853145574757,14
2019-08-16 02:15:00,0.35714285714285715,61.666461238532634,14
2019-08-16 02:30:00,2.0714285714285716,61.639500970276224,14
2019-08-16 02:45:00,1.0714285714285714,61.28821324794154,14
2019-08-16 03:00:00,2.2857142857142856,61.100744803410386,14
2019-08-16 03:15:00,2.357142857142857,61.123297033079695,14
2019-08-16 03:30:00,1.5,61.14573657348884,14
2019-08-16 03:45:00,2.5,61.16080853474534,14
2019-08-16 04:00:00,1.2142857142857142,61.13690590285725,14
2019-08-16 04:15:00,2.5714285714285716,61.2786881424332,14
2019-08-16 04:30:00,0.5714285714285714,61.18005290815872,14
2019-08-16 04:45:00,3.0714285714285716,60.15309506776425,14
2019-08-16 05:00:00,3.642857142857143,59.58085801171206,14
2019-08-16 05:15:00,7.428571428571429,59.45655676241447,14
2019-08-16 05:30:00,6.857142857142857,59.14837719652701,14
2019-08-16 05:45:00,10.0,58.81067055529012,14
2019-08-16 06:00:00,11.928571428571429,58.93360518600006,14
2019-08-16 06:15:00,9.142857142857142,58.81830560026469,14
2019-08-16 06:30:00,11.071428571428571,58.79773520843193,14
2019-08-16 06:45:00,11.285714285714286,58.922013480494854,14
2019-08-16 07:00:00,9.0,59.507554561404255,14
2019-08-16 07:15:00,5.857142857142857,60.26998554498724,14
2019-08-16 07:30:00,1.0714285714285714,60.85558070771314,14
2019-08-16 07:45:00,0.0,61.164657868400816,14
2019-08-16 08:00:00,0.6428571428571429,62.060367329884066,14
2019-08-16 08:15:00,4.571428571428571,63.04422170556376,14
2019-08-16 08:30:00,5.0,63.764622388428144,14
2019-08-16 08:45:00,6.714285714285714,64.45381869878877,14
2019-08-16 09:00:00,8.5,64.88772462156881,14
2019-08-16 09:15:00,10.214285714285714,65.0120517772739,14
2019-08-16 09:30:00,32.92857142857143,65.4025446114726,14
2019-08-16 09:45:00,53.0,66.09171743166354,14
2019-08-16 10:00:00,29.714285714285715,66.86043099262116,14
2019-08-16 10:15:00,24.571428571428573,67.39300948235059,14
2019-08-16 10:30:00,22.428571428571427,67.70234230956324,14
2019-08-16 10:45:00,26.357142857142858,68.05239188337823,14
2019-08-16 11:00:00,45.714285714285715,68.30951309508397,14
2019-08-16 11:15:00,34.785714285714285,68.99870719345616,14
2019-08-16 11:30:00,28.357142857142858,69.36981918946367,14
2019-08-16 11:45:00,28.928571428571427,69.59247053700723,14
2019-08-16 12:00:00,32.642857142857146,69.71841805507158,14
2019-08-16 12:15:00,35.42857142857143,69.73653504841641,14
2019-08-16 12:30:00,7.285714285714286,69.7926124319094,14
2019-08-16 12:45:00,8.928571428571429,70.16748956821458,14
2019-08-16 13:00:00,10.571428571428571,70.70034870583756,14
2019-08-16 13:15:00,12.642857142857142,70.86174524750014,14
2019-08-16 13:30:00,13.928571428571429,70.59778676738192,14
2019-08-16 13:45:00,10.428571428571429,71.10329325416649,14
2019-08-16 14:00:00,9.933333333333334,71.53313512784739,15
2019-08-16 14:15:00,7.0,71.72601214964284,15
2019-08-16 14:30:00,4.4,71.54661245572927,15
2019-08-16 14:45:00,4.8,71.77404441631546,15
2019-08-16 15:00:00,4.0,72.09317794833771,15
2019-08-16 15:15:00,5.2,71.83216326581787,15
2019-08-16 15:30:00,7.333333333333333,71.56262527257017,15
2019-08-16 15:45:00,8.333333333333334,71.75043425637979,15
2019-08-16 16:00:00,12.533333333333333,71.93743961940207,15
2019-08-16 16:15:00,8.4,72.08541713343708,15
2019-08-16 16:30:00,7.6,72.55762152867037,15
2019-08-16 16:45:00,8.466666666666667,72.5432991663967,15
2019-08-16 17:00:00,10.2,72.70350599447112,15
2019-08-16 17:15:00,12.733333333333333,72.3971272872248,15
2019-08-16 17:30:00,15.4,71.88764593031343,15
2019-08-16 17:45:00,14.933333333333334,71.77881075204364,15
2019-08-16 18:00:00,10.733333333333333,72.01832935231505,15
2019-08-16 18:15:00,2.8,72.14376641774325,15
2019-08-16 18:30:00,5.6,72.09652275791801,15
2019-08-16 18:45:00,7.866666666666666,71.72802201908351,15
2019-08-16 19:00:00,10.6,71.68965189511856,15
2019-08-16 19:15:00,14.6,71.66659825270017,15
2019-08-16 19:30:00,14.666666666666666,71.6249676603413,15
2019-08-16 19:45:00,11.533333333333333,71.6146315507746,15
2019-08-16 20:00:00,10.2,71.37790468667843,15
2019-08-16 20:15:00,11.066666666666666,71.16071807375816,15
2019-08-16 20:30:00,10.866666666666667,70.88230173536995,15
2019-08-16 20:45:00,8.266666666666667,70.70022039301146,15
2019-08-16 21:00:00,7.733333333333333,70.86829743275618,15
2019-08-16 21:15:00,2.7333333333333334,70.81249923619586,15
2019-08-16 21:30:00,3.0,70.67111931723781,15
2019-08-16 21:45:00,3.8,70.5894134792347,15
2019-08-16 22:00:00,2.2,70.39926924162575,15
2019-08-16 22:15:00,3.533333333333333,70.20571948450682,15
2019-08-16 22:30:00,14.133333333333333,70.16940337102595,15
2019-08-16 22:45:00,12.2,70.2590273072028,15
2019-08-16 23:00:00,11.866666666666667,70.34476225306008,15
2019-08-16 23:15:00,7.6,70.26107127648255,15
2019-08-16 23:30:00,6.0,70.21701396098514,15
2019-08-16 23:45:00,6.0,70.20360317395448,15
2019-08-17 00:00:00,5.6,70.01892773072517,15
2019-08-17 00:15:00,3.933333333333333,69.80572728027884,15
2019-08-17 00:30:00,2.1333333333333333,69.69079160809918,15
2019-08-17 00:45:00,1.5333333333333334,69.25698073709346,15
2019-08-17 01:00:00,2.2666666666666666,69.14720963750906,15
2019-08-17 01:15:00,6.4,68.98487865198432,15
2019-08-17 01:30:00,5.733333333333333,68.85996407523913,15
2019-08-17 01:45:00,2.6666666666666665,68.83410714855944,15
2019-08-17 02:00:00,1.3333333333333333,69.08039822912538,15
2019-08-17 02:15:00,1.7333333333333334,69.31639194524588,15
2019-08-17 02:30:00,1.4666666666666666,69.2747038789244,15
2019-08-17 02:45:00,1.5333333333333334,69.15211739841176,15
2019-08-17 03:00:00,1.1333333333333333,68.86083861683734,15
2019-08-17 03:15:00,3.2,67.99645490299251,15
2019-08-17 03:30:00,3.4,67.27461670290784,15
2019-08-17 03:45:00,1.8,66.6806249852983,15
2019-08-17 04:00:00,2.2666666666666666,66.32012669448496,15
2019-08-17 04:15:00,1.8,65.94406184012274,15
2019-08-17 04:30:00,0.6666666666666666,65.75954298284908,15
2019-08-17 04:45:00,0.4666666666666667,65.69492255795672,15
2019-08-17 05:00:00,1.9333333333333333,65.62046926825508,15
2019-08-17 05:15:00,9.0,65.57855295466614,15
2019-08-17 05:30:00,11.0,65.46986520492806,15
2019-08-17 05:45:00,13.466666666666667,65.28511576840079,15
2019-08-17 06:00:00,11.133333333333333,65.08036861037759,15
2019-08-17 06:15:00,11.533333333333333,64.74685602106065,15
2019-08-17 06:30:00,10.6,64.7527288506271,15
2019-08-17 06:45:00,11.133333333333333,64.82632065863162,15
2019-08-17 07:00:00,9.333333333333334,64.93894475216271,15
2019-08-17 07:15:00,6.8,65.24308570568884,15
2019-08-17 07:30:00,5.533333333333333,65.58814610719831,15
2019-08-17 07:45:00,3.7333333333333334,65.73049985241627,15
2019-08-17 08:00:00,3.066666666666667,65.96681101312069,15
2019-08-17 08:15:00,3.2,66.41155289589898,15
2019-08-17 08:30:00,7.2,67.23234754234602,15
2019-08-17 08:45:00,7.466666666666667,68.02023432661395,15
2019-08-17 09:00:00,7.933333333333334,68.39734290838781,15
2019-08-17 09:15:00,8.533333333333333,68.78094415399626,15
2019-08-17 09:30:00,3.7333333333333334,69.67228700254073,15
2019-08-17 09:45:00,2.2666666666666666,70.32711390674628,15
2019-08-17 10:00:00,2.6,70.74619204866475,15
2019-08-17 10:15:00,6.066666666666666,70.99089679990843,15
2019-08-17 10:30:00,11.733333333333333,71.28881314466095,15
2019-08-17 10:45:00,9.533333333333333,71.3650346554589,15
2019-08-17 11:00:00,10.666666666666666,71.95569154654322,15
2019-08-17 11:15:00,5.933333333333334,72.17837674336083,15
2019-08-17 11:30:00,7.733333333333333,72.52360398446801,15
2019-08-17 11:45:00,9.066666666666666,73.08808334168766,15
2019-08-17 12:00:00,9.6,73.7862957765799,15
2019-08-17 12:15:00,2.6,74.59645993666811,15
2019-08-17 12:30:00,3.2666666666666666,74.80195482369545,15
2019-08-17 12:45:00,5.0,75.235341346608,15
2019-08-17 13:00:00,6.533333333333333,75.67012763800369,15
2019-08-17 13:15:00,3.6666666666666665,75.6485113274892,15
2019-08-17 13:30:00,2.2666666666666666,75.64915687134668,15
2019-08-17 13:45:00,6.333333333333333,75.69948024594406,15
2019-08-17 14:00:00,8.666666666666666,75.5675503389011,15
2019-08-17 14:15:00,11.133333333333333,75.34424330385491,15
2019-08-17 14:30:00,9.533333333333333,75.36446338051802,15
2019-08-17 14:45:00,6.866666666666666,75.23410940472088,15
2019-08-17 15:00:00,4.133333333333334,74.85208619372689,15
2019-08-17 15:15:00,3.6666666666666665,74.39556119600816,15
2019-08-17 15:30:00,5.466666666666667,74.38480086970104,15
2019-08-17 15:45:00,8.6,74.34754471889015,15
2019-08-17 16:00:00,8.866666666666667,74.21950045531733,15
2019-08-17 16:15:00,8.066666666666666,73.83367745452902,15
2019-08-17 16:30:00,7.533333333333333,73.70849989523423,15
2019-08-17 16:45:00,6.733333333333333,73.6428036802628,15
2019-08-17 17:00:00,10.666666666666666,73.57007502954603,15
2019-08-17 17:15:00,19.0,73.08629652145463,15
2019-08-17 17:30:00,14.133333333333333,72.77720518759203,15
2019-08-17 17:45:00,11.8,72.56852177303743,15
2019-08-17 18:00:00,5.6,72.66137953413416,15
2019-08-17 18:15:00,3.6666666666666665,72.6335591463616,15
2019-08-17 18:30:00,2.533333333333333,72.44526982599679,15
2019-08-17 18:45:00,3.466666666666667,72.37484684496899,15
2019-08-17 19:00:00,7.2,72.18860890800462,15
2019-08-17 19:15:00,6.333333333333333,72.06168531647991,15
2019-08-17 19:30:00,6.6,71.76706477648135,15
2019-08-17 19:45:00,9.066666666666666,71.55572443052586,15
2019-08-17 20:00:00,11.6,71.21610606995198,15
2019-08-17 20:15:00,12.933333333333334,70.69101465271439,15
2019-08-17 20:30:00,13.6,70.46721312592469,15
2019-08-17 20:45:00,12.4,69.90512742833234,15
2019-08-17 21:00:00,9.666666666666666,69.52518802517578,15
2019-08-17 21:15:00,6.533333333333333,69.76329604005731,15
2019-08-17 21:30:00,6.666666666666667,69.81112126834039,15
2019-08-17 21:45:00,5.733333333333333,69.34055458403047,15
2019-08-17 22:00:00,5.8,68.81566775189506,15
2019-08-17 22:15:00,2.6,68.47951292191202,15
2019-08-17 22:30:00,2.6666666666666665,68.13844832350041,15
2019-08-17 22:45:00,4.666666666666667,67.84908968508417,15
2019-08-17 23:00:00,2.8666666666666667,67.5422325277436,15
2019-08-17 23:15:00,4.666666666666667,66.68977750649414,15
2019-08-17 23:30:00,3.8,66.12391473630682,15
2019-08-17 23:45:00,3.1333333333333333,66.20408081219,15
2019-08-18 00:00:00,2.6,66.51022250479024,15
2019-08-18 00:15:00,3.2666666666666666,66.34881468393093,15
2019-08-18 00:30:00,2.7333333333333334,66.20593022311078,15
2019-08-18 00:45:00,4.8,66.13968506258452,15
2019-08-18 01:00:00,3.8,66.37689957761548,15
2019-08-18 01:15:00,4.333333333333333,66.44920233307836,15
2019-08-18 01:30:00,2.8666666666666667,66.53500786808962,15
2019-08-18 01:45:00,3.7333333333333334,66.95212281981192,15
2019-08-18 02:00:00,1.8,67.57920621167251,15
2019-08-18 02:15:00,2.2666666666666666,68.1043493851571,15
2019-08-18 02:30:00,2.8,68.00374143447286,15
2019-08-18 02:45:00,3.3333333333333335,68.01115202671488,15
2019-08-18 03:00:00,2.533333333333333,68.24586717939451,15
2019-08-18 03:15:00,4.533333333333333,68.34515604285498,15
2019-08-18 03:30:00,1.1333333333333333,68.14325561738639,15
2019-08-18 03:45:00,1.1333333333333333,68.13187923678055,15
2019-08-18 04:00:00,1.8,68.2444885018799,15
2019-08-18 04:15:00,2.466666666666667,68.02685799882063,15
2019-08-18 04:30:00,3.4,67.94006252204251,15
2019-08-18 04:45:00,1.7333333333333334,67.83770947038427,15
2019-08-18 05:00:00,5.0,67.80554074030123,15
2019-08-18 05:15:00,7.266666666666667,67.91878461232093,15
2019-08-18 05:30:00,9.866666666666667,67.76415139327362,15
2019-08-18 05:45:00,13.733333333333333,67.39431943929229,15
2019-08-18 06:00:00,9.066666666666666,67.22433524625389,15
2019-08-18 06:15:00,10.866666666666667,67.1361744779543,15
2019-08-18 06:30:00,10.933333333333334,67.26233850582908,15
2019-08-18 06:45:00,8.133333333333333,67.74572189130502,15
2019-08-18 07:00:00,3.8,67.97272743207493,15
2019-08-18 07:15:00,2.933333333333333,68.39789223795653,15
2019-08-18 07:30:00,3.1333333333333333,68.84154219695388,15
2019-08-18 07:45:00,2.533333333333333,69.16621803702158,15
2019-08-18 08:00:00,1.8666666666666667,69.50151673733917,15
2019-08-18 08:15:00,2.466666666666667,69.64544596937009,15
2019-08-18 08:30:00,4.533333333333333,69.6790440440576,15
2019-08-18 08:45:00,4.533333333333333,69.55409776457627,15
2019-08-18 09:00:00,4.2,69.4624279047332,15
2019-08-18 09:15:00,4.333333333333333,69.64258035342802,15
2019-08-18 09:30:00,4.0,69.73407484357155,15
2019-08-18 09:45:00,7.0,70.11577029456568,15
2019-08-18 10:00:00,6.466666666666667,70.68886202423865,15
2019-08-18 10:15:00,9.666666666666666,71.65748000626094,15
2019-08-18 10:30:00,10.4,72.35620929797584,15
2019-08-18 10:45:00,7.2,72.71657248407469,15
2019-08-18 11:00:00,6.066666666666666,72.87249592863645,15
2019-08-18 11:15:00,5.0,73.02988875465692,15
2019-08-18 11:30:00,2.2666666666666666,73.20822956184138,15
2019-08-18 11:45:00,1.5333333333333334,73.51760943634703,15
2019-08-18 12:00:00,1.6,73.35471413333555,15
2019-08-18 12:15:00,2.8,73.8720499392417,15
2019-08-18 12:30:00,3.4,74.08268060425901,15
2019-08-18 12:45:00,3.4,73.9789250900972,15
2019-08-18 13:00:00,4.133333333333334,74.69512356182612,15
2019-08-18 13:15:00,8.6,75.20764481314104,15
2019-08-18 13:30:00,10.4,75.05229003755316,15
2019-08-18 13:45:00,11.066666666666666,74.998934236902,15
2019-08-18 14:00:00,12.266666666666667,75.10435234011531,15
2019-08-18 14:15:00,11.0,75.34637412756926,15
2019-08-18 14:30:00,8.6,75.95140850073112,15
2019-08-18 14:45:00,5.333333333333333,75.70157949521597,15
2019-08-18 15:00:00,3.1333333333333333,76.14080463808172,15
2019-08-18 15:15:00,4.733333333333333,76.39592840478505,15
2019-08-18 15:30:00,8.666666666666666,75.92352633997048,15
2019-08-18 15:45:00,12.133333333333333,75.46825232220185,15
2019-08-18 16:00:00,12.133333333333333,75.59625770928713,15
2019-08-18 16:15:00,13.2,76.20512779101126,15
2019-08-18 16:30:00,10.866666666666667,76.19399323521638,15
2019-08-18 16:45:00,7.533333333333333,76.24967998528251,15
2019-08-18 17:00:00,7.533333333333333,76.53039684817433,15
2019-08-18 17:15:00,14.6,76.3111288853048,15
2019-08-18 17:30:00,14.4,75.8685665711253,15
2019-08-18 17:45:00,11.333333333333334,75.55937595673787,15
2019-08-18 18:00:00,9.066666666666666,75.2439433079043,15
2019-08-18 18:15:00,7.133333333333334,75.26291634562425,15
2019-08-18 18:30:00,4.333333333333333,75.12093119682805,15
2019-08-18 18:45:00,3.2,75.00326834766021,15
2019-08-18 19:00:00,4.066666666666666,74.97638012458076,15
2019-08-18 19:15:00,8.733333333333333,74.78550385431748,15
2019-08-18 19:30:00,10.0,74.73534743286,15
2019-08-18 19:45:00,9.333333333333334,74.46487342088302,15
2019-08-18 20:00:00,11.133333333333333,74.29377760182236,15
2019-08-18 20:15:00,13.266666666666667,74.12047005293799,15
2019-08-18 20:30:00,14.266666666666667,73.34565792373961,15
2019-08-18 20:45:00,10.266666666666667,72.29598071816254,15
2019-08-18 21:00:00,9.333333333333334,71.71648479950876,15
2019-08-18 21:15:00,12.6,71.7650791599046,15
2019-08-18 21:30:00,15.866666666666667,71.6325420222798,15
2019-08-18 21:45:00,12.866666666666667,71.08901826279158,15
2019-08-18 22:00:00,7.733333333333333,71.08267086068217,15
2019-08-18 22:15:00,4.4,71.25375220994937,15
2019-08-18 22:30:00,1.7333333333333334,71.65897014477326,15
2019-08-18 22:45:00,4.866666666666666,71.68711010897864,15
2019-08-18 23:00:00,3.2666666666666666,71.55148926151325,15
2019-08-18 23:15:00,2.466666666666667,71.46041560203726,15
2019-08-18 23:30:00,4.133333333333334,71.27623778137267,15
2019-08-18 23:45:00,3.2,71.14255634793074,15
2019-08-19 00:00:00,3.3333333333333335,71.00630619753053,15
2019-08-19 00:15:00,5.6,70.76551003476474,15
2019-08-19 00:30:00,5.266666666666667,70.34625895377772,15
2019-08-19 00:45:00,5.6,69.88220416207965,15
2019-08-19 01:00:00,3.0,69.60979962602077,15
2019-08-19 01:15:00,3.1333333333333333,69.43201622780451,15
2019-08-19 01:30:00,3.933333333333333,69.42570076550172,15
2019-08-19 01:45:00,3.533333333333333,69.85158304310433,15
2019-08-19 02:00:00,3.466666666666667,70.17804986554465,15
2019-08-19 02:15:00,3.4,70.25697382666647,15
2019-08-19 02:30:00,2.8,70.2501494294816,15
2019-08-19 02:45:00,2.7333333333333334,70.11980653818006,15
2019-08-19 03:00:00,2.6666666666666665,70.07590765960065,15
2019-08-19 03:15:00,0.8666666666666667,70.143068134312,15
2019-08-19 03:30:00,3.533333333333333,70.08323849817764,15
2019-08-19 03:45:00,3.1333333333333333,69.68928652855487,15
2019-08-19 04:00:00,3.0,69.4006212353148,15
2019-08-19 04:15:00,2.4,69.0577246727588,15
2019-08-19 04:30:00,1.8,68.43894823769293,15
2019-08-19 04:45:00,5.333333333333333,68.14596975044758,15
2019-08-19 05:00:00,7.933333333333334,68.08013428084651,15
2019-08-19 05:15:00,10.266666666666667,68.38274121520824,15
2019-08-19 05:30:00,11.666666666666666,68.2331585350661,15
2019-08-19 05:45:00,11.733333333333333,68.3872485760662,15
2019-08-19 06:00:00,14.666666666666666,68.48464920783691,15
2019-08-19 06:15:00,14.666666666666666,68.77294447455344,15
2019-08-19 06:30:00,12.733333333333333,69.09966751057185,15
2019-08-19 06:45:00,10.533333333333333,69.34060428490956,15
2019-08-19 07:00:00,10.266666666666667,69.50603279815356,15
2019-08-19 07:15:00,9.4,69.43264789015964,15
2019-08-19 07:30:00,5.266666666666667,69.72331527573046,15
2019-08-19 07:45:00,5.4,70.2565030758993,15
2019-08-19 08:00:00,9.0,71.07349152784701,15
2019-08-19 08:15:00,7.933333333333334,71.78033937588837,15
2019-08-19 08:30:00,6.6,72.38926990116374,15
2019-08-19 08:45:00,7.066666666666666,72.83047739195034,15
2019-08-19 09:00:00,6.333333333333333,72.59630519487352,15
2019-08-19 09:15:00,12.866666666666667,72.21422148214246,15
2019-08-19 09:30:00,38.13333333333333,72.10419757942546,15
2019-08-19 09:45:00,52.13333333333333,72.17893835006797,15
2019-08-19 10:00:00,28.266666666666666,72.4472961778502,15
2019-08-19 10:15:00,24.4,72.73296156385676,15
2019-08-19 10:30:00,19.6,73.56773134177995,15
2019-08-19 10:45:00,19.533333333333335,73.93632043708357,15
2019-08-19 11:00:00,34.333333333333336,74.07568153896356,15
2019-08-19 11:15:00,19.6,74.02874690631701,15
2019-08-19 11:30:00,13.466666666666667,74.33226780107704,15
2019-08-19 11:45:00,9.733333333333333,74.78253237650138,15
2019-08-19 12:00:00,26.6,74.85319932883351,15
2019-08-19 12:15:00,23.666666666666668,75.80498191941608,15
2019-08-19 12:30:00,11.133333333333333,76.42620223227141,15
2019-08-19 12:45:00,10.4,76.68566230497844,15
2019-08-19 13:00:00,5.466666666666667,76.96437914041557,15
2019-08-19 13:15:00,2.933333333333333,77.06707585668393,15
2019-08-19 13:30:00,2.8,77.18403919515366,15
2019-08-19 13:45:00,4.666666666666667,77.16482621679809,15
2019-08-19 14:00:00,6.733333333333333,77.0796308746781,15
2019-08-19 14:15:00,7.266666666666667,77.20300784321523,15
2019-08-19 14:30:00,7.266666666666667,77.38617167768128,15
2019-08-19 14:45:00,10.533333333333333,77.48915287969594,15
2019-08-19 15:00:00,6.266666666666667,77.63039778302306,15
2019-08-19 15:15:00,9.8,77.45544929424086,15
2019-08-19 15:30:00,9.6,77.96286619766714,15
2019-08-19 15:45:00,11.4,77.89506303519306,15
2019-08-19 16:00:00,9.666666666666666,77.34460244051012,15
2019-08-19 16:15:00,9.133333333333333,77.21098916791087,15
2019-08-19 16:30:00,7.933333333333334,77.17354527132206,15
2019-08-19 16:45:00,8.533333333333333,77.40869238948193,15
2019-08-19 17:00:00,10.733333333333333,77.2906411294274,15
2019-08-19 17:15:00,19.8,77.20567492192765,15
2019-08-19 17:30:00,15.6,76.73054658832591,15
2019-08-19 17:45:00,9.733333333333333,76.37363571045468,15
2019-08-19 18:00:00,8.6,76.20829630567681,15
2019-08-19 18:15:00,6.6,76.38727601340334,15
2019-08-19 18:30:00,6.666666666666667,75.80265415402512,15
2019-08-19 18:45:00,7.466666666666667,74.38099141918806,15
2019-08-19 19:00:00,7.266666666666667,73.32996151112802,15
2019-08-19 19:15:00,8.933333333333334,72.82746806416054,15
2019-08-19 19:30:00,6.133333333333334,72.7129587041113,15
2019-08-19 19:45:00,7.4,72.21750071196482,15
2019-08-19 20:00:00,9.4,71.64361879219489,15
2019-08-19 20:15:00,11.333333333333334,71.04607902689771,15
2019-08-19 20:30:00,12.8,70.49001599497434,15
2019-08-19 20:45:00,13.666666666666666,69.94080101161516,15
2019-08-19 21:00:00,10.733333333333333,69.34471164255349,15
2019-08-19 21:15:00,9.333333333333334,68.91553576367791,15
2019-08-19 21:30:00,5.4,68.55340433662737,15
2019-08-19 21:45:00,4.733333333333333,68.32045726395698,15
2019-08-19 22:00:00,3.2,67.79754674009295,15
2019-08-19 22:15:00,6.466666666666667,67.70341637322939,15
2019-08-19 22:30:00,3.8666666666666667,67.49623568848966,15
2019-08-19 22:45:00,1.9333333333333333,67.65529209311075,15
2019-08-19 23:00:00,5.2,67.1506921722907,15
2019-08-19 23:15:00,3.2666666666666666,66.78063437295067,15
2019-08-19 23:30:00,5.533333333333333,66.50149983116472,15
2019-08-19 23:45:00,5.866666666666666,66.13615055407689,15
2019-08-20 00:00:00,4.466666666666667,65.67627921612859,15
2019-08-20 00:15:00,3.066666666666667,65.28431275883855,15
2019-08-20 00:30:00,2.8,64.42995345025267,15
2019-08-20 00:45:00,2.6,64.00580910508681,15
2019-08-20 01:00:00,4.133333333333334,63.59965247230459,15
2019-08-20 01:15:00,4.266666666666667,63.236678733811374,15
2019-08-20 01:30:00,2.4,62.60295415926539,15
2019-08-20 01:45:00,2.6666666666666665,62.20960028240055,15
2019-08-20 02:00:00,2.466666666666667,61.85043240363253,15
2019-08-20 02:15:00,1.5333333333333334,61.424394743985694,15
2019-08-20 02:30:00,2.6666666666666665,61.600260280429545,15
2019-08-20 02:45:00,3.8666666666666667,61.57919739310799,15
2019-08-20 03:00:00,3.8,61.34690791453477,15
2019-08-20 03:15:00,1.0,61.53040577567415,15
2019-08-20 03:30:00,0.8,61.63242550967797,15
2019-08-20 03:45:00,0.26666666666666666,61.38203602073412,15
2019-08-20 04:00:00,1.3333333333333333,61.4352042969862,15
2019-08-20 04:15:00,0.8,61.79201383441574,15
2019-08-20 04:30:00,1.9333333333333333,61.783037221613256,15
2019-08-20 04:45:00,1.8666666666666667,61.59354421820032,15
2019-08-20 05:00:00,1.3333333333333333,61.442703678625264,15
2019-08-20 05:15:00,12.266666666666667,61.368191268342486,15
2019-08-20 05:30:00,12.0,61.250562638830466,15
2019-08-20 05:45:00,13.0,61.277218720108806,15
2019-08-20 06:00:00,8.733333333333333,61.29725330825789,15
2019-08-20 06:15:00,9.133333333333333,61.33105317831357,15
2019-08-20 06:30:00,12.733333333333333,61.517005069016086,15
2019-08-20 06:45:00,10.266666666666667,61.70707516950907,15
2019-08-20 07:00:00,11.533333333333333,62.18810778937944,15
2019-08-20 07:15:00,8.133333333333333,62.8481722087056,15
2019-08-20 07:30:00,2.4,63.46924542189419,15
2019-08-20 07:45:00,1.0666666666666667,64.01726656295511,15
2019-08-20 08:00:00,4.0,64.3976346578101,15
2019-08-20 08:15:00,3.8,64.60162512733491,15
2019-08-20 08:30:00,1.5333333333333334,65.07627622415471,15
2019-08-20 08:45:00,1.8666666666666667,65.89484178433224,15
2019-08-20 09:00:00,3.7333333333333334,66.5772462008485,15
2019-08-20 09:15:00,11.333333333333334,67.38702675762822,15
2019-08-20 09:30:00,35.93333333333333,68.03831134358525,15
2019-08-20 09:45:00,40.4,68.69477643174217,15
2019-08-20 10:00:00,19.4,69.64355688522663,15
2019-08-20 10:15:00,18.066666666666666,70.09013056543468,15
2019-08-20 10:30:00,14.266666666666667,70.44138920857806,15
2019-08-20 10:45:00,18.866666666666667,70.81733663983131,15
2019-08-20 11:00:00,32.2,70.98735339808371,15
2019-08-20 11:15:00,17.666666666666668,71.34283478729937,15
2019-08-20 11:30:00,19.2,71.796338682944,15
2019-08-20 11:45:00,13.8,71.75699509571292,15
2019-08-20 12:00:00,19.866666666666667,71.98043384663818,15
2019-08-20 12:15:00,23.2,72.10003301970877,15
2019-08-20 12:30:00,8.933333333333334,72.2959511930249,15
2019-08-20 12:45:00,8.933333333333334,72.65196755419386,15
2019-08-20 13:00:00,4.6,72.837438553176,15
2019-08-20 13:15:00,1.2,72.78773111591022,15
2019-08-20 13:30:00,7.4,73.36161720550864,15
2019-08-20 13:45:00,9.466666666666667,73.51846730866728,15
2019-08-20 14:00:00,6.733333333333333,73.63105011212139,15
2019-08-20 14:15:00,6.2,73.64840706253521,15
2019-08-20 14:30:00,7.133333333333334,73.63067768211168,15
2019-08-20 14:45:00,7.0,73.71195339421314,15
2019-08-20 15:00:00,9.4,73.78729067729405,15
2019-08-20 15:15:00,9.0,74.36341984138147,15
2019-08-20 15:30:00,12.6,74.70399621065916,15
2019-08-20 15:45:00,13.533333333333333,74.65605257663599,15
2019-08-20 16:00:00,6.533333333333333,74.67450024374232,15
2019-08-20 16:15:00,5.666666666666667,73.83841272220491,15
2019-08-20 16:30:00,6.266666666666667,74.12480184623013,15
2019-08-20 16:45:00,5.133333333333334,74.37480666216503,15
2019-08-20 17:00:00,8.333333333333334,74.30018600538837,15
2019-08-20 17:15:00,20.8,74.23662963422771,15
2019-08-20 17:30:00,15.133333333333333,74.291749082579,15
2019-08-20 17:45:00,11.066666666666666,74.28702674210017,15
2019-08-20 18:00:00,8.2,74.28972725294248,15
2019-08-20 18:15:00,5.666666666666667,74.02750020778086,15
2019-08-20 18:30:00,3.466666666666667,73.67598952320903,15
2019-08-20 18:45:00,1.1333333333333333,73.17549270512033,15
2019-08-20 19:00:00,5.4,72.69461950120824,15
2019-08-20 19:15:00,6.0,72.03035580884806,15
2019-08-20 19:30:00,9.466666666666667,71.6042786278512,15
2019-08-20 19:45:00,12.666666666666666,71.10918723862137,15
2019-08-20 20:00:00,13.8,70.34824650940641,15
2019-08-20 20:15:00,12.533333333333333,69.76916636918658,15
2019-08-20 20:30:00,12.333333333333334,68.69405171684703,15
2019-08-20 20:45:00,11.866666666666667,68.02701172245541,15
2019-08-20 21:00:00,12.133333333333333,67.19198828821094,15
2019-08-20 21:15:00,8.666666666666666,66.37668363269303,15
2019-08-20 21:30:00,4.666666666666667,65.64417399643524,15
2019-08-20 21:45:00,2.466666666666667,65.08868289897964,15
2019-08-20 22:00:00,0.5333333333333333,64.73103003527636,15
2019-08-20 22:15:00,2.2666666666666666,64.25691291750586,15
2019-08-20 22:30:00,3.2,63.867331439653015,15
2019-08-20 22:45:00,1.4,63.76030364967411,15
2019-08-20 23:00:00,2.1333333333333333,64.26255691243371,15
2019-08-20 23:15:00,1.9333333333333333,65.43642286971624,15
2019-08-20 23:30:00,5.2,65.03920919040867,15
2019-08-20 23:45:00,4.133333333333334,63.33016088566476,15
2019-08-21 00:00:00,2.933333333333333,62.48131406326164,15
2019-08-21 00:15:00,3.8666666666666667,62.41432122224138,15
2019-08-21 00:30:00,2.6666666666666665,62.4456723094095,15
2019-08-21 00:45:00,2.933333333333333,62.139593023237545,15
2019-08-21 01:00:00,0.8666666666666667,62.5856255758577,15
2019-08-21 01:15:00,0.4,62.51089650195274,15
2019-08-21 01:30:00,0.6666666666666666,62.16108113777199,15
2019-08-21 01:45:00,1.4666666666666666,61.848305699898845,15
2019-08-21 02:00:00,1.8666666666666667,61.63512177893279,15
2019-08-21 02:15:00,4.466666666666667,61.56296206975457,15
2019-08-21 02:30:00,4.8,61.314609035157936,15
2019-08-21 02:45:00,1.4,60.76371766337752,15
2019-08-21 03:00:00,2.6,60.74524800711728,15
2019-08-21 03:15:00,1.6666666666666667,61.38693053207487,15
2019-08-21 03:30:00,0.26666666666666666,61.80456119943536,15
2019-08-21 03:45:00,1.4666666666666666,61.84204587325515,15
2019-08-21 04:00:00,0.7333333333333333,62.04720695349766,15
2019-08-21 04:15:00,1.9333333333333333,62.16529062706198,15
2019-08-21 04:30:00,1.4,62.73861896010342,15
2019-08-21 04:45:00,2.533333333333333,62.39781724393162,15
2019-08-21 05:00:00,3.066666666666667,63.13827687783512,15
2019-08-21 05:15:00,10.266666666666667,64.09068670060725,15
2019-08-21 05:30:00,13.533333333333333,64.71078362306245,15
2019-08-21 05:45:00,10.066666666666666,65.15558805608809,15
2019-08-21 06:00:00,9.866666666666667,65.80663091914185,15
2019-08-21 06:15:00,12.066666666666666,65.4925888714999,15
2019-08-21 06:30:00,11.266666666666667,65.49430276393389,15
2019-08-21 06:45:00,5.4,65.61173649917188,15
2019-08-21 07:00:00,3.2666666666666666,65.58913759950185,15
2019-08-21 07:15:00,2.7333333333333334,65.8834154157999,15
2019-08-21 07:30:00,1.8666666666666667,66.40862398600278,15
2019-08-21 07:45:00,2.1333333333333333,66.98416714432322,15
2019-08-21 08:00:00,2.8666666666666667,67.46787196101111,15
2019-08-21 08:15:00,2.3333333333333335,67.65082956388422,15
2019-08-21 08:30:00,2.3333333333333335,67.7358315151594,15
2019-08-21 08:45:00,6.066666666666666,67.98754997589694,15
2019-08-21 09:00:00,5.8,68.26621017327068,15
2019-08-21 09:15:00,5.266666666666667,68.30774335521838,15
2019-08-21 09:30:00,10.8,68.25055431659301,15
2019-08-21 09:45:00,11.333333333333334,67.47637154114047,15
2019-08-21 10:00:00,9.6,66.96159672666785,15
2019-08-21 10:15:00,7.4,66.69192390418696,15
2019-08-21 10:30:00,8.866666666666667,66.26142169293205,15
2019-08-21 10:45:00,8.4,66.00472233531934,15
2019-08-21 11:00:00,10.4,66.5347406033486,15
2019-08-21 11:15:00,5.2,67.40882573325996,15
2019-08-21 11:30:00,2.2,68.056811255676,15
2019-08-21 11:45:00,1.0666666666666667,68.64495272659374,15
2019-08-21 12:00:00,2.3333333333333335,69.3688612041673,15
2019-08-21 12:15:00,5.2,69.69641624222116,15
2019-08-21 12:30:00,5.066666666666666,69.91229686228196,15
2019-08-21 12:45:00,8.333333333333334,70.223545187444,15
2019-08-21 13:00:00,4.666666666666667,70.55425100975155,15
2019-08-21 13:15:00,2.933333333333333,70.28894781894398,15
2019-08-21 13:30:00,3.066666666666667,70.14851843365227,15
2019-08-21 13:45:00,4.733333333333333,70.28827235620868,15
2019-08-21 14:00:00,5.0,70.57622238929274,15
2019-08-21 14:15:00,7.2,70.76283813087761,15
2019-08-21 14:30:00,5.6,71.27244724201908,15
2019-08-21 14:45:00,7.666666666666667,72.06631447876775,15
2019-08-21 15:00:00,6.866666666666666,72.89670053428095,15
2019-08-21 15:15:00,10.533333333333333,73.35322074949259,15
2019-08-21 15:30:00,9.733333333333333,73.45125527327718,15
2019-08-21 15:45:00,14.2,74.21664061045314,15
2019-08-21 16:00:00,12.2,74.21832102936867,15
2019-08-21 16:15:00,7.733333333333333,74.2011951606387,15
2019-08-21 16:30:00,4.733333333333333,74.42773038122799,15
2019-08-21 16:45:00,9.4,74.49888886257204,15
2019-08-21 17:00:00,15.066666666666666,74.12871303837933,15
2019-08-21 17:15:00,18.8,74.37480551800634,15
2019-08-21 17:30:00,14.4,74.67211067034027,15
2019-08-21 17:45:00,7.933333333333334,74.7133432801843,15
2019-08-21 18:00:00,5.6,74.56866247030997,15
2019-08-21 18:15:00,2.1333333333333333,74.73249501094618,15
2019-08-21 18:30:00,1.0666666666666667,74.43186238752115,15
2019-08-21 18:45:00,3.6,73.84214082905905,15
2019-08-21 19:00:00,5.533333333333333,73.42159664111692,15
2019-08-21 19:15:00,8.4,73.14702050731826,15
2019-08-21 19:30:00,9.533333333333333,72.78056714972654,15
2019-08-21 19:45:00,12.8,71.82594145895696,15
2019-08-21 20:00:00,16.266666666666666,71.27280330515555,15
2019-08-21 20:15:00,11.6,71.17088326480427,15
2019-08-21 20:30:00,10.266666666666667,71.05889717025791,15
2019-08-21 20:45:00,8.933333333333334,70.73760737371545,15
2019-08-21 21:00:00,15.2,70.45969296837485,15
2019-08-21 21:15:00,12.466666666666667,70.19218447047804,15
2019-08-21 21:30:00,8.466666666666667,69.97580306366334,15
2019-08-21 21:45:00,3.7333333333333334,69.83008907025356,15
2019-08-21 22:00:00,4.266666666666667,69.8460793212641,15
2019-08-21 22:15:00,6.266666666666667,69.81482274820753,15
2019-08-21 22:30:00,3.0,69.78762665621788,15
2019-08-21 22:45:00,3.0,69.82180941410503,15
2019-08-21 23:00:00,2.533333333333333,69.71911162865254,15
2019-08-21 23:15:00,4.133333333333334,69.54371904944638,15
2019-08-21 23:30:00,3.7333333333333334,69.57271419193985,15
2019-08-21 23:45:00,6.933333333333334,69.40086506323372,15
2019-08-22 00:00:00,3.933333333333333,69.64028814502709,15
2019-08-22 00:15:00,2.4,69.99259798950956,15
2019-08-22 00:30:00,5.133333333333334,70.06951128125155,15
2019-08-22 00:45:00,5.0,70.18312533901839,15
2019-08-22 01:00:00,5.066666666666666,70.26037192160236,15
2019-08-22 01:15:00,4.866666666666666,70.31501258063992,15
2019-08-22 01:30:00,2.8666666666666667,70.41121754748427,15
2019-08-22 01:45:00,2.7333333333333334,70.5442273095638,15
2019-08-22 02:00:00,1.3333333333333333,70.60373397895958,15
2019-08-22 02:15:00,1.2666666666666666,70.41251534769037,15
2019-08-22 02:30:00,2.4,70.17137389763563,15
2019-08-22 02:45:00,3.4,70.08425478068993,15
2019-08-22 03:00:00,2.6666666666666665,70.18866780456706,15
2019-08-22 03:15:00,1.2,70.34891747668075,15
2019-08-22 03:30:00,2.466666666666667,70.3986338441227,15
2019-08-22 03:45:00,3.6666666666666665,70.3138701205985,15
2019-08-22 04:00:00,2.8666666666666667,70.20777670520786,15
2019-08-22 04:15:00,3.2666666666666666,70.08849420519836,15
2019-08-22 04:30:00,1.8666666666666667,69.94402425828741,15
2019-08-22 04:45:00,0.7333333333333333,69.91119828966693,15
2019-08-22 05:00:00,1.0666666666666667,69.98368594723135,15
2019-08-22 05:15:00,8.0,69.93351198033649,15
2019-08-22 05:30:00,6.666666666666667,70.10850089396708,15
2019-08-22 05:45:00,12.066666666666666,70.05495043352045,15
2019-08-22 06:00:00,12.133333333333333,69.76414613054574,15
2019-08-22 06:15:00,11.2,69.54675012626461,15
2019-08-22 06:30:00,10.2,69.53905719028744,15
2019-08-22 06:45:00,11.6,69.67509792227871,15
2019-08-22 07:00:00,8.0,69.74589766489404,15
2019-08-22 07:15:00,3.466666666666667,70.04761700557826,15
2019-08-22 07:30:00,1.1333333333333333,70.16501734410608,15
2019-08-22 07:45:00,0.8666666666666667,69.95260588282252,15
2019-08-22 08:00:00,3.0,70.08209241006527,15
2019-08-22 08:15:00,4.133333333333334,69.82369824592134,15
2019-08-22 08:30:00,5.666666666666667,69.68077339733411,15
2019-08-22 08:45:00,4.266666666666667,69.58951279437524,15
2019-08-22 09:00:00,7.2,69.8822114272537,15
2019-08-22 09:15:00,8.933333333333334,69.79846585837437,15
2019-08-22 09:30:00,29.666666666666668,70.16633840240462,15
2019-08-22 09:45:00,21.8,70.91856319087493,15
2019-08-22 10:00:00,13.2,71.0360917573844,15
2019-08-22 10:15:00,13.066666666666666,71.44269081278264,15
2019-08-22 10:30:00,8.666666666666666,71.2993298411679,15
2019-08-22 10:45:00,25.0,71.21734288925202,15
2019-08-22 11:00:00,18.933333333333334,71.81696882922671,15
2019-08-22 11:15:00,11.066666666666666,71.90330123999557,15
2019-08-22 11:30:00,10.266666666666667,72.36445927003288,15
2019-08-22 11:45:00,6.4,72.0874225960867,15
2019-08-22 12:00:00,22.4,72.1213306648162,15
2019-08-22 12:15:00,10.8,71.86648067581864,15
2019-08-22 12:30:00,10.4,72.185771733131,15
2019-08-22 12:45:00,7.066666666666666,72.23441309039184,15
2019-08-22 13:00:00,6.533333333333333,71.29742236585844,15
2019-08-22 13:15:00,5.4,70.9184403520173,15
2019-08-22 13:30:00,6.928571428571429,71.052669035478,14
2019-08-22 13:45:00,7.428571428571429,71.38007207710764,14
2019-08-22 14:00:00,2.769230769230769,71.79415271900062,13
2019-08-22 14:15:00,5.923076923076923,71.82829819263459,13
2019-08-22 14:30:00,3.6153846153846154,71.18410954539397,13
2019-08-22 14:45:00,3.769230769230769,70.6797048005397,13
2019-08-22 15:00:00,4.076923076923077,71.23256707949076,13
2019-08-22 15:15:00,2.1538461538461537,71.78036557896432,13
2019-08-22 15:30:00,3.5384615384615383,71.58041790267042,13
2019-08-22 15:45:00,5.230769230769231,71.36585748056429,13
2019-08-22 16:00:00,5.538461538461538,71.74885093625883,13
2019-08-22 16:15:00,7.384615384615385,71.29746683944677,13
2019-08-22 16:30:00,7.6923076923076925,71.14781412368286,13
2019-08-22 16:45:00,12.153846153846153,70.70401372632523,13
2019-08-22 17:00:00,15.692307692307692,70.73443986745103,13
2019-08-22 17:15:00,14.923076923076923,70.85409726713694,13
2019-08-22 17:30:00,13.538461538461538,70.8614894443972,13
2019-08-22 17:45:00,4.846153846153846,71.1481844522575,13
2019-08-22 18:00:00,1.5384615384615385,71.00008681794631,13
2019-08-22 18:15:00,1.9230769230769231,70.57174770040233,13
2019-08-22 18:30:00,3.769230769230769,70.09883636773506,13
2019-08-22 18:45:00,6.3076923076923075,69.86197104763797,13
2019-08-22 19:00:00,6.384615384615385,69.34040865345912,13
2019-08-22 19:15:00,8.692307692307692,69.03538135589305,13
2019-08-22 19:30:00,10.307692307692308,68.73148283774165,13
2019-08-22 19:45:00,11.076923076923077,68.34063243991157,13
2019-08-22 20:00:00,13.0,68.14024840892783,13
2019-08-22 20:15:00,17.153846153846153,67.78505226256183,13
2019-08-22 20:30:00,8.692307692307692,67.4080424203694,13
2019-08-22 20:45:00,8.461538461538462,67.08150915863128,13
2019-08-22 21:00:00,6.615384615384615,66.7694146135269,13
2019-08-22 21:15:00,3.6923076923076925,66.47801036135886,13
2019-08-22 21:30:00,5.3076923076923075,66.33208678626154,13
2019-08-22 21:45:00,4.230769230769231,65.95032642125861,13
2019-08-22 22:00:00,4.0,65.36591472112461,13
2019-08-22 22:15:00,2.0,65.23477128469304,13
2019-08-22 22:30:00,4.846153846153846,65.29166569940908,13
2019-08-22 22:45:00,2.230769230769231,65.31138728097083,13
2019-08-22 23:00:00,2.769230769230769,65.18284242812793,13
2019-08-22 23:15:00,3.3846153846153846,64.91644761999473,13
2019-08-22 23:30:00,5.0,64.59714814652504,13
2019-08-22 23:45:00,2.923076923076923,64.44142657371926,13
2019-08-23 00:00:00,2.230769230769231,64.21712142945445,13
2019-08-23 00:15:00,3.769230769230769,64.09687603215697,13
2019-08-23 00:30:00,4.230769230769231,64.02202241866424,13
2019-08-23 00:45:00,3.5384615384615383,63.1975386643041,13
2019-08-23 01:00:00,1.4615384615384615,62.3964513277845,13
2019-08-23 01:15:00,0.3076923076923077,61.98124248093745,13
2019-08-23 01:30:00,2.6153846153846154,61.3133473895835,13
2019-08-23 01:45:00,3.0,61.09610794640586,13
2019-08-23 02:00:00,2.6923076923076925,60.66828795194545,13
2019-08-23 02:15:00,3.4615384615384617,60.522781153501086,13
2019-08-23 02:30:00,2.076923076923077,60.28296971417125,13
2019-08-23 02:45:00,3.3846153846153846,60.42509438111478,13
2019-08-23 03:00:00,1.8461538461538463,60.87264975880215,13
2019-08-23 03:15:00,1.3076923076923077,60.967110533042785,13
2019-08-23 03:30:00,0.9230769230769231,61.00806868980416,13
2019-08-23 03:45:00,0.7692307692307693,60.99623399222629,13
2019-08-23 04:00:00,0.3076923076923077,60.85625993119353,13
2019-08-23 04:15:00,1.4615384615384615,60.40432508885649,13
2019-08-23 04:30:00,1.6923076923076923,59.92791131755004,13
2019-08-23 04:45:00,1.0769230769230769,59.40153796285433,13
2019-08-23 05:00:00,5.076923076923077,59.34792987696494,13
2019-08-23 05:15:00,9.153846153846153,59.5640405712438,13
2019-08-23 05:30:00,11.846153846153847,59.431259092655125,13
2019-08-23 05:45:00,10.923076923076923,59.268398232033746,13
2019-08-23 06:00:00,9.846153846153847,59.46289302996701,13
2019-08-23 06:15:00,9.307692307692308,59.10059894076304,13
2019-08-23 06:30:00,9.076923076923077,59.176710930645605,13
2019-08-23 06:45:00,5.538461538461538,59.35771973990322,13
2019-08-23 07:00:00,2.3846153846153846,59.64619951540709,13
2019-08-23 07:15:00,1.6923076923076923,59.80978313472235,13
2019-08-23 07:30:00,4.538461538461538,59.75757004600214,13
2019-08-23 07:45:00,3.0,59.71527734358056,13
2019-08-23 08:00:00,7.230769230769231,59.907530545584905,13
2019-08-23 08:15:00,8.615384615384615,60.313527301794146,13
2019-08-23 08:30:00,6.230769230769231,60.73646870936565,13
2019-08-23 08:45:00,6.923076923076923,60.9588107863942,13
2019-08-23 09:00:00,4.538461538461538,61.23476187481168,13
2019-08-23 09:15:00,8.23076923076923,61.70160440535761,13
2019-08-23 09:30:00,23.76923076923077,62.1568351005242,13
2019-08-23 09:45:00,41.92307692307692,62.650898780921686,13
2019-08-23 10:00:00,25.46153846153846,63.12033208437985,13
2019-08-23 10:15:00,24.076923076923077,63.503472451877705,13
2019-08-23 10:30:00,13.153846153846153,64.13190791576973,13
2019-08-23 10:45:00,14.0,64.49547687548528,13
2019-08-23 11:00:00,33.92307692307692,64.68107566653298,13
2019-08-23 11:15:00,15.76923076923077,65.07510444077708,13
2019-08-23 11:30:00,13.461538461538462,65.6865942747732,13
2019-08-23 11:45:00,9.538461538461538,65.68553978056556,13
2019-08-23 12:00:00,13.0,65.91378374239991,13
2019-08-23 12:15:00,38.0,66.30794923724194,13
2019-08-23 12:30:00,12.0,66.66343956721897,13
2019-08-23 12:45:00,9.76923076923077,66.90597751325565,13
2019-08-23 13:00:00,6.153846153846154,66.40482195719292,13
2019-08-23 13:15:00,4.846153846153846,66.25658942753944,13
2019-08-23 13:30:00,8.384615384615385,65.96882032475627,13
2019-08-23 13:45:00,9.23076923076923,66.10211396489957,13
2019-08-23 14:00:00,8.692307692307692,66.78217640516792,13
2019-08-23 14:15:00,6.384615384615385,66.67030581524186,13
2019-08-23 14:30:00,4.615384615384615,66.48903133677258,13
2019-08-23 14:45:00,4.3076923076923075,66.01314841562986,13
2019-08-23 15:00:00,2.923076923076923,66.02123894396921,13
2019-08-23 15:15:00,6.615384615384615,66.75750601140959,13
2019-08-23 15:30:00,6.846153846153846,67.13781851974493,13
2019-08-23 15:45:00,3.5384615384615383,67.07231100292684,13
2019-08-23 16:00:00,7.3076923076923075,67.0134305607441,13
2019-08-23 16:15:00,7.153846153846154,66.97334413832962,13
2019-08-23 16:30:00,5.923076923076923,66.97287367881563,13
2019-08-23 16:45:00,3.769230769230769,66.83233222555522,13
2019-08-23 17:00:00,10.923076923076923,65.89349408951155,13
2019-08-23 17:15:00,14.692307692307692,65.57761046279846,13
2019-08-23 17:30:00,9.23076923076923,65.2898988226755,13
2019-08-23 17:45:00,6.923076923076923,65.63793418639207,13
2019-08-23 18:00:00,5.923076923076923,66.24088560490442,13
2019-08-23 18:15:00,2.3846153846153846,65.70217159375112,13
2019-08-23 18:30:00,3.3846153846153846,64.96635084346894,13
2019-08-23 18:45:00,4.0,64.79779153143788,13
2019-08-23 19:00:00,3.6923076923076925,64.8190149446411,13
2019-08-23 19:15:00,6.076923076923077,64.81306836729671,13
2019-08-23 19:30:00,9.0,64.60337146528762,13
2019-08-23 19:45:00,11.846153846153847,64.52293017185765,13
2019-08-23 20:00:00,11.692307692307692,64.27320213006631,13
2019-08-23 20:15:00,12.461538461538462,64.01128353093537,13
2019-08-23 20:30:00,13.692307692307692,63.59280860448397,13
2019-08-23 20:45:00,9.76923076923077,63.32251730139634,13
2019-08-23 21:00:00,6.3076923076923075,63.22423081760268,13
2019-08-23 21:15:00,5.6923076923076925,63.141717081491514,13
2019-08-23 21:30:00,3.6153846153846154,63.015133052234155,13
2019-08-23 21:45:00,2.3076923076923075,62.77940709766821,13
2019-08-23 22:00:00,0.9230769230769231,62.57380912329089,13
2019-08-23 22:15:00,4.153846153846154,62.29308393090211,13
2019-08-23 22:30:00,3.3076923076923075,62.08457209115644,13
2019-08-23 22:45:00,2.1538461538461537,61.857248987250216,13
2019-08-23 23:00:00,1.9230769230769231,61.51382083586713,13
2019-08-23 23:15:00,3.3846153846153846,61.247597435615944,13
2019-08-23 23:30:00,4.076923076923077,60.97519258257057,13
2019-08-23 23:45:00,6.615384615384615,60.79977582335195,13
2019-08-24 00:00:00,3.076923076923077,60.575322124076955,13
2019-08-24 00:15:00,2.923076923076923,60.059230637312645,13
2019-08-24 00:30:00,2.923076923076923,59.72743864958202,13
2019-08-24 00:45:00,1.3076923076923077,59.55249840819139,13
2019-08-24 01:00:00,2.1538461538461537,59.46371380351374,13
2019-08-24 01:15:00,3.5384615384615383,59.438753219803374,13
2019-08-24 01:30:00,1.6153846153846154,59.69020913376204,13
2019-08-24 01:45:00,0.6153846153846154,59.60451966700891,13
2019-08-24 02:00:00,1.1538461538461537,59.389199115759304,13
2019-08-24 02:15:00,3.3076923076923075,58.92013102673721,13
2019-08-24 02:30:00,2.6923076923076925,58.38126117169811,13
2019-08-24 02:45:00,1.7692307692307692,58.1308632404513,13
2019-08-24 03:00:00,1.1538461538461537,57.663028130262234,13
2019-08-24 03:15:00,0.0,57.22688577346713,13
2019-08-24 03:30:00,1.5384615384615385,56.84729043457583,13
2019-08-24 03:45:00,0.5384615384615384,56.43936305807171,13
2019-08-24 04:00:00,1.3846153846153846,56.14799339152114,13
2019-08-24 04:15:00,3.6923076923076925,56.05158075672498,13
2019-08-24 04:30:00,2.8461538461538463,55.59960521938141,13
2019-08-24 04:45:00,1.7692307692307692,54.87847226073678,13
2019-08-24 05:00:00,0.6153846153846154,54.65200728820911,13
2019-08-24 05:15:00,6.6923076923076925,54.24002374936998,13
2019-08-24 05:30:00,9.846153846153847,53.99202746627393,13
2019-08-24 05:45:00,10.923076923076923,53.77774797678253,13
2019-08-24 06:00:00,10.923076923076923,54.01757705008765,13
2019-08-24 06:15:00,10.384615384615385,53.98558495124477,13
2019-08-24 06:30:00,12.307692307692308,54.32337267310111,13
2019-08-24 06:45:00,9.153846153846153,54.55598730029836,13
2019-08-24 07:00:00,5.461538461538462,55.29810871198159,13
2019-08-24 07:15:00,1.8461538461538463,57.45185884033532,13
2019-08-24 07:30:00,0.15384615384615385,59.735153592559065,13
2019-08-24 07:45:00,1.3846153846153846,60.49568843934821,13
2019-08-24 08:00:00,4.3076923076923075,60.91139791022051,13
2019-08-24 08:15:00,4.769230769230769,61.27152944982645,13
2019-08-24 08:30:00,4.384615384615385,61.647174152332774,13
2019-08-24 08:45:00,3.230769230769231,61.94657699010677,13
2019-08-24 09:00:00,2.6153846153846154,62.26079297720213,13
2019-08-24 09:15:00,1.2307692307692308,62.38456253637503,13
2019-08-24 09:30:00,1.9230769230769231,62.75822994252534,13
2019-08-24 09:45:00,4.384615384615385,63.12385179272682,13
2019-08-24 10:00:00,13.0,63.43284223160327,13
2019-08-24 10:15:00,12.0,63.64964579662165,13
2019-08-24 10:30:00,11.307692307692308,64.33907363251366,13
2019-08-24 10:45:00,11.384615384615385,65.06977489430687,13
2019-08-24 11:00:00,10.692307692307692,64.80355921432391,13
2019-08-24 11:15:00,7.923076923076923,64.95947624262828,13
2019-08-24 11:30:00,2.8461538461538463,64.9948067851599,13
2019-08-24 11:45:00,2.3846153846153846,64.99632736032748,13
2019-08-24 12:00:00,6.076923076923077,65.28091274995683,13
2019-08-24 12:15:00,5.615384615384615,65.28328846255731,13
2019-08-24 12:30:00,8.076923076923077,65.28756130288222,13
2019-08-24 12:45:00,4.3076923076923075,65.26066427950327,13
2019-08-24 13:00:00,4.538461538461538,65.01170730246626,13
2019-08-24 13:15:00,2.230769230769231,65.33466915356195,13
2019-08-24 13:30:00,1.3846153846153846,66.33240269382092,13
2019-08-24 13:45:00,2.6923076923076925,66.99403263135586,13
2019-08-24 14:00:00,1.3846153846153846,67.06503425592598,13
2019-08-24 14:15:00,3.923076923076923,67.10598920785472,13
2019-08-24 14:30:00,4.230769230769231,67.49117175711568,13
2019-08-24 14:45:00,6.153846153846154,67.77368152591741,13
2019-08-24 15:00:00,6.769230769230769,67.77355482235416,13
2019-08-24 15:15:00,7.6923076923076925,67.57077036257897,13
2019-08-24 15:30:00,7.538461538461538,67.51275497227527,13
2019-08-24 15:45:00,7.769230769230769,67.64674435292886,13
2019-08-24 16:00:00,13.846153846153847,67.79528819941082,13
2019-08-24 16:15:00,12.846153846153847,68.00438356046787,13
2019-08-24 16:30:00,8.0,68.26384488118222,13
2019-08-24 16:45:00,6.230769230769231,68.44491524352786,13
2019-08-24 17:00:00,11.538461538461538,68.32617394833339,13
2019-08-24 17:15:00,14.076923076923077,68.58984202037044,13
2019-08-24 17:30:00,12.0,68.73880280814667,13
2019-08-24 17:45:00,8.384615384615385,68.71398601923586,13
2019-08-24 18:00:00,4.3076923076923075,68.47865355311446,13
2019-08-24 18:15:00,1.0,68.18808305643275,13
2019-08-24 18:30:00,0.5384615384615384,67.75740814054667,13
2019-08-24 18:45:00,4.461538461538462,67.69961133405079,13
2019-08-24 19:00:00,5.461538461538462,67.39337589954584,13
2019-08-24 19:15:00,12.692307692307692,66.73900253461846,13
2019-08-24 19:30:00,11.846153846153847,65.92002833677407,13
2019-08-24 19:45:00,15.615384615384615,64.88528420127135,13
2019-08-24 20:00:00,12.23076923076923,63.76161662158294,13
2019-08-24 20:15:00,10.692307692307692,62.83642959178428,13
2019-08-24 20:30:00,14.0,61.88992348791115,13
2019-08-24 20:45:00,14.0,61.275832005114886,13
2019-08-24 21:00:00,10.0,61.29890353184559,13
2019-08-24 21:15:00,12.307692307692308,60.63548643985766,13
2019-08-24 21:30:00,8.23076923076923,60.15749601289835,13
2019-08-24 21:45:00,10.076923076923077,59.94082730467564,13
2019-08-24 22:00:00,5.076923076923077,59.74500391342291,13
2019-08-24 22:15:00,5.461538461538462,59.14781386103788,13
2019-08-24 22:30:00,8.0,58.891164466680856,13
2019-08-24 22:45:00,11.846153846153847,58.83390642435475,13
2019-08-24 23:00:00,11.153846153846153,58.58845249289309,13
2019-08-24 23:15:00,9.692307692307692,58.37846060437871,13
2019-08-24 23:30:00,4.6923076923076925,57.93715307953176,13
2019-08-24 23:45:00,7.923076923076923,57.504728066477405,13
2019-08-25 00:00:00,4.076923076923077,57.302251312174995,13
2019-08-25 00:15:00,7.153846153846154,56.81539981049469,13
2019-08-25 00:30:00,6.6923076923076925,56.48368674648856,13
2019-08-25 00:45:00,4.615384615384615,56.29721901239383,13
2019-08-25 01:00:00,5.153846153846154,56.17245384448586,13
2019-08-25 01:15:00,4.615384615384615,56.13187754296437,13
2019-08-25 01:30:00,5.769230769230769,56.72704627435359,13
2019-08-25 01:45:00,9.307692307692308,57.08065976321799,13
2019-08-25 02:00:00,6.0,57.04679868514226,13
2019-08-25 02:15:00,1.2307692307692308,56.91041728446061,13
2019-08-25 02:30:00,3.076923076923077,57.09226311578044,13
2019-08-25 02:45:00,3.8461538461538463,57.18589882512217,13
2019-08-25 03:00:00,2.5384615384615383,56.98078017735694,13
2019-08-25 03:15:00,4.3076923076923075,57.18439344609232,13
2019-08-25 03:30:00,2.769230769230769,57.4065449380874,13
2019-08-25 03:45:00,2.769230769230769,57.22878640368019,13
2019-08-25 04:00:00,0.46153846153846156,56.979825160737185,13
2019-08-25 04:15:00,1.6153846153846154,56.69866712842369,13
2019-08-25 04:30:00,2.3846153846153846,56.26373656829925,13
2019-08-25 04:45:00,3.923076923076923,56.056994812308005,13
2019-08-25 05:00:00,5.153846153846154,56.23286642039937,13
2019-08-25 05:15:00,14.846153846153847,56.10338507111408,13
2019-08-25 05:30:00,10.076923076923077,55.94663266665818,13
2019-08-25 05:45:00,11.692307692307692,55.76314978782465,13
2019-08-25 06:00:00,12.615384615384615,55.68746611120449,13
2019-08-25 06:15:00,10.384615384615385,55.56662180447992,13
2019-08-25 06:30:00,11.538461538461538,55.52991834520024,13
2019-08-25 06:45:00,10.615384615384615,55.8937431405591,13
2019-08-25 07:00:00,8.76923076923077,56.46409981239406,13
2019-08-25 07:15:00,2.0,57.29388840276517,13
2019-08-25 07:30:00,1.8461538461538463,57.9878902259808,13
2019-08-25 07:45:00,0.5384615384615384,58.67578584024249,13
2019-08-25 08:00:00,0.9230769230769231,59.4734457725908,13
2019-08-25 08:15:00,2.0,60.15612714037392,13
2019-08-25 08:30:00,4.6923076923076925,61.01719049486555,13
2019-08-25 08:45:00,7.461538461538462,61.81746762462137,13
2019-08-25 09:00:00,7.923076923076923,62.603305695827096,13
2019-08-25 09:15:00,6.6923076923076925,63.42740530921778,13
2019-08-25 09:30:00,2.8461538461538463,64.14353967670606,13
2019-08-25 09:45:00,2.076923076923077,64.76798114487052,13
2019-08-25 10:00:00,3.0,65.35946253740657,13
2019-08-25 10:15:00,7.0,65.93780480302077,13
2019-08-25 10:30:00,8.384615384615385,66.43901678553318,13
2019-08-25 10:45:00,9.76923076923077,66.64284105138194,13
2019-08-25 11:00:00,9.153846153846153,67.42647163533086,13
2019-08-25 11:15:00,6.0,67.95080451844946,13
2019-08-25 11:30:00,6.461538461538462,68.54792950459198,13
2019-08-25 11:45:00,3.4615384615384617,68.93316321555567,13
2019-08-25 12:00:00,2.8461538461538463,68.73349045766827,13
2019-08-25 12:15:00,4.769230769230769,68.83618195995486,13
2019-08-25 12:30:00,5.846153846153846,68.9034694629768,13
2019-08-25 12:45:00,6.461538461538462,69.17989662736058,13
2019-08-25 13:00:00,9.846153846153847,69.10129025303551,13
2019-08-25 13:15:00,15.076923076923077,69.35770758231695,13
2019-08-25 13:30:00,14.153846153846153,69.51697069910789,13
2019-08-25 13:45:00,8.615384615384615,69.81797386010977,13
2019-08-25 14:00:00,7.0,70.2628277819645,13
2019-08-25 14:15:00,5.076923076923077,70.25610631801558,13
2019-08-25 14:30:00,1.6923076923076923,70.44200854506803,13
2019-08-25 14:45:00,1.6153846153846154,70.73305230491368,13
2019-08-25 15:00:00,3.3846153846153846,70.29464171638807,13
2019-08-25 15:15:00,6.846153846153846,70.18300326696392,13
2019-08-25 15:30:00,7.230769230769231,70.48569388265365,13
2019-08-25 15:45:00,10.846153846153847,70.37180652496328,13
2019-08-25 16:00:00,10.615384615384615,70.56371452598893,13
2019-08-25 16:15:00,7.846153846153846,70.39925706404709,13
2019-08-25 16:30:00,5.3076923076923075,70.52812897557585,13
2019-08-25 16:45:00,8.846153846153847,70.3741665280904,13
2019-08-25 17:00:00,11.461538461538462,70.51575564650673,13
2019-08-25 17:15:00,10.615384615384615,70.61252934676794,13
2019-08-25 17:30:00,7.0,70.68139029350272,13
2019-08-25 17:45:00,5.461538461538462,70.54074606445481,13
2019-08-25 18:00:00,1.0769230769230769,70.29639622807372,13
2019-08-25 18:15:00,2.769230769230769,70.14336980597193,13
2019-08-25 18:30:00,5.3076923076923075,69.94722183412084,13
2019-08-25 18:45:00,9.076923076923077,69.74897475398447,13
2019-08-25 19:00:00,8.538461538461538,69.40610115716956,13
2019-08-25 19:15:00,8.692307692307692,68.91898193926421,13
2019-08-25 19:30:00,15.923076923076923,68.13885835354552,13
2019-08-25 19:45:00,11.538461538461538,67.25360914153367,13
2019-08-25 20:00:00,13.615384615384615,66.05637577971578,13
2019-08-25 20:15:00,11.461538461538462,64.81544472529414,13
2019-08-25 20:30:00,13.692307692307692,63.87550371062252,13
2019-08-25 20:45:00,13.76923076923077,63.18527452762206,13
2019-08-25 21:00:00,12.615384615384615,62.79000224038298,13
2019-08-25 21:15:00,7.538461538461538,62.32918163286274,13
2019-08-25 21:30:00,3.1538461538461537,61.78526770785096,13
2019-08-25 21:45:00,1.4615384615384615,61.80978052055082,13
2019-08-25 22:00:00,3.769230769230769,61.39813265762334,13
2019-08-25 22:15:00,4.923076923076923,61.63582037532239,13
2019-08-25 22:30:00,1.2307692307692308,61.56091534928655,13
2019-08-25 22:45:00,1.6153846153846154,61.19852863472757,13
2019-08-25 23:00:00,2.4615384615384617,61.05736818613823,13
2019-08-25 23:15:00,3.3846153846153846,60.822052687183174,13
2019-08-25 23:30:00,6.6923076923076925,60.07436022483202,13
2019-08-25 23:45:00,4.538461538461538,59.56393726970674,13
2019-08-26 00:00:00,2.076923076923077,59.086882843660725,13
2019-08-26 00:15:00,1.1538461538461537,59.02619975927788,13
2019-08-26 00:30:00,2.3076923076923075,59.33975887083641,13
2019-08-26 00:45:00,4.538461538461538,59.81400233452592,13
2019-08-26 01:00:00,3.8461538461538463,59.90764338929997,13
2019-08-26 01:15:00,3.230769230769231,60.20898544324397,13
2019-08-26 01:30:00,3.0,60.2683720130523,13
2019-08-26 01:45:00,2.8461538461538463,60.00506227095578,13
2019-08-26 02:00:00,2.230769230769231,59.79222602845877,13
2019-08-26 02:15:00,0.6923076923076923,59.703165760013405,13
2019-08-26 02:30:00,4.230769230769231,59.37907540178893,13
2019-08-26 02:45:00,1.7692307692307692,59.09847319441781,13
2019-08-26 03:00:00,0.6923076923076923,58.93787384301714,13
2019-08-26 03:15:00,0.3076923076923077,58.85171087169391,13
2019-08-26 03:30:00,0.6923076923076923,58.67260215600095,13
2019-08-26 03:45:00,2.769230769230769,58.430106899301734,13
2019-08-26 04:00:00,2.4615384615384617,58.01960030517758,13
2019-08-26 04:15:00,2.4615384615384617,57.15292821558355,13
2019-08-26 04:30:00,6.230769230769231,56.35437200201639,13
2019-08-26 04:45:00,8.846153846153847,56.266854447448374,13
2019-08-26 05:00:00,5.615384615384615,56.144364424641,13
2019-08-26 05:15:00,9.307692307692308,56.39788760295457,13
2019-08-26 05:30:00,7.538461538461538,56.105049127803404,13
2019-08-26 05:45:00,10.461538461538462,55.95264991135605,13
2019-08-26 06:00:00,11.538461538461538,55.99706815251119,13
2019-08-26 06:15:00,11.923076923076923,56.12112012849088,13
2019-08-26 06:30:00,12.307692307692308,56.11209553551195,13
2019-08-26 06:45:00,12.923076923076923,55.90867672157872,13
2019-08-26 07:00:00,9.846153846153847,56.42267913550438,13
2019-08-26 07:15:00,9.153846153846153,57.87014670224435,13
2019-08-26 07:30:00,8.0,59.1473243452356,13
2019-08-26 07:45:00,2.3076923076923075,60.04513760115355,13
2019-08-26 08:00:00,2.076923076923077,61.04496850811432,13
2019-08-26 08:15:00,1.3846153846153846,61.87081070939252,13
2019-08-26 08:30:00,3.3076923076923075,62.838653593762665,13
2019-08-26 08:45:00,5.769230769230769,63.632213915628746,13
2019-08-26 09:00:00,5.846153846153846,64.34411380196033,13
2019-08-26 09:15:00,6.153846153846154,64.98496845603373,13
2019-08-26 09:30:00,8.153846153846153,65.845287310138,13
2019-08-26 09:45:00,11.846153846153847,66.21606499028125,13
2019-08-26 10:00:00,10.923076923076923,66.96136702455263,13
2019-08-26 10:15:00,9.153846153846153,67.51527254216585,13
2019-08-26 10:30:00,7.153846153846154,67.78359020257612,13
2019-08-26 10:45:00,7.923076923076923,67.66080984894755,13
2019-08-26 11:00:00,10.0,68.01998401206278,13
2019-08-26 11:15:00,14.076923076923077,68.43121686047722,13
2019-08-26 11:30:00,12.307692307692308,68.67760436404977,13
2019-08-26 11:45:00,6.384615384615385,68.99220505560248,13
2019-08-26 12:00:00,10.0,69.2721778488081,13
2019-08-26 12:15:00,11.846153846153847,69.06739308855258,13
2019-08-26 12:30:00,11.307692307692308,69.34120457594746,13
2019-08-26 12:45:00,7.923076923076923,69.96283205898142,13
2019-08-26 13:00:00,3.923076923076923,70.3404114447776,13
2019-08-26 13:15:00,1.1538461538461537,70.562304832869,13
2019-08-26 13:30:00,0.15384615384615385,70.85784687347895,13
2019-08-26 13:45:00,2.769230769230769,71.29572105330571,13
2019-08-26 14:00:00,6.615384615384615,71.20887658772922,13
2019-08-26 14:15:00,11.384615384615385,71.39892771893231,13
2019-08-26 14:30:00,12.538461538461538,71.39156909380041,13
2019-08-26 14:45:00,10.76923076923077,71.4992394882526,13
2019-08-26 15:00:00,9.615384615384615,71.81604359418574,13
2019-08-26 15:15:00,9.307692307692308,71.83052162180684,13
2019-08-26 15:30:00,10.0,71.72590605829122,13
2019-08-26 15:45:00,10.461538461538462,71.95864025630458,13
2019-08-26 16:00:00,11.0,71.68851057214526,13
2019-08-26 16:15:00,13.538461538461538,71.7252889553666,13
2019-08-26 16:30:00,9.923076923076923,71.74562642696218,13
2019-08-26 16:45:00,7.0,71.71148254171575,13
2019-08-26 17:00:00,9.76923076923077,71.49286130357036,13
2019-08-26 17:15:00,17.153846153846153,71.32144553252441,13
2019-08-26 17:30:00,17.0,71.42712578246453,13
2019-08-26 17:45:00,8.76923076923077,71.23337590095744,13
2019-08-26 18:00:00,3.4615384615384617,71.06970966479314,13
2019-08-26 18:15:00,1.6923076923076923,70.7220011537341,13
2019-08-26 18:30:00,1.0,70.31943741434402,13
2019-08-26 18:45:00,5.461538461538462,70.09916415074069,13
2019-08-26 19:00:00,6.846153846153846,69.63509038588474,13
2019-08-26 19:15:00,5.769230769230769,69.0231625892436,13
2019-08-26 19:30:00,8.307692307692308,67.90969559500586,13
2019-08-26 19:45:00,10.307692307692308,66.35513254120836,13
2019-08-26 20:00:00,10.461538461538462,65.21021573422047,13
2019-08-26 20:15:00,13.0,64.74675786234873,13
2019-08-26 20:30:00,11.846153846153847,64.06637079873616,13
2019-08-26 20:45:00,11.76923076923077,63.439093269075435,13
2019-08-26 21:00:00,12.307692307692308,63.11611852903545,13
2019-08-26 21:15:00,6.538461538461538,62.367452499555434,13
2019-08-26 21:30:00,6.230769230769231,62.98944482457576,13
2019-08-26 21:45:00,0.6153846153846154,63.52252788482675,13
2019-08-26 22:00:00,1.6153846153846154,63.75560445716527,13
2019-08-26 22:15:00,3.0,63.542397216601294,13
2019-08-26 22:30:00,1.3076923076923077,63.08355068338475,13
2019-08-26 22:45:00,4.230769230769231,62.25669374145827,13
2019-08-26 23:00:00,6.153846153846154,62.42702784405456,13
2019-08-26 23:15:00,5.615384615384615,63.05643319060237,13
2019-08-26 23:30:00,5.769230769230769,62.53020807593239,13
2019-08-26 23:45:00,3.3846153846153846,62.087667813251954,13
2019-08-27 00:00:00,4.769230769230769,61.66500477576732,13
2019-08-27 00:15:00,3.6923076923076925,60.21902949581636,13
2019-08-27 00:30:00,4.0,59.622029480541016,13
2019-08-27 00:45:00,2.6153846153846154,59.60333462546601,13
2019-08-27 01:00:00,0.9230769230769231,59.26819120155509,13
2019-08-27 01:15:00,2.6923076923076925,58.24727354077066,13
2019-08-27 01:30:00,1.5384615384615385,58.13143500837892,13
2019-08-27 01:45:00,1.2307692307692308,58.32022216849415,13
2019-08-27 02:00:00,1.9230769230769231,58.01175289604587,13
2019-08-27 02:15:00,1.0,58.3470087728501,13
2019-08-27 02:30:00,0.9230769230769231,58.39360261005482,13
2019-08-27 02:45:00,2.923076923076923,58.052550772419615,13
2019-08-27 03:00:00,3.1538461538461537,58.305832359074834,13
2019-08-27 03:15:00,2.076923076923077,57.835051862030014,13
2019-08-27 03:30:00,1.6153846153846154,57.313326091001066,13
2019-08-27 03:45:00,2.3076923076923075,57.54878029186835,13
2019-08-27 04:00:00,0.3076923076923077,56.89541491009353,13
2019-08-27 04:15:00,0.8461538461538461,56.48356006122789,13
2019-08-27 04:30:00,1.4615384615384615,56.24992359122812,13
2019-08-27 04:45:00,1.0,55.61069970307735,13
2019-08-27 05:00:00,1.7692307692307692,55.85362265716079,13
2019-08-27 05:15:00,5.076923076923077,56.70901270579444,13
2019-08-27 05:30:00,13.307692307692308,56.59429376676605,13
2019-08-27 05:45:00,10.076923076923077,56.31328033237125,13
2019-08-27 06:00:00,11.846153846153847,56.41235530690509,13
2019-08-27 06:15:00,10.538461538461538,56.23311438164266,13
2019-08-27 06:30:00,9.692307692307692,55.99709413189527,13
2019-08-27 06:45:00,9.461538461538462,56.08128826204186,13
2019-08-27 07:00:00,10.076923076923077,56.48779748646637,13
2019-08-27 07:15:00,4.153846153846154,58.04281155380969,13
2019-08-27 07:30:00,0.15384615384615385,60.462504572234906,13
2019-08-27 07:45:00,0.46153846153846156,61.86962775076373,13
2019-08-27 08:00:00,2.8461538461538463,63.10591633276628,13
2019-08-27 08:15:00,1.3076923076923077,64.0317586413312,13
2019-08-27 08:30:00,0.6923076923076923,64.41693334746917,13
2019-08-27 08:45:00,8.692307692307692,64.94451376531948,13
2019-08-27 09:00:00,9.538461538461538,65.67763247983079,13
2019-08-27 09:15:00,8.615384615384615,66.124886493591,13
2019-08-27 09:30:00,6.846153846153846,66.34560960573204,13
2019-08-27 09:45:00,6.769230769230769,66.98015730213503,13
2019-08-27 10:00:00,9.076923076923077,67.42944294566918,13
2019-08-27 10:15:00,8.076923076923077,67.87022711836643,13
2019-08-27 10:30:00,9.923076923076923,68.18811845202971,13
2019-08-27 10:45:00,5.461538461538462,68.6909361280961,13
2019-08-27 11:00:00,6.461538461538462,68.77932168946566,13
2019-08-27 11:15:00,5.923076923076923,69.0379453787088,13
2019-08-27 11:30:00,9.461538461538462,68.936795976901,13
2019-08-27 11:45:00,11.538461538461538,69.44439255871377,13
2019-08-27 12:00:00,6.0,70.25282073616745,13
2019-08-27 12:15:00,7.230769230769231,70.28041731524152,13
2019-08-27 12:30:00,4.230769230769231,70.14582100212664,13
2019-08-27 12:45:00,2.3846153846153846,70.46501098633973,13
2019-08-27 13:00:00,3.6923076923076925,70.65091139117432,13
2019-08-27 13:15:00,6.461538461538462,71.04912808953259,13
2019-08-27 13:30:00,7.076923076923077,70.57038437292691,13
2019-08-27 13:45:00,7.153846153846154,70.1134178617345,13
2019-08-27 14:00:00,6.384615384615385,70.86937233118421,13
2019-08-27 14:15:00,5.153846153846154,71.64746745402803,13
2019-08-27 14:30:00,9.076923076923077,71.98430471041355,13
2019-08-27 14:45:00,7.615384615384615,72.2492035640396,13
2019-08-27 15:00:00,7.461538461538462,72.05582592810877,13
2019-08-27 15:15:00,8.461538461538462,72.1620599589918,13
2019-08-27 15:30:00,12.538461538461538,72.33312984868819,13
2019-08-27 15:45:00,10.538461538461538,72.19816190624175,13
2019-08-27 16:00:00,9.923076923076923,71.94521457955707,13
2019-08-27 16:15:00,5.769230769230769,72.24442881400239,13
2019-08-27 16:30:00,6.3076923076923075,72.16056621590046,13
2019-08-27 16:45:00,6.615384615384615,72.14450804882814,13
2019-08-27 17:00:00,8.307692307692308,72.10675324492637,13
2019-08-27 17:15:00,13.076923076923077,71.60159766352847,13
2019-08-27 17:30:00,14.846153846153847,71.20707897294135,13
2019-08-27 17:45:00,9.615384615384615,71.1227471459096,13
2019-08-27 18:00:00,7.846153846153846,70.94403663054347,13
2019-08-27 18:15:00,7.615384615384615,70.81712836618195,13
2019-08-27 18:30:00,3.076923076923077,70.87552004805555,13
2019-08-27 18:45:00,4.0,70.50770625103695,13
2019-08-27 19:00:00,4.615384615384615,70.40627717474167,13
2019-08-27 19:15:00,10.076923076923077,70.20134832250655,13
2019-08-27 19:30:00,10.76923076923077,69.96650481425245,13
2019-08-27 19:45:00,11.923076923076923,69.65658672607074,13
2019-08-27 20:00:00,12.923076923076923,69.3453551077281,13
2019-08-27 20:15:00,15.307692307692308,69.0642980319029,13
2019-08-27 20:30:00,13.615384615384615,68.674290346237,13
2019-08-27 20:45:00,12.76923076923077,68.45394237555006,13
2019-08-27 21:00:00,9.461538461538462,68.18403215496723,13
2019-08-27 21:15:00,7.3076923076923075,67.7023415589516,13
2019-08-27 21:30:00,8.153846153846153,66.81472069390625,13
2019-08-27 21:45:00,3.923076923076923,66.00762006531149,13
2019-08-27 22:00:00,4.076923076923077,65.10952875527578,13
2019-08-27 22:15:00,3.923076923076923,64.74613665880575,13
2019-08-27 22:30:00,5.153846153846154,64.65605966663632,13
2019-08-27 22:45:00,3.3076923076923075,64.83483754076616,13
2019-08-27 23:00:00,3.8461538461538463,65.68860240251635,13
2019-08-27 23:15:00,4.6923076923076925,66.15030432772534,13
2019-08-27 23:30:00,6.846153846153846,66.2045423222078,13
2019-08-27 23:45:00,6.153846153846154,66.26539244471802,13
2019-08-28 00:00:00,3.8461538461538463,66.1875487404158,13
2019-08-28 00:15:00,1.6923076923076923,66.01007660820443,13
2019-08-28 00:30:00,6.384615384615385,66.29272324418397,13
2019-08-28 00:45:00,5.923076923076923,66.53516712989428,13
2019-08-28 01:00:00,5.769230769230769,66.98429442496281,13
2019-08-28 01:15:00,3.0,67.2595025801745,13
2019-08-28 01:30:00,2.3846153846153846,67.59281358077523,13
2019-08-28 01:45:00,2.0,67.75953455310467,13
2019-08-28 02:00:00,5.076923076923077,67.8918661530587,13
2019-08-28 02:15:00,2.8461538461538463,68.07624703679083,13
2019-08-28 02:30:00,1.9230769230769231,68.11569512747504,13
2019-08-28 02:45:00,3.6923076923076925,68.11497366037237,13
2019-08-28 03:00:00,4.6923076923076925,67.88394674454399,13
2019-08-28 03:15:00,0.07692307692307693,67.63289614744244,13
2019-08-28 03:30:00,2.923076923076923,67.23857276931442,13
2019-08-28 03:45:00,0.5384615384615384,66.77442451461403,13
2019-08-28 04:00:00,0.23076923076923078,66.32362239025798,13
2019-08-28 04:15:00,2.4615384615384617,66.27222303495189,13
2019-08-28 04:30:00,4.769230769230769,66.31794380062435,13
2019-08-28 04:45:00,2.8461538461538463,66.31139492769883,13
2019-08-28 05:00:00,2.6923076923076925,66.32750601637566,13
2019-08-28 05:15:00,9.76923076923077,66.35847405869238,13
2019-08-28 05:30:00,10.923076923076923,66.29371195184659,13
2019-08-28 05:45:00,12.23076923076923,66.13279465487769,13
2019-08-28 06:00:00,12.692307692307692,65.99429513681747,13
2019-08-28 06:15:00,11.923076923076923,65.98402330233186,13
2019-08-28 06:30:00,11.0,65.54306088287878,13
2019-08-28 06:45:00,10.846153846153847,64.90702181077836,13
2019-08-28 07:00:00,8.0,64.68768514576146,13
2019-08-28 07:15:00,7.846153846153846,64.75643143694829,13
2019-08-28 07:30:00,1.0769230769230769,65.12380976567547,13
2019-08-28 07:45:00,0.7692307692307693,65.68098198188002,13
2019-08-28 08:00:00,1.8461538461538463,65.77328964050406,13
2019-08-28 08:15:00,4.3076923076923075,66.02725849317227,13
2019-08-28 08:30:00,4.538461538461538,66.23424303782078,13
2019-08-28 08:45:00,7.153846153846154,66.1478092296084,13
2019-08-28 09:00:00,6.384615384615385,66.19581157888997,13
2019-08-28 09:15:00,5.538461538461538,66.26973303084397,13
2019-08-28 09:30:00,5.384615384615385,66.62496901878838,13
2019-08-28 09:45:00,7.230769230769231,66.74766910979514,13
2019-08-28 10:00:00,10.076923076923077,66.64384594973032,13
2019-08-28 10:15:00,10.153846153846153,66.63049090294362,13
2019-08-28 10:30:00,9.23076923076923,66.5829653964094,13
2019-08-28 10:45:00,9.461538461538462,66.40732636733439,13
2019-08-28 11:00:00,7.461538461538462,66.08153165931886,13
2019-08-28 11:15:00,5.3076923076923075,65.97760195056705,13
2019-08-28 11:30:00,11.384615384615385,65.99193629268801,13
2019-08-28 11:45:00,13.0,65.96838265875374,13
2019-08-28 12:00:00,8.923076923076923,65.95977520114124,13
2019-08-28 12:15:00,11.846153846153847,65.97734847628732,13
2019-08-28 12:30:00,11.538461538461538,65.91197228019259,13
2019-08-28 12:45:00,18.076923076923077,65.91037924438051,13
2019-08-28 13:00:00,12.384615384615385,66.07820257542448,13
2019-08-28 13:15:00,12.461538461538462,66.41739508610966,13
2019-08-28 13:30:00,10.384615384615385,66.68192386553382,13
2019-08-28 13:45:00,6.538461538461538,67.11409725770348,13
2019-08-28 14:00:00,6.230769230769231,67.4612588072243,13
2019-08-28 14:15:00,4.846153846153846,67.58382659665422,13
2019-08-28 14:30:00,4.384615384615385,67.71490532187941,13
2019-08-28 14:45:00,3.923076923076923,67.84600478871005,13
2019-08-28 15:00:00,5.846153846153846,68.02316360688972,13
2019-08-28 15:15:00,6.3076923076923075,68.37178416394504,13
2019-08-28 15:30:00,8.076923076923077,68.5251702336909,13
2019-08-28 15:45:00,8.153846153846153,68.52101665362534,13
2019-08-28 16:00:00,7.923076923076923,68.59981042470397,13
2019-08-28 16:15:00,8.0,68.58842028907782,13
2019-08-28 16:30:00,8.461538461538462,68.60562931684751,13
2019-08-28 16:45:00,9.76923076923077,68.63129678060143,13
2019-08-28 17:00:00,12.076923076923077,68.61261158833322,13
2019-08-28 17:15:00,17.692307692307693,68.69128589506761,13
2019-08-28 17:30:00,15.23076923076923,68.71570061508878,13
2019-08-28 17:45:00,13.923076923076923,68.72278183841318,13
2019-08-28 18:00:00,6.769230769230769,68.8286542986783,13
2019-08-28 18:15:00,5.461538461538462,69.02396088781224,13
2019-08-28 18:30:00,3.1538461538461537,68.90485099691283,13
2019-08-28 18:45:00,4.6923076923076925,68.91319477022077,13
2019-08-28 19:00:00,5.384615384615385,68.86052167331479,13
2019-08-28 19:15:00,7.461538461538462,68.84174529154865,13
2019-08-28 19:30:00,5.153846153846154,68.83017631220162,13
2019-08-28 19:45:00,9.384615384615385,68.7529913207048,13
2019-08-28 20:00:00,10.538461538461538,68.61254405094242,13
2019-08-28 20:15:00,13.615384615384615,68.40706762377876,13
2019-08-28 20:30:00,15.692307692307692,68.34523425176992,13
2019-08-28 20:45:00,12.76923076923077,68.20295264171705,13
2019-08-28 21:00:00,7.076923076923077,67.73811448124876,13
2019-08-28 21:15:00,4.846153846153846,67.05373723985007,13
2019-08-28 21:30:00,4.923076923076923,66.51661108132708,13
2019-08-28 21:45:00,6.3076923076923075,66.11709335083656,13
2019-08-28 22:00:00,8.076923076923077,65.8580886909309,13
2019-08-28 22:15:00,3.6923076923076925,65.76502978139966,13
2019-08-28 22:30:00,5.615384615384615,65.5944935269914,13
2019-08-28 22:45:00,3.4615384615384617,65.5540275651521,13
2019-08-28 23:00:00,2.3076923076923075,65.33622449237264,13
2019-08-28 23:15:00,3.3846153846153846,65.14856701505157,13
2019-08-28 23:30:00,4.461538461538462,65.09507933829167,13
2019-08-28 23:45:00,2.3076923076923075,65.03082589079116,13
2019-08-29 00:00:00,3.769230769230769,64.90135184142301,13
2019-08-29 00:15:00,4.923076923076923,64.82513785058558,13
2019-08-29 00:30:00,3.1538461538461537,64.75133996082643,13
2019-08-29 00:45:00,4.538461538461538,64.79026665027571,13
2019-08-29 01:00:00,2.230769230769231,64.66955581178301,13
2019-08-29 01:15:00,5.3076923076923075,64.79974175326088,13
2019-08-29 01:30:00,3.5384615384615383,65.04062499835874,13
2019-08-29 01:45:00,5.923076923076923,64.91563967870401,13
2019-08-29 02:00:00,3.4615384615384617,64.46140209249278,13
2019-08-29 02:15:00,4.923076923076923,64.45348875977382,13
2019-08-29 02:30:00,2.769230769230769,64.66609600552609,13
2019-08-29 02:45:00,1.3846153846153846,64.73906402406752,13
2019-08-29 03:00:00,3.923076923076923,64.67249274030637,13
2019-08-29 03:15:00,3.1538461538461537,64.553061774757,13
2019-08-29 03:30:00,0.3076923076923077,64.3280415894789,13
2019-08-29 03:45:00,0.38461538461538464,64.13028578558946,13
2019-08-29 04:00:00,1.3076923076923077,64.0150428248099,13
2019-08-29 04:15:00,1.0769230769230769,63.86894838303945,13
2019-08-29 04:30:00,0.3076923076923077,64.0214954035378,13
2019-08-29 04:45:00,3.1538461538461537,63.94292633753727,13
2019-08-29 05:00:00,5.153846153846154,63.640284326152745,13
2019-08-29 05:15:00,9.23076923076923,63.32349455402118,13
2019-08-29 05:30:00,12.461538461538462,63.13548741674942,13
2019-08-29 05:45:00,11.384615384615385,63.19543798782098,13
2019-08-29 06:00:00,10.923076923076923,63.21686981551105,13
2019-08-29 06:15:00,10.0,63.10231245507182,13
2019-08-29 06:30:00,10.692307692307692,62.76148328134686,13
2019-08-29 06:45:00,7.769230769230769,62.34071209049693,13
2019-08-29 07:00:00,4.076923076923077,62.1272436615574,13
2019-08-29 07:15:00,2.923076923076923,62.23358618177529,13
2019-08-29 07:30:00,2.6923076923076925,62.64864564692596,13
2019-08-29 07:45:00,1.8461538461538463,63.05234158529036,13
2019-08-29 08:00:00,2.769230769230769,63.61289811774097,13
2019-08-29 08:15:00,2.4615384615384617,63.85531214697176,13
2019-08-29 08:30:00,2.6923076923076925,64.08799431609226,13
2019-08-29 08:45:00,2.6923076923076925,64.32330531928802,13
2019-08-29 09:00:00,5.230769230769231,64.73661541693582,13
2019-08-29 09:15:00,5.846153846153846,65.06317107714054,13
2019-08-29 09:30:00,5.615384615384615,65.28446892863455,13
2019-08-29 09:45:00,5.153846153846154,66.03193631655195,13
2019-08-29 10:00:00,3.4285714285714284,66.50469706230312,14
2019-08-29 10:15:00,5.785714285714286,67.0896825035623,14
2019-08-29 10:30:00,8.214285714285714,67.74273189587895,14
2019-08-29 10:45:00,6.857142857142857,68.11389034992905,14
2019-08-29 11:00:00,6.0,68.45377523714566,14
2019-08-29 11:15:00,10.142857142857142,68.90042105293217,14
2019-08-29 11:30:00,7.0,69.33910593451797,14
2019-08-29 11:45:00,6.428571428571429,69.3725064782943,14
2019-08-29 12:00:00,6.857142857142857,69.92244770490954,14
2019-08-29 12:15:00,5.285714285714286,69.83197411337346,14
2019-08-29 12:30:00,3.0714285714285716,70.01202671850797,14
2019-08-29 12:45:00,6.214285714285714,70.12933175283705,14
2019-08-29 13:00:00,6.5,70.01907398315682,14
2019-08-29 13:15:00,7.857142857142857,69.63436210210814,14
2019-08-29 13:30:00,7.0,69.99861438354334,14
2019-08-29 13:45:00,7.357142857142857,69.50153274140143,14
2019-08-29 14:00:00,8.642857142857142,69.38384890489156,14
2019-08-29 14:15:00,4.071428571428571,69.33530137734603,14
2019-08-29 14:30:00,5.357142857142857,69.01437750085962,14
2019-08-29 14:45:00,2.5714285714285716,68.51483305963389,14
2019-08-29 15:00:00,4.0,68.63228835431151,14
2019-08-29 15:15:00,4.857142857142857,68.8746635184816,14
2019-08-29 15:30:00,6.928571428571429,69.43772508833699,14
2019-08-29 15:45:00,4.571428571428571,69.60296701370454,14
2019-08-29 16:00:00,6.571428571428571,69.32991288482675,14
2019-08-29 16:15:00,7.5,69.3292382205806,14
2019-08-29 16:30:00,6.714285714285714,69.76156600543983,14
2019-08-29 16:45:00,7.357142857142857,69.37718235145984,14
2019-08-29 17:00:00,8.428571428571429,69.52527786268111,14
2019-08-29 17:15:00,10.071428571428571,69.32861186724017,14
2019-08-29 17:30:00,12.285714285714286,69.24371991374734,14
2019-08-29 17:45:00,10.0,69.21892823934873,14
2019-08-29 18:00:00,8.642857142857142,69.45978578399198,14
2019-08-29 18:15:00,8.357142857142858,69.64204526616096,14
2019-08-29 18:30:00,4.785714285714286,69.50541358462836,14
2019-08-29 18:45:00,3.9285714285714284,69.29655212612732,14
2019-08-29 19:00:00,2.642857142857143,68.74309195148832,14
2019-08-29 19:15:00,5.5,68.25228362340394,14
2019-08-29 19:30:00,6.285714285714286,67.85357268152102,14
2019-08-29 19:45:00,10.5,67.43164245499004,14
2019-08-29 20:00:00,12.642857142857142,67.15579091379891,14
2019-08-29 20:15:00,12.0,66.87423709683901,14
2019-08-29 20:30:00,10.857142857142858,66.65534804545221,14
2019-08-29 20:45:00,13.714285714285714,66.61059623350714,14
2019-08-29 21:00:00,13.857142857142858,66.44479351257804,14
2019-08-29 21:15:00,8.428571428571429,66.12777476908765,14
2019-08-29 21:30:00,4.0,65.78956368420329,14
2019-08-29 21:45:00,5.285714285714286,65.52480033249536,14
2019-08-29 22:00:00,3.142857142857143,65.33225190109046,14
2019-08-29 22:15:00,1.2142857142857142,65.00951984971161,14
2019-08-29 22:30:00,1.0,64.4977153189608,14
2019-08-29 22:45:00,2.5714285714285716,64.08161028309739,14
2019-08-29 23:00:00,5.642857142857143,63.805098048987325,14
2019-08-29 23:15:00,3.9285714285714284,63.49616880658088,14
2019-08-29 23:30:00,3.642857142857143,63.22021904114444,14
2019-08-29 23:45:00,4.214285714285714,62.89003547176852,14
2019-08-30 00:00:00,1.9285714285714286,62.677611692811894,14
2019-08-30 00:15:00,4.142857142857143,62.51669114895336,14
2019-08-30 00:30:00,5.928571428571429,62.3236808605429,14
2019-08-30 00:45:00,8.714285714285714,62.07809008443959,14
2019-08-30 01:00:00,5.428571428571429,61.879430462364816,14
2019-08-30 01:15:00,3.0,61.67417144547735,14
2019-08-30 01:30:00,1.3571428571428572,61.37995448235978,14
2019-08-30 01:45:00,2.5,61.19000619186422,14
2019-08-30 02:00:00,0.7857142857142857,61.08061805219163,14
2019-08-30 02:15:00,1.0,60.85406646881459,14
2019-08-30 02:30:00,0.7857142857142857,60.57108655696867,14
2019-08-30 02:45:00,0.8571428571428571,60.41579862313026,14
2019-08-30 03:00:00,2.5,60.22838204300024,14
2019-08-30 03:15:00,2.857142857142857,60.04552015293413,14
2019-08-30 03:30:00,1.0714285714285714,60.075158758416485,14
2019-08-30 03:45:00,1.2142857142857142,60.22306724825476,14
2019-08-30 04:00:00,0.21428571428571427,60.36054035222779,14
2019-08-30 04:15:00,1.5,60.469172354230075,14
2019-08-30 04:30:00,2.7142857142857144,60.57145521608106,14
2019-08-30 04:45:00,1.2857142857142858,60.449204974112185,14
2019-08-30 05:00:00,5.928571428571429,60.36698158770067,14
2019-08-30 05:15:00,7.714285714285714,60.66333974153765,14
2019-08-30 05:30:00,9.5,61.14139165161371,14
2019-08-30 05:45:00,11.142857142857142,61.46346498384012,14
2019-08-30 06:00:00,9.928571428571429,61.621947567381774,14
2019-08-30 06:15:00,9.642857142857142,61.82058379812739,14
2019-08-30 06:30:00,10.714285714285714,62.07282642552948,14
2019-08-30 06:45:00,9.5,61.496073322380745,14
2019-08-30 07:00:00,6.571428571428571,60.859330265465,14
2019-08-30 07:15:00,9.785714285714286,60.58348984577727,14
2019-08-30 07:30:00,4.357142857142857,60.44549779422823,14
2019-08-30 07:45:00,2.5714285714285716,60.3843687628237,14
2019-08-30 08:00:00,2.5,60.58321736402843,14
2019-08-30 08:15:00,1.5714285714285714,61.208941449999855,14
2019-08-30 08:30:00,2.5,61.97824763915841,14
2019-08-30 08:45:00,4.142857142857143,62.718082184396415,14
2019-08-30 09:00:00,6.428571428571429,63.516663357864495,14
2019-08-30 09:15:00,5.071428571428571,64.34344082222441,14
2019-08-30 09:30:00,5.0,65.08993563804809,14
2019-08-30 09:45:00,5.357142857142857,65.60035358777995,14
2019-08-30 10:00:00,11.428571428571429,66.17120247353047,14
2019-08-30 10:15:00,13.0,67.03366017738999,14
2019-08-30 10:30:00,14.642857142857142,67.95946314985105,14
2019-08-30 10:45:00,13.285714285714286,68.22119919365774,14
2019-08-30 11:00:00,14.0,67.84413765090413,14
2019-08-30 11:15:00,16.071428571428573,68.56537045400309,14
2019-08-30 11:30:00,16.428571428571427,68.27295245067,14
2019-08-30 11:45:00,38.0,68.62557507248377,14
2019-08-30 12:00:00,25.214285714285715,68.73152490565018,14
2019-08-30 12:15:00,17.928571428571427,69.44289539155272,14
2019-08-30 12:30:00,16.714285714285715,69.37102990117275,14
2019-08-30 12:45:00,13.571428571428571,68.7210499124521,14
2019-08-30 13:00:00,9.0,68.34463024916276,14
2019-08-30 13:15:00,13.357142857142858,68.5383360683129,14
2019-08-30 13:30:00,26.142857142857142,68.50933800453686,14
2019-08-30 13:45:00,45.142857142857146,68.85838986990541,14
2019-08-30 14:00:00,36.5,69.27345369412134,14
2019-08-30 14:15:00,17.214285714285715,68.73939731360511,14
2019-08-30 14:30:00,9.571428571428571,68.49472914971086,14
2019-08-30 14:45:00,12.071428571428571,68.88877200597625,14
2019-08-30 15:00:00,11.214285714285714,68.7479013201856,14
2019-08-30 15:15:00,13.928571428571429,68.64401705290743,14
2019-08-30 15:30:00,14.857142857142858,68.58080686679436,14
2019-08-30 15:45:00,9.571428571428571,68.59672777352957,14
2019-08-30 16:00:00,7.571428571428571,68.66569703776072,14
2019-08-30 16:15:00,7.785714285714286,68.64513175824881,14
2019-08-30 16:30:00,9.142857142857142,68.54005853271683,14
2019-08-30 16:45:00,9.5,68.34945862715836,14
2019-08-30 17:00:00,12.0,68.518177092298,14
2019-08-30 17:15:00,20.071428571428573,68.13252104939198,14
2019-08-30 17:30:00,19.785714285714285,67.94743803785394,14
2019-08-30 17:45:00,14.0,67.86760270748147,14
2019-08-30 18:00:00,4.857142857142857,67.60717330704703,14
2019-08-30 18:15:00,4.071428571428571,67.56259277214939,14
2019-08-30 18:30:00,5.642857142857143,67.41742089027247,14
2019-08-30 18:45:00,9.428571428571429,66.87937078725061,14
2019-08-30 19:00:00,9.0,66.65461746975849,14
2019-08-30 19:15:00,11.0,66.42528623247453,14
2019-08-30 19:30:00,10.357142857142858,66.23074438475282,14
2019-08-30 19:45:00,10.285714285714286,66.00717148758157,14
2019-08-30 20:00:00,12.714285714285714,66.02858010635407,14
2019-08-30 20:15:00,15.214285714285714,66.08468539063655,14
2019-08-30 20:30:00,12.785714285714286,66.08363441417389,14
2019-08-30 20:45:00,9.857142857142858,65.74655257306411,14
2019-08-30 21:00:00,10.714285714285714,65.19449685005384,14
2019-08-30 21:15:00,4.071428571428571,65.19851221901452,14
2019-08-30 21:30:00,3.5714285714285716,65.32474019664325,14
2019-08-30 21:45:00,2.4285714285714284,65.28950656573689,14
2019-08-30 22:00:00,1.2857142857142858,65.2712228089354,14
2019-08-30 22:15:00,2.5714285714285716,65.16577293216963,14
2019-08-30 22:30:00,5.857142857142857,64.79118054879957,14
2019-08-30 22:45:00,3.0,64.64606568232553,14
2019-08-30 23:00:00,3.7142857142857144,64.51665404962104,14
2019-08-30 23:15:00,5.142857142857143,64.47194257135467,14
2019-08-30 23:30:00,6.571428571428571,64.44613076409222,14
2019-08-30 23:45:00,2.9285714285714284,64.05216259771863,14
2019-08-31 00:00:00,2.5714285714285716,63.74242371562567,14
2019-08-31 00:15:00,1.4285714285714286,63.165582956122186,14
2019-08-31 00:30:00,6.142857142857143,62.65124819188792,14
2019-08-31 00:45:00,6.142857142857143,62.31012616675978,14
2019-08-31 01:00:00,7.928571428571429,62.20621052240816,14
2019-08-31 01:15:00,5.714285714285714,62.445567568940646,14
2019-08-31 01:30:00,6.214285714285714,62.26600465010856,14
2019-08-31 01:45:00,5.857142857142857,61.67524181571525,14
2019-08-31 02:00:00,7.428571428571429,61.08235779016629,14
2019-08-31 02:15:00,3.2142857142857144,60.879995107286895,14
2019-08-31 02:30:00,0.7142857142857143,60.50252659043699,14
2019-08-31 02:45:00,0.7142857142857143,60.22622998282143,14
2019-08-31 03:00:00,0.6428571428571429,59.95097047160758,14
2019-08-31 03:15:00,1.8571428571428572,59.63209248176349,14
2019-08-31 03:30:00,0.35714285714285715,59.07196305231028,14
2019-08-31 03:45:00,0.21428571428571427,58.40842857583635,14
2019-08-31 04:00:00,0.14285714285714285,58.408407821376755,14
2019-08-31 04:15:00,1.5714285714285714,58.46903417028758,14
2019-08-31 04:30:00,3.4285714285714284,58.0778087666012,14
2019-08-31 04:45:00,2.857142857142857,57.869393367649856,14
2019-08-31 05:00:00,5.642857142857143,57.1367458680229,14
2019-08-31 05:15:00,10.857142857142858,56.38011760064472,14
2019-08-31 05:30:00,10.642857142857142,55.703323371583146,14
2019-08-31 05:45:00,13.714285714285714,55.507767530665184,14
2019-08-31 06:00:00,11.571428571428571,55.07648670827084,14
2019-08-31 06:15:00,13.214285714285714,54.7802877872545,14
2019-08-31 06:30:00,9.071428571428571,54.7602799739166,14
2019-08-31 06:45:00,4.785714285714286,54.86860827843637,14
2019-08-31 07:00:00,3.2142857142857144,55.1613239883633,14
2019-08-31 07:15:00,2.0714285714285716,55.34959539977755,14
2019-08-31 07:30:00,0.6428571428571429,55.62647289081858,14
2019-08-31 07:45:00,0.9285714285714286,55.72185667017656,14
2019-08-31 08:00:00,2.7857142857142856,56.29233477375693,14
2019-08-31 08:15:00,4.571428571428571,57.32962788178071,14
2019-08-31 08:30:00,3.5,58.304587542811,14
2019-08-31 08:45:00,4.0,59.21022058561184,14
2019-08-31 09:00:00,2.642857142857143,60.06522090944739,14
2019-08-31 09:15:00,1.8571428571428572,60.399157147566825,14
2019-08-31 09:30:00,3.7142857142857144,61.29297502885809,14
2019-08-31 09:45:00,4.5,61.64001973307435,14
2019-08-31 10:00:00,6.428571428571429,62.13417160582771,14
2019-08-31 10:15:00,8.642857142857142,62.20699253834729,14
2019-08-31 10:30:00,10.857142857142858,62.921785458673185,14
2019-08-31 10:45:00,8.5,63.33824016829243,14
2019-08-31 11:00:00,5.285714285714286,63.48831528875879,14
2019-08-31 11:15:00,1.7857142857142858,63.78457451855966,14
2019-08-31 11:30:00,2.2857142857142856,64.20122637090874,14
2019-08-31 11:45:00,4.071428571428571,64.52462179372831,14
2019-08-31 12:00:00,3.142857142857143,64.77095432907088,14
2019-08-31 12:15:00,5.0,65.10562004676547,14
2019-08-31 12:30:00,9.071428571428571,65.37839362604858,14
2019-08-31 12:45:00,9.357142857142858,65.64788688110454,14
2019-08-31 13:00:00,8.928571428571429,65.58032258667299,14
2019-08-31 13:15:00,5.5,65.76382785633038,14
2019-08-31 13:30:00,2.142857142857143,66.12743362623372,14
2019-08-31 13:45:00,4.214285714285714,65.4378604207992,14
2019-08-31 14:00:00,2.7142857142857144,65.79766042192934,14
2019-08-31 14:15:00,4.857142857142857,66.20162875776059,14
2019-08-31 14:30:00,4.928571428571429,66.31551560185578,14
2019-08-31 14:45:00,7.714285714285714,66.30285774034841,14
2019-08-31 15:00:00,5.0,65.85686282691422,14
2019-08-31 15:15:00,5.0,65.33211923948423,14
2019-08-31 15:30:00,8.857142857142858,65.78841726559892,14
2019-08-31 15:45:00,13.0,66.16605175912326,14
2019-08-31 16:00:00,6.714285714285714,65.52496774923331,14
2019-08-31 16:15:00,5.785714285714286,65.61098080318925,14
2019-08-31 16:30:00,6.0,65.66736477674168,14
2019-08-31 16:45:00,9.214285714285714,65.65931702653272,14
2019-08-31 17:00:00,9.428571428571429,65.9585071210714,14
2019-08-31 17:15:00,15.214285714285714,66.21579223293658,14
2019-08-31 17:30:00,11.071428571428571,66.25275264958026,14
2019-08-31 17:45:00,14.285714285714286,66.22627125131598,14
2019-08-31 18:00:00,14.642857142857142,66.14440169213897,14
2019-08-31 18:15:00,9.285714285714286,65.79215944848029,14
2019-08-31 18:30:00,4.214285714285714,65.25459637869658,14
2019-08-31 18:45:00,3.642857142857143,64.53477336214945,14
2019-08-31 19:00:00,6.214285714285714,64.49933371092614,14
2019-08-31 19:15:00,8.071428571428571,64.4281085294168,14
2019-08-31 19:30:00,8.0,64.11931343203337,14
2019-08-31 19:45:00,8.785714285714286,63.90621564035123,14
2019-08-31 20:00:00,12.714285714285714,63.67991224471922,14
2019-08-31 20:15:00,13.714285714285714,63.30591955243946,14
2019-08-31 20:30:00,13.5,63.08312874300877,14
2019-08-31 20:45:00,12.928571428571429,62.86751777640064,14
2019-08-31 21:00:00,5.642857142857143,62.641477569485666,14
2019-08-31 21:15:00,2.142857142857143,62.39225925381452,14
2019-08-31 21:30:00,4.714285714285714,62.43097274275784,14
2019-08-31 21:45:00,8.785714285714286,62.04496495480035,14
2019-08-31 22:00:00,3.357142857142857,61.19904602232975,14
2019-08-31 22:15:00,2.7142857142857144,60.207768201269715,14
2019-08-31 22:30:00,1.2142857142857142,59.602347959559005,14
2019-08-31 22:45:00,1.6428571428571428,59.09687553005555,14
2019-08-31 23:00:00,2.142857142857143,58.271674562752025,14
2019-08-31 23:15:00,1.6428571428571428,58.94861289797393,14
2019-08-31 23:30:00,4.071428571428571,58.9549757405743,14
2019-08-31 23:45:00,2.7857142857142856,58.420850700609954,14
2019-09-01 00:00:00,5.357142857142857,57.88035903420251,14
2019-09-01 00:15:00,4.0,57.73416470596306,14
2019-09-01 00:30:00,3.0714285714285716,57.01760348016963,14
2019-09-01 00:45:00,3.5714285714285716,56.23091619251975,14
2019-09-01 01:00:00,3.357142857142857,55.48938347223619,14
2019-09-01 01:15:00,5.0,54.704792720509566,14
2019-09-01 01:30:00,3.7142857142857144,54.137504416359114,14
2019-09-01 01:45:00,1.6428571428571428,53.80989154318059,14
2019-09-01 02:00:00,0.8571428571428571,53.64892450875697,14
2019-09-01 02:15:00,2.2142857142857144,53.000567959755955,14
2019-09-01 02:30:00,3.2142857142857144,51.98045929100516,14
2019-09-01 02:45:00,3.4285714285714284,51.88904615894047,14
2019-09-01 03:00:00,1.2142857142857142,51.877798987638705,14
2019-09-01 03:15:00,2.2857142857142856,51.92814828397881,14
2019-09-01 03:30:00,3.2857142857142856,51.66889353154793,14
2019-09-01 03:45:00,3.0,51.411831799613005,14
2019-09-01 04:00:00,2.2857142857142856,51.38440569338619,14
2019-09-01 04:15:00,1.4285714285714286,51.149519571903035,14
2019-09-01 04:30:00,3.2857142857142856,50.66529199417851,14
2019-09-01 04:45:00,3.642857142857143,50.58013178334398,14
2019-09-01 05:00:00,3.2142857142857144,51.40544982966204,14
2019-09-01 05:15:00,4.785714285714286,51.594491160298226,14
2019-09-01 05:30:00,11.0,51.35259994286025,14
2019-09-01 05:45:00,10.5,51.43738581570921,14
2019-09-01 06:00:00,10.428571428571429,51.75859350443107,14
2019-09-01 06:15:00,12.928571428571429,51.99330662421789,14
2019-09-01 06:30:00,11.571428571428571,52.13564822129525,14
2019-09-01 06:45:00,5.714285714285714,52.50918687616107,14
2019-09-01 07:00:00,2.357142857142857,53.03462855189417,14
2019-09-01 07:15:00,2.0,53.35474500569425,14
2019-09-01 07:30:00,0.5,54.20449271955725,14
2019-09-01 07:45:00,1.0714285714285714,55.55755208036695,14
2019-09-01 08:00:00,1.0714285714285714,56.40799854488264,14
2019-09-01 08:15:00,1.8571428571428572,57.39606326300728,14
2019-09-01 08:30:00,3.0,58.34551454128397,14
2019-09-01 08:45:00,6.214285714285714,59.41328705495041,14
2019-09-01 09:00:00,4.714285714285714,60.513339931245106,14
2019-09-01 09:15:00,5.642857142857143,61.262579406183136,14
2019-09-01 09:30:00,6.928571428571429,61.674278357260555,14
2019-09-01 09:45:00,9.285714285714286,62.05058951733799,14
2019-09-01 10:00:00,9.142857142857142,62.599124103307446,14
2019-09-01 10:15:00,8.928571428571429,63.216451668380635,14
2019-09-01 10:30:00,7.571428571428571,63.37916991896483,14
2019-09-01 10:45:00,6.714285714285714,63.912132855154105,14
2019-09-01 11:00:00,3.857142857142857,64.23865907466816,14
2019-09-01 11:15:00,3.0,64.564943066151,14
2019-09-01 11:30:00,4.214285714285714,65.04065506867336,14
2019-09-01 11:45:00,4.214285714285714,65.3855160353951,14
2019-09-01 12:00:00,6.428571428571429,65.41224197128811,14
2019-09-01 12:15:00,8.857142857142858,65.67925644330745,14
2019-09-01 12:30:00,7.214285714285714,66.09029302189269,14
2019-09-01 12:45:00,9.5,66.28928904789602,14
2019-09-01 13:00:00,6.428571428571429,66.42903140123208,14
2019-09-01 13:15:00,4.857142857142857,66.68925757915623,14
2019-09-01 13:30:00,4.785714285714286,67.12476367521515,14
2019-09-01 13:45:00,5.214285714285714,67.51391372605744,14
2019-09-01 14:00:00,2.7142857142857144,67.73349063011248,14
2019-09-01 14:15:00,2.5,67.751652650979,14
2019-09-01 14:30:00,2.142857142857143,67.71127561367625,14
2019-09-01 14:45:00,1.4285714285714286,67.854754618489,14
2019-09-01 15:00:00,3.0,68.0640965710463,14
2019-09-01 15:15:00,6.357142857142857,67.97090879815086,14
2019-09-01 15:30:00,7.214285714285714,68.31169348100578,14
2019-09-01 15:45:00,8.5,68.32281197749907,14
2019-09-01 16:00:00,7.142857142857143,68.40386540377051,14
2019-09-01 16:15:00,9.071428571428571,68.36889711892293,14
2019-09-01 16:30:00,11.428571428571429,68.5268078267574,14
2019-09-01 16:45:00,14.142857142857142,68.64737101466294,14
2019-09-01 17:00:00,14.714285714285714,68.66383126327167,14
2019-09-01 17:15:00,11.285714285714286,68.55514634272463,14
2019-09-01 17:30:00,5.571428571428571,68.59010582442329,14
2019-09-01 17:45:00,2.0,68.60863840838424,14
2019-09-01 18:00:00,0.14285714285714285,68.25723468639227,14
2019-09-01 18:15:00,1.1428571428571428,67.96781743355663,14
2019-09-01 18:30:00,3.0714285714285716,67.81470240768043,14
2019-09-01 18:45:00,4.5,67.9593180879154,14
2019-09-01 19:00:00,8.357142857142858,67.97429896510036,14
2019-09-01 19:15:00,12.285714285714286,67.19919956923327,14
2019-09-01 19:30:00,13.285714285714286,67.07106245983424,14
2019-09-01 19:45:00,12.857142857142858,66.83838537974283,14
2019-09-01 20:00:00,10.857142857142858,66.65673947755148,14
2019-09-01 20:15:00,9.857142857142858,66.48460590869257,14
2019-09-01 20:30:00,10.357142857142858,66.37602460110254,14
2019-09-01 20:45:00,12.928571428571429,66.31017072708127,14
2019-09-01 21:00:00,8.285714285714286,66.28303595067983,14
2019-09-01 21:15:00,6.928571428571429,66.37860906066122,14
2019-09-01 21:30:00,5.214285714285714,66.08058009795589,14
2019-09-01 21:45:00,6.428571428571429,65.57835435622157,14
2019-09-01 22:00:00,4.142857142857143,65.22737958403648,14
2019-09-01 22:15:00,6.0,64.87182081705971,14
2019-09-01 22:30:00,6.214285714285714,64.69666509034097,14
2019-09-01 22:45:00,3.142857142857143,64.59760684499828,14
2019-09-01 23:00:00,2.5714285714285716,64.50558318569814,14
2019-09-01 23:15:00,1.2142857142857142,64.15807873274382,14
2019-09-01 23:30:00,3.9285714285714284,63.68367977775554,14
2019-09-01 23:45:00,3.7857142857142856,63.10595364640821,14
2019-09-02 00:00:00,5.571428571428571,62.67812392409335,14
2019-09-02 00:15:00,3.2857142857142856,62.292205118751774,14
2019-09-02 00:30:00,0.9285714285714286,61.8431681446548,14
2019-09-02 00:45:00,0.6428571428571429,61.32998220491197,14
2019-09-02 01:00:00,1.4285714285714286,60.94866151615053,14
2019-09-02 01:15:00,1.7857142857142858,60.530250701666525,14
2019-09-02 01:30:00,1.9285714285714286,60.21151101638373,14
2019-09-02 01:45:00,3.642857142857143,60.02473222924766,14
2019-09-02 02:00:00,2.7142857142857144,59.929370098871885,14
2019-09-02 02:15:00,2.0,59.93216398367196,14
2019-09-02 02:30:00,2.142857142857143,59.90805759022785,14
2019-09-02 02:45:00,2.2142857142857144,59.959046190998755,14
2019-09-02 03:00:00,2.7857142857142856,60.05863960168805,14
2019-09-02 03:15:00,2.7142857142857144,60.18165163594366,14
2019-09-02 03:30:00,4.142857142857143,60.28707808102904,14
2019-09-02 03:45:00,2.5,60.503424833322875,14
2019-09-02 04:00:00,1.9285714285714286,60.59892099381699,14
2019-09-02 04:15:00,2.857142857142857,60.684611073193786,14
2019-09-02 04:30:00,1.8571428571428572,60.716587977358095,14
2019-09-02 04:45:00,2.0714285714285716,60.7733692243957,14
2019-09-02 05:00:00,3.5,60.794298774604805,14
2019-09-02 05:15:00,10.571428571428571,60.89169886256173,14
2019-09-02 05:30:00,8.928571428571429,60.882146593494205,14
2019-09-02 05:45:00,12.857142857142858,60.91305731658576,14
2019-09-02 06:00:00,11.285714285714286,61.07064411127448,14
2019-09-02 06:15:00,9.785714285714286,61.159260274370325,14
2019-09-02 06:30:00,12.0,61.34277401351423,14
2019-09-02 06:45:00,11.928571428571429,61.535774215728,14
2019-09-02 07:00:00,9.428571428571429,61.80254482822492,14
2019-09-02 07:15:00,6.857142857142857,61.88225857653405,14
2019-09-02 07:30:00,5.0,62.022344660345254,14
2019-09-02 07:45:00,2.2142857142857144,62.23988489641175,14
2019-09-02 08:00:00,3.7857142857142856,62.422165850540466,14
2019-09-02 08:15:00,3.7857142857142856,62.46526003000196,14
2019-09-02 08:30:00,4.714285714285714,62.550123050990145,14
2019-09-02 08:45:00,6.142857142857143,62.66383950847074,14
2019-09-02 09:00:00,6.5,62.808219400256114,14
2019-09-02 09:15:00,3.4285714285714284,62.90626172887295,14
2019-09-02 09:30:00,2.7857142857142856,63.08095757082083,14
2019-09-02 09:45:00,4.142857142857143,63.29973838441677,14
2019-09-02 10:00:00,8.142857142857142,63.63499976854684,14
2019-09-02 10:15:00,6.714285714285714,63.76766635164833,14
2019-09-02 10:30:00,5.214285714285714,63.88099254411704,14
2019-09-02 10:45:00,5.357142857142857,64.01712609286858,14
2019-09-02 11:00:00,7.928571428571429,64.1281710519691,14
2019-09-02 11:15:00,7.214285714285714,64.34914129632824,14
2019-09-02 11:30:00,6.285714285714286,64.71834166232745,14
2019-09-02 11:45:00,7.142857142857143,64.74448003050462,14
2019-09-02 12:00:00,3.2142857142857144,64.78178646500152,14
2019-09-02 12:15:00,4.0,64.3815911737958,14
2019-09-02 12:30:00,6.714285714285714,64.03342436308287,14
2019-09-02 12:45:00,12.642857142857142,63.865898633239915,14
2019-09-02 13:00:00,14.571428571428571,63.68043686704638,14
2019-09-02 13:15:00,12.357142857142858,63.713512542938965,14
2019-09-02 13:30:00,10.642857142857142,63.225592544893594,14
2019-09-02 13:45:00,7.0,62.92980355633082,14
2019-09-02 14:00:00,4.714285714285714,63.449158531022846,14
2019-09-02 14:15:00,3.5,63.65515397145922,14
2019-09-02 14:30:00,3.357142857142857,63.89457782612943,14
2019-09-02 14:45:00,3.0714285714285716,64.87145245279494,14
2019-09-02 15:00:00,4.857142857142857,65.47937126160558,14
2019-09-02 15:15:00,7.5,66.0546107855627,14
2019-09-02 15:30:00,10.285714285714286,66.8257329843117,14
2019-09-02 15:45:00,11.642857142857142,67.09859867095228,14
2019-09-02 16:00:00,14.928571428571429,67.64016674790314,14
2019-09-02 16:15:00,11.571428571428571,68.14969925018143,14
2019-09-02 16:30:00,10.642857142857142,68.54246341767221,14
2019-09-02 16:45:00,8.714285714285714,68.91110058488452,14
2019-09-02 17:00:00,13.714285714285714,69.21613697642755,14
2019-09-02 17:15:00,15.857142857142858,69.18390322231619,14
2019-09-02 17:30:00,14.214285714285714,68.6297933368521,14
2019-09-02 17:45:00,11.071428571428571,68.61510863269204,14
2019-09-02 18:00:00,6.928571428571429,68.08452956110312,14
2019-09-02 18:15:00,3.5,67.56833053111063,14
2019-09-02 18:30:00,3.5714285714285716,67.06239198252227,14
2019-09-02 18:45:00,6.714285714285714,66.77866754621026,14
2019-09-02 19:00:00,9.428571428571429,66.37490000097897,14
2019-09-02 19:15:00,10.214285714285714,65.97203101752585,14
2019-09-02 19:30:00,14.0,65.70301177223058,14
2019-09-02 19:45:00,13.428571428571429,65.40482875383368,14
2019-09-02 20:00:00,10.0,65.12829634548213,14
2019-09-02 20:15:00,13.857142857142858,64.658803668636,14
2019-09-02 20:30:00,15.857142857142858,64.18060383272642,14
2019-09-02 20:45:00,17.357142857142858,64.01179236282793,14
2019-09-02 21:00:00,11.5,64.21380506726108,14
2019-09-02 21:15:00,2.857142857142857,64.54861822015232,14
2019-09-02 21:30:00,3.0,64.99551104764622,14
2019-09-02 21:45:00,8.785714285714286,65.2391057967988,14
2019-09-02 22:00:00,4.142857142857143,65.43184323150072,14
2019-09-02 22:15:00,1.7142857142857142,65.53242151926213,14
2019-09-02 22:30:00,2.7142857142857144,65.57952619347252,14
2019-09-02 22:45:00,3.5714285714285716,65.48230795187685,14
2019-09-02 23:00:00,5.571428571428571,64.99033618840758,14
2019-09-02 23:15:00,4.142857142857143,64.5263539564085,14
2019-09-02 23:30:00,3.5714285714285716,64.17827618460284,14
2019-09-02 23:45:00,1.2857142857142858,63.84214183868327,14
2019-09-03 00:00:00,0.0,63.31015470833071,14
2019-09-03 00:15:00,0.14285714285714285,62.69363547351727,14
2019-09-03 00:30:00,1.8571428571428572,62.10034121231749,14
2019-09-03 00:45:00,3.142857142857143,61.71158730972516,14
2019-09-03 01:00:00,2.857142857142857,60.543492680742226,14
2019-09-03 01:15:00,3.857142857142857,59.16733737169172,14
2019-09-03 01:30:00,5.428571428571429,58.42197589841235,14
2019-09-03 01:45:00,5.5,58.11479663759039,14
2019-09-03 02:00:00,3.142857142857143,58.03952551218959,14
2019-09-03 02:15:00,1.0714285714285714,58.08755558703579,14
2019-09-03 02:30:00,0.7142857142857143,58.016381182410214,14
2019-09-03 02:45:00,0.6428571428571429,58.049076073035394,14
2019-09-03 03:00:00,4.357142857142857,57.772653248662714,14
2019-09-03 03:15:00,4.714285714285714,57.488284458407975,14
2019-09-03 03:30:00,2.5714285714285716,57.3282632149105,14
2019-09-03 03:45:00,1.5714285714285714,57.03860847945176,14
2019-09-03 04:00:00,2.142857142857143,56.83672871035281,14
2019-09-03 04:15:00,2.5714285714285716,56.461182884334384,14
2019-09-03 04:30:00,1.2857142857142858,55.84556480688533,14
2019-09-03 04:45:00,2.0714285714285716,55.09042356062383,14
2019-09-03 05:00:00,5.928571428571429,54.45720018425927,14
2019-09-03 05:15:00,9.357142857142858,54.198296276778045,14
2019-09-03 05:30:00,10.714285714285714,54.04576566339597,14
2019-09-03 05:45:00,10.928571428571429,53.70913013080675,14
2019-09-03 06:00:00,10.785714285714286,54.21141158989607,14
2019-09-03 06:15:00,12.285714285714286,54.72458592038973,14
2019-09-03 06:30:00,11.142857142857142,55.04482487341475,14
2019-09-03 06:45:00,13.642857142857142,55.10977237412846,14
2019-09-03 07:00:00,10.142857142857142,55.25102881504338,14
2019-09-03 07:15:00,6.0,55.70495299801502,14
2019-09-03 07:30:00,1.2857142857142858,56.34855778531352,14
2019-09-03 07:45:00,1.5,56.63271804714136,14
2019-09-03 08:00:00,1.4285714285714286,56.67410925387052,14
2019-09-03 08:15:00,1.9285714285714286,56.77078091552958,14
2019-09-03 08:30:00,2.7857142857142856,57.39126987552293,14
2019-09-03 08:45:00,4.642857142857143,58.18974725776359,14
2019-09-03 09:00:00,3.857142857142857,58.33563072155808,14
2019-09-03 09:15:00,4.285714285714286,58.42948267668291,14
2019-09-03 09:30:00,3.0714285714285716,59.03301131616874,14
2019-09-03 09:45:00,1.0714285714285714,59.38043020990195,14
2019-09-03 10:00:00,1.1428571428571428,59.548975408557205,14
2019-09-03 10:15:00,5.785714285714286,60.18097283370802,14
2019-09-03 10:30:00,6.0,60.58563020905742,14
2019-09-03 10:45:00,6.214285714285714,60.95880497908701,14
2019-09-03 11:00:00,4.642857142857143,61.42479788380637,14
2019-09-03 11:15:00,9.0,61.693281006796234,14
2019-09-03 11:30:00,5.285714285714286,61.883832641668306,14
2019-09-03 11:45:00,5.714285714285714,62.15687934536319,14
2019-09-03 12:00:00,4.642857142857143,62.07457072253673,14
2019-09-03 12:15:00,4.785714285714286,62.29601129283622,14
2019-09-03 12:30:00,5.285714285714286,62.510988935975035,14
2019-09-03 12:45:00,2.0,62.43955471716822,14
2019-09-03 13:00:00,4.714285714285714,62.664690736522736,14
2019-09-03 13:15:00,4.928571428571429,63.14484636175377,14
2019-09-03 13:30:00,8.5,62.59313452898852,14
2019-09-03 13:45:00,8.142857142857142,62.4536057325006,14
2019-09-03 14:00:00,10.357142857142858,62.77142244995176,14
2019-09-03 14:15:00,13.357142857142858,63.25260048652829,14
2019-09-03 14:30:00,11.285714285714286,63.25421986438078,14
2019-09-03 14:45:00,8.714285714285714,63.433172939998066,14
2019-09-03 15:00:00,8.428571428571429,63.75693779283761,14
2019-09-03 15:15:00,8.642857142857142,63.66906717069663,14
2019-09-03 15:30:00,5.5,63.42113917895988,14
2019-09-03 15:45:00,6.714285714285714,63.36408569216261,14
2019-09-03 16:00:00,8.285714285714286,63.95462773834081,14
2019-09-03 16:15:00,5.428571428571429,64.00063465967445,14
2019-09-03 16:30:00,3.357142857142857,63.93502953162409,14
2019-09-03 16:45:00,4.357142857142857,64.00445690700607,14
2019-09-03 17:00:00,11.928571428571429,64.06496198263943,14
2019-09-03 17:15:00,15.142857142857142,63.81800836252099,14
2019-09-03 17:30:00,11.071428571428571,63.53952072760524,14
2019-09-03 17:45:00,11.0,63.218096857537184,14
2019-09-03 18:00:00,5.5,63.141971898600815,14
2019-09-03 18:15:00,4.357142857142857,63.09719603134652,14
2019-09-03 18:30:00,4.571428571428571,62.80621941474604,14
2019-09-03 18:45:00,9.285714285714286,62.77782970186723,14
2019-09-03 19:00:00,7.642857142857143,62.93297385832104,14
2019-09-03 19:15:00,9.142857142857142,62.99544873743161,14
2019-09-03 19:30:00,8.285714285714286,62.90745305964058,14
2019-09-03 19:45:00,10.714285714285714,62.790001313502074,14
2019-09-03 20:00:00,11.857142857142858,62.67857130128275,14
2019-09-03 20:15:00,14.0,62.70165361677916,14
2019-09-03 20:30:00,11.928571428571429,62.676376601470615,14
2019-09-03 20:45:00,10.285714285714286,62.700110724113976,14
2019-09-03 21:00:00,4.428571428571429,62.70245353854941,14
2019-09-03 21:15:00,5.571428571428571,62.73112314860381,14
2019-09-03 21:30:00,3.2142857142857144,62.72785942206082,14
2019-09-03 21:45:00,1.5,62.65079700027789,14
2019-09-03 22:00:00,3.4285714285714284,62.47028422355831,14
2019-09-03 22:15:00,4.714285714285714,62.2217963642531,14
2019-09-03 22:30:00,3.9285714285714284,62.10292087171701,14
2019-09-03 22:45:00,7.214285714285714,62.040083358629126,14
2019-09-03 23:00:00,2.9285714285714284,62.00116838656277,14
2019-09-03 23:15:00,2.0714285714285716,61.9827684793267,14
2019-09-03 23:30:00,3.5,61.869954408366624,14
2019-09-03 23:45:00,1.6428571428571428,61.81297396530408,14
2019-09-04 00:00:00,3.7142857142857144,61.82620812912682,14
2019-09-04 00:15:00,2.142857142857143,62.0511296471777,14
2019-09-04 00:30:00,1.5714285714285714,62.19376936941067,14
2019-09-04 00:45:00,2.142857142857143,62.381212234472905,14
2019-09-04 01:00:00,2.142857142857143,62.63724600060869,14
2019-09-04 01:15:00,4.214285714285714,62.6940167655411,14
2019-09-04 01:30:00,3.5714285714285716,62.62114247204176,14
2019-09-04 01:45:00,0.9285714285714286,62.78669722632706,14
2019-09-04 02:00:00,1.0714285714285714,63.28475644594723,14
2019-09-04 02:15:00,2.4285714285714284,63.74423043435573,14
2019-09-04 02:30:00,2.7142857142857144,63.69693707107098,14
2019-09-04 02:45:00,4.142857142857143,63.40792889305587,14
2019-09-04 03:00:00,3.9285714285714284,63.248515637352256,14
2019-09-04 03:15:00,3.7142857142857144,63.18488285915283,14
2019-09-04 03:30:00,2.142857142857143,63.29771330441066,14
2019-09-04 03:45:00,3.0,63.391253287816674,14
2019-09-04 04:00:00,2.357142857142857,63.497369436702606,14
2019-09-04 04:15:00,1.0,63.65959829613903,14
2019-09-04 04:30:00,1.3571428571428572,63.80894179897151,14
2019-09-04 04:45:00,0.9285714285714286,63.93586145163646,14
2019-09-04 05:00:00,6.285714285714286,63.550526214861776,14
2019-09-04 05:15:00,7.857142857142857,63.18091603672281,14
2019-09-04 05:30:00,11.0,63.0959654140452,14
2019-09-04 05:45:00,12.071428571428571,63.130454216804246,14
2019-09-04 06:00:00,11.714285714285714,64.18267825128373,14
2019-09-04 06:15:00,10.642857142857142,65.27589327879649,14
2019-09-04 06:30:00,10.857142857142858,65.67573566102,14
2019-09-04 06:45:00,8.857142857142858,65.66862119722798,14
2019-09-04 07:00:00,7.0,65.68795954945706,14
2019-09-04 07:15:00,4.142857142857143,65.92604555929239,14
2019-09-04 07:30:00,3.357142857142857,66.19248660619907,14
2019-09-04 07:45:00,2.9285714285714284,66.41038693573681,14
2019-09-04 08:00:00,2.142857142857143,66.7331234165538,14
2019-09-04 08:15:00,1.8571428571428572,66.94304769489693,14
2019-09-04 08:30:00,2.5714285714285716,67.01263395535777,14
2019-09-04 08:45:00,2.642857142857143,67.07663178278705,14
2019-09-04 09:00:00,3.7142857142857144,67.326059308821,14
2019-09-04 09:15:00,4.571428571428571,67.69785179455783,14
2019-09-04 09:30:00,4.785714285714286,67.80942386174006,14
2019-09-04 09:45:00,2.9285714285714284,67.69964694608068,14
2019-09-04 10:00:00,7.285714285714286,67.57427512931655,14
2019-09-04 10:15:00,10.285714285714286,67.90144713082579,14
2019-09-04 10:30:00,14.5,68.49595525912527,14
2019-09-04 10:45:00,11.857142857142858,68.94965050223857,14
2019-09-04 11:00:00,10.285714285714286,69.18450870851508,14
2019-09-04 11:15:00,7.0,69.20245041138567,14
2019-09-04 11:30:00,7.0,69.85087375975426,14
2019-09-04 11:45:00,4.0,70.53118845373618,14
2019-09-04 12:00:00,3.357142857142857,70.91743548345805,14
2019-09-04 12:15:00,5.285714285714286,72.1488100364917,14
2019-09-04 12:30:00,9.571428571428571,72.491528325392,14
2019-09-04 12:45:00,7.357142857142857,72.1244282797269,14
2019-09-04 13:00:00,4.642857142857143,70.85207715137408,14
2019-09-04 13:15:00,4.285714285714286,70.07258602101037,14
2019-09-04 13:30:00,2.642857142857143,69.91656986449534,14
2019-09-04 13:45:00,5.5,69.31727868496996,14
2019-09-04 14:00:00,7.642857142857143,68.90172966707654,14
2019-09-04 14:15:00,8.0,69.66645536103525,14
2019-09-04 14:30:00,6.785714285714286,69.52289899696474,14
2019-09-04 14:45:00,9.142857142857142,68.97550410901977,14
2019-09-04 15:00:00,6.857142857142857,68.65479573447689,14
2019-09-04 15:15:00,4.357142857142857,69.06317758773379,14
2019-09-04 15:30:00,8.5,68.80416002121399,14
2019-09-04 15:45:00,8.857142857142858,68.30415665042098,14
2019-09-04 16:00:00,12.857142857142858,67.8120024762837,14
2019-09-04 16:15:00,13.357142857142858,67.04786583119107,14
2019-09-04 16:30:00,10.285714285714286,66.85977693117171,14
2019-09-04 16:45:00,7.928571428571429,65.95241961957109,14
2019-09-04 17:00:00,9.5,65.04337189647372,14
2019-09-04 17:15:00,13.357142857142858,64.86742283863462,14
2019-09-04 17:30:00,13.714285714285714,64.6953802915749,14
2019-09-04 17:45:00,10.0,64.13636418704834,14
2019-09-04 18:00:00,5.857142857142857,63.81606080984843,14
2019-09-04 18:15:00,3.857142857142857,63.372189819248945,14
2019-09-04 18:30:00,4.642857142857143,62.93287845204972,14
2019-09-04 18:45:00,6.428571428571429,62.38470526193269,14
2019-09-04 19:00:00,5.714285714285714,62.219245747976494,14
2019-09-04 19:15:00,10.857142857142858,61.85360732467492,14
2019-09-04 19:30:00,12.714285714285714,61.40725939143177,14
2019-09-04 19:45:00,12.785714285714286,61.12078509132018,14
2019-09-04 20:00:00,12.642857142857142,60.827068511996885,14
2019-09-04 20:15:00,11.928571428571429,60.54404075216783,14
2019-09-04 20:30:00,9.5,60.46502335248459,14
2019-09-04 20:45:00,9.357142857142858,60.77228581914236,14
2019-09-04 21:00:00,5.0,60.97950505901118,14
2019-09-04 21:15:00,5.5,60.90493958252673,14
2019-09-04 21:30:00,2.7142857142857144,60.877986750371555,14
2019-09-04 21:45:00,2.857142857142857,60.92199966266889,14
2019-09-04 22:00:00,7.571428571428571,60.95351933589223,14
2019-09-04 22:15:00,4.714285714285714,60.76597008432757,14
2019-09-04 22:30:00,2.357142857142857,60.550584521212734,14
2019-09-04 22:45:00,3.2142857142857144,60.45367182753995,14
2019-09-04 23:00:00,1.7142857142857142,60.37422331550121,14
2019-09-04 23:15:00,0.7857142857142857,60.492238975555175,14
2019-09-04 23:30:00,0.6428571428571429,60.4165143783263,14
2019-09-04 23:45:00,3.7142857142857144,60.29865446297165,14
2019-09-05 00:00:00,3.7857142857142856,60.10074853310221,14
2019-09-05 00:15:00,2.357142857142857,59.73462588272479,14
2019-09-05 00:30:00,2.9285714285714284,59.42300407521734,14
2019-09-05 00:45:00,3.7857142857142856,59.27815570411054,14
2019-09-05 01:00:00,4.857142857142857,59.241783347829774,14
2019-09-05 01:15:00,2.5,58.79743679236211,14
2019-09-05 01:30:00,1.5,58.25681261016311,14
2019-09-05 01:45:00,1.5714285714285714,57.634639690748,14
2019-09-05 02:00:00,4.714285714285714,57.2144582601392,14
2019-09-05 02:15:00,4.571428571428571,57.23877117406898,14
2019-09-05 02:30:00,0.42857142857142855,57.0222323725663,14
2019-09-05 02:45:00,0.42857142857142855,56.75108472419715,14
2019-09-05 03:00:00,1.7142857142857142,56.76906034719471,14
2019-09-05 03:15:00,0.14285714285714285,56.83270707189403,14
2019-09-05 03:30:00,1.4285714285714286,56.36321526077008,14
2019-09-05 03:45:00,1.8571428571428572,55.66727214801542,14
2019-09-05 04:00:00,2.2857142857142856,55.59729942019312,14
2019-09-05 04:15:00,2.7857142857142856,55.64612272997052,14
2019-09-05 04:30:00,2.7142857142857144,55.44621838698666,14
2019-09-05 04:45:00,4.714285714285714,55.51080826562801,14
2019-09-05 05:00:00,1.9285714285714286,55.47590952829946,14
2019-09-05 05:15:00,2.2142857142857144,55.62005456916149,14
2019-09-05 05:30:00,5.571428571428571,55.765937946526755,14
2019-09-05 05:45:00,14.571428571428571,55.86466745073272,14
2019-09-05 06:00:00,12.142857142857142,55.82402463327416,14
2019-09-05 06:15:00,9.428571428571429,55.36332302606496,14
2019-09-05 06:30:00,11.571428571428571,55.13286409478019,14
2019-09-05 06:45:00,8.857142857142858,55.03728366031071,14
2019-09-05 07:00:00,11.857142857142858,55.07979439480128,14
2019-09-05 07:15:00,13.5,55.358580431691486,14
2019-09-05 07:30:00,15.357142857142858,55.538331336669955,14
2019-09-05 07:45:00,2.5714285714285716,55.44862913672673,14
2019-09-05 08:00:00,1.6428571428571428,55.79949572703484,14
2019-09-05 08:15:00,0.7857142857142857,56.23352769764245,14
2019-09-05 08:30:00,2.2857142857142856,56.06751610312676,14
2019-09-05 08:45:00,4.142857142857143,56.49123780360213,14
2019-09-05 09:00:00,4.071428571428571,57.03825851147962,14
2019-09-05 09:15:00,3.0714285714285716,58.10817048717936,14
2019-09-05 09:30:00,1.5,58.91825338402096,14
2019-09-05 09:45:00,3.9285714285714284,59.71742220461014,14
2019-09-05 10:00:00,6.285714285714286,60.24339253355817,14
2019-09-05 10:15:00,6.857142857142857,60.88484129597737,14
2019-09-05 10:30:00,5.214285714285714,61.49415188558347,14
2019-09-05 10:45:00,6.0,62.021289770907664,14
2019-09-05 11:00:00,7.0,62.347119756367135,14
2019-09-05 11:15:00,3.7142857142857144,62.93956774330466,14
2019-09-05 11:30:00,1.2857142857142858,63.07305868069346,14
2019-09-05 11:45:00,4.5,63.320639604081094,14
2019-09-05 12:00:00,5.428571428571429,63.32957480322337,14
2019-09-05 12:15:00,5.714285714285714,63.47450191539357,14
2019-09-05 12:30:00,8.857142857142858,64.06100810731577,14
2019-09-05 12:45:00,10.071428571428571,64.2163845844351,14
2019-09-05 13:00:00,6.857142857142857,64.628198442807,14
2019-09-05 13:15:00,7.357142857142857,64.94018248699972,14
2019-09-05 13:30:00,8.071428571428571,64.77673409806484,14
2019-09-05 13:45:00,7.5,65.01463902326974,14
2019-09-05 14:00:00,8.928571428571429,65.34228120770923,14
2019-09-05 14:15:00,3.857142857142857,64.76879859183498,14
2019-09-05 14:30:00,6.357142857142857,64.95486055050112,14
2019-09-05 14:45:00,6.928571428571429,65.1369108736663,14
2019-09-05 15:00:00,6.857142857142857,65.37191408068993,14
2019-09-05 15:15:00,5.214285714285714,66.00662766197001,14
2019-09-05 15:30:00,7.071428571428571,65.8441271736052,14
2019-09-05 15:45:00,7.0,65.85253571943873,14
2019-09-05 16:00:00,7.857142857142857,65.82877830312661,14
2019-09-05 16:15:00,8.642857142857142,65.88321874491962,14
2019-09-05 16:30:00,5.5,65.72866128825702,14
2019-09-05 16:45:00,8.642857142857142,65.80422669633849,14
2019-09-05 17:00:00,15.928571428571429,65.50501049837352,14
2019-09-05 17:15:00,15.285714285714286,65.55649414203057,14
2019-09-05 17:30:00,13.714285714285714,65.99815681118095,14
2019-09-05 17:45:00,11.142857142857142,65.87402840482522,14
2019-09-05 18:00:00,3.9285714285714284,65.72032205491074,14
2019-09-05 18:15:00,4.5,65.48348498146329,14
2019-09-05 18:30:00,5.142857142857143,65.05870340709359,14
2019-09-05 18:45:00,7.071428571428571,64.71493449632972,14
2019-09-05 19:00:00,9.5,64.35781069701537,14
2019-09-05 19:15:00,9.714285714285714,63.80250048471646,14
2019-09-05 19:30:00,14.285714285714286,63.19707407404212,14
2019-09-05 19:45:00,13.5,62.28018901922375,14
2019-09-05 20:00:00,14.857142857142858,61.166152297100325,14
2019-09-05 20:15:00,12.785714285714286,60.42761290539874,14
2019-09-05 20:30:00,11.642857142857142,59.514315637612725,14
2019-09-05 20:45:00,5.785714285714286,58.87442293981485,14
2019-09-05 21:00:00,4.428571428571429,58.85940880366195,14
2019-09-05 21:15:00,6.785714285714286,58.69467407140085,14
2019-09-05 21:30:00,6.142857142857143,57.91599422741404,14
2019-09-05 21:45:00,3.142857142857143,57.4150422467776,14
2019-09-05 22:00:00,4.642857142857143,57.223878726898555,14
2019-09-05 22:15:00,1.9285714285714286,56.946141124227495,14
2019-09-05 22:30:00,3.357142857142857,56.78531112900234,14
2019-09-05 22:45:00,6.5,56.980976369958974,14
2019-09-05 23:00:00,5.642857142857143,57.22090667371794,14
2019-09-05 23:15:00,3.357142857142857,57.317495431927114,14
2019-09-05 23:30:00,4.214285714285714,57.82696324489011,14
2019-09-05 23:45:00,2.9285714285714284,57.43046829132414,14
2019-09-06 00:00:00,2.357142857142857,56.793423718499206,14
2019-09-06 00:15:00,2.142857142857143,56.325283893139634,14
2019-09-06 00:30:00,2.2142857142857144,55.84314594330812,14
2019-09-06 00:45:00,1.9285714285714286,55.01747533719638,14
2019-09-06 01:00:00,1.4285714285714286,54.88940319466126,14
2019-09-06 01:15:00,3.9285714285714284,55.1425521464119,14
2019-09-06 01:30:00,5.714285714285714,54.571402210675195,14
2019-09-06 01:45:00,5.285714285714286,54.19803856253103,14
2019-09-06 02:00:00,3.2142857142857144,54.02916714803833,14
2019-09-06 02:15:00,2.2857142857142856,54.0249881043548,14
2019-09-06 02:30:00,2.142857142857143,53.84377117428827,14
2019-09-06 02:45:00,3.9285714285714284,53.722489000423856,14
2019-09-06 03:00:00,4.642857142857143,53.783998079509665,14
2019-09-06 03:15:00,3.0714285714285716,54.499519563754895,14
2019-09-06 03:30:00,2.857142857142857,54.76410153489648,14
2019-09-06 03:45:00,1.2142857142857142,54.91993219841235,14
2019-09-06 04:00:00,2.0714285714285716,54.3472060328954,14
2019-09-06 04:15:00,1.8571428571428572,54.668555951606834,14
2019-09-06 04:30:00,0.21428571428571427,54.644784867236446,14
2019-09-06 04:45:00,0.5,54.4367666284921,14
2019-09-06 05:00:00,1.7142857142857142,54.540420491517274,14
2019-09-06 05:15:00,7.714285714285714,54.549648538523776,14
2019-09-06 05:30:00,11.0,54.58214600400043,14
2019-09-06 05:45:00,11.214285714285714,54.55840451717402,14
2019-09-06 06:00:00,9.142857142857142,54.62419130476911,14
2019-09-06 06:15:00,10.357142857142858,54.512715947205386,14
2019-09-06 06:30:00,10.357142857142858,54.61133383580096,14
2019-09-06 06:45:00,9.571428571428571,54.770942901819296,14
2019-09-06 07:00:00,9.714285714285714,54.92560087777443,14
2019-09-06 07:15:00,5.571428571428571,55.1395844713417,14
2019-09-06 07:30:00,2.7142857142857144,55.23340542103575,14
2019-09-06 07:45:00,3.0,55.49850566473679,14
2019-09-06 08:00:00,3.0,56.056598931718774,14
2019-09-06 08:15:00,1.2857142857142858,56.55577797721852,14
2019-09-06 08:30:00,3.357142857142857,57.207352540633536,14
2019-09-06 08:45:00,4.785714285714286,57.770746001346545,14
2019-09-06 09:00:00,7.928571428571429,58.200975708305954,14
2019-09-06 09:15:00,4.928571428571429,58.67542508496666,14
2019-09-06 09:30:00,2.857142857142857,59.44088429093841,14
2019-09-06 09:45:00,0.42857142857142855,60.1210788543836,14
2019-09-06 10:00:00,2.2142857142857144,61.483769336879014,14
2019-09-06 10:15:00,11.285714285714286,62.48108112506222,14
2019-09-06 10:30:00,4.5,62.94328051073572,14
2019-09-06 10:45:00,0.0,62.85014173269875,12
2019-09-06 11:00:00,0.0,62.7891856410524,8
2019-09-06 11:15:00,0.0,63.48650443313827,3
2019-09-06 11:30:00,0.0,63.94264683844683,1
2019-09-06 11:45:00,0.0,64.39769934441092,1
2019-09-06 12:00:00,0.0,65.02648747058434,1
