Cow,Start,End,Steps,Motion Index,Lying Time,Standing Time,Transitions,Transitions Up,Transitions Down
2062,2019-06-05 13:00:00,2019-06-05 13:15:00,10,27,0:04:23,0:10:37,2,1,1
2062,2019-06-05 13:15:00,2019-06-05 13:30:00,9,20,0:00:12,0:14:48,5,2,3
2062,2019-06-05 13:30:00,2019-06-05 13:45:00,9,17,0:00:12,0:14:48,2,1,1
2062,2019-06-05 13:45:00,2019-06-05 14:00:00,16,32,0:00:38,0:14:22,9,4,5
2062,2019-06-05 14:00:00,2019-06-05 14:15:00,9,19,0:00:00,0:15:00,0,0,0
2062,2019-06-05 14:15:00,2019-06-05 14:30:00,11,23,0:02:38,0:12:22,1,0,1
2062,2019-06-05 14:30:00,2019-06-05 14:45:00,10,40,0:03:24,0:11:36,0,0,0
2062,2019-06-05 14:45:00,2019-06-05 15:00:00,14,39,0:00:00,0:15:00,0,0,0
2062,2019-06-05 15:00:00,2019-06-05 15:15:00,17,29,0:00:04,0:14:56,1,0,1
2062,2019-06-05 15:15:00,2019-06-05 15:30:00,7,17,0:09:14,0:05:46,2,1,1
2062,2019-06-05 15:30:00,2019-06-05 15:45:00,13,57,0:02:58,0:12:02,1,0,1
2062,2019-06-05 15:45:00,2019-06-05 16:00:00,11,15,0:00:10,0:14:50,2,1,1
2062,2019-06-05 16:00:00,2019-06-05 16:15:00,4,32,0:10:32,0:04:28,1,0,1
2062,2019-06-05 16:15:00,2019-06-05 16:30:00,0,5,0:15:00,0:00:00,0,0,0
2062,2019-06-05 16:30:00,2019-06-05 16:45:00,0,6,0:15:00,0:00:00,0,0,0
2062,2019-06-05 16:45:00,2019-06-05 17:00:00,4,18,0:05:53,0:09:07,0,0,0
2062,2019-06-05 17:00:00,2019-06-05 17:15:00,19,36,0:00:21,0:14:39,9,4,5
2062,2019-06-05 17:15:00,2019-06-05 17:30:00,17,38,0:00:19,0:14:41,4,2,2
2062,2019-06-05 17:30:00,2019-06-05 17:45:00,16,29,0:00:23,0:14:37,1,0,1
2062,2019-06-05 17:45:00,2019-06-05 18:00:00,7,15,0:10:13,0:04:47,1,0,1
2062,2019-06-05 18:00:00,2019-06-05 18:15:00,2,51,0:11:17,0:03:43,1,0,1
2062,2019-06-05 18:15:00,2019-06-05 18:30:00,2,7,0:12:23,0:02:37,3,1,2
2062,2019-06-05 18:30:00,2019-06-05 18:45:00,0,0,0:15:00,0:00:00,0,0,0
2062,2019-06-05 18:45:00,2019-06-05 19:00:00,5,17,0:08:45,0:06:15,1,0,1
2062,2019-06-05 19:00:00,2019-06-05 19:15:00,10,27,0:01:37,0:13:23,9,4,5
2062,2019-06-05 19:15:00,2019-06-05 19:30:00,9,14,0:00:00,0:15:00,0,0,0
2062,2019-06-05 19:30:00,2019-06-05 19:45:00,15,25,0:00:06,0:14:54,2,1,1
2062,2019-06-05 19:45:00,2019-06-05 20:00:00,15,37,0:00:36,0:14:24,8,4,4
2062,2019-06-05 20:00:00,2019-06-05 20:15:00,18,29,0:00:11,0:14:49,4,2,2
2062,2019-06-05 20:15:00,2019-06-05 20:30:00,10,12,0:00:00,0:15:00,0,0,0
2062,2019-06-05 20:30:00,2019-06-05 20:45:00,11,22,0:00:11,0:14:49,3,1,2
2062,2019-06-05 20:45:00,2019-06-05 21:00:00,9,37,0:01:01,0:13:59,2,1,1
2062,2019-06-05 21:00:00,2019-06-05 21:15:00,32,259,0:00:58,0:14:02,4,2,2
2062,2019-06-05 21:15:00,2019-06-05 21:30:00,4,10,0:13:02,0:01:58,2,1,1
2062,2019-06-05 21:30:00,2019-06-05 21:45:00,2,43,0:14:05,0:00:55,0,0,0
2062,2019-06-05 21:45:00,2019-06-05 22:00:00,5,10,0:04:56,0:10:04,1,0,1
2062,2019-06-05 22:00:00,2019-06-05 22:15:00,0,0,0:15:00,0:00:00,0,0,0
2062,2019-06-05 22:15:00,2019-06-05 22:30:00,6,23,0:02:26,0:12:34,1,0,1
2062,2019-06-05 22:30:00,2019-06-05 22:45:00,8,41,0:04:23,0:10:37,8,4,4
2062,2019-06-05 22:45:00,2019-06-05 23:00:00,0,2,0:15:00,0:00:00,0,0,0
2062,2019-06-05 23:00:00,2019-06-05 23:15:00,0,0,0:15:00,0:00:00,0,0,0
2062,2019-06-05 23:15:00,2019-06-05 23:30:00,0,0,0:15:00,0:00:00,0,0,0
2062,2019-06-05 23:30:00,2019-06-05 23:45:00,0,1,0:15:00,0:00:00,0,0,0
2062,2019-06-05 23:45:00,2019-06-06 00:00:00,1,13,0:12:12,0:02:48,1,0,1
2062,2019-06-06 00:00:00,2019-06-06 00:15:00,11,27,0:06:40,0:08:20,2,1,1
2062,2019-06-06 00:15:00,2019-06-06 00:30:00,0,1,0:15:00,0:00:00,0,0,0
2062,2019-06-06 00:30:00,2019-06-06 00:45:00,0,2,0:15:00,0:00:00,0,0,0
2062,2019-06-06 00:45:00,2019-06-06 01:00:00,0,0,0:15:00,0:00:00,0,0,0
2062,2019-06-06 01:00:00,2019-06-06 01:15:00,1,10,0:11:08,0:03:52,0,0,0
2062,2019-06-06 01:15:00,2019-06-06 01:30:00,10,34,0:03:32,0:11:28,5,2,3
2062,2019-06-06 01:30:00,2019-06-06 01:45:00,0,9,0:11:36,0:03:24,0,0,0
2062,2019-06-06 01:45:00,2019-06-06 02:00:00,3,12,0:13:19,0:01:41,1,0,1
2062,2019-06-06 02:00:00,2019-06-06 02:15:00,0,1,0:15:00,0:00:00,0,0,0
2062,2019-06-06 02:15:00,2019-06-06 02:30:00,0,0,0:15:00,0:00:00,0,0,0
2062,2019-06-06 02:30:00,2019-06-06 02:45:00,0,2,0:15:00,0:00:00,0,0,0
2062,2019-06-06 02:45:00,2019-06-06 03:00:00,0,0,0:15:00,0:00:00,0,0,0
2062,2019-06-06 03:00:00,2019-06-06 03:15:00,0,0,0:15:00,0:00:00,0,0,0
2062,2019-06-06 03:15:00,2019-06-06 03:30:00,0,0,0:15:00,0:00:00,0,0,0
2062,2019-06-06 03:30:00,2019-06-06 03:45:00,0,0,0:15:00,0:00:00,0,0,0
2062,2019-06-06 03:45:00,2019-06-06 04:00:00,0,1,0:15:00,0:00:00,0,0,0
2062,2019-06-06 04:00:00,2019-06-06 04:15:00,0,16,0:12:00,0:03:00,1,0,1
2062,2019-06-06 04:15:00,2019-06-06 04:30:00,0,9,0:15:00,0:00:00,0,0,0
2062,2019-06-06 04:30:00,2019-06-06 04:45:00,0,1,0:15:00,0:00:00,0,0,0
2062,2019-06-06 04:45:00,2019-06-06 05:00:00,0,7,0:15:00,0:00:00,0,0,0
2062,2019-06-06 05:00:00,2019-06-06 05:15:00,0,10,0:15:00,0:00:00,0,0,0
2062,2019-06-06 05:15:00,2019-06-06 05:30:00,8,24,0:01:07,0:13:53,0,0,0
2062,2019-06-06 05:30:00,2019-06-06 05:45:00,21,30,0:00:15,0:14:45,5,2,3
2062,2019-06-06 05:45:00,2019-06-06 06:00:00,14,25,0:00:13,0:14:47,6,3,3
2062,2019-06-06 06:00:00,2019-06-06 06:15:00,12,23,0:00:35,0:14:25,8,4,4
2062,2019-06-06 06:15:00,2019-06-06 06:30:00,10,22,0:01:33,0:13:27,13,6,7
2062,2019-06-06 06:30:00,2019-06-06 06:45:00,15,30,0:01:24,0:13:36,9,4,5
2062,2019-06-06 06:45:00,2019-06-06 07:00:00,5,29,0:07:15,0:07:45,7,3,4
2062,2019-06-06 07:00:00,2019-06-06 07:15:00,0,1,0:15:00,0:00:00,0,0,0
2062,2019-06-06 07:15:00,2019-06-06 07:30:00,0,0,0:15:00,0:00:00,0,0,0
2062,2019-06-06 07:30:00,2019-06-06 07:45:00,0,0,0:15:00,0:00:00,0,0,0
2062,2019-06-06 07:45:00,2019-06-06 08:00:00,0,5,0:13:13,0:01:47,1,0,1
2062,2019-06-06 08:00:00,2019-06-06 08:15:00,16,44,0:03:41,0:11:19,22,11,11
2062,2019-06-06 08:15:00,2019-06-06 08:30:00,8,23,0:02:54,0:12:06,11,5,6
2062,2019-06-06 08:30:00,2019-06-06 08:45:00,12,23,0:02:38,0:12:22,10,5,5
2062,2019-06-06 08:45:00,2019-06-06 09:00:00,0,1,0:15:00,0:00:00,0,0,0
2062,2019-06-06 09:00:00,2019-06-06 09:15:00,0,0,0:15:00,0:00:00,0,0,0
2062,2019-06-06 09:15:00,2019-06-06 09:30:00,0,4,0:15:00,0:00:00,0,0,0
2062,2019-06-06 09:30:00,2019-06-06 09:45:00,15,56,0:01:12,0:13:48,7,3,4
2062,2019-06-06 09:45:00,2019-06-06 10:00:00,10,32,0:00:29,0:14:31,4,2,2
2062,2019-06-06 10:00:00,2019-06-06 10:15:00,17,31,0:00:23,0:14:37,4,2,2
2062,2019-06-06 10:15:00,2019-06-06 10:30:00,14,23,0:00:40,0:14:20,1,0,1
2062,2019-06-06 10:30:00,2019-06-06 10:45:00,13,27,0:00:53,0:14:07,8,4,4
2062,2019-06-06 10:45:00,2019-06-06 11:00:00,10,32,0:06:08,0:08:52,1,0,1
2062,2019-06-06 11:00:00,2019-06-06 11:15:00,14,28,0:00:28,0:14:32,5,2,3
2062,2019-06-06 11:15:00,2019-06-06 11:30:00,13,22,0:00:04,0:14:56,1,0,1
2062,2019-06-06 11:30:00,2019-06-06 11:45:00,14,27,0:00:09,0:14:51,4,2,2
2062,2019-06-06 11:45:00,2019-06-06 12:00:00,13,29,0:01:21,0:13:39,6,3,3
2062,2019-06-06 12:00:00,2019-06-06 12:15:00,17,43,0:02:23,0:12:37,1,0,1
2062,2019-06-06 12:15:00,2019-06-06 12:30:00,0,0,0:15:00,0:00:00,0,0,0
2062,2019-06-06 12:30:00,2019-06-06 12:45:00,0,0,0:15:00,0:00:00,0,0,0
2062,2019-06-06 12:45:00,2019-06-06 13:00:00,12,34,0:02:28,0:12:32,0,0,0
2062,2019-06-06 13:00:00,2019-06-06 13:15:00,2,5,0:09:41,0:05:19,1,0,1
2062,2019-06-06 13:15:00,2019-06-06 13:30:00,0,4,0:15:00,0:00:00,0,0,0
2062,2019-06-06 13:30:00,2019-06-06 13:45:00,0,2,0:15:00,0:00:00,0,0,0
2062,2019-06-06 13:45:00,2019-06-06 14:00:00,0,3,0:15:00,0:00:00,0,0,0
2062,2019-06-06 14:00:00,2019-06-06 14:15:00,0,1,0:15:00,0:00:00,0,0,0
2062,2019-06-06 14:15:00,2019-06-06 14:30:00,0,0,0:15:00,0:00:00,0,0,0
2062,2019-06-06 14:30:00,2019-06-06 14:45:00,3,18,0:12:44,0:02:16,1,0,1
2062,2019-06-06 14:45:00,2019-06-06 15:00:00,9,36,0:02:59,0:12:01,15,7,8
2062,2019-06-06 15:00:00,2019-06-06 15:15:00,15,30,0:00:51,0:14:09,8,4,4
2062,2019-06-06 15:15:00,2019-06-06 15:30:00,14,30,0:01:04,0:13:56,8,4,4
2062,2019-06-06 15:30:00,2019-06-06 15:45:00,12,25,0:00:06,0:14:54,2,1,1
2062,2019-06-06 15:45:00,2019-06-06 16:00:00,14,18,0:04:06,0:10:54,1,0,1
2062,2019-06-06 16:00:00,2019-06-06 16:15:00,3,10,0:10:45,0:04:15,1,0,1
2062,2019-06-06 16:15:00,2019-06-06 16:30:00,6,16,0:07:52,0:07:08,1,0,1
2062,2019-06-06 16:30:00,2019-06-06 16:45:00,0,0,0:15:00,0:00:00,0,0,0
2062,2019-06-06 16:45:00,2019-06-06 17:00:00,8,10,0:07:30,0:07:30,2,1,1
2062,2019-06-06 17:00:00,2019-06-06 17:15:00,12,23,0:00:20,0:14:40,4,2,2
2062,2019-06-06 17:15:00,2019-06-06 17:30:00,14,23,0:00:05,0:14:55,5,2,3
2062,2019-06-06 17:30:00,2019-06-06 17:45:00,7,14,0:00:49,0:14:11,4,2,2
2062,2019-06-06 17:45:00,2019-06-06 18:00:00,4,14,0:12:37,0:02:23,1,0,1
2062,2019-06-06 18:00:00,2019-06-06 18:15:00,0,0,0:15:00,0:00:00,0,0,0
2062,2019-06-06 18:15:00,2019-06-06 18:30:00,0,0,0:15:00,0:00:00,0,0,0
2062,2019-06-06 18:30:00,2019-06-06 18:45:00,0,5,0:15:00,0:00:00,0,0,0
2062,2019-06-06 18:45:00,2019-06-06 19:00:00,0,1,0:15:00,0:00:00,0,0,0
2062,2019-06-06 19:00:00,2019-06-06 19:15:00,0,0,0:15:00,0:00:00,0,0,0
2062,2019-06-06 19:15:00,2019-06-06 19:30:00,7,28,0:05:58,0:09:02,10,5,5
2062,2019-06-06 19:30:00,2019-06-06 19:45:00,11,43,0:01:31,0:13:29,15,7,8
2062,2019-06-06 19:45:00,2019-06-06 20:00:00,13,27,0:01:16,0:13:44,6,3,3
2062,2019-06-06 20:00:00,2019-06-06 20:15:00,11,30,0:01:36,0:13:24,6,3,3
2062,2019-06-06 20:15:00,2019-06-06 20:30:00,17,33,0:01:12,0:13:48,7,3,4
2062,2019-06-06 20:30:00,2019-06-06 20:45:00,16,30,0:02:18,0:12:42,11,5,6
2062,2019-06-06 20:45:00,2019-06-06 21:00:00,13,21,0:03:17,0:11:43,6,3,3
2062,2019-06-06 21:00:00,2019-06-06 21:15:00,5,32,0:05:29,0:09:31,3,1,2
2062,2019-06-06 21:15:00,2019-06-06 21:30:00,0,5,0:15:00,0:00:00,0,0,0
2062,2019-06-06 21:30:00,2019-06-06 21:45:00,3,16,0:09:34,0:05:26,1,0,1
2062,2019-06-06 21:45:00,2019-06-06 22:00:00,16,38,0:06:00,0:09:00,1,0,1
2062,2019-06-06 22:00:00,2019-06-06 22:15:00,0,0,0:15:00,0:00:00,0,0,0
2062,2019-06-06 22:15:00,2019-06-06 22:30:00,0,0,0:15:00,0:00:00,0,0,0
2062,2019-06-06 22:30:00,2019-06-06 22:45:00,14,42,0:03:25,0:11:35,1,0,1
2062,2019-06-06 22:45:00,2019-06-06 23:00:00,15,24,0:04:31,0:10:29,1,0,1
2062,2019-06-06 23:00:00,2019-06-06 23:15:00,1,7,0:10:10,0:04:50,0,0,0
2062,2019-06-06 23:15:00,2019-06-06 23:30:00,5,22,0:07:04,0:07:56,2,1,1
2062,2019-06-06 23:30:00,2019-06-06 23:45:00,0,0,0:15:00,0:00:00,0,0,0
2062,2019-06-06 23:45:00,2019-06-07 00:00:00,0,0,0:15:00,0:00:00,0,0,0
2062,2019-06-07 00:00:00,2019-06-07 00:15:00,0,0,0:15:00,0:00:00,0,0,0
2062,2019-06-07 00:15:00,2019-06-07 00:30:00,0,0,0:15:00,0:00:00,0,0,0
2062,2019-06-07 00:30:00,2019-06-07 00:45:00,0,1,0:15:00,0:00:00,0,0,0
2062,2019-06-07 00:45:00,2019-06-07 01:00:00,0,2,0:15:00,0:00:00,0,0,0
2062,2019-06-07 01:00:00,2019-06-07 01:15:00,5,28,0:09:54,0:05:06,2,1,1
2062,2019-06-07 01:15:00,2019-06-07 01:30:00,0,0,0:15:00,0:00:00,0,0,0
2062,2019-06-07 01:30:00,2019-06-07 01:45:00,0,2,0:15:00,0:00:00,0,0,0
2062,2019-06-07 01:45:00,2019-06-07 02:00:00,0,0,0:15:00,0:00:00,0,0,0
2062,2019-06-07 02:00:00,2019-06-07 02:15:00,0,1,0:15:00,0:00:00,0,0,0
2062,2019-06-07 02:15:00,2019-06-07 02:30:00,1,14,0:11:39,0:03:21,1,0,1
2062,2019-06-07 02:30:00,2019-06-07 02:45:00,1,10,0:12:42,0:02:18,2,1,1
2062,2019-06-07 02:45:00,2019-06-07 03:00:00,0,0,0:15:00,0:00:00,0,0,0
2062,2019-06-07 03:00:00,2019-06-07 03:15:00,0,0,0:15:00,0:00:00,0,0,0
2062,2019-06-07 03:15:00,2019-06-07 03:30:00,0,0,0:15:00,0:00:00,0,0,0
2062,2019-06-07 03:30:00,2019-06-07 03:45:00,0,0,0:15:00,0:00:00,0,0,0
2062,2019-06-07 03:45:00,2019-06-07 04:00:00,0,1,0:15:00,0:00:00,0,0,0
2062,2019-06-07 04:00:00,2019-06-07 04:15:00,0,4,0:15:00,0:00:00,0,0,0
2062,2019-06-07 04:15:00,2019-06-07 04:30:00,1,18,0:11:31,0:03:29,3,1,2
2062,2019-06-07 04:30:00,2019-06-07 04:45:00,0,3,0:15:00,0:00:00,0,0,0
2062,2019-06-07 04:45:00,2019-06-07 05:00:00,0,0,0:15:00,0:00:00,0,0,0
2062,2019-06-07 05:00:00,2019-06-07 05:15:00,0,1,0:15:00,0:00:00,0,0,0
2062,2019-06-07 05:15:00,2019-06-07 05:30:00,7,13,0:02:29,0:12:31,0,0,0
2062,2019-06-07 05:30:00,2019-06-07 05:45:00,10,20,0:00:01,0:14:59,1,0,1
2062,2019-06-07 05:45:00,2019-06-07 06:00:00,9,11,0:00:14,0:14:46,1,0,1
2062,2019-06-07 06:00:00,2019-06-07 06:15:00,16,29,0:01:26,0:13:34,12,6,6
2062,2019-06-07 06:15:00,2019-06-07 06:30:00,13,28,0:02:02,0:12:58,11,5,6
2062,2019-06-07 06:30:00,2019-06-07 06:45:00,12,21,0:00:18,0:14:42,2,1,1
2062,2019-06-07 06:45:00,2019-06-07 07:00:00,14,33,0:04:15,0:10:45,9,4,5
2062,2019-06-07 07:00:00,2019-06-07 07:15:00,0,0,0:15:00,0:00:00,0,0,0
2062,2019-06-07 07:15:00,2019-06-07 07:30:00,0,0,0:15:00,0:00:00,0,0,0
2062,2019-06-07 07:30:00,2019-06-07 07:45:00,0,0,0:15:00,0:00:00,0,0,0
2062,2019-06-07 07:45:00,2019-06-07 08:00:00,0,3,0:15:00,0:00:00,0,0,0
2062,2019-06-07 08:00:00,2019-06-07 08:15:00,0,2,0:15:00,0:00:00,0,0,0
2062,2019-06-07 08:15:00,2019-06-07 08:30:00,2,13,0:07:00,0:08:00,8,4,4
2062,2019-06-07 08:30:00,2019-06-07 08:45:00,17,23,0:00:11,0:14:49,1,0,1
2062,2019-06-07 08:45:00,2019-06-07 09:00:00,11,15,0:00:05,0:14:55,1,0,1
2062,2019-06-07 09:00:00,2019-06-07 09:15:00,10,24,0:00:50,0:14:10,6,3,3
2062,2019-06-07 09:15:00,2019-06-07 09:30:00,22,33,0:00:01,0:14:59,1,0,1
2062,2019-06-07 09:30:00,2019-06-07 09:45:00,17,29,0:00:26,0:14:34,4,2,2
2062,2019-06-07 09:45:00,2019-06-07 10:00:00,12,27,0:00:09,0:14:51,2,1,1
2062,2019-06-07 10:00:00,2019-06-07 10:15:00,13,25,0:00:51,0:14:09,5,2,3
2062,2019-06-07 10:15:00,2019-06-07 10:30:00,6,31,0:11:10,0:03:50,2,1,1
2062,2019-06-07 10:30:00,2019-06-07 10:45:00,10,32,0:00:37,0:14:23,4,2,2
2062,2019-06-07 10:45:00,2019-06-07 11:00:00,19,45,0:01:07,0:13:53,3,1,2
2062,2019-06-07 11:00:00,2019-06-07 11:15:00,7,22,0:05:54,0:09:06,3,1,2
2062,2019-06-07 11:15:00,2019-06-07 11:30:00,11,41,0:10:51,0:04:09,1,0,1
2062,2019-06-07 11:30:00,2019-06-07 11:45:00,12,23,0:00:56,0:14:04,13,6,7
2062,2019-06-07 11:45:00,2019-06-07 12:00:00,12,42,0:02:21,0:12:39,7,3,4
2062,2019-06-07 12:00:00,2019-06-07 12:15:00,0,12,0:15:00,0:00:00,0,0,0
2062,2019-06-07 12:15:00,2019-06-07 12:30:00,0,0,0:15:00,0:00:00,0,0,0
2062,2019-06-07 12:30:00,2019-06-07 12:45:00,0,0,0:15:00,0:00:00,0,0,0
2062,2019-06-07 12:45:00,2019-06-07 13:00:00,0,0,0:15:00,0:00:00,0,0,0
2062,2019-06-07 13:00:00,2019-06-07 13:15:00,3,19,0:14:01,0:00:59,0,0,0
2062,2019-06-07 13:15:00,2019-06-07 13:30:00,10,14,0:00:13,0:14:47,7,3,4
2062,2019-06-07 13:30:00,2019-06-07 13:45:00,17,26,0:00:01,0:14:59,1,0,1
2062,2019-06-07 13:45:00,2019-06-07 14:00:00,17,35,0:00:01,0:14:59,1,0,1
2062,2019-06-07 14:00:00,2019-06-07 14:15:00,1,9,0:11:57,0:03:03,1,0,1
2062,2019-06-07 14:15:00,2019-06-07 14:30:00,0,0,0:15:00,0:00:00,0,0,0
2062,2019-06-07 14:30:00,2019-06-07 14:45:00,0,0,0:15:00,0:00:00,0,0,0
2062,2019-06-07 14:45:00,2019-06-07 15:00:00,0,2,0:15:00,0:00:00,0,0,0
2062,2019-06-07 15:00:00,2019-06-07 15:15:00,0,13,0:14:17,0:00:43,0,0,0
2062,2019-06-07 15:15:00,2019-06-07 15:30:00,10,14,0:00:07,0:14:53,2,1,1
2062,2019-06-07 15:30:00,2019-06-07 15:45:00,13,23,0:00:13,0:14:47,2,1,1
2062,2019-06-07 15:45:00,2019-06-07 16:00:00,4,13,0:13:26,0:01:34,2,1,1
2062,2019-06-07 16:00:00,2019-06-07 16:15:00,0,0,0:15:00,0:00:00,0,0,0
2062,2019-06-07 16:15:00,2019-06-07 16:30:00,0,2,0:15:00,0:00:00,0,0,0
2062,2019-06-07 16:30:00,2019-06-07 16:45:00,0,5,0:15:00,0:00:00,0,0,0
2062,2019-06-07 16:45:00,2019-06-07 17:00:00,7,26,0:04:25,0:10:35,3,1,2
2062,2019-06-07 17:00:00,2019-06-07 17:15:00,19,36,0:00:10,0:14:50,4,2,2
2062,2019-06-07 17:15:00,2019-06-07 17:30:00,10,34,0:00:16,0:14:44,7,3,4
2062,2019-06-07 17:30:00,2019-06-07 17:45:00,17,22,0:00:17,0:14:43,4,2,2
2062,2019-06-07 17:45:00,2019-06-07 18:00:00,15,28,0:02:38,0:12:22,2,1,1
2062,2019-06-07 18:00:00,2019-06-07 18:15:00,26,92,0:02:15,0:12:45,3,1,2
2062,2019-06-07 18:15:00,2019-06-07 18:30:00,8,14,0:00:00,0:15:00,0,0,0
2062,2019-06-07 18:30:00,2019-06-07 18:45:00,9,15,0:00:00,0:15:00,0,0,0
2062,2019-06-07 18:45:00,2019-06-07 19:00:00,5,19,0:00:01,0:14:59,1,0,1
2062,2019-06-07 19:00:00,2019-06-07 19:15:00,8,16,0:00:00,0:15:00,0,0,0
2062,2019-06-07 19:15:00,2019-06-07 19:30:00,11,26,0:01:23,0:13:37,15,7,8
2062,2019-06-07 19:30:00,2019-06-07 19:45:00,12,30,0:00:52,0:14:08,6,3,3
2062,2019-06-07 19:45:00,2019-06-07 20:00:00,14,24,0:01:02,0:13:58,9,4,5
2062,2019-06-07 20:00:00,2019-06-07 20:15:00,5,18,0:13:36,0:01:24,2,1,1
2062,2019-06-07 20:15:00,2019-06-07 20:30:00,10,24,0:04:01,0:10:59,7,3,4
2062,2019-06-07 20:30:00,2019-06-07 20:45:00,12,21,0:00:08,0:14:52,2,1,1
2062,2019-06-07 20:45:00,2019-06-07 21:00:00,16,23,0:00:00,0:15:00,0,0,0
2062,2019-06-07 21:00:00,2019-06-07 21:15:00,11,20,0:02:13,0:12:47,2,1,1
2062,2019-06-07 21:15:00,2019-06-07 21:30:00,2,15,0:14:06,0:00:54,0,0,0
2062,2019-06-07 21:30:00,2019-06-07 21:45:00,10,24,0:00:00,0:15:00,0,0,0
2062,2019-06-07 21:45:00,2019-06-07 22:00:00,11,30,0:07:26,0:07:34,2,1,1
2062,2019-06-07 22:00:00,2019-06-07 22:15:00,7,22,0:07:10,0:07:50,0,0,0
2062,2019-06-07 22:15:00,2019-06-07 22:30:00,2,13,0:08:45,0:06:15,1,0,1
2062,2019-06-07 22:30:00,2019-06-07 22:45:00,0,0,0:15:00,0:00:00,0,0,0
2062,2019-06-07 22:45:00,2019-06-07 23:00:00,0,1,0:15:00,0:00:00,0,0,0
2062,2019-06-07 23:00:00,2019-06-07 23:15:00,0,3,0:15:00,0:00:00,0,0,0
2062,2019-06-07 23:15:00,2019-06-07 23:30:00,0,0,0:15:00,0:00:00,0,0,0
2062,2019-06-07 23:30:00,2019-06-07 23:45:00,4,18,0:08:25,0:06:35,3,1,2
2062,2019-06-07 23:45:00,2019-06-08 00:00:00,0,2,0:15:00,0:00:00,0,0,0
2062,2019-06-08 00:00:00,2019-06-08 00:15:00,0,1,0:15:00,0:00:00,0,0,0
2062,2019-06-08 00:15:00,2019-06-08 00:30:00,0,2,0:15:00,0:00:00,0,0,0
2062,2019-06-08 00:30:00,2019-06-08 00:45:00,6,29,0:05:56,0:09:04,3,1,2
2062,2019-06-08 00:45:00,2019-06-08 01:00:00,0,0,0:15:00,0:00:00,0,0,0
2062,2019-06-08 01:00:00,2019-06-08 01:15:00,0,0,0:15:00,0:00:00,0,0,0
2062,2019-06-08 01:15:00,2019-06-08 01:30:00,0,2,0:15:00,0:00:00,0,0,0
2062,2019-06-08 01:30:00,2019-06-08 01:45:00,0,0,0:15:00,0:00:00,0,0,0
2062,2019-06-08 01:45:00,2019-06-08 02:00:00,0,0,0:15:00,0:00:00,0,0,0
2062,2019-06-08 02:00:00,2019-06-08 02:15:00,0,2,0:15:00,0:00:00,0,0,0
2062,2019-06-08 02:15:00,2019-06-08 02:30:00,0,4,0:15:00,0:00:00,0,0,0
2062,2019-06-08 02:30:00,2019-06-08 02:45:00,1,20,0:12:28,0:02:32,1,0,1
2062,2019-06-08 02:45:00,2019-06-08 03:00:00,0,1,0:15:00,0:00:00,0,0,0
2062,2019-06-08 03:00:00,2019-06-08 03:15:00,0,0,0:15:00,0:00:00,0,0,0
2062,2019-06-08 03:15:00,2019-06-08 03:30:00,0,0,0:15:00,0:00:00,0,0,0
2062,2019-06-08 03:30:00,2019-06-08 03:45:00,0,0,0:15:00,0:00:00,0,0,0
2062,2019-06-08 03:45:00,2019-06-08 04:00:00,0,0,0:15:00,0:00:00,0,0,0
2062,2019-06-08 04:00:00,2019-06-08 04:15:00,7,30,0:08:27,0:06:33,1,0,1
2062,2019-06-08 04:15:00,2019-06-08 04:30:00,0,0,0:15:00,0:00:00,0,0,0
2062,2019-06-08 04:30:00,2019-06-08 04:45:00,0,0,0:15:00,0:00:00,0,0,0
2062,2019-06-08 04:45:00,2019-06-08 05:00:00,0,0,0:15:00,0:00:00,0,0,0
2062,2019-06-08 05:00:00,2019-06-08 05:15:00,0,1,0:15:00,0:00:00,0,0,0
2062,2019-06-08 05:15:00,2019-06-08 05:30:00,15,28,0:00:32,0:14:28,1,0,1
2062,2019-06-08 05:30:00,2019-06-08 05:45:00,3,9,0:00:00,0:15:00,0,0,0
2062,2019-06-08 05:45:00,2019-06-08 06:00:00,8,11,0:00:00,0:15:00,0,0,0
2062,2019-06-08 06:00:00,2019-06-08 06:15:00,6,7,0:00:06,0:14:54,2,1,1
2062,2019-06-08 06:15:00,2019-06-08 06:30:00,13,28,0:00:59,0:14:01,7,3,4
2062,2019-06-08 06:30:00,2019-06-08 06:45:00,10,26,0:02:04,0:12:56,9,4,5
2062,2019-06-08 06:45:00,2019-06-08 07:00:00,11,24,0:01:10,0:13:50,7,3,4
2062,2019-06-08 07:00:00,2019-06-08 07:15:00,8,23,0:05:44,0:09:16,7,3,4
2062,2019-06-08 07:15:00,2019-06-08 07:30:00,0,1,0:15:00,0:00:00,0,0,0
2062,2019-06-08 07:30:00,2019-06-08 07:45:00,0,0,0:15:00,0:00:00,0,0,0
2062,2019-06-08 07:45:00,2019-06-08 08:00:00,0,0,0:15:00,0:00:00,0,0,0
2062,2019-06-08 08:00:00,2019-06-08 08:15:00,0,1,0:15:00,0:00:00,0,0,0
2062,2019-06-08 08:15:00,2019-06-08 08:30:00,0,2,0:15:00,0:00:00,0,0,0
2062,2019-06-08 08:30:00,2019-06-08 08:45:00,2,14,0:11:15,0:03:45,5,2,3
2062,2019-06-08 08:45:00,2019-06-08 09:00:00,10,19,0:00:12,0:14:48,3,1,2
2062,2019-06-08 09:00:00,2019-06-08 09:15:00,5,23,0:06:51,0:08:09,5,2,3
2062,2019-06-08 09:15:00,2019-06-08 09:30:00,0,0,0:15:00,0:00:00,0,0,0
2062,2019-06-08 09:30:00,2019-06-08 09:45:00,0,0,0:15:00,0:00:00,0,0,0
2062,2019-06-08 09:45:00,2019-06-08 10:00:00,0,0,0:15:00,0:00:00,0,0,0
2062,2019-06-08 10:00:00,2019-06-08 10:15:00,0,0,0:15:00,0:00:00,0,0,0
2062,2019-06-08 10:15:00,2019-06-08 10:30:00,0,2,0:15:00,0:00:00,0,0,0
2062,2019-06-08 10:30:00,2019-06-08 10:45:00,3,17,0:11:38,0:03:22,3,1,2
2062,2019-06-08 10:45:00,2019-06-08 11:00:00,10,26,0:00:26,0:14:34,5,2,3
2062,2019-06-08 11:00:00,2019-06-08 11:15:00,8,19,0:00:55,0:14:05,12,6,6
2062,2019-06-08 11:15:00,2019-06-08 11:30:00,13,37,0:01:11,0:13:49,5,2,3
2062,2019-06-08 11:30:00,2019-06-08 11:45:00,0,0,0:15:00,0:00:00,0,0,0
2062,2019-06-08 11:45:00,2019-06-08 12:00:00,0,3,0:15:00,0:00:00,0,0,0
2062,2019-06-08 12:00:00,2019-06-08 12:15:00,0,3,0:15:00,0:00:00,0,0,0
2062,2019-06-08 12:15:00,2019-06-08 12:30:00,0,1,0:15:00,0:00:00,0,0,0
2062,2019-06-08 12:30:00,2019-06-08 12:45:00,9,25,0:05:57,0:09:03,8,4,4
2062,2019-06-08 12:45:00,2019-06-08 13:00:00,17,30,0:01:00,0:14:00,7,3,4
2062,2019-06-08 13:00:00,2019-06-08 13:15:00,8,32,0:00:51,0:14:09,11,5,6
2062,2019-06-08 13:15:00,2019-06-08 13:30:00,10,31,0:02:06,0:12:54,2,1,1
2062,2019-06-08 13:30:00,2019-06-08 13:45:00,0,0,0:15:00,0:00:00,0,0,0
2062,2019-06-08 13:45:00,2019-06-08 14:00:00,0,0,0:15:00,0:00:00,0,0,0
2062,2019-06-08 14:00:00,2019-06-08 14:15:00,0,0,0:15:00,0:00:00,0,0,0
2062,2019-06-08 14:15:00,2019-06-08 14:30:00,0,0,0:15:00,0:00:00,0,0,0
2062,2019-06-08 14:30:00,2019-06-08 14:45:00,0,1,0:15:00,0:00:00,0,0,0
2062,2019-06-08 14:45:00,2019-06-08 15:00:00,0,0,0:15:00,0:00:00,0,0,0
2062,2019-06-08 15:00:00,2019-06-08 15:15:00,0,1,0:15:00,0:00:00,0,0,0
2062,2019-06-08 15:15:00,2019-06-08 15:30:00,0,2,0:15:00,0:00:00,0,0,0
2062,2019-06-08 15:30:00,2019-06-08 15:45:00,6,19,0:07:19,0:07:41,2,1,1
2062,2019-06-08 15:45:00,2019-06-08 16:00:00,14,27,0:00:35,0:14:25,4,2,2
2062,2019-06-08 16:00:00,2019-06-08 16:15:00,10,19,0:01:28,0:13:32,10,5,5
2062,2019-06-08 16:15:00,2019-06-08 16:30:00,16,26,0:01:03,0:13:57,10,5,5
2062,2019-06-08 16:30:00,2019-06-08 16:45:00,11,18,0:00:04,0:14:56,1,0,1
2062,2019-06-08 16:45:00,2019-06-08 17:00:00,4,10,0:00:00,0:15:00,0,0,0
2062,2019-06-08 17:00:00,2019-06-08 17:15:00,11,29,0:00:26,0:14:34,5,2,3
2062,2019-06-08 17:15:00,2019-06-08 17:30:00,16,40,0:00:52,0:14:08,8,4,4
2062,2019-06-08 17:30:00,2019-06-08 17:45:00,21,42,0:00:01,0:14:59,1,0,1
2062,2019-06-08 17:45:00,2019-06-08 18:00:00,1,12,0:10:09,0:04:51,2,1,1
2062,2019-06-08 18:00:00,2019-06-08 18:15:00,0,0,0:15:00,0:00:00,0,0,0
2062,2019-06-08 18:15:00,2019-06-08 18:30:00,0,1,0:15:00,0:00:00,0,0,0
2062,2019-06-08 18:30:00,2019-06-08 18:45:00,2,14,0:13:53,0:01:07,1,0,1
2062,2019-06-08 18:45:00,2019-06-08 19:00:00,12,31,0:02:12,0:12:48,14,7,7
2062,2019-06-08 19:00:00,2019-06-08 19:15:00,8,21,0:01:47,0:13:13,10,5,5
2062,2019-06-08 19:15:00,2019-06-08 19:30:00,6,15,0:10:47,0:04:13,1,0,1
2062,2019-06-08 19:30:00,2019-06-08 19:45:00,0,0,0:15:00,0:00:00,0,0,0
2062,2019-06-08 19:45:00,2019-06-08 20:00:00,15,34,0:06:23,0:08:37,7,3,4
2062,2019-06-08 20:00:00,2019-06-08 20:15:00,9,14,0:00:55,0:14:05,7,3,4
2062,2019-06-08 20:15:00,2019-06-08 20:30:00,17,37,0:01:33,0:13:27,2,1,1
2062,2019-06-08 20:30:00,2019-06-08 20:45:00,15,32,0:00:17,0:14:43,5,2,3
2062,2019-06-08 20:45:00,2019-06-08 21:00:00,10,23,0:00:00,0:15:00,0,0,0
2062,2019-06-08 21:00:00,2019-06-08 21:15:00,7,26,0:04:43,0:10:17,1,0,1
2062,2019-06-08 21:15:00,2019-06-08 21:30:00,0,2,0:15:00,0:00:00,0,0,0
2062,2019-06-08 21:30:00,2019-06-08 21:45:00,0,6,0:15:00,0:00:00,0,0,0
2062,2019-06-08 21:45:00,2019-06-08 22:00:00,0,0,0:15:00,0:00:00,0,0,0
2062,2019-06-08 22:00:00,2019-06-08 22:15:00,0,2,0:15:00,0:00:00,0,0,0
2062,2019-06-08 22:15:00,2019-06-08 22:30:00,7,27,0:01:03,0:13:57,0,0,0
2062,2019-06-08 22:30:00,2019-06-08 22:45:00,9,16,0:10:14,0:04:46,2,1,1
2062,2019-06-08 22:45:00,2019-06-08 23:00:00,0,0,0:15:00,0:00:00,0,0,0
2062,2019-06-08 23:00:00,2019-06-08 23:15:00,0,0,0:15:00,0:00:00,0,0,0
2062,2019-06-08 23:15:00,2019-06-08 23:30:00,0,6,0:15:00,0:00:00,0,0,0
2062,2019-06-08 23:30:00,2019-06-08 23:45:00,0,1,0:15:00,0:00:00,0,0,0
2062,2019-06-08 23:45:00,2019-06-09 00:00:00,0,2,0:15:00,0:00:00,0,0,0
2062,2019-06-09 00:00:00,2019-06-09 00:15:00,13,65,0:07:33,0:07:27,1,0,1
2062,2019-06-09 00:15:00,2019-06-09 00:30:00,0,13,0:15:00,0:00:00,0,0,0
2062,2019-06-09 00:30:00,2019-06-09 00:45:00,0,0,0:15:00,0:00:00,0,0,0
2062,2019-06-09 00:45:00,2019-06-09 01:00:00,0,0,0:15:00,0:00:00,0,0,0
2062,2019-06-09 01:00:00,2019-06-09 01:15:00,0,2,0:15:00,0:00:00,0,0,0
2062,2019-06-09 01:15:00,2019-06-09 01:30:00,0,9,0:15:00,0:00:00,0,0,0
2062,2019-06-09 01:30:00,2019-06-09 01:45:00,0,3,0:15:00,0:00:00,0,0,0
2062,2019-06-09 01:45:00,2019-06-09 02:00:00,3,9,0:12:46,0:02:14,0,0,0
2062,2019-06-09 02:00:00,2019-06-09 02:15:00,3,7,0:09:02,0:05:58,1,0,1
2062,2019-06-09 02:15:00,2019-06-09 02:30:00,0,0,0:15:00,0:00:00,0,0,0
2062,2019-06-09 02:30:00,2019-06-09 02:45:00,0,0,0:15:00,0:00:00,0,0,0
2062,2019-06-09 02:45:00,2019-06-09 03:00:00,0,0,0:15:00,0:00:00,0,0,0
2062,2019-06-09 03:00:00,2019-06-09 03:15:00,0,0,0:15:00,0:00:00,0,0,0
2062,2019-06-09 03:15:00,2019-06-09 03:30:00,0,0,0:15:00,0:00:00,0,0,0
2062,2019-06-09 03:30:00,2019-06-09 03:45:00,0,0,0:15:00,0:00:00,0,0,0
2062,2019-06-09 03:45:00,2019-06-09 04:00:00,0,8,0:14:57,0:00:03,0,0,0
2062,2019-06-09 04:00:00,2019-06-09 04:15:00,10,18,0:09:53,0:05:07,2,1,1
2062,2019-06-09 04:15:00,2019-06-09 04:30:00,0,1,0:15:00,0:00:00,0,0,0
2062,2019-06-09 04:30:00,2019-06-09 04:45:00,0,2,0:15:00,0:00:00,0,0,0
2062,2019-06-09 04:45:00,2019-06-09 05:00:00,0,2,0:15:00,0:00:00,0,0,0
2062,2019-06-09 05:00:00,2019-06-09 05:15:00,2,14,0:09:52,0:05:08,0,0,0
2062,2019-06-09 05:15:00,2019-06-09 05:30:00,12,30,0:01:45,0:13:15,1,0,1
2062,2019-06-09 05:30:00,2019-06-09 05:45:00,12,39,0:01:08,0:13:52,4,2,2
2062,2019-06-09 05:45:00,2019-06-09 06:00:00,2,4,0:00:00,0:15:00,0,0,0
2062,2019-06-09 06:00:00,2019-06-09 06:15:00,7,14,0:00:00,0:15:00,0,0,0
2062,2019-06-09 06:15:00,2019-06-09 06:30:00,21,26,0:00:50,0:14:10,7,3,4
2062,2019-06-09 06:30:00,2019-06-09 06:45:00,11,20,0:00:28,0:14:32,5,2,3
2062,2019-06-09 06:45:00,2019-06-09 07:00:00,7,17,0:00:11,0:14:49,3,1,2
2062,2019-06-09 07:00:00,2019-06-09 07:15:00,13,23,0:02:44,0:12:16,14,7,7
2062,2019-06-09 07:15:00,2019-06-09 07:30:00,8,26,0:04:54,0:10:06,3,1,2
2062,2019-06-09 07:30:00,2019-06-09 07:45:00,0,2,0:15:00,0:00:00,0,0,0
2062,2019-06-09 07:45:00,2019-06-09 08:00:00,0,1,0:15:00,0:00:00,0,0,0
2062,2019-06-09 08:00:00,2019-06-09 08:15:00,0,6,0:15:00,0:00:00,0,0,0
2062,2019-06-09 08:15:00,2019-06-09 08:30:00,0,13,0:14:59,0:00:01,0,0,0
2062,2019-06-09 08:30:00,2019-06-09 08:45:00,7,17,0:01:16,0:13:44,12,6,6
2062,2019-06-09 08:45:00,2019-06-09 09:00:00,12,26,0:00:57,0:14:03,4,2,2
2062,2019-06-09 09:00:00,2019-06-09 09:15:00,20,36,0:01:37,0:13:23,8,4,4
2062,2019-06-09 09:15:00,2019-06-09 09:30:00,0,0,0:15:00,0:00:00,0,0,0
2062,2019-06-09 09:30:00,2019-06-09 09:45:00,0,0,0:15:00,0:00:00,0,0,0
2062,2019-06-09 09:45:00,2019-06-09 10:00:00,0,0,0:15:00,0:00:00,0,0,0
2062,2019-06-09 10:00:00,2019-06-09 10:15:00,0,1,0:15:00,0:00:00,0,0,0
2062,2019-06-09 10:15:00,2019-06-09 10:30:00,0,7,0:15:00,0:00:00,0,0,0
2062,2019-06-09 10:30:00,2019-06-09 10:45:00,0,0,0:15:00,0:00:00,0,0,0
2062,2019-06-09 10:45:00,2019-06-09 11:00:00,0,2,0:15:00,0:00:00,0,0,0
2062,2019-06-09 11:00:00,2019-06-09 11:15:00,11,22,0:06:17,0:08:43,3,1,2
2062,2019-06-09 11:15:00,2019-06-09 11:30:00,8,20,0:00:10,0:14:50,1,0,1
2062,2019-06-09 11:30:00,2019-06-09 11:45:00,3,5,0:00:00,0:15:00,0,0,0
2062,2019-06-09 11:45:00,2019-06-09 12:00:00,7,26,0:00:51,0:14:09,5,2,3
2062,2019-06-09 12:00:00,2019-06-09 12:15:00,6,13,0:07:40,0:07:20,3,1,2
2062,2019-06-09 12:15:00,2019-06-09 12:30:00,0,7,0:15:00,0:00:00,0,0,0
2062,2019-06-09 12:30:00,2019-06-09 12:45:00,0,1,0:15:00,0:00:00,0,0,0
2062,2019-06-09 12:45:00,2019-06-09 13:00:00,0,0,0:15:00,0:00:00,0,0,0
2062,2019-06-09 13:00:00,2019-06-09 13:15:00,1,14,0:12:00,0:03:00,0,0,0
2062,2019-06-09 13:15:00,2019-06-09 13:30:00,18,27,0:00:13,0:14:47,2,1,1
2062,2019-06-09 13:30:00,2019-06-09 13:45:00,13,31,0:00:39,0:14:21,7,3,4
2062,2019-06-09 13:45:00,2019-06-09 14:00:00,10,20,0:01:23,0:13:37,1,0,1
2062,2019-06-09 14:00:00,2019-06-09 14:15:00,0,0,0:15:00,0:00:00,0,0,0
2062,2019-06-09 14:15:00,2019-06-09 14:30:00,0,0,0:15:00,0:00:00,0,0,0
2062,2019-06-09 14:30:00,2019-06-09 14:45:00,0,0,0:15:00,0:00:00,0,0,0
2062,2019-06-09 14:45:00,2019-06-09 15:00:00,8,22,0:02:47,0:12:13,0,0,0
2062,2019-06-09 15:00:00,2019-06-09 15:15:00,19,26,0:00:01,0:14:59,1,0,1
2062,2019-06-09 15:15:00,2019-06-09 15:30:00,8,28,0:00:00,0:15:00,0,0,0
2062,2019-06-09 15:30:00,2019-06-09 15:45:00,13,16,0:00:00,0:15:00,0,0,0
2062,2019-06-09 15:45:00,2019-06-09 16:00:00,17,26,0:00:01,0:14:59,1,0,1
2062,2019-06-09 16:00:00,2019-06-09 16:15:00,19,38,0:00:10,0:14:50,3,1,2
2062,2019-06-09 16:15:00,2019-06-09 16:30:00,11,17,0:00:14,0:14:46,1,0,1
2062,2019-06-09 16:30:00,2019-06-09 16:45:00,23,36,0:00:00,0:15:00,0,0,0
2062,2019-06-09 16:45:00,2019-06-09 17:00:00,8,35,0:09:15,0:05:45,3,1,2
2062,2019-06-09 17:00:00,2019-06-09 17:15:00,12,26,0:00:02,0:14:58,2,1,1
2062,2019-06-09 17:15:00,2019-06-09 17:30:00,10,19,0:00:00,0:15:00,0,0,0
2062,2019-06-09 17:30:00,2019-06-09 17:45:00,14,33,0:00:49,0:14:11,8,4,4
2062,2019-06-09 17:45:00,2019-06-09 18:00:00,5,21,0:08:51,0:06:09,1,0,1
2062,2019-06-09 18:00:00,2019-06-09 18:15:00,0,3,0:15:00,0:00:00,0,0,0
2062,2019-06-09 18:15:00,2019-06-09 18:30:00,0,0,0:15:00,0:00:00,0,0,0
2062,2019-06-09 18:30:00,2019-06-09 18:45:00,2,15,0:12:29,0:02:31,0,0,0
2062,2019-06-09 18:45:00,2019-06-09 19:00:00,13,28,0:00:07,0:14:53,2,1,1
2062,2019-06-09 19:00:00,2019-06-09 19:15:00,14,32,0:00:50,0:14:10,6,3,3
2062,2019-06-09 19:15:00,2019-06-09 19:30:00,12,17,0:00:04,0:14:56,2,1,1
2062,2019-06-09 19:30:00,2019-06-09 19:45:00,16,22,0:00:00,0:15:00,0,0,0
2062,2019-06-09 19:45:00,2019-06-09 20:00:00,15,62,0:00:12,0:14:48,2,1,1
2062,2019-06-09 20:00:00,2019-06-09 20:15:00,0,0,0:15:00,0:00:00,0,0,0
2062,2019-06-09 20:15:00,2019-06-09 20:30:00,3,13,0:09:16,0:05:44,0,0,0
2062,2019-06-09 20:30:00,2019-06-09 20:45:00,14,29,0:00:00,0:15:00,0,0,0
2062,2019-06-09 20:45:00,2019-06-09 21:00:00,23,64,0:00:47,0:14:13,7,3,4
2062,2019-06-09 21:00:00,2019-06-09 21:15:00,19,45,0:04:38,0:10:22,1,0,1
2062,2019-06-09 21:15:00,2019-06-09 21:30:00,3,22,0:09:49,0:05:11,0,0,0
2062,2019-06-09 21:30:00,2019-06-09 21:45:00,17,27,0:00:00,0:15:00,0,0,0
2062,2019-06-09 21:45:00,2019-06-09 22:00:00,4,21,0:11:12,0:03:48,2,1,1
2062,2019-06-09 22:00:00,2019-06-09 22:15:00,0,1,0:15:00,0:00:00,0,0,0
2062,2019-06-09 22:15:00,2019-06-09 22:30:00,0,3,0:15:00,0:00:00,0,0,0
2062,2019-06-09 22:30:00,2019-06-09 22:45:00,2,13,0:09:19,0:05:41,0,0,0
2062,2019-06-09 22:45:00,2019-06-09 23:00:00,4,13,0:13:11,0:01:49,1,0,1
2062,2019-06-09 23:00:00,2019-06-09 23:15:00,0,1,0:15:00,0:00:00,0,0,0
2062,2019-06-09 23:15:00,2019-06-09 23:30:00,0,0,0:15:00,0:00:00,0,0,0
2062,2019-06-09 23:30:00,2019-06-09 23:45:00,1,15,0:10:40,0:04:20,2,1,1
2062,2019-06-09 23:45:00,2019-06-10 00:00:00,6,15,0:11:45,0:03:15,1,0,1
2062,2019-06-10 00:00:00,2019-06-10 00:15:00,0,4,0:15:00,0:00:00,0,0,0
2062,2019-06-10 00:15:00,2019-06-10 00:30:00,0,0,0:15:00,0:00:00,0,0,0
2062,2019-06-10 00:30:00,2019-06-10 00:45:00,0,0,0:15:00,0:00:00,0,0,0
2062,2019-06-10 00:45:00,2019-06-10 01:00:00,1,16,0:10:58,0:04:02,0,0,0
2062,2019-06-10 01:00:00,2019-06-10 01:15:00,11,20,0:06:29,0:08:31,1,0,1
2062,2019-06-10 01:15:00,2019-06-10 01:30:00,0,0,0:15:00,0:00:00,0,0,0
2062,2019-06-10 01:30:00,2019-06-10 01:45:00,0,3,0:15:00,0:00:00,0,0,0
2062,2019-06-10 01:45:00,2019-06-10 02:00:00,0,13,0:15:00,0:00:00,0,0,0
2062,2019-06-10 02:00:00,2019-06-10 02:15:00,8,28,0:01:47,0:13:13,1,0,1
2062,2019-06-10 02:15:00,2019-06-10 02:30:00,8,12,0:04:23,0:10:37,1,0,1
2062,2019-06-10 02:30:00,2019-06-10 02:45:00,0,2,0:15:00,0:00:00,0,0,0
2062,2019-06-10 02:45:00,2019-06-10 03:00:00,0,0,0:15:00,0:00:00,0,0,0
2062,2019-06-10 03:00:00,2019-06-10 03:15:00,0,3,0:15:00,0:00:00,0,0,0
2062,2019-06-10 03:15:00,2019-06-10 03:30:00,0,0,0:15:00,0:00:00,0,0,0
2062,2019-06-10 03:30:00,2019-06-10 03:45:00,0,1,0:15:00,0:00:00,0,0,0
2062,2019-06-10 03:45:00,2019-06-10 04:00:00,0,1,0:15:00,0:00:00,0,0,0
2062,2019-06-10 04:00:00,2019-06-10 04:15:00,0,0,0:15:00,0:00:00,0,0,0
2062,2019-06-10 04:15:00,2019-06-10 04:30:00,0,7,0:15:00,0:00:00,0,0,0
2062,2019-06-10 04:30:00,2019-06-10 04:45:00,1,33,0:12:30,0:02:30,1,0,1
2062,2019-06-10 04:45:00,2019-06-10 05:00:00,0,0,0:15:00,0:00:00,0,0,0
2062,2019-06-10 05:00:00,2019-06-10 05:15:00,7,16,0:06:55,0:08:05,0,0,0
2062,2019-06-10 05:15:00,2019-06-10 05:30:00,10,15,0:00:00,0:15:00,0,0,0
2062,2019-06-10 05:30:00,2019-06-10 05:45:00,9,14,0:00:00,0:15:00,0,0,0
2062,2019-06-10 05:45:00,2019-06-10 06:00:00,13,19,0:00:00,0:15:00,0,0,0
2062,2019-06-10 06:00:00,2019-06-10 06:15:00,6,8,0:00:01,0:14:59,1,0,1
2062,2019-06-10 06:15:00,2019-06-10 06:30:00,13,23,0:00:00,0:15:00,0,0,0
2062,2019-06-10 06:30:00,2019-06-10 06:45:00,11,14,0:00:03,0:14:57,1,0,1
2062,2019-06-10 06:45:00,2019-06-10 07:00:00,16,36,0:01:47,0:13:13,15,7,8
2062,2019-06-10 07:00:00,2019-06-10 07:15:00,14,23,0:00:00,0:15:00,0,0,0
2062,2019-06-10 07:15:00,2019-06-10 07:30:00,4,10,0:10:00,0:05:00,1,0,1
2062,2019-06-10 07:30:00,2019-06-10 07:45:00,3,16,0:09:28,0:05:32,0,0,0
2062,2019-06-10 07:45:00,2019-06-10 08:00:00,10,27,0:01:38,0:13:22,2,1,1
2062,2019-06-10 08:00:00,2019-06-10 08:15:00,0,1,0:15:00,0:00:00,0,0,0
2062,2019-06-10 08:15:00,2019-06-10 08:30:00,0,0,0:15:00,0:00:00,0,0,0
2062,2019-06-10 08:30:00,2019-06-10 08:45:00,0,0,0:15:00,0:00:00,0,0,0
2062,2019-06-10 08:45:00,2019-06-10 09:00:00,0,0,0:15:00,0:00:00,0,0,0
2062,2019-06-10 09:00:00,2019-06-10 09:15:00,9,28,0:03:50,0:11:10,3,1,2
2062,2019-06-10 09:15:00,2019-06-10 09:30:00,13,20,0:00:26,0:14:34,1,0,1
2062,2019-06-10 09:30:00,2019-06-10 09:45:00,16,39,0:00:01,0:14:59,1,0,1
2062,2019-06-10 09:45:00,2019-06-10 10:00:00,18,34,0:00:11,0:14:49,1,0,1
2062,2019-06-10 10:00:00,2019-06-10 10:15:00,10,14,0:00:00,0:15:00,0,0,0
2062,2019-06-10 10:15:00,2019-06-10 10:30:00,7,11,0:00:01,0:14:59,1,0,1
2062,2019-06-10 10:30:00,2019-06-10 10:45:00,12,29,0:00:22,0:14:38,5,2,3
2062,2019-06-10 10:45:00,2019-06-10 11:00:00,11,15,0:00:03,0:14:57,1,0,1
2062,2019-06-10 11:00:00,2019-06-10 11:15:00,9,25,0:07:27,0:07:33,3,1,2
2062,2019-06-10 11:15:00,2019-06-10 11:30:00,5,25,0:07:11,0:07:49,1,0,1
2062,2019-06-10 11:30:00,2019-06-10 11:45:00,15,32,0:00:01,0:14:59,1,0,1
2062,2019-06-10 11:45:00,2019-06-10 12:00:00,13,22,0:00:00,0:15:00,0,0,0
2062,2019-06-10 12:00:00,2019-06-10 12:15:00,22,75,0:04:13,0:10:47,1,0,1
2062,2019-06-10 12:15:00,2019-06-10 12:30:00,24,43,0:03:26,0:11:34,0,0,0
2062,2019-06-10 12:30:00,2019-06-10 12:45:00,11,25,0:00:22,0:14:38,3,1,2
2062,2019-06-10 12:45:00,2019-06-10 13:00:00,19,43,0:00:00,0:15:00,0,0,0
2062,2019-06-10 13:00:00,2019-06-10 13:15:00,13,35,0:02:09,0:12:51,1,0,1
2062,2019-06-10 13:15:00,2019-06-10 13:30:00,1,14,0:12:49,0:02:11,1,0,1
2062,2019-06-10 13:30:00,2019-06-10 13:45:00,0,0,0:15:00,0:00:00,0,0,0
2062,2019-06-10 13:45:00,2019-06-10 14:00:00,0,0,0:15:00,0:00:00,0,0,0
2062,2019-06-10 14:00:00,2019-06-10 14:15:00,0,0,0:15:00,0:00:00,0,0,0
2062,2019-06-10 14:15:00,2019-06-10 14:30:00,0,2,0:15:00,0:00:00,0,0,0
2062,2019-06-10 14:30:00,2019-06-10 14:45:00,9,29,0:03:45,0:11:15,4,2,2
2062,2019-06-10 14:45:00,2019-06-10 15:00:00,16,17,0:00:00,0:15:00,0,0,0
2062,2019-06-10 15:00:00,2019-06-10 15:15:00,15,31,0:00:34,0:14:26,2,1,1
2062,2019-06-10 15:15:00,2019-06-10 15:30:00,11,46,0:00:45,0:14:15,1,0,1
2062,2019-06-10 15:30:00,2019-06-10 15:45:00,2,13,0:13:45,0:01:15,1,0,1
2062,2019-06-10 15:45:00,2019-06-10 16:00:00,0,0,0:15:00,0:00:00,0,0,0
2062,2019-06-10 16:00:00,2019-06-10 16:15:00,0,3,0:15:00,0:00:00,0,0,0
2062,2019-06-10 16:15:00,2019-06-10 16:30:00,6,29,0:11:13,0:03:47,1,0,1
2062,2019-06-10 16:30:00,2019-06-10 16:45:00,9,20,0:00:14,0:14:46,2,1,1
2062,2019-06-10 16:45:00,2019-06-10 17:00:00,15,23,0:00:00,0:15:00,0,0,0
2062,2019-06-10 17:00:00,2019-06-10 17:15:00,24,53,0:00:01,0:14:59,1,0,1
2062,2019-06-10 17:15:00,2019-06-10 17:30:00,13,25,0:00:18,0:14:42,3,1,2
2062,2019-06-10 17:30:00,2019-06-10 17:45:00,5,16,0:10:19,0:04:41,1,0,1
2062,2019-06-10 17:45:00,2019-06-10 18:00:00,0,3,0:15:00,0:00:00,0,0,0
2062,2019-06-10 18:00:00,2019-06-10 18:15:00,0,1,0:15:00,0:00:00,0,0,0
2062,2019-06-10 18:15:00,2019-06-10 18:30:00,5,15,0:08:48,0:06:12,0,0,0
2062,2019-06-10 18:30:00,2019-06-10 18:45:00,15,31,0:00:16,0:14:44,7,3,4
2062,2019-06-10 18:45:00,2019-06-10 19:00:00,18,23,0:00:33,0:14:27,4,2,2
2062,2019-06-10 19:00:00,2019-06-10 19:15:00,13,24,0:00:35,0:14:25,4,2,2
2062,2019-06-10 19:15:00,2019-06-10 19:30:00,12,49,0:05:25,0:09:35,11,5,6
2062,2019-06-10 19:30:00,2019-06-10 19:45:00,0,0,0:15:00,0:00:00,0,0,0
2062,2019-06-10 19:45:00,2019-06-10 20:00:00,21,53,0:01:27,0:13:33,7,3,4
2062,2019-06-10 20:00:00,2019-06-10 20:15:00,20,40,0:00:09,0:14:51,3,1,2
2062,2019-06-10 20:15:00,2019-06-10 20:30:00,22,71,0:01:36,0:13:24,19,9,10
2062,2019-06-10 20:30:00,2019-06-10 20:45:00,18,21,0:00:00,0:15:00,0,0,0
2062,2019-06-10 20:45:00,2019-06-10 21:00:00,19,70,0:00:16,0:14:44,8,4,4
2062,2019-06-10 21:00:00,2019-06-10 21:15:00,11,32,0:00:23,0:14:37,4,2,2
2062,2019-06-10 21:15:00,2019-06-10 21:30:00,5,22,0:14:23,0:00:37,2,1,1
2062,2019-06-10 21:30:00,2019-06-10 21:45:00,0,0,0:15:00,0:00:00,0,0,0
2062,2019-06-10 21:45:00,2019-06-10 22:00:00,7,28,0:06:18,0:08:42,1,0,1
2062,2019-06-10 22:00:00,2019-06-10 22:15:00,3,10,0:14:39,0:00:21,2,1,1
2062,2019-06-10 22:15:00,2019-06-10 22:30:00,0,0,0:15:00,0:00:00,0,0,0
2062,2019-06-10 22:30:00,2019-06-10 22:45:00,0,1,0:15:00,0:00:00,0,0,0
2062,2019-06-10 22:45:00,2019-06-10 23:00:00,0,0,0:15:00,0:00:00,0,0,0
2062,2019-06-10 23:00:00,2019-06-10 23:15:00,0,1,0:15:00,0:00:00,0,0,0
2062,2019-06-10 23:15:00,2019-06-10 23:30:00,5,23,0:06:42,0:08:18,0,0,0
2062,2019-06-10 23:30:00,2019-06-10 23:45:00,8,13,0:07:47,0:07:13,1,0,1
2062,2019-06-10 23:45:00,2019-06-11 00:00:00,0,1,0:15:00,0:00:00,0,0,0
2062,2019-06-11 00:00:00,2019-06-11 00:15:00,0,1,0:15:00,0:00:00,0,0,0
2062,2019-06-11 00:15:00,2019-06-11 00:30:00,0,0,0:15:00,0:00:00,0,0,0
2062,2019-06-11 00:30:00,2019-06-11 00:45:00,9,38,0:05:13,0:09:47,2,1,1
2062,2019-06-11 00:45:00,2019-06-11 01:00:00,0,0,0:15:00,0:00:00,0,0,0
2062,2019-06-11 01:00:00,2019-06-11 01:15:00,0,0,0:15:00,0:00:00,0,0,0
2062,2019-06-11 01:15:00,2019-06-11 01:30:00,0,10,0:13:03,0:01:57,0,0,0
2062,2019-06-11 01:30:00,2019-06-11 01:45:00,3,8,0:10:42,0:04:18,2,1,1
2062,2019-06-11 01:45:00,2019-06-11 02:00:00,0,0,0:15:00,0:00:00,0,0,0
2062,2019-06-11 02:00:00,2019-06-11 02:15:00,0,0,0:15:00,0:00:00,0,0,0
2062,2019-06-11 02:15:00,2019-06-11 02:30:00,0,0,0:15:00,0:00:00,0,0,0
2062,2019-06-11 02:30:00,2019-06-11 02:45:00,0,0,0:15:00,0:00:00,0,0,0
2062,2019-06-11 02:45:00,2019-06-11 03:00:00,0,1,0:15:00,0:00:00,0,0,0
2062,2019-06-11 03:00:00,2019-06-11 03:15:00,0,0,0:15:00,0:00:00,0,0,0
2062,2019-06-11 03:15:00,2019-06-11 03:30:00,0,13,0:10:41,0:04:19,0,0,0
2062,2019-06-11 03:30:00,2019-06-11 03:45:00,6,15,0:12:36,0:02:24,1,0,1
2062,2019-06-11 03:45:00,2019-06-11 04:00:00,0,4,0:15:00,0:00:00,0,0,0
2062,2019-06-11 04:00:00,2019-06-11 04:15:00,0,1,0:15:00,0:00:00,0,0,0
2062,2019-06-11 04:15:00,2019-06-11 04:30:00,0,0,0:15:00,0:00:00,0,0,0
2062,2019-06-11 04:30:00,2019-06-11 04:45:00,0,0,0:15:00,0:00:00,0,0,0
2062,2019-06-11 04:45:00,2019-06-11 05:00:00,4,19,0:08:34,0:06:26,2,1,1
2062,2019-06-11 05:00:00,2019-06-11 05:15:00,0,1,0:15:00,0:00:00,0,0,0
2062,2019-06-11 05:15:00,2019-06-11 05:30:00,8,24,0:07:44,0:07:16,0,0,0
2062,2019-06-11 05:30:00,2019-06-11 05:45:00,9,15,0:00:00,0:15:00,0,0,0
2062,2019-06-11 05:45:00,2019-06-11 06:00:00,9,12,0:00:00,0:15:00,0,0,0
2062,2019-06-11 06:00:00,2019-06-11 06:15:00,9,22,0:01:22,0:13:38,8,4,4
2062,2019-06-11 06:15:00,2019-06-11 06:30:00,5,12,0:00:01,0:14:59,1,0,1
2062,2019-06-11 06:30:00,2019-06-11 06:45:00,7,15,0:00:52,0:14:08,3,1,2
2062,2019-06-11 06:45:00,2019-06-11 07:00:00,11,26,0:00:12,0:14:48,4,2,2
2062,2019-06-11 07:00:00,2019-06-11 07:15:00,14,36,0:00:17,0:14:43,4,2,2
2062,2019-06-11 07:15:00,2019-06-11 07:30:00,1,11,0:14:06,0:00:54,3,1,2
2062,2019-06-11 07:30:00,2019-06-11 07:45:00,0,0,0:15:00,0:00:00,0,0,0
2062,2019-06-11 07:45:00,2019-06-11 08:00:00,0,0,0:15:00,0:00:00,0,0,0
2062,2019-06-11 08:00:00,2019-06-11 08:15:00,0,1,0:15:00,0:00:00,0,0,0
2062,2019-06-11 08:15:00,2019-06-11 08:30:00,0,6,0:15:00,0:00:00,0,0,0
2062,2019-06-11 08:30:00,2019-06-11 08:45:00,0,1,0:15:00,0:00:00,0,0,0
2062,2019-06-11 08:45:00,2019-06-11 09:00:00,6,25,0:02:37,0:12:23,8,4,4
2062,2019-06-11 09:00:00,2019-06-11 09:15:00,9,17,0:01:10,0:13:50,7,3,4
2062,2019-06-11 09:15:00,2019-06-11 09:30:00,13,35,0:00:01,0:14:59,1,0,1
2062,2019-06-11 09:30:00,2019-06-11 09:45:00,8,29,0:00:16,0:14:44,1,0,1
2062,2019-06-11 09:45:00,2019-06-11 10:00:00,6,6,0:00:00,0:15:00,0,0,0
2062,2019-06-11 10:00:00,2019-06-11 10:15:00,2,10,0:00:07,0:14:53,3,1,2
2062,2019-06-11 10:15:00,2019-06-11 10:30:00,7,23,0:03:42,0:11:18,2,1,1
2062,2019-06-11 10:30:00,2019-06-11 10:45:00,9,27,0:05:05,0:09:55,1,0,1
2062,2019-06-11 10:45:00,2019-06-11 11:00:00,4,18,0:10:08,0:04:52,2,1,1
2062,2019-06-11 11:00:00,2019-06-11 11:15:00,11,19,0:00:03,0:14:57,1,0,1
2062,2019-06-11 11:15:00,2019-06-11 11:30:00,18,34,0:00:16,0:14:44,5,2,3
2062,2019-06-11 11:30:00,2019-06-11 11:45:00,12,43,0:04:18,0:10:42,2,1,1
2062,2019-06-11 11:45:00,2019-06-11 12:00:00,6,15,0:08:26,0:06:34,2,1,1
2062,2019-06-11 12:00:00,2019-06-11 12:15:00,12,26,0:01:24,0:13:36,0,0,0
2062,2019-06-11 12:15:00,2019-06-11 12:30:00,18,51,0:00:09,0:14:51,1,0,1
2062,2019-06-11 12:30:00,2019-06-11 12:45:00,18,32,0:00:04,0:14:56,1,0,1
2062,2019-06-11 12:45:00,2019-06-11 13:00:00,12,58,0:03:59,0:11:01,3,1,2
2062,2019-06-11 13:00:00,2019-06-11 13:15:00,8,22,0:04:58,0:10:02,0,0,0
2062,2019-06-11 13:15:00,2019-06-11 13:30:00,9,18,0:00:34,0:14:26,4,2,2
2062,2019-06-11 13:30:00,2019-06-11 13:45:00,23,38,0:00:16,0:14:44,4,2,2
2062,2019-06-11 13:45:00,2019-06-11 14:00:00,10,26,0:12:53,0:06:10,2,1,1
2062,2019-06-11 14:00:00,2019-06-11 14:15:00,21,66,0:15:34,0:12:16,4,2,2
2062,2019-06-11 14:15:00,2019-06-11 14:30:00,4,19,0:14:36,0:00:24,2,1,1
2062,2019-06-11 14:30:00,2019-06-11 14:45:00,10,24,0:09:06,0:05:54,1,0,1
2062,2019-06-11 14:45:00,2019-06-11 15:00:00,6,15,0:03:32,0:11:28,0,0,0
2062,2019-06-11 15:00:00,2019-06-11 15:15:00,13,16,0:00:00,0:15:00,0,0,0
2062,2019-06-11 15:15:00,2019-06-11 15:30:00,6,25,0:11:23,0:03:37,2,1,1
2062,2019-06-11 15:30:00,2019-06-11 15:45:00,8,16,0:09:30,0:05:30,1,0,1
2062,2019-06-11 15:45:00,2019-06-11 16:00:00,0,8,0:15:00,0:00:00,0,0,0
2062,2019-06-11 16:00:00,2019-06-11 16:15:00,0,13,0:15:00,0:00:00,0,0,0
2062,2019-06-11 16:15:00,2019-06-11 16:30:00,0,7,0:15:00,0:00:00,0,0,0
2062,2019-06-11 16:30:00,2019-06-11 16:45:00,0,5,0:15:00,0:00:00,0,0,0
2062,2019-06-11 16:45:00,2019-06-11 17:00:00,8,25,0:09:25,0:05:35,0,0,0
2062,2019-06-11 17:00:00,2019-06-11 17:15:00,9,20,0:00:01,0:14:59,1,0,1
2062,2019-06-11 17:15:00,2019-06-11 17:30:00,7,10,0:00:15,0:14:45,3,1,2
2062,2019-06-11 17:30:00,2019-06-11 17:45:00,18,52,0:00:00,0:15:00,0,0,0
2062,2019-06-11 17:45:00,2019-06-11 18:00:00,3,26,0:08:16,0:06:44,3,1,2
2062,2019-06-11 18:00:00,2019-06-11 18:15:00,0,0,0:15:00,0:00:00,0,0,0
2062,2019-06-11 18:15:00,2019-06-11 18:30:00,0,1,0:15:00,0:00:00,0,0,0
2062,2019-06-11 18:30:00,2019-06-11 18:45:00,0,0,0:15:00,0:00:00,0,0,0
2062,2019-06-11 18:45:00,2019-06-11 19:00:00,13,33,0:03:15,0:11:45,2,1,1
2062,2019-06-11 19:00:00,2019-06-11 19:15:00,8,16,0:00:40,0:14:20,4,2,2
2062,2019-06-11 19:15:00,2019-06-11 19:30:00,6,21,0:00:43,0:14:17,5,2,3
2062,2019-06-11 19:30:00,2019-06-11 19:45:00,14,33,0:00:00,0:15:00,0,0,0
2062,2019-06-11 19:45:00,2019-06-11 20:00:00,10,17,0:00:08,0:14:52,1,0,1
2062,2019-06-11 20:00:00,2019-06-11 20:15:00,24,135,0:01:19,0:13:41,3,1,2
2062,2019-06-11 20:15:00,2019-06-11 20:30:00,0,0,0:15:00,0:00:00,0,0,0
2062,2019-06-11 20:30:00,2019-06-11 20:45:00,7,19,0:02:31,0:12:29,3,1,2
2062,2019-06-11 20:45:00,2019-06-11 21:00:00,20,44,0:00:09,0:14:51,5,2,3
2062,2019-06-11 21:00:00,2019-06-11 21:15:00,16,23,0:00:01,0:14:59,1,0,1
2062,2019-06-11 21:15:00,2019-06-11 21:30:00,1,15,0:14:20,0:00:40,1,0,1
2062,2019-06-11 21:30:00,2019-06-11 21:45:00,0,6,0:15:00,0:00:00,0,0,0
2062,2019-06-11 21:45:00,2019-06-11 22:00:00,1,16,0:12:04,0:02:56,0,0,0
2062,2019-06-11 22:00:00,2019-06-11 22:15:00,21,44,0:04:45,0:10:15,1,0,1
2062,2019-06-11 22:15:00,2019-06-11 22:30:00,0,4,0:15:00,0:00:00,0,0,0
2062,2019-06-11 22:30:00,2019-06-11 22:45:00,0,0,0:15:00,0:00:00,0,0,0
2062,2019-06-11 22:45:00,2019-06-11 23:00:00,0,0,0:15:00,0:00:00,0,0,0
2062,2019-06-11 23:00:00,2019-06-11 23:15:00,0,0,0:15:00,0:00:00,0,0,0
2062,2019-06-11 23:15:00,2019-06-11 23:30:00,1,13,0:11:50,0:03:10,1,0,1
2062,2019-06-11 23:30:00,2019-06-11 23:45:00,12,27,0:06:56,0:08:04,2,1,1
2062,2019-06-11 23:45:00,2019-06-12 00:00:00,0,5,0:15:00,0:00:00,0,0,0
2062,2019-06-12 00:00:00,2019-06-12 00:15:00,0,4,0:15:00,0:00:00,0,0,0
2062,2019-06-12 00:15:00,2019-06-12 00:30:00,0,7,0:15:00,0:00:00,0,0,0
2062,2019-06-12 00:30:00,2019-06-12 00:45:00,0,2,0:15:00,0:00:00,0,0,0
2062,2019-06-12 00:45:00,2019-06-12 01:00:00,0,4,0:15:00,0:00:00,0,0,0
2062,2019-06-12 01:00:00,2019-06-12 01:15:00,3,24,0:08:14,0:06:46,0,0,0
2062,2019-06-12 01:15:00,2019-06-12 01:30:00,12,23,0:06:38,0:08:22,1,0,1
2062,2019-06-12 01:30:00,2019-06-12 01:45:00,0,0,0:15:00,0:00:00,0,0,0
2062,2019-06-12 01:45:00,2019-06-12 02:00:00,0,0,0:15:00,0:00:00,0,0,0
2062,2019-06-12 02:00:00,2019-06-12 02:15:00,0,0,0:15:00,0:00:00,0,0,0
2062,2019-06-12 02:15:00,2019-06-12 02:30:00,0,0,0:15:00,0:00:00,0,0,0
2062,2019-06-12 02:30:00,2019-06-12 02:45:00,0,0,0:15:00,0:00:00,0,0,0
2062,2019-06-12 02:45:00,2019-06-12 03:00:00,0,0,0:15:00,0:00:00,0,0,0
2062,2019-06-12 03:00:00,2019-06-12 03:15:00,5,27,0:10:28,0:04:32,2,1,1
2062,2019-06-12 03:15:00,2019-06-12 03:30:00,0,5,0:15:00,0:00:00,0,0,0
2062,2019-06-12 03:30:00,2019-06-12 03:45:00,0,0,0:15:00,0:00:00,0,0,0
2062,2019-06-12 03:45:00,2019-06-12 04:00:00,0,4,0:15:00,0:00:00,0,0,0
2062,2019-06-12 04:00:00,2019-06-12 04:15:00,0,3,0:15:00,0:00:00,0,0,0
2062,2019-06-12 04:15:00,2019-06-12 04:30:00,0,9,0:15:00,0:00:00,0,0,0
2062,2019-06-12 04:30:00,2019-06-12 04:45:00,0,7,0:15:00,0:00:00,0,0,0
2062,2019-06-12 04:45:00,2019-06-12 05:00:00,0,24,0:15:00,0:00:00,0,0,0
2062,2019-06-12 05:00:00,2019-06-12 05:15:00,8,29,0:04:11,0:10:49,0,0,0
2062,2019-06-12 05:15:00,2019-06-12 05:30:00,22,65,0:00:07,0:14:53,2,1,1
2062,2019-06-12 05:30:00,2019-06-12 05:45:00,3,29,0:11:59,0:03:01,2,1,1
2062,2019-06-12 05:45:00,2019-06-12 06:00:00,11,15,0:00:00,0:15:00,0,0,0
2062,2019-06-12 06:00:00,2019-06-12 06:15:00,14,36,0:01:07,0:13:53,10,5,5
2062,2019-06-12 06:15:00,2019-06-12 06:30:00,8,14,0:00:12,0:14:48,3,1,2
2062,2019-06-12 06:30:00,2019-06-12 06:45:00,11,14,0:00:00,0:15:00,0,0,0
2062,2019-06-12 06:45:00,2019-06-12 07:00:00,12,23,0:00:00,0:15:00,0,0,0
2062,2019-06-12 07:00:00,2019-06-12 07:15:00,14,27,0:00:00,0:15:00,0,0,0
2062,2019-06-12 07:15:00,2019-06-12 07:30:00,4,20,0:12:28,0:02:32,2,1,1
2062,2019-06-12 07:30:00,2019-06-12 07:45:00,0,0,0:15:00,0:00:00,0,0,0
2062,2019-06-12 07:45:00,2019-06-12 08:00:00,0,0,0:15:00,0:00:00,0,0,0
2062,2019-06-12 08:00:00,2019-06-12 08:15:00,0,0,0:15:00,0:00:00,0,0,0
2062,2019-06-12 08:15:00,2019-06-12 08:30:00,0,0,0:15:00,0:00:00,0,0,0
2062,2019-06-12 08:30:00,2019-06-12 08:45:00,3,28,0:09:02,0:05:58,2,1,1
2062,2019-06-12 08:45:00,2019-06-12 09:00:00,15,32,0:00:07,0:14:53,5,2,3
2062,2019-06-12 09:00:00,2019-06-12 09:15:00,15,31,0:00:08,0:14:52,2,1,1
2062,2019-06-12 09:15:00,2019-06-12 09:30:00,7,24,0:08:10,0:06:50,1,0,1
2062,2019-06-12 09:30:00,2019-06-12 09:45:00,0,3,0:15:00,0:00:00,0,0,0
2062,2019-06-12 09:45:00,2019-06-12 10:00:00,0,9,0:15:00,0:00:00,0,0,0
2062,2019-06-12 10:00:00,2019-06-12 10:15:00,0,0,0:15:00,0:00:00,0,0,0
2062,2019-06-12 10:15:00,2019-06-12 10:30:00,0,1,0:15:00,0:00:00,0,0,0
2062,2019-06-12 10:30:00,2019-06-12 10:45:00,0,5,0:15:00,0:00:00,0,0,0
2062,2019-06-12 10:45:00,2019-06-12 11:00:00,0,5,0:15:00,0:00:00,0,0,0
2062,2019-06-12 11:00:00,2019-06-12 11:15:00,0,6,0:15:00,0:00:00,0,0,0
2062,2019-06-12 11:15:00,2019-06-12 11:30:00,14,32,0:04:23,0:10:37,0,0,0
2062,2019-06-12 11:30:00,2019-06-12 11:45:00,13,33,0:00:37,0:14:23,10,5,5
2062,2019-06-12 11:45:00,2019-06-12 12:00:00,3,13,0:00:28,0:14:32,4,2,2
2062,2019-06-12 12:00:00,2019-06-12 12:15:00,3,16,0:12:23,0:02:37,2,1,1
2062,2019-06-12 12:15:00,2019-06-12 12:30:00,0,0,0:15:00,0:00:00,0,0,0
2062,2019-06-12 12:30:00,2019-06-12 12:45:00,0,0,0:15:00,0:00:00,0,0,0
2062,2019-06-12 12:45:00,2019-06-12 13:00:00,12,27,0:04:03,0:10:57,1,0,1
2062,2019-06-12 13:00:00,2019-06-12 13:15:00,15,34,0:01:31,0:13:29,5,2,3
2062,2019-06-12 13:15:00,2019-06-12 13:30:00,14,24,0:00:26,0:14:34,4,2,2
2062,2019-06-12 13:30:00,2019-06-12 13:45:00,6,16,0:00:01,0:14:59,1,0,1
2062,2019-06-12 13:45:00,2019-06-12 14:00:00,15,32,0:06:43,0:08:17,1,0,1
2062,2019-06-12 14:00:00,2019-06-12 14:15:00,0,0,0:15:00,0:00:00,0,0,0
2062,2019-06-12 14:15:00,2019-06-12 14:30:00,0,1,0:15:00,0:00:00,0,0,0
2062,2019-06-12 14:30:00,2019-06-12 14:45:00,0,3,0:15:00,0:00:00,0,0,0
2062,2019-06-12 14:45:00,2019-06-12 15:00:00,9,21,0:00:07,0:14:53,1,0,1
2062,2019-06-12 15:00:00,2019-06-12 15:15:00,12,26,0:00:12,0:14:48,3,1,2
2062,2019-06-12 15:15:00,2019-06-12 15:30:00,10,32,0:07:10,0:07:50,1,0,1
2062,2019-06-12 15:30:00,2019-06-12 15:45:00,0,10,0:15:00,0:00:00,0,0,0
2062,2019-06-12 15:45:00,2019-06-12 16:00:00,0,10,0:15:00,0:00:00,0,0,0
2062,2019-06-12 16:00:00,2019-06-12 16:15:00,0,0,0:15:00,0:00:00,0,0,0
2062,2019-06-12 16:15:00,2019-06-12 16:30:00,0,2,0:15:00,0:00:00,0,0,0
2062,2019-06-12 16:30:00,2019-06-12 16:45:00,1,24,0:14:25,0:00:35,0,0,0
2062,2019-06-12 16:45:00,2019-06-12 17:00:00,17,30,0:00:03,0:14:57,3,1,2
2062,2019-06-12 17:00:00,2019-06-12 17:15:00,18,31,0:00:00,0:15:00,0,0,0
2062,2019-06-12 17:15:00,2019-06-12 17:30:00,10,16,0:00:01,0:14:59,1,0,1
2062,2019-06-12 17:30:00,2019-06-12 17:45:00,14,29,0:02:57,0:12:03,1,0,1
2062,2019-06-12 17:45:00,2019-06-12 18:00:00,0,1,0:15:00,0:00:00,0,0,0
2062,2019-06-12 18:00:00,2019-06-12 18:15:00,0,1,0:15:00,0:00:00,0,0,0
2062,2019-06-12 18:15:00,2019-06-12 18:30:00,15,34,0:03:09,0:11:51,1,0,1
2062,2019-06-12 18:30:00,2019-06-12 18:45:00,9,33,0:01:44,0:13:16,8,4,4
2062,2019-06-12 18:45:00,2019-06-12 19:00:00,20,34,0:00:15,0:14:45,1,0,1
2062,2019-06-12 19:00:00,2019-06-12 19:15:00,15,60,0:00:49,0:14:11,2,1,1
2062,2019-06-12 19:15:00,2019-06-12 19:30:00,11,19,0:00:00,0:15:00,0,0,0
2062,2019-06-12 19:30:00,2019-06-12 19:45:00,4,22,0:12:27,0:02:33,1,0,1
2062,2019-06-12 19:45:00,2019-06-12 20:00:00,0,8,0:15:00,0:00:00,0,0,0
2062,2019-06-12 20:00:00,2019-06-12 20:15:00,14,30,0:04:19,0:10:41,2,1,1
2062,2019-06-12 20:15:00,2019-06-12 20:30:00,22,41,0:00:01,0:14:59,1,0,1
2062,2019-06-12 20:30:00,2019-06-12 20:45:00,22,45,0:00:14,0:14:46,1,0,1
2062,2019-06-12 20:45:00,2019-06-12 21:00:00,13,28,0:00:01,0:14:59,1,0,1
2062,2019-06-12 21:00:00,2019-06-12 21:15:00,19,30,0:00:04,0:14:56,4,2,2
2062,2019-06-12 21:15:00,2019-06-12 21:30:00,5,19,0:11:19,0:03:41,1,0,1
2062,2019-06-12 21:30:00,2019-06-12 21:45:00,0,1,0:15:00,0:00:00,0,0,0
2062,2019-06-12 21:45:00,2019-06-12 22:00:00,0,0,0:15:00,0:00:00,0,0,0
2062,2019-06-12 22:00:00,2019-06-12 22:15:00,0,0,0:15:00,0:00:00,0,0,0
2062,2019-06-12 22:15:00,2019-06-12 22:30:00,1,19,0:06:00,0:09:00,0,0,0
2062,2019-06-12 22:30:00,2019-06-12 22:45:00,8,22,0:11:48,0:03:12,1,0,1
2062,2019-06-12 22:45:00,2019-06-12 23:00:00,0,5,0:15:00,0:00:00,0,0,0
2062,2019-06-12 23:00:00,2019-06-12 23:15:00,0,4,0:15:00,0:00:00,0,0,0
2062,2019-06-12 23:15:00,2019-06-12 23:30:00,2,22,0:12:56,0:02:04,0,0,0
2062,2019-06-12 23:30:00,2019-06-12 23:45:00,10,21,0:04:03,0:10:57,2,1,1
2062,2019-06-12 23:45:00,2019-06-13 00:00:00,0,3,0:15:00,0:00:00,0,0,0
2062,2019-06-13 00:00:00,2019-06-13 00:15:00,0,5,0:15:00,0:00:00,0,0,0
2062,2019-06-13 00:15:00,2019-06-13 00:30:00,0,3,0:15:00,0:00:00,0,0,0
2062,2019-06-13 00:30:00,2019-06-13 00:45:00,0,8,0:15:00,0:00:00,0,0,0
2062,2019-06-13 00:45:00,2019-06-13 01:00:00,10,33,0:09:01,0:05:59,0,0,0
2062,2019-06-13 01:00:00,2019-06-13 01:15:00,2,12,0:13:42,0:01:18,1,0,1
2062,2019-06-13 01:15:00,2019-06-13 01:30:00,0,0,0:15:00,0:00:00,0,0,0
2062,2019-06-13 01:30:00,2019-06-13 01:45:00,0,0,0:15:00,0:00:00,0,0,0
2062,2019-06-13 01:45:00,2019-06-13 02:00:00,6,26,0:10:36,0:04:24,3,1,2
2062,2019-06-13 02:00:00,2019-06-13 02:15:00,0,0,0:15:00,0:00:00,0,0,0
2062,2019-06-13 02:15:00,2019-06-13 02:30:00,0,13,0:15:00,0:00:00,0,0,0
2062,2019-06-13 02:30:00,2019-06-13 02:45:00,0,0,0:15:00,0:00:00,0,0,0
2062,2019-06-13 02:45:00,2019-06-13 03:00:00,0,0,0:15:00,0:00:00,0,0,0
2062,2019-06-13 03:00:00,2019-06-13 03:15:00,6,30,0:09:53,0:05:07,1,0,1
2062,2019-06-13 03:15:00,2019-06-13 03:30:00,0,0,0:15:00,0:00:00,0,0,0
2062,2019-06-13 03:30:00,2019-06-13 03:45:00,0,0,0:15:00,0:00:00,0,0,0
2062,2019-06-13 03:45:00,2019-06-13 04:00:00,0,0,0:15:00,0:00:00,0,0,0
2062,2019-06-13 04:00:00,2019-06-13 04:15:00,0,0,0:15:00,0:00:00,0,0,0
2062,2019-06-13 04:15:00,2019-06-13 04:30:00,0,0,0:15:00,0:00:00,0,0,0
2062,2019-06-13 04:30:00,2019-06-13 04:45:00,2,25,0:13:18,0:01:42,0,0,0
2062,2019-06-13 04:45:00,2019-06-13 05:00:00,8,12,0:07:25,0:07:35,1,0,1
2062,2019-06-13 05:00:00,2019-06-13 05:15:00,0,6,0:15:00,0:00:00,0,0,0
2062,2019-06-13 05:15:00,2019-06-13 05:30:00,1,4,0:12:39,0:02:21,0,0,0
2062,2019-06-13 05:30:00,2019-06-13 05:45:00,28,36,0:00:05,0:14:55,1,0,1
2062,2019-06-13 05:45:00,2019-06-13 06:00:00,11,15,0:00:00,0:15:00,0,0,0
2062,2019-06-13 06:00:00,2019-06-13 06:15:00,18,42,0:05:39,0:09:21,6,3,3
2062,2019-06-13 06:15:00,2019-06-13 06:30:00,0,1,0:15:00,0:00:00,0,0,0
2062,2019-06-13 06:30:00,2019-06-13 06:45:00,0,1,0:15:00,0:00:00,0,0,0
2062,2019-06-13 06:45:00,2019-06-13 07:00:00,0,1,0:15:00,0:00:00,0,0,0
2062,2019-06-13 07:00:00,2019-06-13 07:15:00,13,37,0:00:45,0:14:15,3,1,2
2062,2019-06-13 07:15:00,2019-06-13 07:30:00,7,17,0:00:14,0:14:46,4,2,2
2062,2019-06-13 07:30:00,2019-06-13 07:45:00,5,15,0:12:35,0:02:25,1,0,1
2062,2019-06-13 07:45:00,2019-06-13 08:00:00,0,0,0:15:00,0:00:00,0,0,0
2062,2019-06-13 08:00:00,2019-06-13 08:15:00,0,0,0:15:00,0:00:00,0,0,0
2062,2019-06-13 08:15:00,2019-06-13 08:30:00,0,6,0:15:00,0:00:00,0,0,0
2062,2019-06-13 08:30:00,2019-06-13 08:45:00,0,3,0:15:00,0:00:00,0,0,0
2062,2019-06-13 08:45:00,2019-06-13 09:00:00,0,8,0:15:00,0:00:00,0,0,0
2062,2019-06-13 09:00:00,2019-06-13 09:15:00,0,1,0:15:00,0:00:00,0,0,0
2062,2019-06-13 09:15:00,2019-06-13 09:30:00,9,14,0:01:40,0:13:20,7,3,4
2062,2019-06-13 09:30:00,2019-06-13 09:45:00,4,12,0:01:41,0:13:19,6,3,3
2062,2019-06-13 09:45:00,2019-06-13 10:00:00,5,10,0:00:00,0:15:00,0,0,0
2062,2019-06-13 10:00:00,2019-06-13 10:15:00,13,23,0:00:00,0:15:00,0,0,0
2062,2019-06-13 10:15:00,2019-06-13 10:30:00,9,20,0:09:02,0:05:58,1,0,1
2062,2019-06-13 10:30:00,2019-06-13 10:45:00,0,0,0:15:00,0:00:00,0,0,0
2062,2019-06-13 10:45:00,2019-06-13 11:00:00,0,3,0:15:00,0:00:00,0,0,0
2062,2019-06-13 11:00:00,2019-06-13 11:15:00,0,6,0:15:00,0:00:00,0,0,0
2062,2019-06-13 11:15:00,2019-06-13 11:30:00,9,18,0:02:42,0:12:18,4,2,2
2062,2019-06-13 11:30:00,2019-06-13 11:45:00,11,35,0:02:02,0:12:58,9,4,5
2062,2019-06-13 11:45:00,2019-06-13 12:00:00,22,41,0:00:00,0:15:00,0,0,0
2062,2019-06-13 12:00:00,2019-06-13 12:15:00,12,24,0:00:02,0:14:58,2,1,1
2062,2019-06-13 12:15:00,2019-06-13 12:30:00,24,56,0:00:00,0:15:00,0,0,0
2062,2019-06-13 12:30:00,2019-06-13 12:45:00,9,24,0:00:04,0:14:56,4,2,2
2062,2019-06-13 12:45:00,2019-06-13 13:00:00,8,32,0:04:57,0:10:03,3,1,2
2062,2019-06-13 13:00:00,2019-06-13 13:15:00,14,37,0:02:44,0:12:16,4,2,2
2062,2019-06-13 13:15:00,2019-06-13 13:30:00,0,0,0:15:00,0:00:00,0,0,0
2062,2019-06-13 13:30:00,2019-06-13 13:45:00,11,25,0:04:35,0:10:25,5,2,3
2062,2019-06-13 13:45:00,2019-06-13 14:00:00,5,15,0:00:54,0:14:06,8,4,4
2062,2019-06-13 14:00:00,2019-06-13 14:15:00,16,26,0:00:08,0:14:52,2,1,1
2062,2019-06-13 14:15:00,2019-06-13 14:30:00,4,26,0:06:37,0:08:23,2,1,1
2062,2019-06-13 14:30:00,2019-06-13 14:45:00,0,0,0:15:00,0:00:00,0,0,0
2062,2019-06-13 14:45:00,2019-06-13 15:00:00,0,0,0:15:00,0:00:00,0,0,0
2062,2019-06-13 15:00:00,2019-06-13 15:15:00,0,0,0:15:00,0:00:00,0,0,0
2062,2019-06-13 15:15:00,2019-06-13 15:30:00,0,15,0:14:55,0:00:05,0,0,0
2062,2019-06-13 15:30:00,2019-06-13 15:45:00,18,25,0:00:04,0:14:56,1,0,1
2062,2019-06-13 15:45:00,2019-06-13 16:00:00,14,30,0:00:01,0:14:59,1,0,1
2062,2019-06-13 16:00:00,2019-06-13 16:15:00,15,24,0:00:04,0:14:56,4,2,2
2062,2019-06-13 16:15:00,2019-06-13 16:30:00,1,7,0:13:58,0:01:02,1,0,1
2062,2019-06-13 16:30:00,2019-06-13 16:45:00,0,31,0:15:00,0:00:00,0,0,0
2062,2019-06-13 16:45:00,2019-06-13 17:00:00,4,9,0:08:50,0:06:10,0,0,0
2062,2019-06-13 17:00:00,2019-06-13 17:15:00,10,31,0:00:09,0:14:51,4,2,2
2062,2019-06-13 17:15:00,2019-06-13 17:30:00,14,23,0:00:01,0:14:59,1,0,1
2062,2019-06-13 17:30:00,2019-06-13 17:45:00,17,26,0:04:01,0:10:59,1,0,1
2062,2019-06-13 17:45:00,2019-06-13 18:00:00,0,0,0:15:00,0:00:00,0,0,0
2062,2019-06-13 18:00:00,2019-06-13 18:15:00,0,1,0:15:00,0:00:00,0,0,0
2062,2019-06-13 18:15:00,2019-06-13 18:30:00,0,22,0:15:00,0:00:00,0,0,0
2062,2019-06-13 18:30:00,2019-06-13 18:45:00,6,18,0:09:30,0:05:30,0,0,0
2062,2019-06-13 18:45:00,2019-06-13 19:00:00,14,34,0:01:27,0:13:33,12,6,6
2062,2019-06-13 19:00:00,2019-06-13 19:15:00,10,18,0:00:15,0:14:45,4,2,2
2062,2019-06-13 19:15:00,2019-06-13 19:30:00,17,42,0:01:26,0:13:34,10,5,5
2062,2019-06-13 19:30:00,2019-06-13 19:45:00,23,35,0:00:33,0:14:27,5,2,3
2062,2019-06-13 19:45:00,2019-06-13 20:00:00,12,20,0:00:20,0:14:40,1,0,1
2062,2019-06-13 20:00:00,2019-06-13 20:15:00,12,20,0:00:46,0:14:14,3,1,2
2062,2019-06-13 20:15:00,2019-06-13 20:30:00,11,24,0:00:01,0:14:59,1,0,1
2062,2019-06-13 20:30:00,2019-06-13 20:45:00,24,47,0:00:14,0:14:46,3,1,2
2062,2019-06-13 20:45:00,2019-06-13 21:00:00,2,24,0:13:47,0:01:13,1,0,1
2062,2019-06-13 21:00:00,2019-06-13 21:15:00,13,20,0:00:07,0:14:53,3,1,2
2062,2019-06-13 21:15:00,2019-06-13 21:30:00,11,30,0:06:50,0:08:10,3,1,2
2062,2019-06-13 21:30:00,2019-06-13 21:45:00,0,7,0:15:00,0:00:00,0,0,0
2062,2019-06-13 21:45:00,2019-06-13 22:00:00,0,3,0:15:00,0:00:00,0,0,0
2062,2019-06-13 22:00:00,2019-06-13 22:15:00,0,5,0:15:00,0:00:00,0,0,0
2062,2019-06-13 22:15:00,2019-06-13 22:30:00,0,3,0:15:00,0:00:00,0,0,0
2062,2019-06-13 22:30:00,2019-06-13 22:45:00,15,24,0:04:17,0:10:43,0,0,0
2062,2019-06-13 22:45:00,2019-06-13 23:00:00,30,53,0:01:33,0:13:27,2,1,1
2062,2019-06-13 23:00:00,2019-06-13 23:15:00,0,0,0:15:00,0:00:00,0,0,0
2062,2019-06-13 23:15:00,2019-06-13 23:30:00,0,0,0:15:00,0:00:00,0,0,0
2062,2019-06-13 23:30:00,2019-06-13 23:45:00,0,0,0:15:00,0:00:00,0,0,0
2062,2019-06-13 23:45:00,2019-06-14 00:00:00,0,0,0:15:00,0:00:00,0,0,0
2062,2019-06-14 00:00:00,2019-06-14 00:15:00,0,0,0:15:00,0:00:00,0,0,0
2062,2019-06-14 00:15:00,2019-06-14 00:30:00,3,24,0:10:35,0:04:25,2,1,1
2062,2019-06-14 00:30:00,2019-06-14 00:45:00,0,0,0:15:00,0:00:00,0,0,0
2062,2019-06-14 00:45:00,2019-06-14 01:00:00,0,9,0:15:00,0:00:00,0,0,0
2062,2019-06-14 01:00:00,2019-06-14 01:15:00,0,6,0:15:00,0:00:00,0,0,0
2062,2019-06-14 01:15:00,2019-06-14 01:30:00,0,1,0:15:00,0:00:00,0,0,0
2062,2019-06-14 01:30:00,2019-06-14 01:45:00,0,4,0:15:00,0:00:00,0,0,0
2062,2019-06-14 01:45:00,2019-06-14 02:00:00,0,3,0:15:00,0:00:00,0,0,0
2062,2019-06-14 02:00:00,2019-06-14 02:15:00,4,10,0:10:51,0:04:09,0,0,0
2062,2019-06-14 02:15:00,2019-06-14 02:30:00,0,12,0:13:52,0:01:08,1,0,1
2062,2019-06-14 02:30:00,2019-06-14 02:45:00,0,0,0:15:00,0:00:00,0,0,0
2062,2019-06-14 02:45:00,2019-06-14 03:00:00,0,0,0:15:00,0:00:00,0,0,0
2062,2019-06-14 03:00:00,2019-06-14 03:15:00,0,0,0:15:00,0:00:00,0,0,0
2062,2019-06-14 03:15:00,2019-06-14 03:30:00,0,0,0:15:00,0:00:00,0,0,0
2062,2019-06-14 03:30:00,2019-06-14 03:45:00,0,0,0:15:00,0:00:00,0,0,0
2062,2019-06-14 03:45:00,2019-06-14 04:00:00,4,26,0:12:07,0:02:53,1,0,1
2062,2019-06-14 04:00:00,2019-06-14 04:15:00,0,2,0:15:00,0:00:00,0,0,0
2062,2019-06-14 04:15:00,2019-06-14 04:30:00,0,3,0:15:00,0:00:00,0,0,0
2062,2019-06-14 04:30:00,2019-06-14 04:45:00,0,1,0:15:00,0:00:00,0,0,0
2062,2019-06-14 04:45:00,2019-06-14 05:00:00,0,1,0:15:00,0:00:00,0,0,0
2062,2019-06-14 05:00:00,2019-06-14 05:15:00,4,15,0:12:05,0:02:55,0,0,0
2062,2019-06-14 05:15:00,2019-06-14 05:30:00,9,24,0:08:32,0:06:28,1,0,1
2062,2019-06-14 05:30:00,2019-06-14 05:45:00,14,30,0:05:15,0:09:45,1,0,1
2062,2019-06-14 05:45:00,2019-06-14 06:00:00,8,16,0:00:01,0:14:59,1,0,1
2062,2019-06-14 06:00:00,2019-06-14 06:15:00,9,19,0:00:45,0:14:15,5,2,3
2062,2019-06-14 06:15:00,2019-06-14 06:30:00,7,10,0:00:22,0:14:38,5,2,3
2062,2019-06-14 06:30:00,2019-06-14 06:45:00,16,41,0:00:46,0:14:14,17,8,9
2062,2019-06-14 06:45:00,2019-06-14 07:00:00,8,19,0:00:07,0:14:53,2,1,1
2062,2019-06-14 07:00:00,2019-06-14 07:15:00,17,35,0:01:32,0:13:28,11,5,6
2062,2019-06-14 07:15:00,2019-06-14 07:30:00,0,0,0:15:00,0:00:00,0,0,0
2062,2019-06-14 07:30:00,2019-06-14 07:45:00,0,0,0:15:00,0:00:00,0,0,0
2062,2019-06-14 07:45:00,2019-06-14 08:00:00,0,0,0:15:00,0:00:00,0,0,0
2062,2019-06-14 08:00:00,2019-06-14 08:15:00,0,0,0:15:00,0:00:00,0,0,0
2062,2019-06-14 08:15:00,2019-06-14 08:30:00,0,0,0:15:00,0:00:00,0,0,0
2062,2019-06-14 08:30:00,2019-06-14 08:45:00,4,20,0:12:18,0:02:42,3,1,2
2062,2019-06-14 08:45:00,2019-06-14 09:00:00,7,11,0:00:12,0:14:48,3,1,2
2062,2019-06-14 09:00:00,2019-06-14 09:15:00,19,42,0:00:11,0:14:49,5,2,3
2062,2019-06-14 09:15:00,2019-06-14 09:30:00,23,38,0:00:00,0:15:00,0,0,0
2062,2019-06-14 09:30:00,2019-06-14 09:45:00,12,31,0:00:00,0:15:00,0,0,0
2062,2019-06-14 09:45:00,2019-06-14 10:00:00,11,13,0:00:00,0:15:00,0,0,0
2062,2019-06-14 10:00:00,2019-06-14 10:15:00,10,37,0:07:09,0:07:51,3,1,2
2062,2019-06-14 10:15:00,2019-06-14 10:30:00,22,42,0:00:06,0:14:54,2,1,1
2062,2019-06-14 10:30:00,2019-06-14 10:45:00,11,25,0:07:14,0:07:46,1,0,1
2062,2019-06-14 10:45:00,2019-06-14 11:00:00,14,27,0:01:08,0:13:52,0,0,0
2062,2019-06-14 11:00:00,2019-06-14 11:15:00,6,29,0:04:08,0:10:52,7,3,4
2062,2019-06-14 11:15:00,2019-06-14 11:30:00,7,15,0:00:00,0:15:00,0,0,0
2062,2019-06-14 11:30:00,2019-06-14 11:45:00,14,17,0:00:01,0:14:59,1,0,1
2062,2019-06-14 11:45:00,2019-06-14 12:00:00,19,43,0:03:58,0:11:02,1,0,1
2062,2019-06-14 12:00:00,2019-06-14 12:15:00,0,0,0:15:00,0:00:00,0,0,0
2062,2019-06-14 12:15:00,2019-06-14 12:30:00,0,0,0:15:00,0:00:00,0,0,0
2062,2019-06-14 12:30:00,2019-06-14 12:45:00,0,0,0:15:00,0:00:00,0,0,0
2062,2019-06-14 12:45:00,2019-06-14 13:00:00,0,0,0:15:00,0:00:00,0,0,0
2062,2019-06-14 13:00:00,2019-06-14 13:15:00,0,0,0:15:00,0:00:00,0,0,0
2062,2019-06-14 13:15:00,2019-06-14 13:30:00,0,0,0:15:00,0:00:00,0,0,0
2062,2019-06-14 13:30:00,2019-06-14 13:45:00,1,18,0:13:39,0:01:21,0,0,0
2062,2019-06-14 13:45:00,2019-06-14 14:00:00,13,24,0:00:01,0:14:59,1,0,1
2062,2019-06-14 14:00:00,2019-06-14 14:15:00,9,19,0:00:34,0:14:26,3,1,2
2062,2019-06-14 14:15:00,2019-06-14 14:30:00,10,16,0:00:00,0:15:00,0,0,0
2062,2019-06-14 14:30:00,2019-06-14 14:45:00,4,25,0:11:22,0:03:38,5,2,3
2062,2019-06-14 14:45:00,2019-06-14 15:00:00,0,1,0:15:00,0:00:00,0,0,0
2062,2019-06-14 15:00:00,2019-06-14 15:15:00,10,27,0:09:54,0:05:06,1,0,1
2062,2019-06-14 15:15:00,2019-06-14 15:30:00,0,2,0:15:00,0:00:00,0,0,0
2062,2019-06-14 15:30:00,2019-06-14 15:45:00,0,0,0:15:00,0:00:00,0,0,0
2062,2019-06-14 15:45:00,2019-06-14 16:00:00,0,0,0:15:00,0:00:00,0,0,0
2062,2019-06-14 16:00:00,2019-06-14 16:15:00,0,0,0:15:00,0:00:00,0,0,0
2062,2019-06-14 16:15:00,2019-06-14 16:30:00,0,0,0:15:00,0:00:00,0,0,0
2062,2019-06-14 16:30:00,2019-06-14 16:45:00,8,31,0:08:48,0:06:12,0,0,0
2062,2019-06-14 16:45:00,2019-06-14 17:00:00,18,32,0:00:02,0:14:58,2,1,1
2062,2019-06-14 17:00:00,2019-06-14 17:15:00,9,12,0:00:00,0:15:00,0,0,0
2062,2019-06-14 17:15:00,2019-06-14 17:30:00,12,22,0:00:02,0:14:58,2,1,1
2062,2019-06-14 17:30:00,2019-06-14 17:45:00,14,25,0:00:45,0:14:15,6,3,3
2062,2019-06-14 17:45:00,2019-06-14 18:00:00,6,20,0:09:59,0:05:01,6,3,3
2062,2019-06-14 18:00:00,2019-06-14 18:15:00,0,0,0:15:00,0:00:00,0,0,0
2062,2019-06-14 18:15:00,2019-06-14 18:30:00,0,0,0:15:00,0:00:00,0,0,0
2062,2019-06-14 18:30:00,2019-06-14 18:45:00,0,4,0:15:00,0:00:00,0,0,0
2062,2019-06-14 18:45:00,2019-06-14 19:00:00,10,37,0:02:03,0:12:57,10,5,5
2062,2019-06-14 19:00:00,2019-06-14 19:15:00,10,23,0:01:16,0:13:44,6,3,3
2062,2019-06-14 19:15:00,2019-06-14 19:30:00,14,40,0:00:22,0:14:38,11,5,6
2062,2019-06-14 19:30:00,2019-06-14 19:45:00,13,34,0:00:06,0:14:54,4,2,2
2062,2019-06-14 19:45:00,2019-06-14 20:00:00,24,43,0:00:06,0:14:54,4,2,2
2062,2019-06-14 20:00:00,2019-06-14 20:15:00,10,30,0:01:30,0:13:30,6,3,3
2062,2019-06-14 20:15:00,2019-06-14 20:30:00,22,52,0:01:43,0:13:17,8,4,4
2062,2019-06-14 20:30:00,2019-06-14 20:45:00,32,71,0:00:04,0:14:56,2,1,1
2062,2019-06-14 20:45:00,2019-06-14 21:00:00,1,20,0:12:54,0:02:06,0,0,0
2062,2019-06-14 21:00:00,2019-06-14 21:15:00,13,25,0:00:02,0:14:58,2,1,1
2062,2019-06-14 21:15:00,2019-06-14 21:30:00,12,21,0:07:56,0:07:04,2,1,1
2062,2019-06-14 21:30:00,2019-06-14 21:45:00,5,13,0:10:35,0:04:25,1,0,1
2062,2019-06-14 21:45:00,2019-06-14 22:00:00,13,27,0:02:48,0:12:12,1,0,1
2062,2019-06-14 22:00:00,2019-06-14 22:15:00,0,0,0:15:00,0:00:00,0,0,0
2062,2019-06-14 22:15:00,2019-06-14 22:30:00,0,0,0:15:00,0:00:00,0,0,0
2062,2019-06-14 22:30:00,2019-06-14 22:45:00,0,0,0:15:00,0:00:00,0,0,0
2062,2019-06-14 22:45:00,2019-06-14 23:00:00,6,21,0:09:19,0:05:41,0,0,0
2062,2019-06-14 23:00:00,2019-06-14 23:15:00,17,36,0:08:05,0:06:55,1,0,1
2062,2019-06-14 23:15:00,2019-06-14 23:30:00,0,8,0:15:00,0:00:00,0,0,0
2062,2019-06-14 23:30:00,2019-06-14 23:45:00,0,0,0:15:00,0:00:00,0,0,0
2062,2019-06-14 23:45:00,2019-06-15 00:00:00,0,4,0:15:00,0:00:00,0,0,0
2062,2019-06-15 00:00:00,2019-06-15 00:15:00,0,0,0:15:00,0:00:00,0,0,0
2062,2019-06-15 00:15:00,2019-06-15 00:30:00,0,1,0:15:00,0:00:00,0,0,0
2062,2019-06-15 00:30:00,2019-06-15 00:45:00,0,1,0:15:00,0:00:00,0,0,0
2062,2019-06-15 00:45:00,2019-06-15 01:00:00,0,2,0:15:00,0:00:00,0,0,0
2062,2019-06-15 01:00:00,2019-06-15 01:15:00,0,1,0:15:00,0:00:00,0,0,0
2062,2019-06-15 01:15:00,2019-06-15 01:30:00,8,39,0:06:14,0:08:46,3,1,2
2062,2019-06-15 01:30:00,2019-06-15 01:45:00,0,0,0:15:00,0:00:00,0,0,0
2062,2019-06-15 01:45:00,2019-06-15 02:00:00,0,0,0:15:00,0:00:00,0,0,0
2062,2019-06-15 02:00:00,2019-06-15 02:15:00,0,0,0:15:00,0:00:00,0,0,0
2062,2019-06-15 02:15:00,2019-06-15 02:30:00,0,0,0:15:00,0:00:00,0,0,0
2062,2019-06-15 02:30:00,2019-06-15 02:45:00,0,0,0:15:00,0:00:00,0,0,0
2062,2019-06-15 02:45:00,2019-06-15 03:00:00,1,14,0:14:41,0:00:19,0,0,0
2062,2019-06-15 03:00:00,2019-06-15 03:15:00,4,9,0:09:06,0:05:54,1,0,1
2062,2019-06-15 03:15:00,2019-06-15 03:30:00,0,4,0:15:00,0:00:00,0,0,0
2062,2019-06-15 03:30:00,2019-06-15 03:45:00,0,1,0:15:00,0:00:00,0,0,0
2062,2019-06-15 03:45:00,2019-06-15 04:00:00,0,1,0:15:00,0:00:00,0,0,0
2062,2019-06-15 04:00:00,2019-06-15 04:15:00,0,0,0:15:00,0:00:00,0,0,0
2062,2019-06-15 04:15:00,2019-06-15 04:30:00,0,1,0:15:00,0:00:00,0,0,0
2062,2019-06-15 04:30:00,2019-06-15 04:45:00,0,2,0:15:00,0:00:00,0,0,0
2062,2019-06-15 04:45:00,2019-06-15 05:00:00,0,7,0:15:00,0:00:00,0,0,0
2062,2019-06-15 05:00:00,2019-06-15 05:15:00,6,22,0:12:02,0:02:58,1,0,1
2062,2019-06-15 05:15:00,2019-06-15 05:30:00,0,0,0:15:00,0:00:00,0,0,0
2062,2019-06-15 05:30:00,2019-06-15 05:45:00,0,0,0:15:00,0:00:00,0,0,0
2062,2019-06-15 05:45:00,2019-06-15 06:00:00,14,31,0:05:05,0:09:55,0,0,0
2062,2019-06-15 06:00:00,2019-06-15 06:15:00,14,20,0:00:00,0:15:00,0,0,0
2062,2019-06-15 06:15:00,2019-06-15 06:30:00,16,22,0:00:01,0:14:59,1,0,1
2062,2019-06-15 06:30:00,2019-06-15 06:45:00,7,12,0:00:28,0:14:32,4,2,2
2062,2019-06-15 06:45:00,2019-06-15 07:00:00,18,29,0:00:00,0:15:00,0,0,0
2062,2019-06-15 07:00:00,2019-06-15 07:15:00,17,38,0:00:33,0:14:27,6,3,3
2062,2019-06-15 07:15:00,2019-06-15 07:30:00,9,18,0:09:12,0:05:48,4,2,2
2062,2019-06-15 07:30:00,2019-06-15 07:45:00,2,4,0:13:07,0:01:53,0,0,0
2062,2019-06-15 07:45:00,2019-06-15 08:00:00,12,28,0:00:01,0:14:59,1,0,1
2062,2019-06-15 08:00:00,2019-06-15 08:15:00,10,19,0:00:00,0:15:00,0,0,0
2062,2019-06-15 08:15:00,2019-06-15 08:30:00,5,12,0:11:46,0:03:14,2,1,1
2062,2019-06-15 08:30:00,2019-06-15 08:45:00,0,0,0:15:00,0:00:00,0,0,0
2062,2019-06-15 08:45:00,2019-06-15 09:00:00,0,0,0:15:00,0:00:00,0,0,0
2062,2019-06-15 09:00:00,2019-06-15 09:15:00,0,1,0:15:00,0:00:00,0,0,0
2062,2019-06-15 09:15:00,2019-06-15 09:30:00,0,0,0:15:00,0:00:00,0,0,0
2062,2019-06-15 09:30:00,2019-06-15 09:45:00,0,1,0:15:00,0:00:00,0,0,0
2062,2019-06-15 09:45:00,2019-06-15 10:00:00,0,0,0:15:00,0:00:00,0,0,0
2062,2019-06-15 10:00:00,2019-06-15 10:15:00,0,0,0:15:00,0:00:00,0,0,0
2062,2019-06-15 10:15:00,2019-06-15 10:30:00,4,32,0:07:47,0:07:13,2,1,1
2062,2019-06-15 10:30:00,2019-06-15 10:45:00,9,17,0:00:00,0:15:00,0,0,0
2062,2019-06-15 10:45:00,2019-06-15 11:00:00,10,23,0:00:16,0:14:44,3,1,2
2062,2019-06-15 11:00:00,2019-06-15 11:15:00,10,19,0:00:13,0:14:47,3,1,2
2062,2019-06-15 11:15:00,2019-06-15 11:30:00,4,19,0:09:10,0:05:50,2,1,1
2062,2019-06-15 11:30:00,2019-06-15 11:45:00,0,0,0:15:00,0:00:00,0,0,0
2062,2019-06-15 11:45:00,2019-06-15 12:00:00,0,0,0:15:00,0:00:00,0,0,0
2062,2019-06-15 12:00:00,2019-06-15 12:15:00,0,3,0:15:00,0:00:00,0,0,0
2062,2019-06-15 12:15:00,2019-06-15 12:30:00,0,5,0:15:00,0:00:00,0,0,0
2062,2019-06-15 12:30:00,2019-06-15 12:45:00,0,2,0:15:00,0:00:00,0,0,0
2062,2019-06-15 12:45:00,2019-06-15 13:00:00,0,2,0:15:00,0:00:00,0,0,0
2062,2019-06-15 13:00:00,2019-06-15 13:15:00,0,1,0:15:00,0:00:00,0,0,0
2062,2019-06-15 13:15:00,2019-06-15 13:30:00,2,11,0:12:25,0:02:35,0,0,0
2062,2019-06-15 13:30:00,2019-06-15 13:45:00,8,23,0:00:02,0:14:58,2,1,1
2062,2019-06-15 13:45:00,2019-06-15 14:00:00,14,31,0:00:31,0:14:29,6,3,3
2062,2019-06-15 14:00:00,2019-06-15 14:15:00,15,21,0:00:00,0:15:00,0,0,0
2062,2019-06-15 14:15:00,2019-06-15 14:30:00,10,21,0:00:03,0:14:57,3,1,2
2062,2019-06-15 14:30:00,2019-06-15 14:45:00,0,9,0:15:00,0:00:00,0,0,0
2062,2019-06-15 14:45:00,2019-06-15 15:00:00,0,0,0:15:00,0:00:00,0,0,0
2062,2019-06-15 15:00:00,2019-06-15 15:15:00,0,0,0:15:00,0:00:00,0,0,0
2062,2019-06-15 15:15:00,2019-06-15 15:30:00,14,31,0:04:30,0:10:30,4,2,2
2062,2019-06-15 15:30:00,2019-06-15 15:45:00,9,19,0:00:01,0:14:59,1,0,1
2062,2019-06-15 15:45:00,2019-06-15 16:00:00,14,26,0:00:01,0:14:59,1,0,1
2062,2019-06-15 16:00:00,2019-06-15 16:15:00,8,20,0:00:01,0:14:59,1,0,1
2062,2019-06-15 16:15:00,2019-06-15 16:30:00,4,16,0:14:37,0:00:23,2,1,1
2062,2019-06-15 16:30:00,2019-06-15 16:45:00,0,7,0:15:00,0:00:00,0,0,0
2062,2019-06-15 16:45:00,2019-06-15 17:00:00,9,12,0:02:54,0:12:06,1,0,1
2062,2019-06-15 17:00:00,2019-06-15 17:15:00,17,26,0:00:11,0:14:49,3,1,2
2062,2019-06-15 17:15:00,2019-06-15 17:30:00,20,43,0:00:02,0:14:58,2,1,1
2062,2019-06-15 17:30:00,2019-06-15 17:45:00,14,40,0:00:54,0:14:06,6,3,3
2062,2019-06-15 17:45:00,2019-06-15 18:00:00,0,0,0:15:00,0:00:00,0,0,0
2062,2019-06-15 18:00:00,2019-06-15 18:15:00,0,1,0:15:00,0:00:00,0,0,0
2062,2019-06-15 18:15:00,2019-06-15 18:30:00,7,17,0:08:53,0:06:07,6,3,3
2062,2019-06-15 18:30:00,2019-06-15 18:45:00,17,30,0:00:15,0:14:45,4,2,2
2062,2019-06-15 18:45:00,2019-06-15 19:00:00,8,16,0:00:03,0:14:57,1,0,1
2062,2019-06-15 19:00:00,2019-06-15 19:15:00,25,47,0:00:03,0:14:57,1,0,1
2062,2019-06-15 19:15:00,2019-06-15 19:30:00,15,26,0:00:26,0:14:34,6,3,3
2062,2019-06-15 19:30:00,2019-06-15 19:45:00,19,56,0:05:32,0:09:28,3,1,2
2062,2019-06-15 19:45:00,2019-06-15 20:00:00,0,0,0:15:00,0:00:00,0,0,0
2062,2019-06-15 20:00:00,2019-06-15 20:15:00,5,16,0:06:09,0:08:51,0,0,0
2062,2019-06-15 20:15:00,2019-06-15 20:30:00,12,26,0:00:03,0:14:57,3,1,2
2062,2019-06-15 20:30:00,2019-06-15 20:45:00,23,55,0:00:20,0:14:40,8,4,4
2062,2019-06-15 20:45:00,2019-06-15 21:00:00,18,50,0:00:20,0:14:40,6,3,3
2062,2019-06-15 21:00:00,2019-06-15 21:15:00,21,50,0:00:06,0:14:54,4,2,2
2062,2019-06-15 21:15:00,2019-06-15 21:30:00,24,74,0:07:03,0:07:57,7,3,4
2062,2019-06-15 21:30:00,2019-06-15 21:45:00,0,11,0:15:00,0:00:00,0,0,0
2062,2019-06-15 21:45:00,2019-06-15 22:00:00,0,6,0:15:00,0:00:00,0,0,0
2062,2019-06-15 22:00:00,2019-06-15 22:15:00,17,40,0:06:48,0:08:12,1,0,1
2062,2019-06-15 22:15:00,2019-06-15 22:30:00,11,30,0:09:42,0:05:18,1,0,1
2062,2019-06-15 22:30:00,2019-06-15 22:45:00,0,2,0:15:00,0:00:00,0,0,0
2062,2019-06-15 22:45:00,2019-06-15 23:00:00,0,1,0:15:00,0:00:00,0,0,0
2062,2019-06-15 23:00:00,2019-06-15 23:15:00,0,0,0:15:00,0:00:00,0,0,0
2062,2019-06-15 23:15:00,2019-06-15 23:30:00,0,0,0:15:00,0:00:00,0,0,0
2062,2019-06-15 23:30:00,2019-06-15 23:45:00,7,34,0:10:42,0:04:18,3,1,2
2062,2019-06-15 23:45:00,2019-06-16 00:00:00,23,68,0:00:13,0:14:47,1,0,1
2062,2019-06-16 00:00:00,2019-06-16 00:15:00,17,27,0:02:07,0:12:53,1,0,1
2062,2019-06-16 00:15:00,2019-06-16 00:30:00,0,4,0:15:00,0:00:00,0,0,0
2062,2019-06-16 00:30:00,2019-06-16 00:45:00,0,3,0:15:00,0:00:00,0,0,0
2062,2019-06-16 00:45:00,2019-06-16 01:00:00,0,4,0:15:00,0:00:00,0,0,0
2062,2019-06-16 01:00:00,2019-06-16 01:15:00,0,0,0:15:00,0:00:00,0,0,0
2062,2019-06-16 01:15:00,2019-06-16 01:30:00,0,8,0:15:00,0:00:00,0,0,0
2062,2019-06-16 01:30:00,2019-06-16 01:45:00,0,7,0:15:00,0:00:00,0,0,0
2062,2019-06-16 01:45:00,2019-06-16 02:00:00,0,15,0:15:00,0:00:00,0,0,0
2062,2019-06-16 02:00:00,2019-06-16 02:15:00,19,29,0:05:34,0:09:26,0,0,0
2062,2019-06-16 02:15:00,2019-06-16 02:30:00,13,32,0:05:59,0:09:01,1,0,1
2062,2019-06-16 02:30:00,2019-06-16 02:45:00,0,0,0:15:00,0:00:00,0,0,0
2062,2019-06-16 02:45:00,2019-06-16 03:00:00,0,0,0:15:00,0:00:00,0,0,0
2062,2019-06-16 03:00:00,2019-06-16 03:15:00,0,0,0:15:00,0:00:00,0,0,0
2062,2019-06-16 03:15:00,2019-06-16 03:30:00,0,0,0:15:00,0:00:00,0,0,0
2062,2019-06-16 03:30:00,2019-06-16 03:45:00,0,0,0:15:00,0:00:00,0,0,0
2062,2019-06-16 03:45:00,2019-06-16 04:00:00,0,0,0:15:00,0:00:00,0,0,0
2062,2019-06-16 04:00:00,2019-06-16 04:15:00,1,17,0:13:54,0:01:06,0,0,0
2062,2019-06-16 04:15:00,2019-06-16 04:30:00,4,19,0:11:00,0:04:00,2,1,1
2062,2019-06-16 04:30:00,2019-06-16 04:45:00,0,11,0:15:00,0:00:00,0,0,0
2062,2019-06-16 04:45:00,2019-06-16 05:00:00,0,3,0:15:00,0:00:00,0,0,0
2062,2019-06-16 05:00:00,2019-06-16 05:15:00,0,3,0:15:00,0:00:00,0,0,0
2062,2019-06-16 05:15:00,2019-06-16 05:30:00,15,24,0:05:03,0:09:57,1,0,1
2062,2019-06-16 05:30:00,2019-06-16 05:45:00,20,25,0:00:00,0:15:00,0,0,0
2062,2019-06-16 05:45:00,2019-06-16 06:00:00,7,15,0:00:01,0:14:59,1,0,1
2062,2019-06-16 06:00:00,2019-06-16 06:15:00,7,8,0:00:00,0:15:00,0,0,0
2062,2019-06-16 06:15:00,2019-06-16 06:30:00,11,19,0:00:03,0:14:57,1,0,1
2062,2019-06-16 06:30:00,2019-06-16 06:45:00,15,40,0:00:33,0:14:27,3,1,2
2062,2019-06-16 06:45:00,2019-06-16 07:00:00,13,21,0:00:07,0:14:53,2,1,1
2062,2019-06-16 07:00:00,2019-06-16 07:15:00,10,31,0:05:34,0:09:26,5,2,3
2062,2019-06-16 07:15:00,2019-06-16 07:30:00,0,0,0:15:00,0:00:00,0,0,0
2062,2019-06-16 07:30:00,2019-06-16 07:45:00,0,2,0:15:00,0:00:00,0,0,0
2062,2019-06-16 07:45:00,2019-06-16 08:00:00,0,0,0:15:00,0:00:00,0,0,0
2062,2019-06-16 08:00:00,2019-06-16 08:15:00,0,8,0:15:00,0:00:00,0,0,0
2062,2019-06-16 08:15:00,2019-06-16 08:30:00,0,1,0:15:00,0:00:00,0,0,0
2062,2019-06-16 08:30:00,2019-06-16 08:45:00,6,13,0:11:14,0:03:46,0,0,0
2062,2019-06-16 08:45:00,2019-06-16 09:00:00,15,27,0:00:08,0:14:52,3,1,2
2062,2019-06-16 09:00:00,2019-06-16 09:15:00,4,22,0:06:32,0:08:28,2,1,1
2062,2019-06-16 09:15:00,2019-06-16 09:30:00,0,0,0:15:00,0:00:00,0,0,0
2062,2019-06-16 09:30:00,2019-06-16 09:45:00,0,0,0:15:00,0:00:00,0,0,0
2062,2019-06-16 09:45:00,2019-06-16 10:00:00,0,0,0:15:00,0:00:00,0,0,0
2062,2019-06-16 10:00:00,2019-06-16 10:15:00,0,0,0:15:00,0:00:00,0,0,0
2062,2019-06-16 10:15:00,2019-06-16 10:30:00,0,0,0:15:00,0:00:00,0,0,0
2062,2019-06-16 10:30:00,2019-06-16 10:45:00,0,0,0:15:00,0:00:00,0,0,0
2062,2019-06-16 10:45:00,2019-06-16 11:00:00,10,32,0:02:26,0:12:34,1,0,1
2062,2019-06-16 11:00:00,2019-06-16 11:15:00,6,17,0:00:01,0:14:59,1,0,1
2062,2019-06-16 11:15:00,2019-06-16 11:30:00,15,26,0:00:10,0:14:50,8,4,4
2062,2019-06-16 11:30:00,2019-06-16 11:45:00,6,19,0:12:00,0:03:00,1,0,1
2062,2019-06-16 11:45:00,2019-06-16 12:00:00,0,1,0:15:00,0:00:00,0,0,0
2062,2019-06-16 12:00:00,2019-06-16 12:15:00,0,11,0:15:00,0:00:00,0,0,0
2062,2019-06-16 12:15:00,2019-06-16 12:30:00,0,0,0:15:00,0:00:00,0,0,0
2062,2019-06-16 12:30:00,2019-06-16 12:45:00,0,27,0:15:00,0:00:00,0,0,0
2062,2019-06-16 12:45:00,2019-06-16 13:00:00,2,5,0:11:32,0:03:28,1,0,1
2062,2019-06-16 13:00:00,2019-06-16 13:15:00,12,15,0:00:10,0:14:50,1,0,1
2062,2019-06-16 13:15:00,2019-06-16 13:30:00,6,16,0:00:13,0:14:47,2,1,1
2062,2019-06-16 13:30:00,2019-06-16 13:45:00,10,16,0:00:18,0:14:42,3,1,2
2062,2019-06-16 13:45:00,2019-06-16 14:00:00,8,27,0:06:16,0:08:44,3,1,2
2062,2019-06-16 14:00:00,2019-06-16 14:15:00,0,1,0:15:00,0:00:00,0,0,0
2062,2019-06-16 14:15:00,2019-06-16 14:30:00,0,0,0:15:00,0:00:00,0,0,0
2062,2019-06-16 14:30:00,2019-06-16 14:45:00,0,0,0:15:00,0:00:00,0,0,0
2062,2019-06-16 14:45:00,2019-06-16 15:00:00,0,0,0:15:00,0:00:00,0,0,0
2062,2019-06-16 15:00:00,2019-06-16 15:15:00,10,28,0:05:57,0:09:03,0,0,0
2062,2019-06-16 15:15:00,2019-06-16 15:30:00,7,15,0:00:00,0:15:00,0,0,0
2062,2019-06-16 15:30:00,2019-06-16 15:45:00,7,12,0:00:00,0:15:00,0,0,0
2062,2019-06-16 15:45:00,2019-06-16 16:00:00,9,28,0:07:46,0:07:14,1,0,1
2062,2019-06-16 16:00:00,2019-06-16 16:15:00,0,5,0:15:00,0:00:00,0,0,0
2062,2019-06-16 16:15:00,2019-06-16 16:30:00,0,3,0:15:00,0:00:00,0,0,0
2062,2019-06-16 16:30:00,2019-06-16 16:45:00,0,3,0:15:00,0:00:00,0,0,0
2062,2019-06-16 16:45:00,2019-06-16 17:00:00,12,26,0:10:28,0:04:32,0,0,0
2062,2019-06-16 17:00:00,2019-06-16 17:15:00,14,28,0:00:01,0:14:59,1,0,1
2062,2019-06-16 17:15:00,2019-06-16 17:30:00,14,29,0:00:17,0:14:43,5,2,3
2062,2019-06-16 17:30:00,2019-06-16 17:45:00,12,27,0:00:07,0:14:53,3,1,2
2062,2019-06-16 17:45:00,2019-06-16 18:00:00,12,19,0:00:02,0:14:58,2,1,1
2062,2019-06-16 18:00:00,2019-06-16 18:15:00,3,21,0:10:08,0:04:52,2,1,1
2062,2019-06-16 18:15:00,2019-06-16 18:30:00,0,0,0:15:00,0:00:00,0,0,0
2062,2019-06-16 18:30:00,2019-06-16 18:45:00,0,4,0:15:00,0:00:00,0,0,0
2062,2019-06-16 18:45:00,2019-06-16 19:00:00,11,29,0:02:44,0:12:16,6,3,3
2062,2019-06-16 19:00:00,2019-06-16 19:15:00,7,11,0:00:01,0:14:59,1,0,1
2062,2019-06-16 19:15:00,2019-06-16 19:30:00,17,33,0:00:19,0:14:41,6,3,3
2062,2019-06-16 19:30:00,2019-06-16 19:45:00,17,32,0:00:21,0:14:39,3,1,2
2062,2019-06-16 19:45:00,2019-06-16 20:00:00,0,0,0:15:00,0:00:00,0,0,0
2062,2019-06-16 20:00:00,2019-06-16 20:15:00,0,2,0:15:00,0:00:00,0,0,0
2062,2019-06-16 20:15:00,2019-06-16 20:30:00,0,9,0:15:00,0:00:00,0,0,0
2062,2019-06-16 20:30:00,2019-06-16 20:45:00,22,53,0:01:37,0:13:23,13,6,7
2062,2019-06-16 20:45:00,2019-06-16 21:00:00,16,30,0:00:15,0:14:45,2,1,1
2062,2019-06-16 21:00:00,2019-06-16 21:15:00,22,51,0:00:00,0:15:00,0,0,0
2062,2019-06-16 21:15:00,2019-06-16 21:30:00,16,37,0:02:34,0:12:26,4,2,2
2062,2019-06-16 21:30:00,2019-06-16 21:45:00,0,1,0:15:00,0:00:00,0,0,0
2062,2019-06-16 21:45:00,2019-06-16 22:00:00,17,38,0:06:18,0:08:42,0,0,0
2062,2019-06-16 22:00:00,2019-06-16 22:15:00,10,27,0:08:10,0:06:50,2,1,1
2062,2019-06-16 22:15:00,2019-06-16 22:30:00,0,2,0:15:00,0:00:00,0,0,0
2062,2019-06-16 22:30:00,2019-06-16 22:45:00,0,0,0:15:00,0:00:00,0,0,0
2062,2019-06-16 22:45:00,2019-06-16 23:00:00,0,0,0:15:00,0:00:00,0,0,0
2062,2019-06-16 23:00:00,2019-06-16 23:15:00,17,40,0:01:26,0:13:34,0,0,0
2062,2019-06-16 23:15:00,2019-06-16 23:30:00,4,11,0:12:38,0:02:22,1,0,1
2062,2019-06-16 23:30:00,2019-06-16 23:45:00,0,0,0:15:00,0:00:00,0,0,0
2062,2019-06-16 23:45:00,2019-06-17 00:00:00,0,1,0:15:00,0:00:00,0,0,0
2062,2019-06-17 00:00:00,2019-06-17 00:15:00,0,4,0:15:00,0:00:00,0,0,0
2062,2019-06-17 00:15:00,2019-06-17 00:30:00,0,6,0:15:00,0:00:00,0,0,0
2062,2019-06-17 00:30:00,2019-06-17 00:45:00,9,33,0:10:56,0:04:04,1,0,1
2062,2019-06-17 00:45:00,2019-06-17 01:00:00,12,20,0:05:44,0:09:16,1,0,1
2062,2019-06-17 01:00:00,2019-06-17 01:15:00,0,0,0:15:00,0:00:00,0,0,0
2062,2019-06-17 01:15:00,2019-06-17 01:30:00,0,21,0:15:00,0:00:00,0,0,0
2062,2019-06-17 01:30:00,2019-06-17 01:45:00,0,2,0:15:00,0:00:00,0,0,0
2062,2019-06-17 01:45:00,2019-06-17 02:00:00,0,2,0:15:00,0:00:00,0,0,0
2062,2019-06-17 02:00:00,2019-06-17 02:15:00,0,11,0:15:00,0:00:00,0,0,0
2062,2019-06-17 02:15:00,2019-06-17 02:30:00,9,26,0:06:54,0:08:06,0,0,0
2062,2019-06-17 02:30:00,2019-06-17 02:45:00,4,12,0:13:05,0:01:55,1,0,1
2062,2019-06-17 02:45:00,2019-06-17 03:00:00,0,0,0:15:00,0:00:00,0,0,0
2062,2019-06-17 03:00:00,2019-06-17 03:15:00,0,0,0:15:00,0:00:00,0,0,0
2062,2019-06-17 03:15:00,2019-06-17 03:30:00,0,0,0:15:00,0:00:00,0,0,0
2062,2019-06-17 03:30:00,2019-06-17 03:45:00,0,0,0:15:00,0:00:00,0,0,0
2062,2019-06-17 03:45:00,2019-06-17 04:00:00,0,0,0:15:00,0:00:00,0,0,0
2062,2019-06-17 04:00:00,2019-06-17 04:15:00,0,0,0:15:00,0:00:00,0,0,0
2062,2019-06-17 04:15:00,2019-06-17 04:30:00,5,25,0:09:55,0:05:05,1,0,1
2062,2019-06-17 04:30:00,2019-06-17 04:45:00,0,0,0:15:00,0:00:00,0,0,0
2062,2019-06-17 04:45:00,2019-06-17 05:00:00,0,5,0:15:00,0:00:00,0,0,0
2062,2019-06-17 05:00:00,2019-06-17 05:15:00,0,2,0:15:00,0:00:00,0,0,0
2062,2019-06-17 05:15:00,2019-06-17 05:30:00,14,23,0:06:15,0:08:45,0,0,0
2062,2019-06-17 05:30:00,2019-06-17 05:45:00,15,19,0:00:00,0:15:00,0,0,0
2062,2019-06-17 05:45:00,2019-06-17 06:00:00,10,13,0:00:00,0:15:00,0,0,0
2062,2019-06-17 06:00:00,2019-06-17 06:15:00,9,16,0:00:46,0:14:14,6,3,3
2062,2019-06-17 06:15:00,2019-06-17 06:30:00,13,26,0:00:15,0:14:45,2,1,1
2062,2019-06-17 06:30:00,2019-06-17 06:45:00,10,18,0:00:24,0:14:36,3,1,2
2062,2019-06-17 06:45:00,2019-06-17 07:00:00,10,43,0:02:02,0:12:58,4,2,2
2062,2019-06-17 07:00:00,2019-06-17 07:15:00,13,37,0:01:57,0:13:03,12,6,6
2062,2019-06-17 07:15:00,2019-06-17 07:30:00,14,21,0:00:09,0:14:51,1,0,1
2062,2019-06-17 07:30:00,2019-06-17 07:45:00,9,29,0:01:42,0:13:18,5,2,3
2062,2019-06-17 07:45:00,2019-06-17 08:00:00,0,0,0:15:00,0:00:00,0,0,0
2062,2019-06-17 08:00:00,2019-06-17 08:15:00,0,0,0:15:00,0:00:00,0,0,0
2062,2019-06-17 08:15:00,2019-06-17 08:30:00,0,0,0:15:00,0:00:00,0,0,0
2062,2019-06-17 08:30:00,2019-06-17 08:45:00,0,0,0:15:00,0:00:00,0,0,0
2062,2019-06-17 08:45:00,2019-06-17 09:00:00,5,19,0:13:12,0:01:48,0,0,0
2062,2019-06-17 09:00:00,2019-06-17 09:15:00,9,21,0:00:22,0:14:38,2,1,1
2062,2019-06-17 09:15:00,2019-06-17 09:30:00,14,21,0:00:00,0:15:00,0,0,0
2062,2019-06-17 09:30:00,2019-06-17 09:45:00,16,24,0:00:00,0:15:00,0,0,0
2062,2019-06-17 09:45:00,2019-06-17 10:00:00,9,11,0:00:00,0:15:00,0,0,0
2062,2019-06-17 10:00:00,2019-06-17 10:15:00,10,23,0:00:32,0:14:28,1,0,1
2062,2019-06-17 10:15:00,2019-06-17 10:30:00,7,9,0:07:36,0:07:24,0,0,0
2062,2019-06-17 10:30:00,2019-06-17 10:45:00,25,44,0:00:08,0:14:52,3,1,2
2062,2019-06-17 10:45:00,2019-06-17 11:00:00,3,18,0:12:29,0:02:31,2,1,1
2062,2019-06-17 11:00:00,2019-06-17 11:15:00,11,25,0:00:02,0:14:58,2,1,1
2062,2019-06-17 11:15:00,2019-06-17 11:30:00,11,21,0:00:22,0:14:38,4,2,2
2062,2019-06-17 11:30:00,2019-06-17 11:45:00,17,35,0:00:06,0:14:54,3,1,2
2062,2019-06-17 11:45:00,2019-06-17 12:00:00,11,24,0:07:17,0:07:43,2,1,1
2062,2019-06-17 12:00:00,2019-06-17 12:15:00,1,3,0:11:34,0:03:26,0,0,0
2062,2019-06-17 12:15:00,2019-06-17 12:30:00,23,119,0:00:15,0:14:45,3,1,2
2062,2019-06-17 12:30:00,2019-06-17 12:45:00,11,18,0:07:53,0:07:07,2,1,1
2062,2019-06-17 12:45:00,2019-06-17 13:00:00,0,0,0:15:00,0:00:00,0,0,0
2062,2019-06-17 13:00:00,2019-06-17 13:15:00,0,1,0:15:00,0:00:00,0,0,0
2062,2019-06-17 13:15:00,2019-06-17 13:30:00,0,6,0:15:00,0:00:00,0,0,0
2062,2019-06-17 13:30:00,2019-06-17 13:45:00,0,1,0:15:00,0:00:00,0,0,0
2062,2019-06-17 13:45:00,2019-06-17 14:00:00,0,3,0:15:00,0:00:00,0,0,0
2062,2019-06-17 14:00:00,2019-06-17 14:15:00,0,3,0:15:00,0:00:00,0,0,0
2062,2019-06-17 14:15:00,2019-06-17 14:30:00,0,7,0:15:00,0:00:00,0,0,0
2062,2019-06-17 14:30:00,2019-06-17 14:45:00,13,18,0:05:56,0:09:04,4,2,2
2062,2019-06-17 14:45:00,2019-06-17 15:00:00,10,9,0:00:02,0:14:58,2,1,1
2062,2019-06-17 15:00:00,2019-06-17 15:15:00,10,26,0:00:10,0:14:50,4,2,2
2062,2019-06-17 15:15:00,2019-06-17 15:30:00,2,22,0:10:04,0:04:56,1,0,1
2062,2019-06-17 15:30:00,2019-06-17 15:45:00,5,9,0:09:46,0:05:14,1,0,1
2062,2019-06-17 15:45:00,2019-06-17 16:00:00,0,0,0:15:00,0:00:00,0,0,0
2062,2019-06-17 16:00:00,2019-06-17 16:15:00,0,0,0:15:00,0:00:00,0,0,0
2062,2019-06-17 16:15:00,2019-06-17 16:30:00,0,0,0:15:00,0:00:00,0,0,0
2062,2019-06-17 16:30:00,2019-06-17 16:45:00,0,0,0:15:00,0:00:00,0,0,0
2062,2019-06-17 16:45:00,2019-06-17 17:00:00,4,18,0:12:04,0:02:56,5,2,3
2062,2019-06-17 17:00:00,2019-06-17 17:15:00,8,17,0:00:56,0:14:04,11,5,6
2062,2019-06-17 17:15:00,2019-06-17 17:30:00,11,13,0:00:01,0:14:59,1,0,1
2062,2019-06-17 17:30:00,2019-06-17 17:45:00,15,30,0:00:21,0:14:39,6,3,3
2062,2019-06-17 17:45:00,2019-06-17 18:00:00,17,26,0:00:31,0:14:29,5,2,3
2062,2019-06-17 18:00:00,2019-06-17 18:15:00,2,8,0:12:16,0:02:44,1,0,1
2062,2019-06-17 18:15:00,2019-06-17 18:30:00,0,0,0:15:00,0:00:00,0,0,0
2062,2019-06-17 18:30:00,2019-06-17 18:45:00,0,6,0:15:00,0:00:00,0,0,0
2062,2019-06-17 18:45:00,2019-06-17 19:00:00,0,17,0:15:00,0:00:00,0,0,0
2062,2019-06-17 19:00:00,2019-06-17 19:15:00,10,23,0:02:05,0:12:55,2,1,1
2062,2019-06-17 19:15:00,2019-06-17 19:30:00,11,18,0:00:28,0:14:32,8,4,4
2062,2019-06-17 19:30:00,2019-06-17 19:45:00,7,8,0:00:00,0:15:00,0,0,0
2062,2019-06-17 19:45:00,2019-06-17 20:00:00,9,19,0:00:05,0:14:55,1,0,1
2062,2019-06-17 20:00:00,2019-06-17 20:15:00,11,21,0:02:26,0:12:34,1,0,1
2062,2019-06-17 20:15:00,2019-06-17 20:30:00,0,0,0:15:00,0:00:00,0,0,0
2062,2019-06-17 20:30:00,2019-06-17 20:45:00,0,0,0:15:00,0:00:00,0,0,0
2062,2019-06-17 20:45:00,2019-06-17 21:00:00,11,22,0:02:26,0:12:34,0,0,0
2062,2019-06-17 21:00:00,2019-06-17 21:15:00,15,24,0:00:00,0:15:00,0,0,0
2062,2019-06-17 21:15:00,2019-06-17 21:30:00,5,11,0:13:16,0:01:44,1,0,1
2062,2019-06-17 21:30:00,2019-06-17 21:45:00,0,0,0:15:00,0:00:00,0,0,0
2062,2019-06-17 21:45:00,2019-06-17 22:00:00,0,0,0:15:00,0:00:00,0,0,0
2062,2019-06-17 22:00:00,2019-06-17 22:15:00,0,1,0:15:00,0:00:00,0,0,0
2062,2019-06-17 22:15:00,2019-06-17 22:30:00,0,0,0:15:00,0:00:00,0,0,0
2062,2019-06-17 22:30:00,2019-06-17 22:45:00,9,32,0:10:23,0:04:37,1,0,1
2062,2019-06-17 22:45:00,2019-06-17 23:00:00,0,0,0:15:00,0:00:00,0,0,0
2062,2019-06-17 23:00:00,2019-06-17 23:15:00,0,0,0:15:00,0:00:00,0,0,0
2062,2019-06-17 23:15:00,2019-06-17 23:30:00,0,8,0:15:00,0:00:00,0,0,0
2062,2019-06-17 23:30:00,2019-06-17 23:45:00,0,6,0:15:00,0:00:00,0,0,0
2062,2019-06-17 23:45:00,2019-06-18 00:00:00,0,6,0:15:00,0:00:00,0,0,0
2062,2019-06-18 00:00:00,2019-06-18 00:15:00,0,12,0:15:00,0:00:00,0,0,0
2062,2019-06-18 00:15:00,2019-06-18 00:30:00,5,19,0:08:31,0:06:29,1,0,1
2062,2019-06-18 00:30:00,2019-06-18 00:45:00,0,0,0:15:00,0:00:00,0,0,0
2062,2019-06-18 00:45:00,2019-06-18 01:00:00,0,0,0:15:00,0:00:00,0,0,0
2062,2019-06-18 01:00:00,2019-06-18 01:15:00,0,0,0:15:00,0:00:00,0,0,0
2062,2019-06-18 01:15:00,2019-06-18 01:30:00,0,0,0:15:00,0:00:00,0,0,0
2062,2019-06-18 01:30:00,2019-06-18 01:45:00,0,0,0:15:00,0:00:00,0,0,0
2062,2019-06-18 01:45:00,2019-06-18 02:00:00,4,18,0:11:07,0:03:53,1,0,1
2062,2019-06-18 02:00:00,2019-06-18 02:15:00,0,3,0:15:00,0:00:00,0,0,0
2062,2019-06-18 02:15:00,2019-06-18 02:30:00,0,0,0:15:00,0:00:00,0,0,0
2062,2019-06-18 02:30:00,2019-06-18 02:45:00,0,8,0:15:00,0:00:00,0,0,0
2062,2019-06-18 02:45:00,2019-06-18 03:00:00,0,1,0:15:00,0:00:00,0,0,0
2062,2019-06-18 03:00:00,2019-06-18 03:15:00,0,1,0:15:00,0:00:00,0,0,0
2062,2019-06-18 03:15:00,2019-06-18 03:30:00,0,3,0:15:00,0:00:00,0,0,0
2062,2019-06-18 03:30:00,2019-06-18 03:45:00,0,2,0:15:00,0:00:00,0,0,0
2062,2019-06-18 03:45:00,2019-06-18 04:00:00,0,7,0:15:00,0:00:00,0,0,0
2062,2019-06-18 04:00:00,2019-06-18 04:15:00,4,21,0:11:39,0:03:21,1,0,1
2062,2019-06-18 04:15:00,2019-06-18 04:30:00,0,0,0:15:00,0:00:00,0,0,0
2062,2019-06-18 04:30:00,2019-06-18 04:45:00,0,0,0:15:00,0:00:00,0,0,0
2062,2019-06-18 04:45:00,2019-06-18 05:00:00,0,0,0:15:00,0:00:00,0,0,0
2062,2019-06-18 05:00:00,2019-06-18 05:15:00,3,17,0:10:31,0:04:29,3,1,2
2062,2019-06-18 05:15:00,2019-06-18 05:30:00,3,3,0:09:14,0:05:46,0,0,0
2062,2019-06-18 05:30:00,2019-06-18 05:45:00,18,21,0:00:24,0:14:36,1,0,1
2062,2019-06-18 05:45:00,2019-06-18 06:00:00,2,1,0:00:00,0:15:00,0,0,0
2062,2019-06-18 06:00:00,2019-06-18 06:15:00,6,12,0:00:01,0:14:59,1,0,1
2062,2019-06-18 06:15:00,2019-06-18 06:30:00,20,31,0:00:00,0:15:00,0,0,0
2062,2019-06-18 06:30:00,2019-06-18 06:45:00,19,32,0:00:00,0:15:00,0,0,0
2062,2019-06-18 06:45:00,2019-06-18 07:00:00,13,22,0:00:00,0:15:00,0,0,0
2062,2019-06-18 07:00:00,2019-06-18 07:15:00,15,21,0:00:00,0:15:00,0,0,0
2062,2019-06-18 07:15:00,2019-06-18 07:30:00,4,20,0:12:22,0:02:38,1,0,1
2062,2019-06-18 07:30:00,2019-06-18 07:45:00,0,0,0:15:00,0:00:00,0,0,0
2062,2019-06-18 07:45:00,2019-06-18 08:00:00,0,0,0:15:00,0:00:00,0,0,0
2062,2019-06-18 08:00:00,2019-06-18 08:15:00,2,3,0:14:00,0:01:00,0,0,0
2062,2019-06-18 08:15:00,2019-06-18 08:30:00,4,8,0:00:02,0:14:58,2,1,1
2062,2019-06-18 08:30:00,2019-06-18 08:45:00,10,10,0:00:00,0:15:00,0,0,0
2062,2019-06-18 08:45:00,2019-06-18 09:00:00,3,9,0:14:51,0:00:09,1,0,1
2062,2019-06-18 09:00:00,2019-06-18 09:15:00,0,0,0:15:00,0:00:00,0,0,0
2062,2019-06-18 09:15:00,2019-06-18 09:30:00,5,20,0:06:05,0:08:55,1,0,1
2062,2019-06-18 09:30:00,2019-06-18 09:45:00,12,16,0:00:00,0:15:00,0,0,0
2062,2019-06-18 09:45:00,2019-06-18 10:00:00,11,16,0:00:00,0:15:00,0,0,0
2062,2019-06-18 10:00:00,2019-06-18 10:15:00,9,15,0:00:00,0:15:00,0,0,0
2062,2019-06-18 10:15:00,2019-06-18 10:30:00,12,17,0:00:00,0:15:00,0,0,0
2062,2019-06-18 10:30:00,2019-06-18 10:45:00,11,17,0:00:43,0:14:17,1,0,1
2062,2019-06-18 10:45:00,2019-06-18 11:00:00,0,0,0:15:00,0:00:00,0,0,0
2062,2019-06-18 11:00:00,2019-06-18 11:15:00,10,14,0:05:44,0:09:16,0,0,0
2062,2019-06-18 11:15:00,2019-06-18 11:30:00,7,16,0:00:01,0:14:59,1,0,1
2062,2019-06-18 11:30:00,2019-06-18 11:45:00,12,20,0:00:00,0:15:00,0,0,0
2062,2019-06-18 11:45:00,2019-06-18 12:00:00,6,10,0:13:29,0:01:31,2,1,1
2062,2019-06-18 12:00:00,2019-06-18 12:15:00,0,3,0:15:00,0:00:00,0,0,0
2062,2019-06-18 12:15:00,2019-06-18 12:30:00,0,0,0:15:00,0:00:00,0,0,0
2062,2019-06-18 12:30:00,2019-06-18 12:45:00,0,0,0:15:00,0:00:00,0,0,0
2062,2019-06-18 12:45:00,2019-06-18 13:00:00,0,0,0:15:00,0:00:00,0,0,0
2062,2019-06-18 13:00:00,2019-06-18 13:15:00,13,25,0:05:29,0:09:31,0,0,0
2062,2019-06-18 13:15:00,2019-06-18 13:30:00,7,20,0:09:27,0:05:33,1,0,1
2062,2019-06-18 13:30:00,2019-06-18 13:45:00,0,0,0:15:00,0:00:00,0,0,0
2062,2019-06-18 13:45:00,2019-06-18 14:00:00,0,4,0:15:00,0:00:00,0,0,0
2062,2019-06-18 14:00:00,2019-06-18 14:15:00,0,1,0:15:00,0:00:00,0,0,0
2062,2019-06-18 14:15:00,2019-06-18 14:30:00,0,9,0:15:00,0:00:00,0,0,0
2062,2019-06-18 14:30:00,2019-06-18 14:45:00,11,15,0:03:47,0:11:13,0,0,0
2062,2019-06-18 14:45:00,2019-06-18 15:00:00,9,13,0:00:00,0:15:00,0,0,0
2062,2019-06-18 15:00:00,2019-06-18 15:15:00,6,10,0:00:00,0:15:00,0,0,0
2062,2019-06-18 15:15:00,2019-06-18 15:30:00,19,41,0:04:26,0:10:34,1,0,1
2062,2019-06-18 15:30:00,2019-06-18 15:45:00,3,5,0:10:12,0:04:48,0,0,0
2062,2019-06-18 15:45:00,2019-06-18 16:00:00,14,19,0:00:00,0:15:00,0,0,0
2062,2019-06-18 16:00:00,2019-06-18 16:15:00,13,24,0:00:00,0:15:00,0,0,0
2062,2019-06-18 16:15:00,2019-06-18 16:30:00,15,27,0:04:43,0:10:17,1,0,1
2062,2019-06-18 16:30:00,2019-06-18 16:45:00,0,0,0:15:00,0:00:00,0,0,0
2062,2019-06-18 16:45:00,2019-06-18 17:00:00,3,15,0:08:36,0:06:24,0,0,0
2062,2019-06-18 17:00:00,2019-06-18 17:15:00,9,18,0:00:01,0:14:59,1,0,1
2062,2019-06-18 17:15:00,2019-06-18 17:30:00,19,31,0:00:00,0:15:00,0,0,0
2062,2019-06-18 17:30:00,2019-06-18 17:45:00,13,20,0:00:00,0:15:00,0,0,0
2062,2019-06-18 17:45:00,2019-06-18 18:00:00,6,9,0:00:07,0:14:53,1,0,1
2062,2019-06-18 18:00:00,2019-06-18 18:15:00,6,12,0:10:21,0:04:39,1,0,1
2062,2019-06-18 18:15:00,2019-06-18 18:30:00,0,2,0:15:00,0:00:00,0,0,0
2062,2019-06-18 18:30:00,2019-06-18 18:45:00,0,0,0:15:00,0:00:00,0,0,0
2062,2019-06-18 18:45:00,2019-06-18 19:00:00,0,0,0:15:00,0:00:00,0,0,0
2062,2019-06-18 19:00:00,2019-06-18 19:15:00,15,30,0:04:07,0:10:53,0,0,0
2062,2019-06-18 19:15:00,2019-06-18 19:30:00,15,26,0:00:00,0:15:00,0,0,0
2062,2019-06-18 19:30:00,2019-06-18 19:45:00,12,21,0:00:15,0:14:45,1,0,1
2062,2019-06-18 19:45:00,2019-06-18 20:00:00,12,16,0:00:00,0:15:00,0,0,0
2062,2019-06-18 20:00:00,2019-06-18 20:15:00,14,17,0:00:00,0:15:00,0,0,0
2062,2019-06-18 20:15:00,2019-06-18 20:30:00,9,10,0:00:00,0:15:00,0,0,0
2062,2019-06-18 20:30:00,2019-06-18 20:45:00,13,29,0:02:31,0:12:29,2,1,1
2062,2019-06-18 20:45:00,2019-06-18 21:00:00,0,1,0:15:00,0:00:00,0,0,0
2062,2019-06-18 21:00:00,2019-06-18 21:15:00,10,20,0:02:42,0:12:18,2,1,1
2062,2019-06-18 21:15:00,2019-06-18 21:30:00,11,24,0:03:50,0:11:10,1,0,1
2062,2019-06-18 21:30:00,2019-06-18 21:45:00,0,0,0:15:00,0:00:00,0,0,0
2062,2019-06-18 21:45:00,2019-06-18 22:00:00,0,3,0:15:00,0:00:00,0,0,0
2062,2019-06-18 22:00:00,2019-06-18 22:15:00,0,8,0:15:00,0:00:00,0,0,0
2062,2019-06-18 22:15:00,2019-06-18 22:30:00,6,19,0:05:45,0:09:15,0,0,0
2062,2019-06-18 22:30:00,2019-06-18 22:45:00,8,7,0:12:29,0:02:31,1,0,1
2062,2019-06-18 22:45:00,2019-06-18 23:00:00,0,0,0:15:00,0:00:00,0,0,0
2062,2019-06-18 23:00:00,2019-06-18 23:15:00,0,14,0:13:11,0:01:49,1,0,1
2062,2019-06-18 23:15:00,2019-06-18 23:30:00,14,14,0:00:00,0:15:00,0,0,0
2062,2019-06-18 23:30:00,2019-06-18 23:45:00,0,8,0:13:19,0:01:41,1,0,1
2062,2019-06-18 23:45:00,2019-06-19 00:00:00,2,7,0:13:23,0:01:37,0,0,0
2062,2019-06-19 00:00:00,2019-06-19 00:15:00,8,13,0:05:41,0:09:19,1,0,1
2062,2019-06-19 00:15:00,2019-06-19 00:30:00,0,2,0:15:00,0:00:00,0,0,0
2062,2019-06-19 00:30:00,2019-06-19 00:45:00,0,0,0:15:00,0:00:00,0,0,0
2062,2019-06-19 00:45:00,2019-06-19 01:00:00,0,0,0:15:00,0:00:00,0,0,0
2062,2019-06-19 01:00:00,2019-06-19 01:15:00,0,0,0:15:00,0:00:00,0,0,0
2062,2019-06-19 01:15:00,2019-06-19 01:30:00,0,8,0:11:26,0:03:34,0,0,0
2062,2019-06-19 01:30:00,2019-06-19 01:45:00,2,9,0:14:34,0:00:26,3,1,2
2062,2019-06-19 01:45:00,2019-06-19 02:00:00,0,9,0:15:00,0:00:00,0,0,0
2062,2019-06-19 02:00:00,2019-06-19 02:15:00,0,2,0:15:00,0:00:00,0,0,0
2062,2019-06-19 02:15:00,2019-06-19 02:30:00,0,2,0:15:00,0:00:00,0,0,0
2062,2019-06-19 02:30:00,2019-06-19 02:45:00,0,0,0:15:00,0:00:00,0,0,0
2062,2019-06-19 02:45:00,2019-06-19 03:00:00,0,2,0:15:00,0:00:00,0,0,0
2062,2019-06-19 03:00:00,2019-06-19 03:15:00,0,0,0:15:00,0:00:00,0,0,0
2062,2019-06-19 03:15:00,2019-06-19 03:30:00,2,15,0:09:52,0:05:08,0,0,0
2062,2019-06-19 03:30:00,2019-06-19 03:45:00,2,14,0:14:48,0:00:12,1,0,1
2062,2019-06-19 03:45:00,2019-06-19 04:00:00,0,0,0:15:00,0:00:00,0,0,0
2062,2019-06-19 04:00:00,2019-06-19 04:15:00,0,0,0:15:00,0:00:00,0,0,0
2062,2019-06-19 04:15:00,2019-06-19 04:30:00,0,1,0:15:00,0:00:00,0,0,0
2062,2019-06-19 04:30:00,2019-06-19 04:45:00,0,0,0:15:00,0:00:00,0,0,0
2062,2019-06-19 04:45:00,2019-06-19 05:00:00,11,33,0:05:59,0:09:01,1,0,1
2062,2019-06-19 05:00:00,2019-06-19 05:15:00,0,4,0:15:00,0:00:00,0,0,0
2062,2019-06-19 05:15:00,2019-06-19 05:30:00,6,16,0:06:16,0:08:44,0,0,0
2062,2019-06-19 05:30:00,2019-06-19 05:45:00,17,16,0:00:00,0:15:00,0,0,0
2062,2019-06-19 05:45:00,2019-06-19 06:00:00,5,8,0:00:00,0:15:00,0,0,0
2062,2019-06-19 06:00:00,2019-06-19 06:15:00,4,5,0:00:01,0:14:59,1,0,1
2062,2019-06-19 06:15:00,2019-06-19 06:30:00,10,12,0:00:00,0:15:00,0,0,0
2062,2019-06-19 06:30:00,2019-06-19 06:45:00,10,13,0:00:13,0:14:47,1,0,1
2062,2019-06-19 06:45:00,2019-06-19 07:00:00,16,30,0:02:54,0:12:06,1,0,1
2062,2019-06-19 07:00:00,2019-06-19 07:15:00,0,0,0:15:00,0:00:00,0,0,0
2062,2019-06-19 07:15:00,2019-06-19 07:30:00,0,6,0:15:00,0:00:00,0,0,0
2062,2019-06-19 07:30:00,2019-06-19 07:45:00,0,0,0:15:00,0:00:00,0,0,0
2062,2019-06-19 07:45:00,2019-06-19 08:00:00,0,0,0:15:00,0:00:00,0,0,0
2062,2019-06-19 08:00:00,2019-06-19 08:15:00,13,37,0:02:49,0:12:11,3,1,2
2062,2019-06-19 08:15:00,2019-06-19 08:30:00,4,14,0:00:00,0:15:00,0,0,0
2062,2019-06-19 08:30:00,2019-06-19 08:45:00,16,24,0:00:00,0:15:00,0,0,0
2062,2019-06-19 08:45:00,2019-06-19 09:00:00,1,8,0:13:46,0:01:14,1,0,1
2062,2019-06-19 09:00:00,2019-06-19 09:15:00,0,0,0:15:00,0:00:00,0,0,0
2062,2019-06-19 09:15:00,2019-06-19 09:30:00,7,20,0:08:07,0:06:53,0,0,0
2062,2019-06-19 09:30:00,2019-06-19 09:45:00,14,17,0:00:00,0:15:00,0,0,0
2062,2019-06-19 09:45:00,2019-06-19 10:00:00,5,9,0:00:00,0:15:00,0,0,0
2062,2019-06-19 10:00:00,2019-06-19 10:15:00,16,19,0:00:00,0:15:00,0,0,0
2062,2019-06-19 10:15:00,2019-06-19 10:30:00,9,24,0:04:42,0:10:18,2,1,1
2062,2019-06-19 10:30:00,2019-06-19 10:45:00,0,0,0:15:00,0:00:00,0,0,0
2062,2019-06-19 10:45:00,2019-06-19 11:00:00,10,24,0:02:59,0:12:01,0,0,0
2062,2019-06-19 11:00:00,2019-06-19 11:15:00,11,18,0:00:00,0:15:00,0,0,0
2062,2019-06-19 11:15:00,2019-06-19 11:30:00,17,20,0:00:00,0:15:00,0,0,0
2062,2019-06-19 11:30:00,2019-06-19 11:45:00,12,20,0:00:07,0:14:53,1,0,1
2062,2019-06-19 11:45:00,2019-06-19 12:00:00,30,63,0:00:01,0:14:59,1,0,1
2062,2019-06-19 12:00:00,2019-06-19 12:15:00,20,60,0:00:15,0:14:45,1,0,1
2062,2019-06-19 12:15:00,2019-06-19 12:30:00,6,10,0:00:00,0:15:00,0,0,0
2062,2019-06-19 12:30:00,2019-06-19 12:45:00,16,29,0:00:18,0:14:42,2,1,1
2062,2019-06-19 12:45:00,2019-06-19 13:00:00,0,0,0:15:00,0:00:00,0,0,0
2062,2019-06-19 13:00:00,2019-06-19 13:15:00,0,11,0:15:00,0:00:00,0,0,0
2062,2019-06-19 13:15:00,2019-06-19 13:30:00,0,8,0:15:00,0:00:00,0,0,0
2062,2019-06-19 13:30:00,2019-06-19 13:45:00,0,6,0:15:00,0:00:00,0,0,0
2062,2019-06-19 13:45:00,2019-06-19 14:00:00,9,18,0:06:34,0:08:26,0,0,0
2062,2019-06-19 14:00:00,2019-06-19 14:15:00,14,20,0:00:00,0:15:00,0,0,0
2062,2019-06-19 14:15:00,2019-06-19 14:30:00,15,20,0:00:00,0:15:00,0,0,0
2062,2019-06-19 14:30:00,2019-06-19 14:45:00,9,14,0:00:00,0:15:00,0,0,0
2062,2019-06-19 14:45:00,2019-06-19 15:00:00,12,20,0:01:30,0:13:30,1,0,1
2062,2019-06-19 15:00:00,2019-06-19 15:15:00,1,11,0:13:10,0:01:50,0,0,0
2062,2019-06-19 15:15:00,2019-06-19 15:30:00,20,26,0:02:31,0:12:29,1,0,1
2062,2019-06-19 15:30:00,2019-06-19 15:45:00,0,0,0:15:00,0:00:00,0,0,0
2062,2019-06-19 15:45:00,2019-06-19 16:00:00,0,8,0:15:00,0:00:00,0,0,0
2062,2019-06-19 16:00:00,2019-06-19 16:15:00,0,4,0:15:00,0:00:00,0,0,0
2062,2019-06-19 16:15:00,2019-06-19 16:30:00,3,12,0:11:41,0:03:19,0,0,0
2062,2019-06-19 16:30:00,2019-06-19 16:45:00,6,9,0:00:00,0:15:00,0,0,0
2062,2019-06-19 16:45:00,2019-06-19 17:00:00,10,9,0:00:00,0:15:00,0,0,0
2062,2019-06-19 17:00:00,2019-06-19 17:15:00,12,25,0:00:00,0:15:00,0,0,0
2062,2019-06-19 17:15:00,2019-06-19 17:30:00,11,23,0:00:21,0:14:39,2,1,1
2062,2019-06-19 17:30:00,2019-06-19 17:45:00,14,31,0:01:28,0:13:32,1,0,1
2062,2019-06-19 17:45:00,2019-06-19 18:00:00,0,0,0:15:00,0:00:00,0,0,0
2062,2019-06-19 18:00:00,2019-06-19 18:15:00,0,12,0:15:00,0:00:00,0,0,0
2062,2019-06-19 18:15:00,2019-06-19 18:30:00,10,13,0:05:58,0:09:02,0,0,0
2062,2019-06-19 18:30:00,2019-06-19 18:45:00,17,21,0:00:18,0:14:42,4,2,2
2062,2019-06-19 18:45:00,2019-06-19 19:00:00,18,27,0:00:00,0:15:00,0,0,0
2062,2019-06-19 19:00:00,2019-06-19 19:15:00,17,23,0:00:00,0:15:00,0,0,0
2062,2019-06-19 19:15:00,2019-06-19 19:30:00,9,17,0:07:31,0:07:29,2,1,1
2062,2019-06-19 19:30:00,2019-06-19 19:45:00,0,3,0:15:00,0:00:00,0,0,0
2062,2019-06-19 19:45:00,2019-06-19 20:00:00,2,17,0:11:43,0:03:17,3,1,2
2062,2019-06-19 20:00:00,2019-06-19 20:15:00,16,21,0:00:00,0:15:00,0,0,0
2062,2019-06-19 20:15:00,2019-06-19 20:30:00,16,18,0:00:00,0:15:00,0,0,0
2062,2019-06-19 20:30:00,2019-06-19 20:45:00,9,8,0:00:00,0:15:00,0,0,0
2062,2019-06-19 20:45:00,2019-06-19 21:00:00,13,28,0:08:44,0:06:16,1,0,1
2062,2019-06-19 21:00:00,2019-06-19 21:15:00,7,15,0:05:53,0:09:07,0,0,0
2062,2019-06-19 21:15:00,2019-06-19 21:30:00,22,23,0:00:00,0:15:00,0,0,0
2062,2019-06-19 21:30:00,2019-06-19 21:45:00,7,17,0:12:51,0:02:09,1,0,1
2062,2019-06-19 21:45:00,2019-06-19 22:00:00,13,22,0:04:58,0:10:02,2,1,1
2062,2019-06-19 22:00:00,2019-06-19 22:15:00,0,1,0:15:00,0:00:00,0,0,0
2062,2019-06-19 22:15:00,2019-06-19 22:30:00,0,0,0:15:00,0:00:00,0,0,0
2062,2019-06-19 22:30:00,2019-06-19 22:45:00,0,0,0:15:00,0:00:00,0,0,0
2062,2019-06-19 22:45:00,2019-06-19 23:00:00,0,8,0:13:17,0:01:43,0,0,0
2062,2019-06-19 23:00:00,2019-06-19 23:15:00,16,22,0:00:00,0:15:00,0,0,0
2062,2019-06-19 23:15:00,2019-06-19 23:30:00,5,5,0:10:48,0:04:12,1,0,1
2062,2019-06-19 23:30:00,2019-06-19 23:45:00,0,8,0:15:00,0:00:00,0,0,0
2062,2019-06-19 23:45:00,2019-06-20 00:00:00,0,1,0:15:00,0:00:00,0,0,0
2062,2019-06-20 00:00:00,2019-06-20 00:15:00,0,3,0:15:00,0:00:00,0,0,0
2062,2019-06-20 00:15:00,2019-06-20 00:30:00,3,16,0:11:02,0:03:58,0,0,0
2062,2019-06-20 00:30:00,2019-06-20 00:45:00,11,26,0:09:24,0:05:36,1,0,1
2062,2019-06-20 00:45:00,2019-06-20 01:00:00,0,0,0:15:00,0:00:00,0,0,0
2062,2019-06-20 01:00:00,2019-06-20 01:15:00,0,0,0:15:00,0:00:00,0,0,0
2062,2019-06-20 01:15:00,2019-06-20 01:30:00,0,0,0:15:00,0:00:00,0,0,0
2062,2019-06-20 01:30:00,2019-06-20 01:45:00,0,0,0:15:00,0:00:00,0,0,0
2062,2019-06-20 01:45:00,2019-06-20 02:00:00,0,0,0:15:00,0:00:00,0,0,0
2062,2019-06-20 02:00:00,2019-06-20 02:15:00,4,28,0:09:38,0:05:22,1,0,1
2062,2019-06-20 02:15:00,2019-06-20 02:30:00,0,9,0:15:00,0:00:00,0,0,0
2062,2019-06-20 02:30:00,2019-06-20 02:45:00,0,4,0:15:00,0:00:00,0,0,0
2062,2019-06-20 02:45:00,2019-06-20 03:00:00,0,7,0:15:00,0:00:00,0,0,0
2062,2019-06-20 03:00:00,2019-06-20 03:15:00,0,3,0:15:00,0:00:00,0,0,0
2062,2019-06-20 03:15:00,2019-06-20 03:30:00,0,0,0:15:00,0:00:00,0,0,0
2062,2019-06-20 03:30:00,2019-06-20 03:45:00,2,14,0:13:37,0:01:23,0,0,0
2062,2019-06-20 03:45:00,2019-06-20 04:00:00,9,17,0:09:51,0:05:09,2,1,1
2062,2019-06-20 04:00:00,2019-06-20 04:15:00,0,4,0:15:00,0:00:00,0,0,0
2062,2019-06-20 04:15:00,2019-06-20 04:30:00,0,0,0:15:00,0:00:00,0,0,0
2062,2019-06-20 04:30:00,2019-06-20 04:45:00,0,0,0:15:00,0:00:00,0,0,0
2062,2019-06-20 04:45:00,2019-06-20 05:00:00,0,1,0:15:00,0:00:00,0,0,0
2062,2019-06-20 05:00:00,2019-06-20 05:15:00,9,25,0:02:17,0:12:43,0,0,0
2062,2019-06-20 05:15:00,2019-06-20 05:30:00,15,27,0:00:00,0:15:00,0,0,0
2062,2019-06-20 05:30:00,2019-06-20 05:45:00,7,6,0:00:00,0:15:00,0,0,0
2062,2019-06-20 05:45:00,2019-06-20 06:00:00,6,9,0:00:00,0:15:00,0,0,0
2062,2019-06-20 06:00:00,2019-06-20 06:15:00,6,10,0:00:00,0:15:00,0,0,0
2062,2019-06-20 06:15:00,2019-06-20 06:30:00,7,18,0:00:00,0:15:00,0,0,0
2062,2019-06-20 06:30:00,2019-06-20 06:45:00,5,16,0:09:53,0:05:07,2,1,1
2062,2019-06-20 06:45:00,2019-06-20 07:00:00,0,0,0:15:00,0:00:00,0,0,0
2062,2019-06-20 07:00:00,2019-06-20 07:15:00,0,0,0:15:00,0:00:00,0,0,0
2062,2019-06-20 07:15:00,2019-06-20 07:30:00,0,0,0:15:00,0:00:00,0,0,0
2062,2019-06-20 07:30:00,2019-06-20 07:45:00,11,24,0:01:42,0:13:18,3,1,2
2062,2019-06-20 07:45:00,2019-06-20 08:00:00,19,37,0:00:00,0:15:00,0,0,0
2062,2019-06-20 08:00:00,2019-06-20 08:15:00,8,15,0:00:00,0:15:00,0,0,0
2062,2019-06-20 08:15:00,2019-06-20 08:30:00,9,23,0:01:47,0:13:13,2,1,1
2062,2019-06-20 08:30:00,2019-06-20 08:45:00,0,2,0:15:00,0:00:00,0,0,0
2062,2019-06-20 08:45:00,2019-06-20 09:00:00,0,8,0:15:00,0:00:00,0,0,0
2062,2019-06-20 09:00:00,2019-06-20 09:15:00,0,4,0:15:00,0:00:00,0,0,0
2062,2019-06-20 09:15:00,2019-06-20 09:30:00,13,23,0:03:37,0:11:23,0,0,0
2062,2019-06-20 09:30:00,2019-06-20 09:45:00,15,19,0:00:00,0:15:00,0,0,0
2062,2019-06-20 09:45:00,2019-06-20 10:00:00,8,16,0:00:00,0:15:00,0,0,0
2062,2019-06-20 10:00:00,2019-06-20 10:15:00,11,19,0:00:00,0:15:00,0,0,0
2062,2019-06-20 10:15:00,2019-06-20 10:30:00,17,27,0:00:00,0:15:00,0,0,0
2062,2019-06-20 10:30:00,2019-06-20 10:45:00,17,26,0:00:00,0:15:00,0,0,0
2062,2019-06-20 10:45:00,2019-06-20 11:00:00,17,40,0:00:44,0:14:16,2,1,1
2062,2019-06-20 11:00:00,2019-06-20 11:15:00,11,12,0:00:00,0:15:00,0,0,0
2062,2019-06-20 11:15:00,2019-06-20 11:30:00,19,35,0:00:17,0:14:43,1,0,1
2062,2019-06-20 11:30:00,2019-06-20 11:45:00,10,29,0:05:24,0:09:36,1,0,1
2062,2019-06-20 11:45:00,2019-06-20 12:00:00,12,21,0:00:00,0:15:00,0,0,0
2062,2019-06-20 12:00:00,2019-06-20 12:15:00,22,71,0:07:08,0:07:52,1,0,1
2062,2019-06-20 12:15:00,2019-06-20 12:30:00,0,7,0:15:07,0:02:50,0,0,0
2062,2019-06-20 12:30:00,2019-06-20 12:45:00,27,75,0:04:30,0:19:17,6,3,3
2062,2019-06-20 12:45:00,2019-06-20 13:00:00,11,29,0:04:16,0:10:44,1,0,1
2062,2019-06-20 13:00:00,2019-06-20 13:15:00,0,0,0:15:00,0:00:00,0,0,0
2062,2019-06-20 13:15:00,2019-06-20 13:30:00,0,1,0:15:00,0:00:00,0,0,0
2062,2019-06-20 13:30:00,2019-06-20 13:45:00,3,24,0:06:50,0:08:10,3,1,2
2062,2019-06-20 13:45:00,2019-06-20 14:00:00,10,22,0:00:26,0:14:34,4,2,2
2062,2019-06-20 14:00:00,2019-06-20 14:15:00,8,23,0:06:17,0:08:43,1,0,1
2062,2019-06-20 14:15:00,2019-06-20 14:30:00,0,2,0:15:00,0:00:00,0,0,0
2062,2019-06-20 14:30:00,2019-06-20 14:45:00,0,0,0:15:00,0:00:00,0,0,0
2062,2019-06-20 14:45:00,2019-06-20 15:00:00,0,1,0:15:00,0:00:00,0,0,0
2062,2019-06-20 15:00:00,2019-06-20 15:15:00,0,0,0:15:00,0:00:00,0,0,0
2062,2019-06-20 15:15:00,2019-06-20 15:30:00,0,0,0:15:00,0:00:00,0,0,0
2062,2019-06-20 15:30:00,2019-06-20 15:45:00,6,23,0:04:31,0:10:29,2,1,1
2062,2019-06-20 15:45:00,2019-06-20 16:00:00,10,19,0:00:00,0:15:00,0,0,0
2062,2019-06-20 16:00:00,2019-06-20 16:15:00,11,20,0:00:00,0:15:00,0,0,0
2062,2019-06-20 16:15:00,2019-06-20 16:30:00,11,41,0:03:12,0:11:48,1,0,1
2062,2019-06-20 16:30:00,2019-06-20 16:45:00,0,13,0:15:00,0:00:00,0,0,0
2062,2019-06-20 16:45:00,2019-06-20 17:00:00,0,2,0:15:00,0:00:00,0,0,0
2062,2019-06-20 17:00:00,2019-06-20 17:15:00,8,24,0:06:02,0:08:58,2,1,1
2062,2019-06-20 17:15:00,2019-06-20 17:30:00,24,43,0:00:44,0:14:16,5,2,3
2062,2019-06-20 17:30:00,2019-06-20 17:45:00,11,30,0:00:00,0:15:00,0,0,0
2062,2019-06-20 17:45:00,2019-06-20 18:00:00,10,64,0:06:59,0:08:01,11,5,6
2062,2019-06-20 18:00:00,2019-06-20 18:15:00,0,0,0:15:00,0:00:00,0,0,0
2062,2019-06-20 18:15:00,2019-06-20 18:30:00,2,6,0:13:27,0:01:33,3,1,2
2062,2019-06-20 18:30:00,2019-06-20 18:45:00,14,28,0:02:27,0:12:33,15,7,8
2062,2019-06-20 18:45:00,2019-06-20 19:00:00,5,16,0:00:01,0:14:59,1,0,1
2062,2019-06-20 19:00:00,2019-06-20 19:15:00,1,7,0:12:56,0:02:04,1,0,1
2062,2019-06-20 19:15:00,2019-06-20 19:30:00,0,0,0:15:00,0:00:00,0,0,0
2062,2019-06-20 19:30:00,2019-06-20 19:45:00,0,4,0:15:00,0:00:00,0,0,0
2062,2019-06-20 19:45:00,2019-06-20 20:00:00,13,53,0:03:32,0:11:28,9,4,5
2062,2019-06-20 20:00:00,2019-06-20 20:15:00,15,38,0:01:39,0:13:21,9,4,5
2062,2019-06-20 20:15:00,2019-06-20 20:30:00,9,26,0:01:49,0:13:11,9,4,5
2062,2019-06-20 20:30:00,2019-06-20 20:45:00,15,30,0:00:20,0:14:40,1,0,1
2062,2019-06-20 20:45:00,2019-06-20 21:00:00,15,43,0:00:03,0:14:57,3,1,2
2062,2019-06-20 21:00:00,2019-06-20 21:15:00,1,19,0:12:51,0:02:09,1,0,1
2062,2019-06-20 21:15:00,2019-06-20 21:30:00,0,0,0:15:00,0:00:00,0,0,0
2062,2019-06-20 21:30:00,2019-06-20 21:45:00,1,18,0:13:01,0:01:59,0,0,0
2062,2019-06-20 21:45:00,2019-06-20 22:00:00,6,18,0:06:35,0:08:25,2,1,1
2062,2019-06-20 22:00:00,2019-06-20 22:15:00,0,2,0:15:00,0:00:00,0,0,0
2062,2019-06-20 22:15:00,2019-06-20 22:30:00,0,0,0:15:00,0:00:00,0,0,0
2062,2019-06-20 22:30:00,2019-06-20 22:45:00,0,2,0:15:00,0:00:00,0,0,0
2062,2019-06-20 22:45:00,2019-06-20 23:00:00,0,1,0:15:00,0:00:00,0,0,0
2062,2019-06-20 23:00:00,2019-06-20 23:15:00,7,33,0:02:23,0:12:37,0,0,0
2062,2019-06-20 23:15:00,2019-06-20 23:30:00,14,31,0:01:53,0:13:07,2,1,1
2062,2019-06-20 23:30:00,2019-06-20 23:45:00,0,0,0:15:00,0:00:00,0,0,0
2062,2019-06-20 23:45:00,2019-06-21 00:00:00,0,2,0:15:00,0:00:00,0,0,0
2062,2019-06-21 00:00:00,2019-06-21 00:15:00,0,0,0:15:00,0:00:00,0,0,0
2062,2019-06-21 00:15:00,2019-06-21 00:30:00,0,0,0:15:00,0:00:00,0,0,0
2062,2019-06-21 00:30:00,2019-06-21 00:45:00,0,1,0:15:00,0:00:00,0,0,0
2062,2019-06-21 00:45:00,2019-06-21 01:00:00,0,0,0:15:00,0:00:00,0,0,0
2062,2019-06-21 01:00:00,2019-06-21 01:15:00,6,19,0:04:51,0:10:09,0,0,0
2062,2019-06-21 01:15:00,2019-06-21 01:30:00,4,19,0:08:47,0:06:13,1,0,1
2062,2019-06-21 01:30:00,2019-06-21 01:45:00,0,1,0:15:00,0:00:00,0,0,0
2062,2019-06-21 01:45:00,2019-06-21 02:00:00,0,0,0:15:00,0:00:00,0,0,0
2062,2019-06-21 02:00:00,2019-06-21 02:15:00,0,3,0:15:00,0:00:00,0,0,0
2062,2019-06-21 02:15:00,2019-06-21 02:30:00,0,0,0:15:00,0:00:00,0,0,0
2062,2019-06-21 02:30:00,2019-06-21 02:45:00,0,0,0:15:00,0:00:00,0,0,0
2062,2019-06-21 02:45:00,2019-06-21 03:00:00,5,34,0:10:39,0:04:21,1,0,1
2062,2019-06-21 03:00:00,2019-06-21 03:15:00,0,0,0:15:00,0:00:00,0,0,0
2062,2019-06-21 03:15:00,2019-06-21 03:30:00,0,0,0:15:00,0:00:00,0,0,0
2062,2019-06-21 03:30:00,2019-06-21 03:45:00,0,0,0:15:00,0:00:00,0,0,0
2062,2019-06-21 03:45:00,2019-06-21 04:00:00,0,0,0:15:00,0:00:00,0,0,0
2062,2019-06-21 04:00:00,2019-06-21 04:15:00,0,0,0:15:00,0:00:00,0,0,0
2062,2019-06-21 04:15:00,2019-06-21 04:30:00,0,0,0:15:00,0:00:00,0,0,0
2062,2019-06-21 04:30:00,2019-06-21 04:45:00,0,0,0:15:00,0:00:00,0,0,0
2062,2019-06-21 04:45:00,2019-06-21 05:00:00,10,29,0:09:44,0:05:16,1,0,1
2062,2019-06-21 05:00:00,2019-06-21 05:15:00,1,9,0:12:21,0:02:39,0,0,0
2062,2019-06-21 05:15:00,2019-06-21 05:30:00,8,14,0:00:00,0:15:00,0,0,0
2062,2019-06-21 05:30:00,2019-06-21 05:45:00,7,11,0:00:00,0:15:00,0,0,0
2062,2019-06-21 05:45:00,2019-06-21 06:00:00,20,29,0:00:08,0:14:52,1,0,1
2062,2019-06-21 06:00:00,2019-06-21 06:15:00,11,11,0:00:00,0:15:00,0,0,0
2062,2019-06-21 06:15:00,2019-06-21 06:30:00,10,22,0:00:00,0:15:00,0,0,0
2062,2019-06-21 06:30:00,2019-06-21 06:45:00,7,15,0:00:10,0:14:50,4,2,2
2062,2019-06-21 06:45:00,2019-06-21 07:00:00,13,24,0:00:01,0:14:59,1,0,1
2062,2019-06-21 07:00:00,2019-06-21 07:15:00,17,49,0:00:15,0:14:45,1,0,1
2062,2019-06-21 07:15:00,2019-06-21 07:30:00,16,49,0:03:37,0:11:23,4,2,2
2062,2019-06-21 07:30:00,2019-06-21 07:45:00,0,0,0:15:00,0:00:00,0,0,0
2062,2019-06-21 07:45:00,2019-06-21 08:00:00,0,0,0:15:00,0:00:00,0,0,0
2062,2019-06-21 08:00:00,2019-06-21 08:15:00,0,0,0:15:00,0:00:00,0,0,0
2062,2019-06-21 08:15:00,2019-06-21 08:30:00,0,3,0:15:00,0:00:00,0,0,0
2062,2019-06-21 08:30:00,2019-06-21 08:45:00,0,0,0:15:00,0:00:00,0,0,0
2062,2019-06-21 08:45:00,2019-06-21 09:00:00,0,10,0:15:00,0:00:00,0,0,0
2062,2019-06-21 09:00:00,2019-06-21 09:15:00,0,4,0:15:00,0:00:00,0,0,0
2062,2019-06-21 09:15:00,2019-06-21 09:30:00,11,30,0:00:51,0:14:09,2,1,1
2062,2019-06-21 09:30:00,2019-06-21 09:45:00,12,22,0:00:00,0:15:00,0,0,0
2062,2019-06-21 09:45:00,2019-06-21 10:00:00,10,16,0:00:00,0:15:00,0,0,0
2062,2019-06-21 10:00:00,2019-06-21 10:15:00,9,15,0:00:00,0:15:00,0,0,0
2062,2019-06-21 10:15:00,2019-06-21 10:30:00,6,16,0:00:00,0:15:00,0,0,0
2062,2019-06-21 10:30:00,2019-06-21 10:45:00,15,20,0:00:00,0:15:00,0,0,0
2062,2019-06-21 10:45:00,2019-06-21 11:00:00,8,40,0:03:24,0:11:36,2,1,1
2062,2019-06-21 11:00:00,2019-06-21 11:15:00,10,12,0:00:00,0:15:00,0,0,0
2062,2019-06-21 11:15:00,2019-06-21 11:30:00,9,11,0:00:00,0:15:00,0,0,0
2062,2019-06-21 11:30:00,2019-06-21 11:45:00,7,16,0:12:07,0:02:53,3,1,2
2062,2019-06-21 11:45:00,2019-06-21 12:00:00,0,2,0:15:00,0:00:00,0,0,0
2062,2019-06-21 12:00:00,2019-06-21 12:15:00,5,20,0:03:22,0:11:38,0,0,0
2062,2019-06-21 12:15:00,2019-06-21 12:30:00,3,10,0:00:00,0:15:00,0,0,0
2062,2019-06-21 12:30:00,2019-06-21 12:45:00,13,26,0:00:00,0:15:00,0,0,0
2062,2019-06-21 12:45:00,2019-06-21 13:00:00,16,25,0:00:04,0:14:56,2,1,1
2062,2019-06-21 13:00:00,2019-06-21 13:15:00,19,62,0:06:10,0:08:50,3,1,2
2062,2019-06-21 13:15:00,2019-06-21 13:30:00,3,13,0:11:12,0:03:48,0,0,0
2062,2019-06-21 13:30:00,2019-06-21 13:45:00,13,24,0:00:01,0:14:59,1,0,1
2062,2019-06-21 13:45:00,2019-06-21 14:00:00,11,29,0:01:01,0:13:59,1,0,1
2062,2019-06-21 14:00:00,2019-06-21 14:15:00,0,0,0:15:00,0:00:00,0,0,0
2062,2019-06-21 14:15:00,2019-06-21 14:30:00,0,0,0:15:00,0:00:00,0,0,0
2062,2019-06-21 14:30:00,2019-06-21 14:45:00,0,0,0:15:00,0:00:00,0,0,0
2062,2019-06-21 14:45:00,2019-06-21 15:00:00,0,0,0:15:00,0:00:00,0,0,0
2062,2019-06-21 15:00:00,2019-06-21 15:15:00,3,19,0:08:51,0:06:09,2,1,1
2062,2019-06-21 15:15:00,2019-06-21 15:30:00,8,14,0:00:16,0:14:44,1,0,1
2062,2019-06-21 15:30:00,2019-06-21 15:45:00,10,18,0:06:49,0:08:11,1,0,1
2062,2019-06-21 15:45:00,2019-06-21 16:00:00,11,27,0:07:08,0:07:52,1,0,1
2062,2019-06-21 16:00:00,2019-06-21 16:15:00,17,41,0:00:14,0:14:46,5,2,3
2062,2019-06-21 16:15:00,2019-06-21 16:30:00,15,25,0:00:19,0:14:41,3,1,2
2062,2019-06-21 16:30:00,2019-06-21 16:45:00,3,9,0:12:58,0:02:02,2,1,1
2062,2019-06-21 16:45:00,2019-06-21 17:00:00,3,22,0:06:52,0:08:08,2,1,1
2062,2019-06-21 17:00:00,2019-06-21 17:15:00,17,25,0:00:25,0:14:35,4,2,2
2062,2019-06-21 17:15:00,2019-06-21 17:30:00,15,31,0:01:07,0:13:53,5,2,3
2062,2019-06-21 17:30:00,2019-06-21 17:45:00,15,35,0:07:18,0:07:42,2,1,1
2062,2019-06-21 17:45:00,2019-06-21 18:00:00,0,0,0:15:00,0:00:00,0,0,0
2062,2019-06-21 18:00:00,2019-06-21 18:15:00,0,1,0:15:00,0:00:00,0,0,0
2062,2019-06-21 18:15:00,2019-06-21 18:30:00,0,0,0:15:00,0:00:00,0,0,0
2062,2019-06-21 18:30:00,2019-06-21 18:45:00,9,27,0:01:19,0:13:41,1,0,1
2062,2019-06-21 18:45:00,2019-06-21 19:00:00,9,19,0:00:16,0:14:44,4,2,2
2062,2019-06-21 19:00:00,2019-06-21 19:15:00,16,47,0:02:00,0:13:00,8,4,4
2062,2019-06-21 19:15:00,2019-06-21 19:30:00,0,0,0:15:00,0:00:00,0,0,0
2062,2019-06-21 19:30:00,2019-06-21 19:45:00,0,0,0:15:00,0:00:00,0,0,0
2062,2019-06-21 19:45:00,2019-06-21 20:00:00,0,0,0:15:00,0:00:00,0,0,0
2062,2019-06-21 20:00:00,2019-06-21 20:15:00,16,44,0:02:05,0:12:55,10,5,5
2062,2019-06-21 20:15:00,2019-06-21 20:30:00,16,38,0:00:01,0:14:59,1,0,1
2062,2019-06-21 20:30:00,2019-06-21 20:45:00,17,32,0:00:04,0:14:56,2,1,1
2062,2019-06-21 20:45:00,2019-06-21 21:00:00,20,28,0:00:01,0:14:59,1,0,1
2062,2019-06-21 21:00:00,2019-06-21 21:15:00,14,43,0:04:59,0:10:01,1,0,1
2062,2019-06-21 21:15:00,2019-06-21 21:30:00,0,0,0:15:00,0:00:00,0,0,0
2062,2019-06-21 21:30:00,2019-06-21 21:45:00,0,0,0:15:00,0:00:00,0,0,0
2062,2019-06-21 21:45:00,2019-06-21 22:00:00,0,1,0:15:00,0:00:00,0,0,0
2062,2019-06-21 22:00:00,2019-06-21 22:15:00,10,26,0:02:59,0:12:01,2,1,1
2062,2019-06-21 22:15:00,2019-06-21 22:30:00,12,31,0:09:36,0:05:24,1,0,1
2062,2019-06-21 22:30:00,2019-06-21 22:45:00,0,7,0:15:00,0:00:00,0,0,0
2062,2019-06-21 22:45:00,2019-06-21 23:00:00,0,14,0:07:58,0:07:02,0,0,0
2062,2019-06-21 23:00:00,2019-06-21 23:15:00,10,18,0:04:43,0:10:17,2,1,1
2062,2019-06-21 23:15:00,2019-06-21 23:30:00,0,0,0:15:00,0:00:00,0,0,0
2062,2019-06-21 23:30:00,2019-06-21 23:45:00,0,0,0:15:00,0:00:00,0,0,0
2062,2019-06-21 23:45:00,2019-06-22 00:00:00,0,0,0:15:00,0:00:00,0,0,0
2062,2019-06-22 00:00:00,2019-06-22 00:15:00,0,0,0:15:00,0:00:00,0,0,0
2062,2019-06-22 00:15:00,2019-06-22 00:30:00,0,10,0:09:20,0:05:40,2,1,1
2062,2019-06-22 00:30:00,2019-06-22 00:45:00,11,19,0:06:22,0:08:38,1,0,1
2062,2019-06-22 00:45:00,2019-06-22 01:00:00,0,2,0:15:00,0:00:00,0,0,0
2062,2019-06-22 01:00:00,2019-06-22 01:15:00,0,1,0:15:00,0:00:00,0,0,0
2062,2019-06-22 01:15:00,2019-06-22 01:30:00,0,0,0:15:00,0:00:00,0,0,0
2062,2019-06-22 01:30:00,2019-06-22 01:45:00,0,3,0:15:00,0:00:00,0,0,0
2062,2019-06-22 01:45:00,2019-06-22 02:00:00,5,36,0:07:34,0:07:26,1,0,1
2062,2019-06-22 02:00:00,2019-06-22 02:15:00,0,0,0:15:00,0:00:00,0,0,0
2062,2019-06-22 02:15:00,2019-06-22 02:30:00,0,1,0:15:00,0:00:00,0,0,0
2062,2019-06-22 02:30:00,2019-06-22 02:45:00,0,0,0:15:00,0:00:00,0,0,0
2062,2019-06-22 02:45:00,2019-06-22 03:00:00,0,0,0:15:00,0:00:00,0,0,0
2062,2019-06-22 03:00:00,2019-06-22 03:15:00,0,1,0:15:00,0:00:00,0,0,0
2062,2019-06-22 03:15:00,2019-06-22 03:30:00,0,2,0:15:00,0:00:00,0,0,0
2062,2019-06-22 03:30:00,2019-06-22 03:45:00,0,0,0:15:00,0:00:00,0,0,0
2062,2019-06-22 03:45:00,2019-06-22 04:00:00,0,1,0:15:00,0:00:00,0,0,0
2062,2019-06-22 04:00:00,2019-06-22 04:15:00,2,11,0:11:11,0:03:49,0,0,0
2062,2019-06-22 04:15:00,2019-06-22 04:30:00,1,6,0:14:51,0:00:09,1,0,1
2062,2019-06-22 04:30:00,2019-06-22 04:45:00,0,0,0:15:00,0:00:00,0,0,0
2062,2019-06-22 04:45:00,2019-06-22 05:00:00,0,5,0:15:00,0:00:00,0,0,0
2062,2019-06-22 05:00:00,2019-06-22 05:15:00,2,14,0:12:21,0:02:39,0,0,0
2062,2019-06-22 05:15:00,2019-06-22 05:30:00,9,9,0:00:00,0:15:00,0,0,0
2062,2019-06-22 05:30:00,2019-06-22 05:45:00,5,21,0:00:43,0:14:17,4,2,2
2062,2019-06-22 05:45:00,2019-06-22 06:00:00,2,4,0:00:00,0:15:00,0,0,0
2062,2019-06-22 06:00:00,2019-06-22 06:15:00,5,7,0:00:03,0:14:57,1,0,1
2062,2019-06-22 06:15:00,2019-06-22 06:30:00,6,16,0:00:07,0:14:53,3,1,2
2062,2019-06-22 06:30:00,2019-06-22 06:45:00,15,20,0:00:16,0:14:44,2,1,1
2062,2019-06-22 06:45:00,2019-06-22 07:00:00,14,34,0:00:25,0:14:35,4,2,2
2062,2019-06-22 07:00:00,2019-06-22 07:15:00,10,25,0:02:54,0:12:06,5,2,3
2062,2019-06-22 07:15:00,2019-06-22 07:30:00,0,0,0:15:00,0:00:00,0,0,0
2062,2019-06-22 07:30:00,2019-06-22 07:45:00,0,0,0:15:00,0:00:00,0,0,0
2062,2019-06-22 07:45:00,2019-06-22 08:00:00,0,3,0:15:00,0:00:00,0,0,0
2062,2019-06-22 08:00:00,2019-06-22 08:15:00,0,0,0:15:00,0:00:00,0,0,0
2062,2019-06-22 08:15:00,2019-06-22 08:30:00,1,17,0:13:37,0:01:23,0,0,0
2062,2019-06-22 08:30:00,2019-06-22 08:45:00,12,21,0:00:13,0:14:47,6,3,3
2062,2019-06-22 08:45:00,2019-06-22 09:00:00,12,22,0:00:13,0:14:47,3,1,2
2062,2019-06-22 09:00:00,2019-06-22 09:15:00,11,25,0:03:39,0:11:21,2,1,1
2062,2019-06-22 09:15:00,2019-06-22 09:30:00,0,2,0:15:00,0:00:00,0,0,0
2062,2019-06-22 09:30:00,2019-06-22 09:45:00,0,0,0:15:00,0:00:00,0,0,0
2062,2019-06-22 09:45:00,2019-06-22 10:00:00,0,3,0:15:00,0:00:00,0,0,0
2062,2019-06-22 10:00:00,2019-06-22 10:15:00,0,2,0:15:00,0:00:00,0,0,0
2062,2019-06-22 10:15:00,2019-06-22 10:30:00,4,21,0:10:12,0:04:48,2,1,1
2062,2019-06-22 10:30:00,2019-06-22 10:45:00,15,23,0:00:23,0:14:37,2,1,1
2062,2019-06-22 10:45:00,2019-06-22 11:00:00,22,45,0:00:25,0:14:35,3,1,2
2062,2019-06-22 11:00:00,2019-06-22 11:15:00,7,14,0:09:02,0:05:58,1,0,1
2062,2019-06-22 11:15:00,2019-06-22 11:30:00,0,0,0:15:00,0:00:00,0,0,0
2062,2019-06-22 11:30:00,2019-06-22 11:45:00,0,0,0:15:00,0:00:00,0,0,0
2062,2019-06-22 11:45:00,2019-06-22 12:00:00,0,2,0:15:00,0:00:00,0,0,0
2062,2019-06-22 12:00:00,2019-06-22 12:15:00,0,0,0:15:00,0:00:00,0,0,0
2062,2019-06-22 12:15:00,2019-06-22 12:30:00,0,0,0:15:00,0:00:00,0,0,0
2062,2019-06-22 12:30:00,2019-06-22 12:45:00,22,48,0:01:35,0:13:25,3,1,2
2062,2019-06-22 12:45:00,2019-06-22 13:00:00,14,31,0:01:01,0:13:59,6,3,3
2062,2019-06-22 13:00:00,2019-06-22 13:15:00,16,27,0:00:30,0:14:30,3,1,2
2062,2019-06-22 13:15:00,2019-06-22 13:30:00,9,16,0:00:00,0:15:00,0,0,0
2062,2019-06-22 13:30:00,2019-06-22 13:45:00,12,24,0:00:00,0:15:00,0,0,0
2062,2019-06-22 13:45:00,2019-06-22 14:00:00,14,18,0:00:00,0:15:00,0,0,0
2062,2019-06-22 14:00:00,2019-06-22 14:15:00,16,23,0:07:19,0:07:41,1,0,1
2062,2019-06-22 14:15:00,2019-06-22 14:30:00,0,0,0:15:00,0:00:00,0,0,0
2062,2019-06-22 14:30:00,2019-06-22 14:45:00,0,2,0:15:00,0:00:00,0,0,0
2062,2019-06-22 14:45:00,2019-06-22 15:00:00,0,0,0:15:00,0:00:00,0,0,0
2062,2019-06-22 15:00:00,2019-06-22 15:15:00,0,1,0:15:00,0:00:00,0,0,0
2062,2019-06-22 15:15:00,2019-06-22 15:30:00,0,13,0:14:16,0:00:44,0,0,0
2062,2019-06-22 15:30:00,2019-06-22 15:45:00,10,19,0:00:00,0:15:00,0,0,0
2062,2019-06-22 15:45:00,2019-06-22 16:00:00,11,26,0:00:08,0:14:52,1,0,1
2062,2019-06-22 16:00:00,2019-06-22 16:15:00,16,30,0:02:46,0:12:14,3,1,2
2062,2019-06-22 16:15:00,2019-06-22 16:30:00,0,5,0:15:00,0:00:00,0,0,0
2062,2019-06-22 16:30:00,2019-06-22 16:45:00,0,1,0:15:00,0:00:00,0,0,0
2062,2019-06-22 16:45:00,2019-06-22 17:00:00,1,12,0:13:47,0:01:13,0,0,0
2062,2019-06-22 17:00:00,2019-06-22 17:15:00,18,21,0:00:00,0:15:00,0,0,0
2062,2019-06-22 17:15:00,2019-06-22 17:30:00,15,33,0:00:09,0:14:51,1,0,1
2062,2019-06-22 17:30:00,2019-06-22 17:45:00,13,24,0:00:03,0:14:57,1,0,1
2062,2019-06-22 17:45:00,2019-06-22 18:00:00,14,38,0:03:59,0:11:01,3,1,2
2062,2019-06-22 18:00:00,2019-06-22 18:15:00,0,0,0:15:00,0:00:00,0,0,0
2062,2019-06-22 18:15:00,2019-06-22 18:30:00,0,1,0:15:00,0:00:00,0,0,0
2062,2019-06-22 18:30:00,2019-06-22 18:45:00,6,13,0:10:39,0:04:21,0,0,0
2062,2019-06-22 18:45:00,2019-06-22 19:00:00,19,34,0:00:48,0:14:12,5,2,3
2062,2019-06-22 19:00:00,2019-06-22 19:15:00,9,20,0:00:59,0:14:01,5,2,3
2062,2019-06-22 19:15:00,2019-06-22 19:30:00,12,29,0:00:28,0:14:32,3,1,2
2062,2019-06-22 19:30:00,2019-06-22 19:45:00,13,31,0:02:08,0:12:52,3,1,2
2062,2019-06-22 19:45:00,2019-06-22 20:00:00,19,45,0:01:15,0:13:45,7,3,4
2062,2019-06-22 20:00:00,2019-06-22 20:15:00,14,18,0:00:04,0:14:56,2,1,1
2062,2019-06-22 20:15:00,2019-06-22 20:30:00,11,42,0:04:07,0:10:53,2,1,1
2062,2019-06-22 20:30:00,2019-06-22 20:45:00,0,8,0:15:00,0:00:00,0,0,0
2062,2019-06-22 20:45:00,2019-06-22 21:00:00,6,21,0:07:05,0:07:55,0,0,0
2062,2019-06-22 21:00:00,2019-06-22 21:15:00,13,22,0:00:00,0:15:00,0,0,0
2062,2019-06-22 21:15:00,2019-06-22 21:30:00,9,25,0:01:51,0:13:09,2,1,1
2062,2019-06-22 21:30:00,2019-06-22 21:45:00,0,0,0:15:00,0:00:00,0,0,0
2062,2019-06-22 21:45:00,2019-06-22 22:00:00,0,0,0:15:00,0:00:00,0,0,0
2062,2019-06-22 22:00:00,2019-06-22 22:15:00,6,18,0:05:42,0:09:18,0,0,0
2062,2019-06-22 22:15:00,2019-06-22 22:30:00,11,19,0:04:17,0:10:43,1,0,1
2062,2019-06-22 22:30:00,2019-06-22 22:45:00,0,5,0:15:00,0:00:00,0,0,0
2062,2019-06-22 22:45:00,2019-06-22 23:00:00,0,3,0:15:00,0:00:00,0,0,0
2062,2019-06-22 23:00:00,2019-06-22 23:15:00,0,5,0:15:00,0:00:00,0,0,0
2062,2019-06-22 23:15:00,2019-06-22 23:30:00,18,40,0:00:54,0:14:06,1,0,1
2062,2019-06-22 23:30:00,2019-06-22 23:45:00,0,0,0:15:00,0:00:00,0,0,0
2062,2019-06-22 23:45:00,2019-06-23 00:00:00,0,2,0:15:00,0:00:00,0,0,0
2062,2019-06-23 00:00:00,2019-06-23 00:15:00,0,0,0:15:00,0:00:00,0,0,0
2062,2019-06-23 00:15:00,2019-06-23 00:30:00,0,0,0:15:00,0:00:00,0,0,0
2062,2019-06-23 00:30:00,2019-06-23 00:45:00,0,0,0:15:00,0:00:00,0,0,0
2062,2019-06-23 00:45:00,2019-06-23 01:00:00,6,19,0:02:06,0:12:54,1,0,1
2062,2019-06-23 01:00:00,2019-06-23 01:15:00,10,10,0:07:57,0:07:03,1,0,1
2062,2019-06-23 01:15:00,2019-06-23 01:30:00,0,0,0:15:00,0:00:00,0,0,0
2062,2019-06-23 01:30:00,2019-06-23 01:45:00,0,1,0:15:00,0:00:00,0,0,0
2062,2019-06-23 01:45:00,2019-06-23 02:00:00,0,1,0:15:00,0:00:00,0,0,0
2062,2019-06-23 02:00:00,2019-06-23 02:15:00,0,10,0:15:00,0:00:00,0,0,0
2062,2019-06-23 02:15:00,2019-06-23 02:30:00,2,21,0:11:49,0:03:11,0,0,0
2062,2019-06-23 02:30:00,2019-06-23 02:45:00,0,13,0:13:08,0:01:52,1,0,1
2062,2019-06-23 02:45:00,2019-06-23 03:00:00,0,3,0:15:00,0:00:00,0,0,0
2062,2019-06-23 03:00:00,2019-06-23 03:15:00,0,0,0:15:00,0:00:00,0,0,0
2062,2019-06-23 03:15:00,2019-06-23 03:30:00,0,4,0:15:00,0:00:00,0,0,0
2062,2019-06-23 03:30:00,2019-06-23 03:45:00,0,1,0:15:00,0:00:00,0,0,0
2062,2019-06-23 03:45:00,2019-06-23 04:00:00,0,0,0:15:00,0:00:00,0,0,0
2062,2019-06-23 04:00:00,2019-06-23 04:15:00,0,0,0:15:00,0:00:00,0,0,0
2062,2019-06-23 04:15:00,2019-06-23 04:30:00,9,33,0:08:02,0:06:58,1,0,1
2062,2019-06-23 04:30:00,2019-06-23 04:45:00,0,0,0:15:00,0:00:00,0,0,0
2062,2019-06-23 04:45:00,2019-06-23 05:00:00,0,0,0:15:00,0:00:00,0,0,0
2062,2019-06-23 05:00:00,2019-06-23 05:15:00,2,11,0:11:38,0:03:22,0,0,0
2062,2019-06-23 05:15:00,2019-06-23 05:30:00,6,8,0:00:00,0:15:00,0,0,0
2062,2019-06-23 05:30:00,2019-06-23 05:45:00,16,25,0:00:00,0:15:00,0,0,0
2062,2019-06-23 05:45:00,2019-06-23 06:00:00,10,67,0:00:01,0:14:59,1,0,1
2062,2019-06-23 06:00:00,2019-06-23 06:15:00,4,7,0:00:00,0:15:00,0,0,0
2062,2019-06-23 06:15:00,2019-06-23 06:30:00,11,31,0:00:31,0:14:29,6,3,3
2062,2019-06-23 06:30:00,2019-06-23 06:45:00,13,16,0:00:01,0:14:59,1,0,1
2062,2019-06-23 06:45:00,2019-06-23 07:00:00,13,21,0:00:16,0:14:44,2,1,1
2062,2019-06-23 07:00:00,2019-06-23 07:15:00,6,24,0:09:53,0:05:07,2,1,1
2062,2019-06-23 07:15:00,2019-06-23 07:30:00,0,0,0:15:00,0:00:00,0,0,0
2062,2019-06-23 07:30:00,2019-06-23 07:45:00,0,0,0:15:00,0:00:00,0,0,0
2062,2019-06-23 07:45:00,2019-06-23 08:00:00,0,5,0:15:00,0:00:00,0,0,0
2062,2019-06-23 08:00:00,2019-06-23 08:15:00,0,0,0:15:00,0:00:00,0,0,0
2062,2019-06-23 08:15:00,2019-06-23 08:30:00,0,0,0:15:00,0:00:00,0,0,0
2062,2019-06-23 08:30:00,2019-06-23 08:45:00,4,15,0:07:12,0:07:48,1,0,1
2062,2019-06-23 08:45:00,2019-06-23 09:00:00,11,15,0:00:46,0:14:14,7,3,4
2062,2019-06-23 09:00:00,2019-06-23 09:15:00,10,35,0:04:36,0:10:24,13,6,7
2062,2019-06-23 09:15:00,2019-06-23 09:30:00,0,0,0:15:00,0:00:00,0,0,0
2062,2019-06-23 09:30:00,2019-06-23 09:45:00,0,0,0:15:00,0:00:00,0,0,0
2062,2019-06-23 09:45:00,2019-06-23 10:00:00,0,1,0:15:00,0:00:00,0,0,0
2062,2019-06-23 10:00:00,2019-06-23 10:15:00,0,5,0:15:00,0:00:00,0,0,0
2062,2019-06-23 10:15:00,2019-06-23 10:30:00,0,4,0:15:00,0:00:00,0,0,0
2062,2019-06-23 10:30:00,2019-06-23 10:45:00,1,11,0:08:47,0:06:13,0,0,0
2062,2019-06-23 10:45:00,2019-06-23 11:00:00,11,21,0:00:11,0:14:49,5,2,3
2062,2019-06-23 11:00:00,2019-06-23 11:15:00,15,31,0:00:00,0:15:00,0,0,0
2062,2019-06-23 11:15:00,2019-06-23 11:30:00,8,25,0:04:39,0:10:21,5,2,3
2062,2019-06-23 11:30:00,2019-06-23 11:45:00,2,14,0:13:08,0:01:52,1,0,1
2062,2019-06-23 11:45:00,2019-06-23 12:00:00,0,0,0:15:00,0:00:00,0,0,0
2062,2019-06-23 12:00:00,2019-06-23 12:15:00,0,0,0:15:00,0:00:00,0,0,0
2062,2019-06-23 12:15:00,2019-06-23 12:30:00,0,3,0:15:00,0:00:00,0,0,0
2062,2019-06-23 12:30:00,2019-06-23 12:45:00,0,0,0:15:00,0:00:00,0,0,0
2062,2019-06-23 12:45:00,2019-06-23 13:00:00,0,0,0:15:00,0:00:00,0,0,0
2062,2019-06-23 13:00:00,2019-06-23 13:15:00,0,2,0:15:00,0:00:00,0,0,0
2062,2019-06-23 13:15:00,2019-06-23 13:30:00,7,23,0:03:53,0:11:07,4,2,2
2062,2019-06-23 13:30:00,2019-06-23 13:45:00,17,37,0:00:06,0:14:54,2,1,1
2062,2019-06-23 13:45:00,2019-06-23 14:00:00,15,27,0:00:27,0:14:33,3,1,2
2062,2019-06-23 14:00:00,2019-06-23 14:15:00,11,23,0:04:46,0:10:14,1,0,1
2062,2019-06-23 14:15:00,2019-06-23 14:30:00,0,2,0:15:00,0:00:00,0,0,0
2062,2019-06-23 14:30:00,2019-06-23 14:45:00,0,3,0:15:00,0:00:00,0,0,0
2062,2019-06-23 14:45:00,2019-06-23 15:00:00,0,0,0:15:00,0:00:00,0,0,0
2062,2019-06-23 15:00:00,2019-06-23 15:15:00,11,25,0:05:37,0:09:23,1,0,1
2062,2019-06-23 15:15:00,2019-06-23 15:30:00,17,22,0:00:01,0:14:59,1,0,1
2062,2019-06-23 15:30:00,2019-06-23 15:45:00,20,32,0:00:03,0:14:57,3,1,2
2062,2019-06-23 15:45:00,2019-06-23 16:00:00,11,13,0:00:01,0:14:59,1,0,1
2062,2019-06-23 16:00:00,2019-06-23 16:15:00,14,27,0:01:29,0:13:31,3,1,2
2062,2019-06-23 16:15:00,2019-06-23 16:30:00,0,0,0:15:00,0:00:00,0,0,0
2062,2019-06-23 16:30:00,2019-06-23 16:45:00,0,3,0:15:00,0:00:00,0,0,0
2062,2019-06-23 16:45:00,2019-06-23 17:00:00,3,7,0:13:01,0:01:59,0,0,0
2062,2019-06-23 17:00:00,2019-06-23 17:15:00,20,28,0:00:00,0:15:00,0,0,0
2062,2019-06-23 17:15:00,2019-06-23 17:30:00,16,18,0:00:00,0:15:00,0,0,0
2062,2019-06-23 17:30:00,2019-06-23 17:45:00,15,26,0:02:03,0:12:57,11,5,6
2062,2019-06-23 17:45:00,2019-06-23 18:00:00,5,19,0:13:00,0:02:00,1,0,1
2062,2019-06-23 18:00:00,2019-06-23 18:15:00,0,0,0:15:00,0:00:00,0,0,0
2062,2019-06-23 18:15:00,2019-06-23 18:30:00,5,17,0:05:56,0:09:04,0,0,0
2062,2019-06-23 18:30:00,2019-06-23 18:45:00,8,16,0:00:00,0:15:00,0,0,0
2062,2019-06-23 18:45:00,2019-06-23 19:00:00,7,22,0:11:07,0:03:53,4,2,2
2062,2019-06-23 19:00:00,2019-06-23 19:15:00,0,0,0:15:00,0:00:00,0,0,0
2062,2019-06-23 19:15:00,2019-06-23 19:30:00,0,15,0:15:00,0:00:00,0,0,0
2062,2019-06-23 19:30:00,2019-06-23 19:45:00,11,33,0:00:37,0:14:23,2,1,1
2062,2019-06-23 19:45:00,2019-06-23 20:00:00,24,43,0:00:04,0:14:56,1,0,1
2062,2019-06-23 20:00:00,2019-06-23 20:15:00,19,31,0:00:03,0:14:57,1,0,1
2062,2019-06-23 20:15:00,2019-06-23 20:30:00,21,48,0:00:10,0:14:50,3,1,2
2062,2019-06-23 20:30:00,2019-06-23 20:45:00,20,33,0:00:10,0:14:50,2,1,1
2062,2019-06-23 20:45:00,2019-06-23 21:00:00,5,23,0:07:47,0:07:13,1,0,1
2062,2019-06-23 21:00:00,2019-06-23 21:15:00,0,0,0:15:00,0:00:00,0,0,0
2062,2019-06-23 21:15:00,2019-06-23 21:30:00,3,14,0:06:41,0:08:19,0,0,0
2062,2019-06-23 21:30:00,2019-06-23 21:45:00,8,24,0:06:32,0:08:28,1,0,1
2062,2019-06-23 21:45:00,2019-06-23 22:00:00,0,0,0:15:00,0:00:00,0,0,0
2062,2019-06-23 22:00:00,2019-06-23 22:15:00,0,11,0:13:15,0:01:45,0,0,0
2062,2019-06-23 22:15:00,2019-06-23 22:30:00,11,15,0:00:15,0:14:45,1,0,1
2062,2019-06-23 22:30:00,2019-06-23 22:45:00,5,16,0:10:47,0:04:13,1,0,1
2062,2019-06-23 22:45:00,2019-06-23 23:00:00,0,0,0:15:00,0:00:00,0,0,0
2062,2019-06-23 23:00:00,2019-06-23 23:15:00,0,1,0:15:00,0:00:00,0,0,0
2062,2019-06-23 23:15:00,2019-06-23 23:30:00,0,0,0:15:00,0:00:00,0,0,0
2062,2019-06-23 23:30:00,2019-06-23 23:45:00,0,0,0:15:00,0:00:00,0,0,0
2062,2019-06-23 23:45:00,2019-06-24 00:00:00,4,24,0:06:02,0:08:58,2,1,1
2062,2019-06-24 00:00:00,2019-06-24 00:15:00,0,5,0:15:00,0:00:00,0,0,0
2062,2019-06-24 00:15:00,2019-06-24 00:30:00,0,6,0:15:00,0:00:00,0,0,0
2062,2019-06-24 00:30:00,2019-06-24 00:45:00,0,0,0:15:00,0:00:00,0,0,0
2062,2019-06-24 00:45:00,2019-06-24 01:00:00,0,1,0:15:00,0:00:00,0,0,0
2062,2019-06-24 01:00:00,2019-06-24 01:15:00,0,0,0:15:00,0:00:00,0,0,0
2062,2019-06-24 01:15:00,2019-06-24 01:30:00,2,16,0:10:56,0:04:04,1,0,1
2062,2019-06-24 01:30:00,2019-06-24 01:45:00,3,17,0:12:07,0:02:53,2,1,1
2062,2019-06-24 01:45:00,2019-06-24 02:00:00,0,0,0:15:00,0:00:00,0,0,0
2062,2019-06-24 02:00:00,2019-06-24 02:15:00,0,2,0:15:00,0:00:00,0,0,0
2062,2019-06-24 02:15:00,2019-06-24 02:30:00,0,3,0:15:00,0:00:00,0,0,0
2062,2019-06-24 02:30:00,2019-06-24 02:45:00,0,1,0:15:00,0:00:00,0,0,0
2062,2019-06-24 02:45:00,2019-06-24 03:00:00,1,12,0:12:21,0:02:39,0,0,0
2062,2019-06-24 03:00:00,2019-06-24 03:15:00,12,23,0:02:53,0:12:07,1,0,1
2062,2019-06-24 03:15:00,2019-06-24 03:30:00,0,3,0:15:00,0:00:00,0,0,0
2062,2019-06-24 03:30:00,2019-06-24 03:45:00,0,0,0:15:00,0:00:00,0,0,0
2062,2019-06-24 03:45:00,2019-06-24 04:00:00,0,0,0:15:00,0:00:00,0,0,0
2062,2019-06-24 04:00:00,2019-06-24 04:15:00,0,1,0:15:00,0:00:00,0,0,0
2062,2019-06-24 04:15:00,2019-06-24 04:30:00,0,0,0:15:00,0:00:00,0,0,0
2062,2019-06-24 04:30:00,2019-06-24 04:45:00,0,0,0:15:00,0:00:00,0,0,0
2062,2019-06-24 04:45:00,2019-06-24 05:00:00,1,8,0:13:10,0:01:50,1,0,1
2062,2019-06-24 05:00:00,2019-06-24 05:15:00,7,28,0:06:51,0:08:09,1,0,1
2062,2019-06-24 05:15:00,2019-06-24 05:30:00,6,9,0:00:36,0:14:24,1,0,1
2062,2019-06-24 05:30:00,2019-06-24 05:45:00,14,14,0:00:00,0:15:00,0,0,0
2062,2019-06-24 05:45:00,2019-06-24 06:00:00,12,14,0:00:00,0:15:00,0,0,0
2062,2019-06-24 06:00:00,2019-06-24 06:15:00,6,12,0:00:18,0:14:42,4,2,2
2062,2019-06-24 06:15:00,2019-06-24 06:30:00,12,24,0:01:14,0:13:46,9,4,5
2062,2019-06-24 06:30:00,2019-06-24 06:45:00,4,13,0:00:46,0:14:14,5,2,3
2062,2019-06-24 06:45:00,2019-06-24 07:00:00,9,16,0:00:05,0:14:55,1,0,1
2062,2019-06-24 07:00:00,2019-06-24 07:15:00,6,11,0:00:11,0:14:49,3,1,2
2062,2019-06-24 07:15:00,2019-06-24 07:30:00,7,23,0:03:47,0:11:13,2,1,1
2062,2019-06-24 07:30:00,2019-06-24 07:45:00,0,0,0:15:00,0:00:00,0,0,0
2062,2019-06-24 07:45:00,2019-06-24 08:00:00,0,0,0:15:00,0:00:00,0,0,0
2062,2019-06-24 08:00:00,2019-06-24 08:15:00,0,0,0:15:00,0:00:00,0,0,0
2062,2019-06-24 08:15:00,2019-06-24 08:30:00,0,10,0:15:00,0:00:00,0,0,0
2062,2019-06-24 08:30:00,2019-06-24 08:45:00,0,0,0:15:00,0:00:00,0,0,0
2062,2019-06-24 08:45:00,2019-06-24 09:00:00,10,34,0:00:58,0:14:02,3,1,2
2062,2019-06-24 09:00:00,2019-06-24 09:15:00,10,22,0:01:12,0:13:48,5,2,3
2062,2019-06-24 09:15:00,2019-06-24 09:30:00,13,20,0:00:11,0:14:49,3,1,2
2062,2019-06-24 09:30:00,2019-06-24 09:45:00,8,19,0:00:18,0:14:42,6,3,3
2062,2019-06-24 09:45:00,2019-06-24 10:00:00,12,24,0:00:04,0:14:56,1,0,1
2062,2019-06-24 10:00:00,2019-06-24 10:15:00,41,318,0:00:52,0:14:08,7,3,4
2062,2019-06-24 10:15:00,2019-06-24 10:30:00,8,13,0:00:00,0:15:00,0,0,0
2062,2019-06-24 10:30:00,2019-06-24 10:45:00,4,11,0:00:01,0:14:59,1,0,1
2062,2019-06-24 10:45:00,2019-06-24 11:00:00,13,29,0:00:31,0:14:29,7,3,4
2062,2019-06-24 11:00:00,2019-06-24 11:15:00,18,31,0:00:06,0:14:54,3,1,2
2062,2019-06-24 11:15:00,2019-06-24 11:30:00,15,40,0:01:24,0:13:36,1,0,1
2062,2019-06-24 11:30:00,2019-06-24 11:45:00,9,26,0:00:15,0:14:45,2,1,1
2062,2019-06-24 11:45:00,2019-06-24 12:00:00,16,27,0:00:00,0:15:00,0,0,0
2062,2019-06-24 12:00:00,2019-06-24 12:15:00,8,21,0:03:50,0:11:10,1,0,1
2062,2019-06-24 12:15:00,2019-06-24 12:30:00,19,24,0:00:27,0:14:33,3,1,2
2062,2019-06-24 12:30:00,2019-06-24 12:45:00,13,40,0:03:04,0:11:56,2,1,1
2062,2019-06-24 12:45:00,2019-06-24 13:00:00,5,21,0:04:52,0:10:08,2,1,1
2062,2019-06-24 13:00:00,2019-06-24 13:15:00,11,19,0:04:21,0:10:39,2,1,1
2062,2019-06-24 13:15:00,2019-06-24 13:30:00,0,0,0:15:00,0:00:00,0,0,0
2062,2019-06-24 13:30:00,2019-06-24 13:45:00,0,1,0:15:00,0:00:00,0,0,0
2062,2019-06-24 13:45:00,2019-06-24 14:00:00,0,2,0:15:00,0:00:00,0,0,0
2062,2019-06-24 14:00:00,2019-06-24 14:15:00,0,0,0:15:00,0:00:00,0,0,0
2062,2019-06-24 14:15:00,2019-06-24 14:30:00,0,12,0:13:07,0:01:53,0,0,0
2062,2019-06-24 14:30:00,2019-06-24 14:45:00,8,8,0:00:01,0:14:59,1,0,1
2062,2019-06-24 14:45:00,2019-06-24 15:00:00,14,20,0:00:40,0:14:20,5,2,3
2062,2019-06-24 15:00:00,2019-06-24 15:15:00,17,32,0:00:00,0:15:00,0,0,0
2062,2019-06-24 15:15:00,2019-06-24 15:30:00,8,17,0:00:12,0:14:48,3,1,2
2062,2019-06-24 15:30:00,2019-06-24 15:45:00,5,18,0:13:15,0:01:45,2,1,1
2062,2019-06-24 15:45:00,2019-06-24 16:00:00,0,0,0:15:00,0:00:00,0,0,0
2062,2019-06-24 16:00:00,2019-06-24 16:15:00,9,26,0:06:12,0:08:48,0,0,0
2062,2019-06-24 16:15:00,2019-06-24 16:30:00,21,27,0:00:00,0:15:00,0,0,0
2062,2019-06-24 16:30:00,2019-06-24 16:45:00,6,15,0:10:36,0:04:24,1,0,1
2062,2019-06-24 16:45:00,2019-06-24 17:00:00,5,12,0:08:58,0:06:02,1,0,1
2062,2019-06-24 17:00:00,2019-06-24 17:15:00,14,24,0:00:00,0:15:00,0,0,0
2062,2019-06-24 17:15:00,2019-06-24 17:30:00,22,38,0:00:04,0:14:56,2,1,1
2062,2019-06-24 17:30:00,2019-06-24 17:45:00,6,15,0:08:32,0:06:28,1,0,1
2062,2019-06-24 17:45:00,2019-06-24 18:00:00,0,0,0:15:00,0:00:00,0,0,0
2062,2019-06-24 18:00:00,2019-06-24 18:15:00,2,16,0:03:23,0:11:37,0,0,0
2062,2019-06-24 18:15:00,2019-06-24 18:30:00,23,60,0:00:44,0:14:16,7,3,4
2062,2019-06-24 18:30:00,2019-06-24 18:45:00,15,35,0:00:28,0:14:32,3,1,2
2062,2019-06-24 18:45:00,2019-06-24 19:00:00,23,38,0:00:33,0:14:27,5,2,3
2062,2019-06-24 19:00:00,2019-06-24 19:15:00,22,47,0:00:07,0:14:53,1,0,1
2062,2019-06-24 19:15:00,2019-06-24 19:30:00,20,43,0:00:44,0:14:16,3,1,2
2062,2019-06-24 19:30:00,2019-06-24 19:45:00,19,38,0:01:13,0:13:47,4,2,2
2062,2019-06-24 19:45:00,2019-06-24 20:00:00,2,21,0:13:40,0:01:20,1,0,1
2062,2019-06-24 20:00:00,2019-06-24 20:15:00,8,20,0:01:14,0:13:46,0,0,0
2062,2019-06-24 20:15:00,2019-06-24 20:30:00,13,20,0:00:00,0:15:00,0,0,0
2062,2019-06-24 20:30:00,2019-06-24 20:45:00,18,46,0:00:02,0:14:58,2,1,1
2062,2019-06-24 20:45:00,2019-06-24 21:00:00,11,57,0:05:54,0:09:06,3,1,2
2062,2019-06-24 21:00:00,2019-06-24 21:15:00,0,8,0:15:00,0:00:00,0,0,0
2062,2019-06-24 21:15:00,2019-06-24 21:30:00,0,4,0:15:00,0:00:00,0,0,0
2062,2019-06-24 21:30:00,2019-06-24 21:45:00,14,32,0:03:03,0:11:57,2,1,1
2062,2019-06-24 21:45:00,2019-06-24 22:00:00,8,14,0:07:20,0:07:40,2,1,1
2062,2019-06-24 22:00:00,2019-06-24 22:15:00,0,0,0:15:00,0:00:00,0,0,0
2062,2019-06-24 22:15:00,2019-06-24 22:30:00,0,0,0:15:00,0:00:00,0,0,0
2062,2019-06-24 22:30:00,2019-06-24 22:45:00,0,0,0:15:00,0:00:00,0,0,0
2062,2019-06-24 22:45:00,2019-06-24 23:00:00,1,7,0:10:49,0:04:11,1,0,1
2062,2019-06-24 23:00:00,2019-06-24 23:15:00,17,24,0:00:01,0:14:59,1,0,1
2062,2019-06-24 23:15:00,2019-06-24 23:30:00,4,14,0:10:14,0:04:46,3,1,2
2062,2019-06-24 23:30:00,2019-06-24 23:45:00,0,4,0:15:00,0:00:00,0,0,0
2062,2019-06-24 23:45:00,2019-06-25 00:00:00,0,0,0:15:00,0:00:00,0,0,0
2062,2019-06-25 00:00:00,2019-06-25 00:15:00,0,5,0:15:00,0:00:00,0,0,0
2062,2019-06-25 00:15:00,2019-06-25 00:30:00,2,16,0:13:59,0:01:01,0,0,0
2062,2019-06-25 00:30:00,2019-06-25 00:45:00,4,17,0:10:47,0:04:13,2,1,1
2062,2019-06-25 00:45:00,2019-06-25 01:00:00,0,0,0:15:00,0:00:00,0,0,0
2062,2019-06-25 01:00:00,2019-06-25 01:15:00,0,1,0:15:00,0:00:00,0,0,0
2062,2019-06-25 01:15:00,2019-06-25 01:30:00,0,0,0:15:00,0:00:00,0,0,0
2062,2019-06-25 01:30:00,2019-06-25 01:45:00,0,2,0:15:00,0:00:00,0,0,0
2062,2019-06-25 01:45:00,2019-06-25 02:00:00,0,2,0:15:00,0:00:00,0,0,0
2062,2019-06-25 02:00:00,2019-06-25 02:15:00,0,2,0:15:00,0:00:00,0,0,0
2062,2019-06-25 02:15:00,2019-06-25 02:30:00,2,23,0:07:04,0:07:56,1,0,1
2062,2019-06-25 02:30:00,2019-06-25 02:45:00,0,0,0:15:00,0:00:00,0,0,0
2062,2019-06-25 02:45:00,2019-06-25 03:00:00,0,1,0:15:00,0:00:00,0,0,0
2062,2019-06-25 03:00:00,2019-06-25 03:15:00,5,21,0:10:12,0:04:48,1,0,1
2062,2019-06-25 03:15:00,2019-06-25 03:30:00,3,8,0:14:14,0:00:46,1,0,1
2062,2019-06-25 03:30:00,2019-06-25 03:45:00,0,0,0:15:00,0:00:00,0,0,0
2062,2019-06-25 03:45:00,2019-06-25 04:00:00,0,1,0:15:00,0:00:00,0,0,0
2062,2019-06-25 04:00:00,2019-06-25 04:15:00,0,0,0:15:00,0:00:00,0,0,0
2062,2019-06-25 04:15:00,2019-06-25 04:30:00,0,0,0:15:00,0:00:00,0,0,0
2062,2019-06-25 04:30:00,2019-06-25 04:45:00,0,1,0:15:00,0:00:00,0,0,0
2062,2019-06-25 04:45:00,2019-06-25 05:00:00,4,23,0:11:17,0:03:43,1,0,1
2062,2019-06-25 05:00:00,2019-06-25 05:15:00,2,10,0:13:58,0:01:02,2,1,1
2062,2019-06-25 05:15:00,2019-06-25 05:30:00,6,15,0:01:15,0:13:45,1,0,1
2062,2019-06-25 05:30:00,2019-06-25 05:45:00,10,15,0:00:00,0:15:00,0,0,0
2062,2019-06-25 05:45:00,2019-06-25 06:00:00,16,25,0:00:03,0:14:57,1,0,1
2062,2019-06-25 06:00:00,2019-06-25 06:15:00,15,30,0:00:12,0:14:48,3,1,2
2062,2019-06-25 06:15:00,2019-06-25 06:30:00,22,49,0:03:16,0:11:44,14,7,7
2062,2019-06-25 06:30:00,2019-06-25 06:45:00,13,33,0:01:25,0:13:35,9,4,5
2062,2019-06-25 06:45:00,2019-06-25 07:00:00,9,24,0:02:09,0:12:51,17,8,9
2062,2019-06-25 07:00:00,2019-06-25 07:15:00,11,38,0:03:26,0:11:34,8,4,4
2062,2019-06-25 07:15:00,2019-06-25 07:30:00,3,6,0:14:35,0:00:25,1,0,1
2062,2019-06-25 07:30:00,2019-06-25 07:45:00,0,1,0:15:00,0:00:00,0,0,0
2062,2019-06-25 07:45:00,2019-06-25 08:00:00,0,0,0:15:00,0:00:00,0,0,0
2062,2019-06-25 08:00:00,2019-06-25 08:15:00,0,1,0:15:00,0:00:00,0,0,0
2062,2019-06-25 08:15:00,2019-06-25 08:30:00,4,18,0:07:45,0:07:15,2,1,1
2062,2019-06-25 08:30:00,2019-06-25 08:45:00,10,24,0:02:03,0:12:57,6,3,3
2062,2019-06-25 08:45:00,2019-06-25 09:00:00,15,31,0:00:04,0:14:56,1,0,1
2062,2019-06-25 09:00:00,2019-06-25 09:15:00,10,15,0:00:18,0:14:42,2,1,1
2062,2019-06-25 09:15:00,2019-06-25 09:30:00,14,26,0:00:14,0:14:46,3,1,2
2062,2019-06-25 09:30:00,2019-06-25 09:45:00,13,29,0:00:02,0:14:58,2,1,1
2062,2019-06-25 09:45:00,2019-06-25 10:00:00,16,25,0:00:00,0:15:00,0,0,0
2062,2019-06-25 10:00:00,2019-06-25 10:15:00,10,19,0:00:00,0:15:00,0,0,0
2062,2019-06-25 10:15:00,2019-06-25 10:30:00,17,68,0:02:33,0:12:27,3,1,2
2062,2019-06-25 10:30:00,2019-06-25 10:45:00,12,22,0:00:00,0:15:00,0,0,0
2062,2019-06-25 10:45:00,2019-06-25 11:00:00,16,37,0:01:13,0:13:47,4,2,2
2062,2019-06-25 11:00:00,2019-06-25 11:15:00,18,42,0:03:24,0:11:36,1,0,1
2062,2019-06-25 11:15:00,2019-06-25 11:30:00,11,32,0:00:01,0:14:59,1,0,1
2062,2019-06-25 11:30:00,2019-06-25 11:45:00,16,38,0:01:04,0:13:56,9,4,5
2062,2019-06-25 11:45:00,2019-06-25 12:00:00,0,0,0:15:00,0:00:00,0,0,0
2062,2019-06-25 12:00:00,2019-06-25 12:15:00,0,0,0:15:00,0:00:00,0,0,0
2062,2019-06-25 12:15:00,2019-06-25 12:30:00,0,0,0:15:00,0:00:00,0,0,0
2062,2019-06-25 12:30:00,2019-06-25 12:45:00,0,4,0:15:00,0:00:00,0,0,0
2062,2019-06-25 12:45:00,2019-06-25 13:00:00,0,14,0:14:53,0:00:07,1,0,1
2062,2019-06-25 13:00:00,2019-06-25 13:15:00,13,19,0:00:00,0:15:00,0,0,0
2062,2019-06-25 13:15:00,2019-06-25 13:30:00,2,12,0:09:39,0:05:21,1,0,1
2062,2019-06-25 13:30:00,2019-06-25 13:45:00,0,0,0:15:00,0:00:00,0,0,0
2062,2019-06-25 13:45:00,2019-06-25 14:00:00,0,0,0:15:00,0:00:00,0,0,0
2062,2019-06-25 14:00:00,2019-06-25 14:15:00,0,0,0:15:00,0:00:00,0,0,0
2062,2019-06-25 14:15:00,2019-06-25 14:30:00,0,0,0:15:00,0:00:00,0,0,0
2062,2019-06-25 14:30:00,2019-06-25 14:45:00,5,15,0:07:39,0:07:21,2,1,1
2062,2019-06-25 14:45:00,2019-06-25 15:00:00,17,42,0:00:06,0:14:54,2,1,1
2062,2019-06-25 15:00:00,2019-06-25 15:15:00,9,24,0:00:30,0:14:30,3,1,2
2062,2019-06-25 15:15:00,2019-06-25 15:30:00,20,31,0:02:37,0:12:23,2,1,1
2062,2019-06-25 15:30:00,2019-06-25 15:45:00,0,4,0:15:00,0:00:00,0,0,0
2062,2019-06-25 15:45:00,2019-06-25 16:00:00,5,29,0:07:32,0:07:28,0,0,0
2062,2019-06-25 16:00:00,2019-06-25 16:15:00,16,22,0:00:00,0:15:00,0,0,0
2062,2019-06-25 16:15:00,2019-06-25 16:30:00,2,12,0:12:13,0:02:47,1,0,1
2062,2019-06-25 16:30:00,2019-06-25 16:45:00,0,3,0:15:00,0:00:00,0,0,0
2062,2019-06-25 16:45:00,2019-06-25 17:00:00,7,21,0:06:55,0:08:05,0,0,0
2062,2019-06-25 17:00:00,2019-06-25 17:15:00,28,61,0:00:26,0:14:34,5,2,3
2062,2019-06-25 17:15:00,2019-06-25 17:30:00,19,30,0:00:15,0:14:45,3,1,2
2062,2019-06-25 17:30:00,2019-06-25 17:45:00,15,19,0:00:00,0:15:00,0,0,0
2062,2019-06-25 17:45:00,2019-06-25 18:00:00,4,12,0:12:38,0:02:22,1,0,1
2062,2019-06-25 18:00:00,2019-06-25 18:15:00,0,0,0:15:00,0:00:00,0,0,0
2062,2019-06-25 18:15:00,2019-06-25 18:30:00,4,15,0:08:46,0:06:14,0,0,0
2062,2019-06-25 18:30:00,2019-06-25 18:45:00,13,16,0:00:00,0:15:00,0,0,0
2062,2019-06-25 18:45:00,2019-06-25 19:00:00,17,28,0:00:00,0:15:00,0,0,0
2062,2019-06-25 19:00:00,2019-06-25 19:15:00,14,30,0:01:03,0:13:57,7,3,4
2062,2019-06-25 19:15:00,2019-06-25 19:30:00,21,34,0:00:00,0:15:00,0,0,0
2062,2019-06-25 19:30:00,2019-06-25 19:45:00,14,23,0:00:00,0:15:00,0,0,0
2062,2019-06-25 19:45:00,2019-06-25 20:00:00,19,29,0:00:05,0:14:55,2,1,1
2062,2019-06-25 20:00:00,2019-06-25 20:15:00,0,1,0:15:00,0:00:00,0,0,0
2062,2019-06-25 20:15:00,2019-06-25 20:30:00,17,37,0:03:09,0:11:51,3,1,2
2062,2019-06-25 20:30:00,2019-06-25 20:45:00,30,55,0:00:11,0:14:49,3,1,2
2062,2019-06-25 20:45:00,2019-06-25 21:00:00,11,32,0:03:06,0:11:54,2,1,1
2062,2019-06-25 21:00:00,2019-06-25 21:15:00,0,3,0:15:00,0:00:00,0,0,0
2062,2019-06-25 21:15:00,2019-06-25 21:30:00,0,9,0:15:00,0:00:00,0,0,0
2062,2019-06-25 21:30:00,2019-06-25 21:45:00,7,21,0:06:47,0:08:13,1,0,1
2062,2019-06-25 21:45:00,2019-06-25 22:00:00,0,1,0:15:00,0:00:00,0,0,0
2062,2019-06-25 22:00:00,2019-06-25 22:15:00,0,0,0:15:00,0:00:00,0,0,0
2062,2019-06-25 22:15:00,2019-06-25 22:30:00,0,0,0:15:00,0:00:00,0,0,0
2062,2019-06-25 22:30:00,2019-06-25 22:45:00,0,1,0:15:00,0:00:00,0,0,0
2062,2019-06-25 22:45:00,2019-06-25 23:00:00,9,21,0:03:04,0:11:56,0,0,0
2062,2019-06-25 23:00:00,2019-06-25 23:15:00,13,20,0:00:00,0:15:00,0,0,0
2062,2019-06-25 23:15:00,2019-06-25 23:30:00,10,25,0:10:03,0:04:57,1,0,1
2062,2019-06-25 23:30:00,2019-06-25 23:45:00,0,0,0:15:00,0:00:00,0,0,0
2062,2019-06-25 23:45:00,2019-06-26 00:00:00,0,0,0:15:00,0:00:00,0,0,0
2062,2019-06-26 00:00:00,2019-06-26 00:15:00,0,1,0:15:00,0:00:00,0,0,0
2062,2019-06-26 00:15:00,2019-06-26 00:30:00,0,0,0:15:00,0:00:00,0,0,0
2062,2019-06-26 00:30:00,2019-06-26 00:45:00,11,47,0:08:02,0:06:58,3,1,2
2062,2019-06-26 00:45:00,2019-06-26 01:00:00,0,3,0:15:00,0:00:00,0,0,0
2062,2019-06-26 01:00:00,2019-06-26 01:15:00,0,5,0:15:00,0:00:00,0,0,0
2062,2019-06-26 01:15:00,2019-06-26 01:30:00,0,11,0:15:00,0:00:00,0,0,0
2062,2019-06-26 01:30:00,2019-06-26 01:45:00,1,14,0:12:17,0:02:43,0,0,0
2062,2019-06-26 01:45:00,2019-06-26 02:00:00,3,13,0:13:01,0:01:59,1,0,1
2062,2019-06-26 02:00:00,2019-06-26 02:15:00,0,0,0:15:00,0:00:00,0,0,0
2062,2019-06-26 02:15:00,2019-06-26 02:30:00,0,0,0:15:00,0:00:00,0,0,0
2062,2019-06-26 02:30:00,2019-06-26 02:45:00,0,2,0:15:00,0:00:00,0,0,0
2062,2019-06-26 02:45:00,2019-06-26 03:00:00,8,31,0:04:53,0:10:07,1,0,1
2062,2019-06-26 03:00:00,2019-06-26 03:15:00,0,0,0:15:00,0:00:00,0,0,0
2062,2019-06-26 03:15:00,2019-06-26 03:30:00,0,1,0:15:00,0:00:00,0,0,0
2062,2019-06-26 03:30:00,2019-06-26 03:45:00,0,0,0:15:00,0:00:00,0,0,0
2062,2019-06-26 03:45:00,2019-06-26 04:00:00,0,1,0:15:00,0:00:00,0,0,0
2062,2019-06-26 04:00:00,2019-06-26 04:15:00,0,2,0:15:00,0:00:00,0,0,0
2062,2019-06-26 04:15:00,2019-06-26 04:30:00,5,25,0:10:08,0:04:52,1,0,1
2062,2019-06-26 04:30:00,2019-06-26 04:45:00,0,0,0:15:00,0:00:00,0,0,0
2062,2019-06-26 04:45:00,2019-06-26 05:00:00,0,0,0:15:00,0:00:00,0,0,0
2062,2019-06-26 05:00:00,2019-06-26 05:15:00,8,14,0:05:31,0:09:29,0,0,0
2062,2019-06-26 05:15:00,2019-06-26 05:30:00,6,7,0:00:00,0:15:00,0,0,0
2062,2019-06-26 05:30:00,2019-06-26 05:45:00,6,12,0:00:00,0:15:00,0,0,0
2062,2019-06-26 05:45:00,2019-06-26 06:00:00,7,10,0:00:00,0:15:00,0,0,0
2062,2019-06-26 06:00:00,2019-06-26 06:15:00,14,44,0:01:20,0:13:40,9,4,5
2062,2019-06-26 06:15:00,2019-06-26 06:30:00,9,21,0:00:05,0:14:55,1,0,1
2062,2019-06-26 06:30:00,2019-06-26 06:45:00,17,31,0:00:00,0:15:00,0,0,0
2062,2019-06-26 06:45:00,2019-06-26 07:00:00,14,30,0:02:51,0:12:09,5,2,3
2062,2019-06-26 07:00:00,2019-06-26 07:15:00,0,0,0:15:00,0:00:00,0,0,0
2062,2019-06-26 07:15:00,2019-06-26 07:30:00,0,0,0:15:00,0:00:00,0,0,0
2062,2019-06-26 07:30:00,2019-06-26 07:45:00,0,2,0:15:00,0:00:00,0,0,0
2062,2019-06-26 07:45:00,2019-06-26 08:00:00,0,1,0:15:00,0:00:00,0,0,0
2062,2019-06-26 08:00:00,2019-06-26 08:15:00,12,39,0:03:55,0:11:05,14,7,7
2062,2019-06-26 08:15:00,2019-06-26 08:30:00,22,43,0:00:09,0:14:51,1,0,1
2062,2019-06-26 08:30:00,2019-06-26 08:45:00,12,25,0:00:58,0:14:02,6,3,3
2062,2019-06-26 08:45:00,2019-06-26 09:00:00,0,0,0:15:00,0:00:00,0,0,0
2062,2019-06-26 09:00:00,2019-06-26 09:15:00,0,1,0:15:00,0:00:00,0,0,0
2062,2019-06-26 09:15:00,2019-06-26 09:30:00,0,0,0:15:00,0:00:00,0,0,0
2062,2019-06-26 09:30:00,2019-06-26 09:45:00,6,15,0:05:31,0:09:29,3,1,2
2062,2019-06-26 09:45:00,2019-06-26 10:00:00,26,69,0:01:45,0:13:15,14,7,7
2062,2019-06-26 10:00:00,2019-06-26 10:15:00,15,25,0:00:04,0:14:56,2,1,1
2062,2019-06-26 10:15:00,2019-06-26 10:30:00,22,47,0:00:03,0:14:57,3,1,2
2062,2019-06-26 10:30:00,2019-06-26 10:45:00,23,76,0:00:25,0:14:35,4,2,2
2062,2019-06-26 10:45:00,2019-06-26 11:00:00,26,42,0:00:11,0:14:49,2,1,1
2062,2019-06-26 11:00:00,2019-06-26 11:15:00,25,64,0:00:04,0:14:56,4,2,2
2062,2019-06-26 11:15:00,2019-06-26 11:30:00,15,37,0:07:59,0:07:01,2,1,1
2062,2019-06-26 11:30:00,2019-06-26 11:45:00,4,18,0:08:27,0:06:33,1,0,1
2062,2019-06-26 11:45:00,2019-06-26 12:00:00,31,132,0:01:32,0:13:28,11,5,6
2062,2019-06-26 12:00:00,2019-06-26 12:15:00,31,65,0:00:34,0:14:26,2,1,1
2062,2019-06-26 12:15:00,2019-06-26 12:30:00,14,37,0:04:32,0:10:28,2,1,1
2062,2019-06-26 12:30:00,2019-06-26 12:45:00,0,1,0:15:00,0:00:00,0,0,0
2062,2019-06-26 12:45:00,2019-06-26 13:00:00,4,17,0:12:49,0:02:11,2,1,1
2062,2019-06-26 13:00:00,2019-06-26 13:15:00,24,32,0:00:08,0:14:52,2,1,1
2062,2019-06-26 13:15:00,2019-06-26 13:30:00,21,35,0:00:08,0:14:52,1,0,1
2062,2019-06-26 13:30:00,2019-06-26 13:45:00,2,20,0:13:39,0:01:21,1,0,1
2062,2019-06-26 13:45:00,2019-06-26 14:00:00,0,0,0:15:00,0:00:00,0,0,0
2062,2019-06-26 14:00:00,2019-06-26 14:15:00,4,17,0:11:07,0:03:53,0,0,0
2062,2019-06-26 14:15:00,2019-06-26 14:30:00,27,72,0:00:03,0:14:57,1,0,1
2062,2019-06-26 14:30:00,2019-06-26 14:45:00,15,38,0:00:26,0:14:34,1,0,1
2062,2019-06-26 14:45:00,2019-06-26 15:00:00,0,2,0:15:00,0:00:00,0,0,0
2062,2019-06-26 15:00:00,2019-06-26 15:15:00,0,1,0:15:00,0:00:00,0,0,0
2062,2019-06-26 15:15:00,2019-06-26 15:30:00,6,31,0:04:04,0:10:56,0,0,0
2062,2019-06-26 15:30:00,2019-06-26 15:45:00,13,27,0:00:00,0:15:00,0,0,0
2062,2019-06-26 15:45:00,2019-06-26 16:00:00,13,28,0:06:04,0:08:56,1,0,1
2062,2019-06-26 16:00:00,2019-06-26 16:15:00,0,2,0:15:00,0:00:00,0,0,0
2062,2019-06-26 16:15:00,2019-06-26 16:30:00,0,19,0:13:48,0:01:12,2,1,1
2062,2019-06-26 16:30:00,2019-06-26 16:45:00,9,24,0:00:01,0:14:59,1,0,1
2062,2019-06-26 16:45:00,2019-06-26 17:00:00,18,39,0:00:00,0:15:00,0,0,0
2062,2019-06-26 17:00:00,2019-06-26 17:15:00,21,39,0:00:00,0:15:00,0,0,0
2062,2019-06-26 17:15:00,2019-06-26 17:30:00,18,49,0:00:00,0:15:00,0,0,0
2062,2019-06-26 17:30:00,2019-06-26 17:45:00,3,20,0:07:34,0:07:26,1,0,1
2062,2019-06-26 17:45:00,2019-06-26 18:00:00,0,4,0:15:00,0:00:00,0,0,0
2062,2019-06-26 18:00:00,2019-06-26 18:15:00,0,0,0:15:00,0:00:00,0,0,0
2062,2019-06-26 18:15:00,2019-06-26 18:30:00,7,15,0:07:29,0:07:31,0,0,0
2062,2019-06-26 18:30:00,2019-06-26 18:45:00,21,43,0:00:34,0:14:26,6,3,3
2062,2019-06-26 18:45:00,2019-06-26 19:00:00,13,29,0:00:11,0:14:49,2,1,1
2062,2019-06-26 19:00:00,2019-06-26 19:15:00,16,29,0:01:23,0:13:37,5,2,3
2062,2019-06-26 19:15:00,2019-06-26 19:30:00,5,19,0:11:11,0:03:49,2,1,1
2062,2019-06-26 19:30:00,2019-06-26 19:45:00,11,31,0:04:11,0:10:49,1,0,1
2062,2019-06-26 19:45:00,2019-06-26 20:00:00,17,31,0:00:23,0:14:37,3,1,2
2062,2019-06-26 20:00:00,2019-06-26 20:15:00,17,26,0:00:06,0:14:54,3,1,2
2062,2019-06-26 20:15:00,2019-06-26 20:30:00,7,17,0:00:00,0:15:00,0,0,0
2062,2019-06-26 20:30:00,2019-06-26 20:45:00,14,33,0:02:55,0:12:05,1,0,1
2062,2019-06-26 20:45:00,2019-06-26 21:00:00,0,0,0:15:00,0:00:00,0,0,0
2062,2019-06-26 21:00:00,2019-06-26 21:15:00,0,2,0:15:00,0:00:00,0,0,0
2062,2019-06-26 21:15:00,2019-06-26 21:30:00,0,1,0:15:00,0:00:00,0,0,0
2062,2019-06-26 21:30:00,2019-06-26 21:45:00,5,15,0:01:23,0:13:37,0,0,0
2062,2019-06-26 21:45:00,2019-06-26 22:00:00,4,21,0:13:14,0:01:46,3,1,2
2062,2019-06-26 22:00:00,2019-06-26 22:15:00,0,4,0:15:00,0:00:00,0,0,0
2062,2019-06-26 22:15:00,2019-06-26 22:30:00,11,29,0:01:44,0:13:16,0,0,0
2062,2019-06-26 22:30:00,2019-06-26 22:45:00,6,18,0:08:36,0:06:24,1,0,1
2062,2019-06-26 22:45:00,2019-06-26 23:00:00,0,0,0:15:00,0:00:00,0,0,0
2062,2019-06-26 23:00:00,2019-06-26 23:15:00,0,2,0:15:00,0:00:00,0,0,0
2062,2019-06-26 23:15:00,2019-06-26 23:30:00,0,0,0:15:00,0:00:00,0,0,0
2062,2019-06-26 23:30:00,2019-06-26 23:45:00,0,0,0:15:00,0:00:00,0,0,0
2062,2019-06-26 23:45:00,2019-06-27 00:00:00,0,1,0:15:00,0:00:00,0,0,0
2062,2019-06-27 00:00:00,2019-06-27 00:15:00,14,24,0:03:11,0:11:49,1,0,1
2062,2019-06-27 00:15:00,2019-06-27 00:30:00,5,10,0:12:48,0:02:12,1,0,1
2062,2019-06-27 00:30:00,2019-06-27 00:45:00,0,6,0:15:00,0:00:00,0,0,0
2062,2019-06-27 00:45:00,2019-06-27 01:00:00,4,24,0:13:04,0:01:56,0,0,0
2062,2019-06-27 01:00:00,2019-06-27 01:15:00,13,18,0:02:41,0:12:19,1,0,1
2062,2019-06-27 01:15:00,2019-06-27 01:30:00,0,0,0:15:00,0:00:00,0,0,0
2062,2019-06-27 01:30:00,2019-06-27 01:45:00,0,0,0:15:00,0:00:00,0,0,0
2062,2019-06-27 01:45:00,2019-06-27 02:00:00,0,3,0:15:00,0:00:00,0,0,0
2062,2019-06-27 02:00:00,2019-06-27 02:15:00,0,0,0:15:00,0:00:00,0,0,0
2062,2019-06-27 02:15:00,2019-06-27 02:30:00,0,2,0:15:00,0:00:00,0,0,0
2062,2019-06-27 02:30:00,2019-06-27 02:45:00,10,37,0:09:10,0:05:50,2,1,1
2062,2019-06-27 02:45:00,2019-06-27 03:00:00,0,2,0:15:00,0:00:00,0,0,0
2062,2019-06-27 03:00:00,2019-06-27 03:15:00,0,0,0:15:00,0:00:00,0,0,0
2062,2019-06-27 03:15:00,2019-06-27 03:30:00,0,5,0:15:00,0:00:00,0,0,0
2062,2019-06-27 03:30:00,2019-06-27 03:45:00,7,28,0:09:35,0:05:25,2,1,1
2062,2019-06-27 03:45:00,2019-06-27 04:00:00,0,2,0:15:00,0:00:00,0,0,0
2062,2019-06-27 04:00:00,2019-06-27 04:15:00,0,0,0:15:00,0:00:00,0,0,0
2062,2019-06-27 04:15:00,2019-06-27 04:30:00,0,0,0:15:00,0:00:00,0,0,0
2062,2019-06-27 04:30:00,2019-06-27 04:45:00,0,0,0:15:00,0:00:00,0,0,0
2062,2019-06-27 04:45:00,2019-06-27 05:00:00,0,0,0:15:00,0:00:00,0,0,0
2062,2019-06-27 05:00:00,2019-06-27 05:15:00,3,14,0:12:57,0:02:03,0,0,0
2062,2019-06-27 05:15:00,2019-06-27 05:30:00,17,26,0:00:00,0:15:00,0,0,0
2062,2019-06-27 05:30:00,2019-06-27 05:45:00,9,11,0:00:00,0:15:00,0,0,0
2062,2019-06-27 05:45:00,2019-06-27 06:00:00,17,23,0:00:01,0:14:59,1,0,1
2062,2019-06-27 06:00:00,2019-06-27 06:15:00,12,20,0:00:04,0:14:56,1,0,1
2062,2019-06-27 06:15:00,2019-06-27 06:30:00,11,16,0:00:02,0:14:58,2,1,1
2062,2019-06-27 06:30:00,2019-06-27 06:45:00,22,40,0:00:12,0:14:48,2,1,1
2062,2019-06-27 06:45:00,2019-06-27 07:00:00,18,33,0:00:54,0:14:06,6,3,3
2062,2019-06-27 07:00:00,2019-06-27 07:15:00,10,32,0:08:35,0:06:25,4,2,2
2062,2019-06-27 07:15:00,2019-06-27 07:30:00,0,6,0:15:00,0:00:00,0,0,0
2062,2019-06-27 07:30:00,2019-06-27 07:45:00,0,7,0:15:00,0:00:00,0,0,0
2062,2019-06-27 07:45:00,2019-06-27 08:00:00,8,22,0:04:09,0:10:51,1,0,1
2062,2019-06-27 08:00:00,2019-06-27 08:15:00,8,15,0:00:19,0:14:41,4,2,2
2062,2019-06-27 08:15:00,2019-06-27 08:30:00,8,33,0:01:46,0:13:14,1,0,1
2062,2019-06-27 08:30:00,2019-06-27 08:45:00,0,0,0:15:00,0:00:00,0,0,0
2062,2019-06-27 08:45:00,2019-06-27 09:00:00,0,0,0:15:00,0:00:00,0,0,0
2062,2019-06-27 09:00:00,2019-06-27 09:15:00,0,4,0:15:00,0:00:00,0,0,0
2062,2019-06-27 09:15:00,2019-06-27 09:30:00,10,26,0:01:54,0:13:06,0,0,0
2062,2019-06-27 09:30:00,2019-06-27 09:45:00,13,25,0:00:00,0:15:00,0,0,0
2062,2019-06-27 09:45:00,2019-06-27 10:00:00,21,32,0:00:00,0:15:00,0,0,0
2062,2019-06-27 10:00:00,2019-06-27 10:15:00,13,34,0:00:09,0:14:51,1,0,1
2062,2019-06-27 10:15:00,2019-06-27 10:30:00,13,19,0:00:00,0:15:00,0,0,0
2062,2019-06-27 10:30:00,2019-06-27 10:45:00,14,31,0:05:05,0:09:55,1,0,1
2062,2019-06-27 10:45:00,2019-06-27 11:00:00,9,26,0:03:41,0:11:19,0,0,0
2062,2019-06-27 11:00:00,2019-06-27 11:15:00,19,35,0:00:07,0:14:53,2,1,1
2062,2019-06-27 11:15:00,2019-06-27 11:30:00,16,35,0:00:00,0:15:00,0,0,0
2062,2019-06-27 11:30:00,2019-06-27 11:45:00,13,24,0:00:32,0:14:28,3,1,2
2062,2019-06-27 11:45:00,2019-06-27 12:00:00,21,34,0:00:09,0:14:51,2,1,1
2062,2019-06-27 12:00:00,2019-06-27 12:15:00,18,45,0:00:03,0:14:57,1,0,1
2062,2019-06-27 12:15:00,2019-06-27 12:30:00,15,28,0:00:13,0:14:47,2,1,1
2062,2019-06-27 12:30:00,2019-06-27 12:45:00,2,12,0:14:08,0:00:52,1,0,1
2062,2019-06-27 12:45:00,2019-06-27 13:00:00,8,39,0:16:56,0:10:59,0,0,0
2062,2019-06-27 13:00:00,2019-06-27 13:15:00,24,82,0:03:26,0:26:12,15,7,8
2062,2019-06-27 13:15:00,2019-06-27 13:30:00,9,24,0:02:04,0:12:56,15,7,8
2062,2019-06-27 13:30:00,2019-06-27 13:45:00,2,19,0:07:23,0:07:37,8,4,4
2062,2019-06-27 13:45:00,2019-06-27 14:00:00,0,0,0:15:00,0:00:00,0,0,0
2062,2019-06-27 14:00:00,2019-06-27 14:15:00,18,36,0:04:06,0:10:54,1,0,1
2062,2019-06-27 14:15:00,2019-06-27 14:30:00,20,37,0:00:00,0:15:00,0,0,0
2062,2019-06-27 14:30:00,2019-06-27 14:45:00,3,13,0:14:08,0:00:52,2,1,1
2062,2019-06-27 14:45:00,2019-06-27 15:00:00,0,14,0:12:21,0:02:39,3,1,2
2062,2019-06-27 15:00:00,2019-06-27 15:15:00,10,15,0:00:02,0:14:58,2,1,1
2062,2019-06-27 15:15:00,2019-06-27 15:30:00,15,27,0:00:00,0:15:00,0,0,0
2062,2019-06-27 15:30:00,2019-06-27 15:45:00,2,24,0:09:08,0:05:52,2,1,1
2062,2019-06-27 15:45:00,2019-06-27 16:00:00,8,25,0:04:04,0:10:56,9,4,5
2062,2019-06-27 16:00:00,2019-06-27 16:15:00,12,38,0:03:41,0:11:19,21,10,11
2062,2019-06-27 16:15:00,2019-06-27 16:30:00,8,33,0:09:46,0:05:14,12,6,6
2062,2019-06-27 16:30:00,2019-06-27 16:45:00,0,0,0:15:00,0:00:00,0,0,0
2062,2019-06-27 16:45:00,2019-06-27 17:00:00,13,42,0:00:43,0:14:17,1,0,1
2062,2019-06-27 17:00:00,2019-06-27 17:15:00,12,19,0:01:19,0:13:41,16,8,8
2062,2019-06-27 17:15:00,2019-06-27 17:30:00,18,48,0:00:13,0:14:47,5,2,3
2062,2019-06-27 17:30:00,2019-06-27 17:45:00,15,44,0:02:40,0:12:20,13,6,7
2062,2019-06-27 17:45:00,2019-06-27 18:00:00,0,0,0:15:00,0:00:00,0,0,0
2062,2019-06-27 18:00:00,2019-06-27 18:15:00,0,1,0:15:00,0:00:00,0,0,0
2062,2019-06-27 18:15:00,2019-06-27 18:30:00,1,15,0:10:11,0:04:49,1,0,1
2062,2019-06-27 18:30:00,2019-06-27 18:45:00,11,40,0:02:38,0:12:22,19,9,10
2062,2019-06-27 18:45:00,2019-06-27 19:00:00,17,50,0:05:01,0:09:59,26,13,13
2062,2019-06-27 19:00:00,2019-06-27 19:15:00,8,24,0:04:37,0:10:23,23,11,12
2062,2019-06-27 19:15:00,2019-06-27 19:30:00,11,38,0:05:30,0:09:30,25,12,13
2062,2019-06-27 19:30:00,2019-06-27 19:45:00,9,17,0:04:37,0:10:23,2,1,1
2062,2019-06-27 19:45:00,2019-06-27 20:00:00,14,20,0:02:34,0:12:26,16,8,8
2062,2019-06-27 20:00:00,2019-06-27 20:15:00,7,18,0:01:22,0:13:38,12,6,6
2062,2019-06-27 20:15:00,2019-06-27 20:30:00,5,28,0:05:00,0:10:00,13,6,7
2062,2019-06-27 20:30:00,2019-06-27 20:45:00,9,30,0:00:27,0:14:33,6,3,3
2062,2019-06-27 20:45:00,2019-06-27 21:00:00,16,38,0:00:04,0:14:56,2,1,1
2062,2019-06-27 21:00:00,2019-06-27 21:15:00,5,23,0:11:29,0:03:31,4,2,2
2062,2019-06-27 21:15:00,2019-06-27 21:30:00,0,10,0:08:30,0:06:30,2,1,1
2062,2019-06-27 21:30:00,2019-06-27 21:45:00,6,16,0:10:20,0:04:40,7,3,4
2062,2019-06-27 21:45:00,2019-06-27 22:00:00,0,0,0:15:00,0:00:00,0,0,0
2062,2019-06-27 22:00:00,2019-06-27 22:15:00,4,26,0:04:34,0:10:26,0,0,0
2062,2019-06-27 22:15:00,2019-06-27 22:30:00,6,28,0:06:33,0:08:27,6,3,3
2062,2019-06-27 22:30:00,2019-06-27 22:45:00,10,23,0:01:04,0:13:56,7,3,4
2062,2019-06-27 22:45:00,2019-06-27 23:00:00,6,20,0:08:15,0:06:45,6,3,3
2062,2019-06-27 23:00:00,2019-06-27 23:15:00,0,0,0:15:00,0:00:00,0,0,0
2062,2019-06-27 23:15:00,2019-06-27 23:30:00,0,15,0:15:00,0:00:00,0,0,0
2062,2019-06-27 23:30:00,2019-06-27 23:45:00,0,0,0:15:00,0:00:00,0,0,0
2062,2019-06-27 23:45:00,2019-06-28 00:00:00,5,20,0:04:33,0:10:27,2,1,1
2062,2019-06-28 00:00:00,2019-06-28 00:15:00,0,0,0:15:00,0:00:00,0,0,0
2062,2019-06-28 00:15:00,2019-06-28 00:30:00,9,22,0:04:18,0:10:42,0,0,0
2062,2019-06-28 00:30:00,2019-06-28 00:45:00,5,13,0:08:48,0:06:12,1,0,1
2062,2019-06-28 00:45:00,2019-06-28 01:00:00,0,1,0:15:00,0:00:00,0,0,0
2062,2019-06-28 01:00:00,2019-06-28 01:15:00,0,10,0:15:00,0:00:00,0,0,0
2062,2019-06-28 01:15:00,2019-06-28 01:30:00,0,0,0:15:00,0:00:00,0,0,0
2062,2019-06-28 01:30:00,2019-06-28 01:45:00,0,1,0:15:00,0:00:00,0,0,0
2062,2019-06-28 01:45:00,2019-06-28 02:00:00,2,18,0:11:45,0:03:15,3,1,2
2062,2019-06-28 02:00:00,2019-06-28 02:15:00,7,17,0:07:30,0:07:30,1,0,1
2062,2019-06-28 02:15:00,2019-06-28 02:30:00,0,0,0:15:00,0:00:00,0,0,0
2062,2019-06-28 02:30:00,2019-06-28 02:45:00,0,1,0:15:00,0:00:00,0,0,0
2062,2019-06-28 02:45:00,2019-06-28 03:00:00,0,0,0:15:00,0:00:00,0,0,0
2062,2019-06-28 03:00:00,2019-06-28 03:15:00,3,21,0:09:57,0:05:03,2,1,1
2062,2019-06-28 03:15:00,2019-06-28 03:30:00,0,1,0:15:00,0:00:00,0,0,0
2062,2019-06-28 03:30:00,2019-06-28 03:45:00,0,6,0:15:00,0:00:00,0,0,0
2062,2019-06-28 03:45:00,2019-06-28 04:00:00,0,4,0:15:00,0:00:00,0,0,0
2062,2019-06-28 04:00:00,2019-06-28 04:15:00,0,10,0:15:00,0:00:00,0,0,0
2062,2019-06-28 04:15:00,2019-06-28 04:30:00,0,8,0:15:00,0:00:00,0,0,0
2062,2019-06-28 04:30:00,2019-06-28 04:45:00,0,2,0:15:00,0:00:00,0,0,0
2062,2019-06-28 04:45:00,2019-06-28 05:00:00,9,24,0:08:51,0:06:09,1,0,1
2062,2019-06-28 05:00:00,2019-06-28 05:15:00,4,14,0:00:01,0:14:59,1,0,1
2062,2019-06-28 05:15:00,2019-06-28 05:30:00,7,14,0:00:00,0:15:00,0,0,0
2062,2019-06-28 05:30:00,2019-06-28 05:45:00,16,32,0:00:00,0:15:00,0,0,0
2062,2019-06-28 05:45:00,2019-06-28 06:00:00,8,17,0:00:14,0:14:46,4,2,2
2062,2019-06-28 06:00:00,2019-06-28 06:15:00,3,19,0:12:23,0:02:37,2,1,1
2062,2019-06-28 06:15:00,2019-06-28 06:30:00,0,0,0:15:00,0:00:00,0,0,0
2062,2019-06-28 06:30:00,2019-06-28 06:45:00,3,13,0:09:02,0:05:58,5,2,3
2062,2019-06-28 06:45:00,2019-06-28 07:00:00,7,11,0:01:21,0:13:39,8,4,4
2062,2019-06-28 07:00:00,2019-06-28 07:15:00,6,13,0:02:52,0:12:08,23,11,12
2062,2019-06-28 07:15:00,2019-06-28 07:30:00,6,13,0:02:02,0:12:58,9,4,5
2062,2019-06-28 07:30:00,2019-06-28 07:45:00,2,13,0:11:54,0:03:06,2,1,1
2062,2019-06-28 07:45:00,2019-06-28 08:00:00,0,0,0:15:00,0:00:00,0,0,0
2062,2019-06-28 08:00:00,2019-06-28 08:15:00,0,0,0:15:00,0:00:00,0,0,0
2062,2019-06-28 08:15:00,2019-06-28 08:30:00,0,0,0:15:00,0:00:00,0,0,0
2062,2019-06-28 08:30:00,2019-06-28 08:45:00,5,26,0:08:05,0:06:55,24,12,12
2062,2019-06-28 08:45:00,2019-06-28 09:00:00,3,10,0:03:42,0:11:18,32,16,16
2062,2019-06-28 09:00:00,2019-06-28 09:15:00,5,13,0:03:00,0:12:00,15,7,8
2062,2019-06-28 09:15:00,2019-06-28 09:30:00,9,24,0:01:53,0:13:07,7,3,4
2062,2019-06-28 09:30:00,2019-06-28 09:45:00,4,11,0:01:34,0:13:26,10,5,5
2062,2019-06-28 09:45:00,2019-06-28 10:00:00,3,19,0:02:30,0:12:30,16,8,8
2062,2019-06-28 10:00:00,2019-06-28 10:15:00,8,39,0:04:44,0:10:16,5,2,3
2062,2019-06-28 10:15:00,2019-06-28 10:30:00,18,33,0:00:11,0:14:49,4,2,2
2062,2019-06-28 10:30:00,2019-06-28 10:45:00,6,16,0:02:38,0:12:22,6,3,3
2062,2019-06-28 10:45:00,2019-06-28 11:00:00,2,5,0:01:27,0:13:33,19,9,10
2062,2019-06-28 11:00:00,2019-06-28 11:15:00,11,19,0:02:50,0:12:10,21,10,11
2062,2019-06-28 11:15:00,2019-06-28 11:30:00,4,20,0:08:38,0:06:22,6,3,3
2062,2019-06-28 11:30:00,2019-06-28 11:45:00,0,0,0:15:00,0:00:00,0,0,0
2062,2019-06-28 11:45:00,2019-06-28 12:00:00,0,15,0:14:07,0:00:53,7,3,4
2062,2019-06-28 12:00:00,2019-06-28 12:15:00,8,23,0:00:39,0:14:21,11,5,6
2062,2019-06-28 12:15:00,2019-06-28 12:30:00,10,19,0:01:26,0:13:34,13,6,7
2062,2019-06-28 12:30:00,2019-06-28 12:45:00,2,11,0:10:54,0:04:06,2,1,1
2062,2019-06-28 12:45:00,2019-06-28 13:00:00,0,0,0:15:00,0:00:00,0,0,0
2062,2019-06-28 13:00:00,2019-06-28 13:15:00,8,10,0:06:51,0:08:09,4,2,2
2062,2019-06-28 13:15:00,2019-06-28 13:30:00,11,20,0:00:18,0:14:42,3,1,2
2062,2019-06-28 13:30:00,2019-06-28 13:45:00,6,12,0:00:41,0:14:19,8,4,4
2062,2019-06-28 13:45:00,2019-06-28 14:00:00,5,15,0:12:53,0:02:07,1,0,1
2062,2019-06-28 14:00:00,2019-06-28 14:15:00,0,0,0:15:00,0:00:00,0,0,0
2062,2019-06-28 14:15:00,2019-06-28 14:30:00,0,0,0:15:00,0:00:00,0,0,0
2062,2019-06-28 14:30:00,2019-06-28 14:45:00,6,20,0:06:07,0:08:53,0,0,0
2062,2019-06-28 14:45:00,2019-06-28 15:00:00,15,28,0:00:29,0:14:31,7,3,4
2062,2019-06-28 15:00:00,2019-06-28 15:15:00,7,14,0:00:31,0:14:29,5,2,3
2062,2019-06-28 15:15:00,2019-06-28 15:30:00,10,20,0:04:51,0:10:09,8,4,4
2062,2019-06-28 15:30:00,2019-06-28 15:45:00,0,2,0:15:00,0:00:00,0,0,0
2062,2019-06-28 15:45:00,2019-06-28 16:00:00,9,43,0:02:37,0:12:23,1,0,1
2062,2019-06-28 16:00:00,2019-06-28 16:15:00,6,17,0:09:24,0:05:36,0,0,0
2062,2019-06-28 16:15:00,2019-06-28 16:30:00,10,17,0:00:00,0:15:00,0,0,0
2062,2019-06-28 16:30:00,2019-06-28 16:45:00,9,18,0:02:51,0:12:09,19,9,10
2062,2019-06-28 16:45:00,2019-06-28 17:00:00,13,31,0:00:24,0:14:36,3,1,2
2062,2019-06-28 17:00:00,2019-06-28 17:15:00,11,23,0:01:06,0:13:54,9,4,5
2062,2019-06-28 17:15:00,2019-06-28 17:30:00,16,44,0:00:29,0:14:31,5,2,3
2062,2019-06-28 17:30:00,2019-06-28 17:45:00,21,46,0:04:05,0:10:55,3,1,2
2062,2019-06-28 17:45:00,2019-06-28 18:00:00,0,0,0:15:00,0:00:00,0,0,0
2062,2019-06-28 18:00:00,2019-06-28 18:15:00,0,12,0:15:00,0:00:00,0,0,0
2062,2019-06-28 18:15:00,2019-06-28 18:30:00,3,15,0:09:37,0:05:23,8,4,4
2062,2019-06-28 18:30:00,2019-06-28 18:45:00,9,21,0:01:22,0:13:38,10,5,5
2062,2019-06-28 18:45:00,2019-06-28 19:00:00,4,15,0:05:26,0:09:34,27,13,14
2062,2019-06-28 19:00:00,2019-06-28 19:15:00,4,21,0:06:55,0:08:05,24,12,12
2062,2019-06-28 19:15:00,2019-06-28 19:30:00,0,0,0:15:00,0:00:00,0,0,0
2062,2019-06-28 19:30:00,2019-06-28 19:45:00,5,12,0:03:15,0:11:45,1,0,1
2062,2019-06-28 19:45:00,2019-06-28 20:00:00,3,14,0:02:43,0:12:17,20,10,10
2062,2019-06-28 20:00:00,2019-06-28 20:15:00,7,14,0:03:54,0:11:06,23,11,12
2062,2019-06-28 20:15:00,2019-06-28 20:30:00,8,41,0:02:18,0:12:42,16,8,8
2062,2019-06-28 20:30:00,2019-06-28 20:45:00,13,26,0:00:47,0:14:13,9,4,5
2062,2019-06-28 20:45:00,2019-06-28 21:00:00,11,35,0:00:14,0:14:46,7,3,4
2062,2019-06-28 21:00:00,2019-06-28 21:15:00,1,18,0:14:11,0:00:49,1,0,1
2062,2019-06-28 21:15:00,2019-06-28 21:30:00,6,15,0:04:55,0:10:05,7,3,4
2062,2019-06-28 21:30:00,2019-06-28 21:45:00,0,0,0:15:00,0:00:00,0,0,0
2062,2019-06-28 21:45:00,2019-06-28 22:00:00,1,17,0:10:25,0:04:35,1,0,1
2062,2019-06-28 22:00:00,2019-06-28 22:15:00,11,15,0:00:00,0:15:00,0,0,0
2062,2019-06-28 22:15:00,2019-06-28 22:30:00,1,23,0:14:06,0:00:54,2,1,1
2062,2019-06-28 22:30:00,2019-06-28 22:45:00,0,1,0:15:00,0:00:00,0,0,0
2062,2019-06-28 22:45:00,2019-06-28 23:00:00,0,2,0:15:00,0:00:00,0,0,0
2062,2019-06-28 23:00:00,2019-06-28 23:15:00,3,11,0:04:56,0:10:04,4,2,2
2062,2019-06-28 23:15:00,2019-06-28 23:30:00,11,17,0:00:33,0:14:27,10,5,5
2062,2019-06-28 23:30:00,2019-06-28 23:45:00,4,22,0:04:26,0:10:34,6,3,3
2062,2019-06-28 23:45:00,2019-06-29 00:00:00,0,0,0:15:00,0:00:00,0,0,0
2062,2019-06-29 00:00:00,2019-06-29 00:15:00,0,0,0:15:00,0:00:00,0,0,0
2062,2019-06-29 00:15:00,2019-06-29 00:30:00,0,0,0:15:00,0:00:00,0,0,0
2062,2019-06-29 00:30:00,2019-06-29 00:45:00,6,20,0:00:48,0:14:12,6,3,3
2062,2019-06-29 00:45:00,2019-06-29 01:00:00,6,12,0:11:18,0:03:42,2,1,1
2062,2019-06-29 01:00:00,2019-06-29 01:15:00,0,4,0:15:00,0:00:00,0,0,0
2062,2019-06-29 01:15:00,2019-06-29 01:30:00,0,4,0:15:00,0:00:00,0,0,0
2062,2019-06-29 01:30:00,2019-06-29 01:45:00,0,3,0:15:00,0:00:00,0,0,0
2062,2019-06-29 01:45:00,2019-06-29 02:00:00,0,0,0:15:00,0:00:00,0,0,0
2062,2019-06-29 02:00:00,2019-06-29 02:15:00,0,2,0:15:00,0:00:00,0,0,0
2062,2019-06-29 02:15:00,2019-06-29 02:30:00,6,27,0:06:27,0:08:33,5,2,3
2062,2019-06-29 02:30:00,2019-06-29 02:45:00,0,0,0:15:00,0:00:00,0,0,0
2062,2019-06-29 02:45:00,2019-06-29 03:00:00,0,0,0:15:00,0:00:00,0,0,0
2062,2019-06-29 03:00:00,2019-06-29 03:15:00,0,0,0:15:00,0:00:00,0,0,0
2062,2019-06-29 03:15:00,2019-06-29 03:30:00,2,20,0:10:15,0:04:45,2,1,1
2062,2019-06-29 03:30:00,2019-06-29 03:45:00,0,0,0:15:00,0:00:00,0,0,0
2062,2019-06-29 03:45:00,2019-06-29 04:00:00,0,4,0:15:00,0:00:00,0,0,0
2062,2019-06-29 04:00:00,2019-06-29 04:15:00,0,0,0:15:00,0:00:00,0,0,0
2062,2019-06-29 04:15:00,2019-06-29 04:30:00,0,0,0:15:00,0:00:00,0,0,0
2062,2019-06-29 04:30:00,2019-06-29 04:45:00,0,0,0:15:00,0:00:00,0,0,0
2062,2019-06-29 04:45:00,2019-06-29 05:00:00,0,13,0:12:56,0:02:04,0,0,0
2062,2019-06-29 05:00:00,2019-06-29 05:15:00,9,18,0:00:04,0:14:56,1,0,1
2062,2019-06-29 05:15:00,2019-06-29 05:30:00,10,19,0:00:00,0:15:00,0,0,0
2062,2019-06-29 05:30:00,2019-06-29 05:45:00,4,9,0:00:00,0:15:00,0,0,0
2062,2019-06-29 05:45:00,2019-06-29 06:00:00,8,10,0:00:00,0:15:00,0,0,0
2062,2019-06-29 06:00:00,2019-06-29 06:15:00,1,5,0:06:15,0:08:45,34,17,17
2062,2019-06-29 06:15:00,2019-06-29 06:30:00,4,10,0:01:25,0:13:35,11,5,6
2062,2019-06-29 06:30:00,2019-06-29 06:45:00,8,19,0:01:24,0:13:36,7,3,4
2062,2019-06-29 06:45:00,2019-06-29 07:00:00,4,31,0:04:17,0:10:43,10,5,5
2062,2019-06-29 07:00:00,2019-06-29 07:15:00,4,15,0:11:27,0:03:33,3,1,2
2062,2019-06-29 07:15:00,2019-06-29 07:30:00,0,0,0:15:00,0:00:00,0,0,0
2062,2019-06-29 07:30:00,2019-06-29 07:45:00,0,8,0:11:09,0:03:51,2,1,1
2062,2019-06-29 07:45:00,2019-06-29 08:00:00,6,16,0:02:33,0:12:27,19,9,10
2062,2019-06-29 08:00:00,2019-06-29 08:15:00,6,18,0:05:56,0:09:04,14,7,7
2062,2019-06-29 08:15:00,2019-06-29 08:30:00,0,0,0:15:00,0:00:00,0,0,0
2062,2019-06-29 08:30:00,2019-06-29 08:45:00,0,0,0:15:00,0:00:00,0,0,0
2062,2019-06-29 08:45:00,2019-06-29 09:00:00,0,24,0:15:00,0:00:00,0,0,0
2062,2019-06-29 09:00:00,2019-06-29 09:15:00,0,7,0:15:00,0:00:00,0,0,0
2062,2019-06-29 09:15:00,2019-06-29 09:30:00,0,0,0:15:00,0:00:00,0,0,0
2062,2019-06-29 09:30:00,2019-06-29 09:45:00,0,5,0:15:00,0:00:00,0,0,0
2062,2019-06-29 09:45:00,2019-06-29 10:00:00,1,6,0:14:43,0:00:17,0,0,0
2062,2019-06-29 10:00:00,2019-06-29 10:15:00,7,13,0:00:01,0:14:59,1,0,1
2062,2019-06-29 10:15:00,2019-06-29 10:30:00,6,12,0:00:48,0:14:12,10,5,5
2062,2019-06-29 10:30:00,2019-06-29 10:45:00,4,10,0:01:02,0:13:58,9,4,5
2062,2019-06-29 10:45:00,2019-06-29 11:00:00,7,48,0:06:57,0:08:03,1,0,1
2062,2019-06-29 11:00:00,2019-06-29 11:15:00,8,25,0:02:12,0:12:48,15,7,8
2062,2019-06-29 11:15:00,2019-06-29 11:30:00,4,10,0:00:37,0:14:23,8,4,4
2062,2019-06-29 11:30:00,2019-06-29 11:45:00,4,13,0:01:17,0:13:43,12,6,6
2062,2019-06-29 11:45:00,2019-06-29 12:00:00,4,26,0:09:33,0:05:27,4,2,2
2062,2019-06-29 12:00:00,2019-06-29 12:15:00,0,0,0:15:00,0:00:00,0,0,0
2062,2019-06-29 12:15:00,2019-06-29 12:30:00,0,0,0:15:00,0:00:00,0,0,0
2062,2019-06-29 12:30:00,2019-06-29 12:45:00,10,13,0:05:59,0:09:01,2,1,1
2062,2019-06-29 12:45:00,2019-06-29 13:00:00,15,29,0:00:33,0:14:27,5,2,3
2062,2019-06-29 13:00:00,2019-06-29 13:15:00,7,30,0:01:06,0:13:54,11,5,6
2062,2019-06-29 13:15:00,2019-06-29 13:30:00,4,22,0:10:24,0:04:36,1,0,1
2062,2019-06-29 13:30:00,2019-06-29 13:45:00,0,0,0:15:00,0:00:00,0,0,0
2062,2019-06-29 13:45:00,2019-06-29 14:00:00,0,2,0:15:00,0:00:00,0,0,0
2062,2019-06-29 14:00:00,2019-06-29 14:15:00,8,23,0:04:47,0:10:13,1,0,1
2062,2019-06-29 14:15:00,2019-06-29 14:30:00,6,18,0:01:17,0:13:43,9,4,5
2062,2019-06-29 14:30:00,2019-06-29 14:45:00,9,15,0:01:21,0:13:39,7,3,4
2062,2019-06-29 14:45:00,2019-06-29 15:00:00,12,27,0:01:15,0:13:45,14,7,7
2062,2019-06-29 15:00:00,2019-06-29 15:15:00,5,16,0:05:56,0:09:04,6,3,3
2062,2019-06-29 15:15:00,2019-06-29 15:30:00,0,2,0:15:00,0:00:00,0,0,0
2062,2019-06-29 15:30:00,2019-06-29 15:45:00,0,23,0:15:00,0:00:00,0,0,0
2062,2019-06-29 15:45:00,2019-06-29 16:00:00,6,13,0:05:49,0:09:11,0,0,0
2062,2019-06-29 16:00:00,2019-06-29 16:15:00,11,24,0:00:05,0:14:55,2,1,1
2062,2019-06-29 16:15:00,2019-06-29 16:30:00,1,13,0:13:01,0:01:59,1,0,1
2062,2019-06-29 16:30:00,2019-06-29 16:45:00,0,18,0:15:00,0:00:00,0,0,0
2062,2019-06-29 16:45:00,2019-06-29 17:00:00,6,7,0:00:02,0:14:58,0,0,0
2062,2019-06-29 17:00:00,2019-06-29 17:15:00,9,15,0:00:46,0:14:14,3,1,2
2062,2019-06-29 17:15:00,2019-06-29 17:30:00,9,25,0:00:47,0:14:13,4,2,2
2062,2019-06-29 17:30:00,2019-06-29 17:45:00,8,19,0:02:58,0:12:02,17,8,9
2062,2019-06-29 17:45:00,2019-06-29 18:00:00,8,27,0:03:38,0:11:22,8,4,4
2062,2019-06-29 18:00:00,2019-06-29 18:15:00,0,0,0:15:00,0:00:00,0,0,0
2062,2019-06-29 18:15:00,2019-06-29 18:30:00,4,20,0:13:55,0:01:05,7,3,4
2062,2019-06-29 18:30:00,2019-06-29 18:45:00,7,19,0:00:12,0:14:48,2,1,1
2062,2019-06-29 18:45:00,2019-06-29 19:00:00,10,17,0:00:14,0:14:46,3,1,2
2062,2019-06-29 19:00:00,2019-06-29 19:15:00,6,32,0:04:24,0:10:36,20,10,10
2062,2019-06-29 19:15:00,2019-06-29 19:30:00,10,31,0:04:28,0:10:32,33,16,17
2062,2019-06-29 19:30:00,2019-06-29 19:45:00,6,21,0:07:05,0:07:55,34,17,17
2062,2019-06-29 19:45:00,2019-06-29 20:00:00,11,28,0:02:35,0:12:25,20,10,10
2062,2019-06-29 20:00:00,2019-06-29 20:15:00,9,36,0:03:16,0:11:44,23,11,12
2062,2019-06-29 20:15:00,2019-06-29 20:30:00,0,0,0:15:00,0:00:00,0,0,0
2062,2019-06-29 20:30:00,2019-06-29 20:45:00,0,11,0:15:00,0:00:00,0,0,0
2062,2019-06-29 20:45:00,2019-06-29 21:00:00,1,10,0:05:51,0:09:09,2,1,1
2062,2019-06-29 21:00:00,2019-06-29 21:15:00,9,17,0:00:29,0:14:31,10,5,5
2062,2019-06-29 21:15:00,2019-06-29 21:30:00,6,24,0:07:48,0:07:12,6,3,3
2062,2019-06-29 21:30:00,2019-06-29 21:45:00,0,5,0:15:00,0:00:00,0,0,0
2062,2019-06-29 21:45:00,2019-06-29 22:00:00,9,18,0:08:24,0:06:36,11,5,6
2062,2019-06-29 22:00:00,2019-06-29 22:15:00,6,20,0:05:29,0:09:31,12,6,6
2062,2019-06-29 22:15:00,2019-06-29 22:30:00,0,1,0:15:00,0:00:00,0,0,0
2062,2019-06-29 22:30:00,2019-06-29 22:45:00,0,0,0:15:00,0:00:00,0,0,0
2062,2019-06-29 22:45:00,2019-06-29 23:00:00,0,10,0:13:36,0:01:24,1,0,1
2062,2019-06-29 23:00:00,2019-06-29 23:15:00,11,22,0:00:26,0:14:34,8,4,4
2062,2019-06-29 23:15:00,2019-06-29 23:30:00,14,28,0:01:45,0:13:15,2,1,1
2062,2019-06-29 23:30:00,2019-06-29 23:45:00,0,0,0:15:00,0:00:00,0,0,0
2062,2019-06-29 23:45:00,2019-06-30 00:00:00,0,6,0:15:00,0:00:00,0,0,0
2062,2019-06-30 00:00:00,2019-06-30 00:15:00,0,0,0:15:00,0:00:00,0,0,0
2062,2019-06-30 00:15:00,2019-06-30 00:30:00,0,1,0:15:00,0:00:00,0,0,0
2062,2019-06-30 00:30:00,2019-06-30 00:45:00,2,12,0:05:51,0:09:09,3,1,2
2062,2019-06-30 00:45:00,2019-06-30 01:00:00,12,29,0:00:26,0:14:34,4,2,2
2062,2019-06-30 01:00:00,2019-06-30 01:15:00,2,14,0:12:30,0:02:30,4,2,2
2062,2019-06-30 01:15:00,2019-06-30 01:30:00,0,0,0:15:00,0:00:00,0,0,0
2062,2019-06-30 01:30:00,2019-06-30 01:45:00,0,0,0:15:00,0:00:00,0,0,0
2062,2019-06-30 01:45:00,2019-06-30 02:00:00,0,0,0:15:00,0:00:00,0,0,0
2062,2019-06-30 02:00:00,2019-06-30 02:15:00,1,14,0:10:25,0:04:35,0,0,0
2062,2019-06-30 02:15:00,2019-06-30 02:30:00,6,7,0:12:25,0:02:35,2,1,1
2062,2019-06-30 02:30:00,2019-06-30 02:45:00,0,0,0:15:00,0:00:00,0,0,0
2062,2019-06-30 02:45:00,2019-06-30 03:00:00,0,6,0:15:00,0:00:00,0,0,0
2062,2019-06-30 03:00:00,2019-06-30 03:15:00,0,2,0:15:00,0:00:00,0,0,0
2062,2019-06-30 03:15:00,2019-06-30 03:30:00,0,11,0:15:00,0:00:00,0,0,0
2062,2019-06-30 03:30:00,2019-06-30 03:45:00,1,5,0:10:16,0:04:44,2,1,1
2062,2019-06-30 03:45:00,2019-06-30 04:00:00,0,3,0:15:00,0:00:00,0,0,0
2062,2019-06-30 04:00:00,2019-06-30 04:15:00,5,24,0:10:10,0:04:50,1,0,1
2062,2019-06-30 04:15:00,2019-06-30 04:30:00,0,0,0:15:00,0:00:00,0,0,0
2062,2019-06-30 04:30:00,2019-06-30 04:45:00,0,0,0:15:00,0:00:00,0,0,0
2062,2019-06-30 04:45:00,2019-06-30 05:00:00,1,27,0:13:30,0:01:30,1,0,1
2062,2019-06-30 05:00:00,2019-06-30 05:15:00,12,17,0:00:00,0:15:00,0,0,0
2062,2019-06-30 05:15:00,2019-06-30 05:30:00,12,25,0:00:00,0:15:00,0,0,0
2062,2019-06-30 05:30:00,2019-06-30 05:45:00,7,12,0:00:00,0:15:00,0,0,0
2062,2019-06-30 05:45:00,2019-06-30 06:00:00,7,17,0:00:08,0:14:52,1,0,1
2062,2019-06-30 06:00:00,2019-06-30 06:15:00,4,11,0:00:03,0:14:57,1,0,1
2062,2019-06-30 06:15:00,2019-06-30 06:30:00,2,6,0:01:28,0:13:32,13,6,7
2062,2019-06-30 06:30:00,2019-06-30 06:45:00,2,10,0:02:36,0:12:24,15,7,8
2062,2019-06-30 06:45:00,2019-06-30 07:00:00,13,45,0:01:11,0:13:49,12,6,6
2062,2019-06-30 07:00:00,2019-06-30 07:15:00,8,21,0:05:37,0:09:23,10,5,5
2062,2019-06-30 07:15:00,2019-06-30 07:30:00,0,0,0:15:00,0:00:00,0,0,0
2062,2019-06-30 07:30:00,2019-06-30 07:45:00,0,0,0:15:00,0:00:00,0,0,0
2062,2019-06-30 07:45:00,2019-06-30 08:00:00,0,13,0:15:00,0:00:00,0,0,0
2062,2019-06-30 08:00:00,2019-06-30 08:15:00,0,8,0:15:00,0:00:00,0,0,0
2062,2019-06-30 08:15:00,2019-06-30 08:30:00,4,10,0:06:24,0:08:36,4,2,2
2062,2019-06-30 08:30:00,2019-06-30 08:45:00,4,15,0:03:16,0:11:44,19,9,10
2062,2019-06-30 08:45:00,2019-06-30 09:00:00,9,25,0:03:41,0:11:19,15,7,8
2062,2019-06-30 09:00:00,2019-06-30 09:15:00,1,13,0:14:42,0:00:18,2,1,1
2062,2019-06-30 09:15:00,2019-06-30 09:30:00,0,0,0:15:00,0:00:00,0,0,0
2062,2019-06-30 09:30:00,2019-06-30 09:45:00,0,0,0:15:00,0:00:00,0,0,0
2062,2019-06-30 09:45:00,2019-06-30 10:00:00,0,0,0:15:00,0:00:00,0,0,0
2062,2019-06-30 10:00:00,2019-06-30 10:15:00,0,0,0:15:00,0:00:00,0,0,0
2062,2019-06-30 10:15:00,2019-06-30 10:30:00,1,13,0:09:32,0:05:28,1,0,1
2062,2019-06-30 10:30:00,2019-06-30 10:45:00,7,11,0:01:04,0:13:56,13,6,7
2062,2019-06-30 10:45:00,2019-06-30 11:00:00,9,15,0:02:27,0:12:33,14,7,7
2062,2019-06-30 11:00:00,2019-06-30 11:15:00,8,21,0:02:08,0:12:52,16,8,8
2062,2019-06-30 11:15:00,2019-06-30 11:30:00,0,8,0:14:51,0:00:09,2,1,1
2062,2019-06-30 11:30:00,2019-06-30 11:45:00,0,1,0:15:00,0:00:00,0,0,0
2062,2019-06-30 11:45:00,2019-06-30 12:00:00,0,13,0:15:00,0:00:00,0,0,0
2062,2019-06-30 12:00:00,2019-06-30 12:15:00,0,2,0:15:00,0:00:00,0,0,0
2062,2019-06-30 12:15:00,2019-06-30 12:30:00,1,21,0:12:47,0:02:13,1,0,1
2062,2019-06-30 12:30:00,2019-06-30 12:45:00,13,31,0:03:13,0:11:47,9,4,5
2062,2019-06-30 12:45:00,2019-06-30 13:00:00,3,5,0:00:56,0:14:04,9,4,5
2062,2019-06-30 13:00:00,2019-06-30 13:15:00,4,6,0:00:04,0:14:56,1,0,1
2062,2019-06-30 13:15:00,2019-06-30 13:30:00,11,17,0:00:08,0:14:52,3,1,2
2062,2019-06-30 13:30:00,2019-06-30 13:45:00,0,17,0:13:32,0:01:28,1,0,1
2062,2019-06-30 13:45:00,2019-06-30 14:00:00,0,1,0:15:00,0:00:00,0,0,0
2062,2019-06-30 14:00:00,2019-06-30 14:15:00,0,0,0:15:00,0:00:00,0,0,0
2062,2019-06-30 14:15:00,2019-06-30 14:30:00,0,1,0:15:00,0:00:00,0,0,0
2062,2019-06-30 14:30:00,2019-06-30 14:45:00,8,21,0:06:00,0:09:00,0,0,0
2062,2019-06-30 14:45:00,2019-06-30 15:00:00,13,22,0:00:00,0:15:00,0,0,0
2062,2019-06-30 15:00:00,2019-06-30 15:15:00,4,9,0:01:35,0:13:25,12,6,6
2062,2019-06-30 15:15:00,2019-06-30 15:30:00,5,14,0:02:18,0:12:42,9,4,5
2062,2019-06-30 15:30:00,2019-06-30 15:45:00,5,7,0:01:22,0:13:38,7,3,4
2062,2019-06-30 15:45:00,2019-06-30 16:00:00,0,11,0:09:13,0:05:47,3,1,2
2062,2019-06-30 16:00:00,2019-06-30 16:15:00,0,5,0:15:00,0:00:00,0,0,0
2062,2019-06-30 16:15:00,2019-06-30 16:30:00,0,5,0:15:00,0:00:00,0,0,0
2062,2019-06-30 16:30:00,2019-06-30 16:45:00,0,11,0:14:37,0:00:23,0,0,0
2062,2019-06-30 16:45:00,2019-06-30 17:00:00,12,32,0:01:35,0:13:25,19,9,10
2062,2019-06-30 17:00:00,2019-06-30 17:15:00,4,10,0:00:35,0:14:25,8,4,4
2062,2019-06-30 17:15:00,2019-06-30 17:30:00,16,45,0:00:55,0:14:05,14,7,7
2062,2019-06-30 17:30:00,2019-06-30 17:45:00,9,19,0:00:49,0:14:11,8,4,4
2062,2019-06-30 17:45:00,2019-06-30 18:00:00,2,11,0:14:50,0:00:10,2,1,1
2062,2019-06-30 18:00:00,2019-06-30 18:15:00,0,9,0:15:00,0:00:00,0,0,0
2062,2019-06-30 18:15:00,2019-06-30 18:30:00,3,10,0:05:34,0:09:26,2,1,1
2062,2019-06-30 18:30:00,2019-06-30 18:45:00,6,9,0:01:00,0:14:00,9,4,5
2062,2019-06-30 18:45:00,2019-06-30 19:00:00,2,27,0:04:59,0:10:01,32,16,16
2062,2019-06-30 19:00:00,2019-06-30 19:15:00,9,25,0:05:41,0:09:19,23,11,12
2062,2019-06-30 19:15:00,2019-06-30 19:30:00,7,28,0:04:11,0:10:49,19,9,10
2062,2019-06-30 19:30:00,2019-06-30 19:45:00,0,0,0:15:00,0:00:00,0,0,0
2062,2019-06-30 19:45:00,2019-06-30 20:00:00,0,0,0:15:00,0:00:00,0,0,0
2062,2019-06-30 20:00:00,2019-06-30 20:15:00,5,37,0:06:50,0:08:10,10,5,5
2062,2019-06-30 20:15:00,2019-06-30 20:30:00,6,28,0:06:25,0:08:35,29,14,15
2062,2019-06-30 20:30:00,2019-06-30 20:45:00,9,18,0:00:11,0:14:49,7,3,4
2062,2019-06-30 20:45:00,2019-06-30 21:00:00,4,16,0:00:24,0:14:36,4,2,2
2062,2019-06-30 21:00:00,2019-06-30 21:15:00,16,75,0:02:40,0:12:20,18,9,9
2062,2019-06-30 21:15:00,2019-06-30 21:30:00,8,13,0:04:12,0:10:48,2,1,1
2062,2019-06-30 21:30:00,2019-06-30 21:45:00,1,8,0:10:38,0:04:22,1,0,1
2062,2019-06-30 21:45:00,2019-06-30 22:00:00,6,11,0:01:51,0:13:09,14,7,7
2062,2019-06-30 22:00:00,2019-06-30 22:15:00,9,28,0:05:07,0:09:53,3,1,2
2062,2019-06-30 22:15:00,2019-06-30 22:30:00,0,0,0:15:00,0:00:00,0,0,0
2062,2019-06-30 22:30:00,2019-06-30 22:45:00,0,0,0:15:00,0:00:00,0,0,0
2062,2019-06-30 22:45:00,2019-06-30 23:00:00,0,13,0:14:44,0:00:16,0,0,0
2062,2019-06-30 23:00:00,2019-06-30 23:15:00,10,22,0:00:11,0:14:49,3,1,2
2062,2019-06-30 23:15:00,2019-06-30 23:30:00,3,12,0:13:36,0:01:24,2,1,1
2062,2019-06-30 23:30:00,2019-06-30 23:45:00,0,8,0:15:00,0:00:00,0,0,0
2062,2019-06-30 23:45:00,2019-07-01 00:00:00,0,5,0:15:00,0:00:00,0,0,0
2062,2019-07-01 00:00:00,2019-07-01 00:15:00,0,6,0:15:00,0:00:00,0,0,0
2062,2019-07-01 00:15:00,2019-07-01 00:30:00,12,33,0:01:49,0:13:11,7,3,4
2062,2019-07-01 00:30:00,2019-07-01 00:45:00,2,14,0:13:25,0:01:35,3,1,2
2062,2019-07-01 00:45:00,2019-07-01 01:00:00,1,17,0:11:12,0:03:48,3,1,2
2062,2019-07-01 01:00:00,2019-07-01 01:15:00,16,27,0:00:00,0:15:00,0,0,0
2062,2019-07-01 01:15:00,2019-07-01 01:30:00,6,11,0:01:00,0:14:00,13,6,7
2062,2019-07-01 01:30:00,2019-07-01 01:45:00,6,17,0:09:44,0:05:16,9,4,5
2062,2019-07-01 01:45:00,2019-07-01 02:00:00,0,6,0:15:00,0:00:00,0,0,0
2062,2019-07-01 02:00:00,2019-07-01 02:15:00,0,0,0:15:00,0:00:00,0,0,0
2062,2019-07-01 02:15:00,2019-07-01 02:30:00,0,1,0:15:00,0:00:00,0,0,0
2062,2019-07-01 02:30:00,2019-07-01 02:45:00,0,3,0:15:00,0:00:00,0,0,0
2062,2019-07-01 02:45:00,2019-07-01 03:00:00,2,17,0:12:08,0:02:52,0,0,0
2062,2019-07-01 03:00:00,2019-07-01 03:15:00,6,18,0:06:16,0:08:44,3,1,2
2062,2019-07-01 03:15:00,2019-07-01 03:30:00,0,0,0:15:00,0:00:00,0,0,0
2062,2019-07-01 03:30:00,2019-07-01 03:45:00,0,0,0:15:00,0:00:00,0,0,0
2062,2019-07-01 03:45:00,2019-07-01 04:00:00,0,0,0:15:00,0:00:00,0,0,0
2062,2019-07-01 04:00:00,2019-07-01 04:15:00,0,1,0:15:00,0:00:00,0,0,0
2062,2019-07-01 04:15:00,2019-07-01 04:30:00,16,34,0:00:08,0:14:52,0,0,0
2062,2019-07-01 04:30:00,2019-07-01 04:45:00,13,22,0:00:02,0:14:58,2,1,1
2062,2019-07-01 04:45:00,2019-07-01 05:00:00,1,10,0:12:10,0:02:50,2,1,1
2062,2019-07-01 05:00:00,2019-07-01 05:15:00,0,19,0:13:25,0:01:35,0,0,0
2062,2019-07-01 05:15:00,2019-07-01 05:30:00,17,24,0:00:19,0:14:41,3,1,2
2062,2019-07-01 05:30:00,2019-07-01 05:45:00,4,6,0:00:00,0:15:00,0,0,0
2062,2019-07-01 05:45:00,2019-07-01 06:00:00,7,14,0:00:01,0:14:59,1,0,1
2062,2019-07-01 06:00:00,2019-07-01 06:15:00,8,10,0:00:04,0:14:56,2,1,1
2062,2019-07-01 06:15:00,2019-07-01 06:30:00,7,18,0:03:29,0:11:31,15,7,8
2062,2019-07-01 06:30:00,2019-07-01 06:45:00,4,6,0:03:55,0:11:05,14,7,7
2062,2019-07-01 06:45:00,2019-07-01 07:00:00,10,24,0:00:56,0:14:04,8,4,4
2062,2019-07-01 07:00:00,2019-07-01 07:15:00,19,69,0:01:34,0:13:26,8,4,4
2062,2019-07-01 07:15:00,2019-07-01 07:30:00,5,28,0:01:02,0:13:58,4,2,2
2062,2019-07-01 07:30:00,2019-07-01 07:45:00,4,13,0:10:49,0:04:11,6,3,3
2062,2019-07-01 07:45:00,2019-07-01 08:00:00,0,0,0:15:00,0:00:00,0,0,0
2062,2019-07-01 08:00:00,2019-07-01 08:15:00,0,0,0:15:00,0:00:00,0,0,0
2062,2019-07-01 08:15:00,2019-07-01 08:30:00,0,13,0:15:00,0:00:00,0,0,0
2062,2019-07-01 08:30:00,2019-07-01 08:45:00,0,0,0:15:00,0:00:00,0,0,0
2062,2019-07-01 08:45:00,2019-07-01 09:00:00,3,21,0:08:52,0:06:08,2,1,1
2062,2019-07-01 09:00:00,2019-07-01 09:15:00,0,0,0:15:00,0:00:00,0,0,0
2062,2019-07-01 09:15:00,2019-07-01 09:30:00,3,15,0:07:08,0:07:52,7,3,4
2062,2019-07-01 09:30:00,2019-07-01 09:45:00,7,7,0:00:22,0:14:38,6,3,3
2062,2019-07-01 09:45:00,2019-07-01 10:00:00,6,21,0:02:35,0:12:25,16,8,8
2062,2019-07-01 10:00:00,2019-07-01 10:15:00,12,28,0:01:15,0:13:45,10,5,5
2062,2019-07-01 10:15:00,2019-07-01 10:30:00,11,29,0:01:24,0:13:36,7,3,4
2062,2019-07-01 10:30:00,2019-07-01 10:45:00,8,23,0:05:56,0:09:04,2,1,1
2062,2019-07-01 10:45:00,2019-07-01 11:00:00,0,1,0:15:00,0:00:00,0,0,0
2062,2019-07-01 11:00:00,2019-07-01 11:15:00,3,6,0:02:13,0:12:47,3,1,2
2062,2019-07-01 11:15:00,2019-07-01 11:30:00,7,20,0:00:08,0:14:52,3,1,2
2062,2019-07-01 11:30:00,2019-07-01 11:45:00,2,10,0:00:07,0:14:53,3,1,2
2062,2019-07-01 11:45:00,2019-07-01 12:00:00,10,31,0:01:37,0:13:23,11,5,6
2062,2019-07-01 12:00:00,2019-07-01 12:15:00,10,20,0:00:18,0:14:42,5,2,3
2062,2019-07-01 12:15:00,2019-07-01 12:30:00,9,38,0:07:16,0:07:44,1,0,1
2062,2019-07-01 12:30:00,2019-07-01 12:45:00,6,14,0:00:05,0:14:55,2,1,1
2062,2019-07-01 12:45:00,2019-07-01 13:00:00,2,18,0:10:19,0:04:41,2,1,1
2062,2019-07-01 13:00:00,2019-07-01 13:15:00,0,0,0:15:00,0:00:00,0,0,0
2062,2019-07-01 13:15:00,2019-07-01 13:30:00,0,0,0:15:00,0:00:00,0,0,0
2062,2019-07-01 13:30:00,2019-07-01 13:45:00,1,14,0:11:28,0:03:32,0,0,0
2062,2019-07-01 13:45:00,2019-07-01 14:00:00,13,38,0:00:23,0:14:37,3,1,2
2062,2019-07-01 14:00:00,2019-07-01 14:15:00,0,0,0:15:00,0:00:00,0,0,0
2062,2019-07-01 14:15:00,2019-07-01 14:30:00,0,6,0:15:00,0:00:00,0,0,0
2062,2019-07-01 14:30:00,2019-07-01 14:45:00,0,0,0:15:00,0:00:00,0,0,0
2062,2019-07-01 14:45:00,2019-07-01 15:00:00,0,6,0:15:00,0:00:00,0,0,0
2062,2019-07-01 15:00:00,2019-07-01 15:15:00,0,6,0:15:00,0:00:00,0,0,0
2062,2019-07-01 15:15:00,2019-07-01 15:30:00,8,22,0:03:25,0:11:35,11,5,6
2062,2019-07-01 15:30:00,2019-07-01 15:45:00,7,25,0:01:21,0:13:39,9,4,5
2062,2019-07-01 15:45:00,2019-07-01 16:00:00,11,17,0:00:26,0:14:34,9,4,5
2062,2019-07-01 16:00:00,2019-07-01 16:15:00,8,13,0:00:52,0:14:08,3,1,2
2062,2019-07-01 16:15:00,2019-07-01 16:30:00,3,21,0:05:24,0:09:36,4,2,2
2062,2019-07-01 16:30:00,2019-07-01 16:45:00,0,0,0:15:00,0:00:00,0,0,0
2062,2019-07-01 16:45:00,2019-07-01 17:00:00,3,13,0:09:41,0:05:19,0,0,0
2062,2019-07-01 17:00:00,2019-07-01 17:15:00,13,39,0:01:45,0:13:15,15,7,8
2062,2019-07-01 17:15:00,2019-07-01 17:30:00,10,36,0:03:02,0:11:58,27,13,14
2062,2019-07-01 17:30:00,2019-07-01 17:45:00,6,16,0:01:09,0:13:51,12,6,6
2062,2019-07-01 17:45:00,2019-07-01 18:00:00,14,24,0:04:17,0:10:43,9,4,5
2062,2019-07-01 18:00:00,2019-07-01 18:15:00,0,0,0:15:00,0:00:00,0,0,0
2062,2019-07-01 18:15:00,2019-07-01 18:30:00,8,25,0:08:37,0:06:23,2,1,1
2062,2019-07-01 18:30:00,2019-07-01 18:45:00,11,16,0:00:02,0:14:58,2,1,1
2062,2019-07-01 18:45:00,2019-07-01 19:00:00,13,39,0:01:10,0:13:50,5,2,3
2062,2019-07-01 19:00:00,2019-07-01 19:15:00,0,0,0:15:00,0:00:00,0,0,0
2062,2019-07-01 19:15:00,2019-07-01 19:30:00,0,0,0:15:00,0:00:00,0,0,0
2062,2019-07-01 19:30:00,2019-07-01 19:45:00,5,35,0:07:24,0:07:36,26,13,13
2062,2019-07-01 19:45:00,2019-07-01 20:00:00,8,19,0:04:56,0:10:04,23,11,12
2062,2019-07-01 20:00:00,2019-07-01 20:15:00,7,17,0:02:56,0:12:04,17,8,9
2062,2019-07-01 20:15:00,2019-07-01 20:30:00,7,12,0:00:43,0:14:17,3,1,2
2062,2019-07-01 20:30:00,2019-07-01 20:45:00,5,21,0:10:28,0:04:32,3,1,2
2062,2019-07-01 20:45:00,2019-07-01 21:00:00,0,6,0:11:21,0:03:39,2,1,1
2062,2019-07-01 21:00:00,2019-07-01 21:15:00,11,18,0:00:32,0:14:28,8,4,4
2062,2019-07-01 21:15:00,2019-07-01 21:30:00,12,20,0:01:06,0:13:54,10,5,5
2062,2019-07-01 21:30:00,2019-07-01 21:45:00,1,13,0:13:29,0:01:31,1,0,1
2062,2019-07-01 21:45:00,2019-07-01 22:00:00,0,6,0:15:00,0:00:00,0,0,0
2062,2019-07-01 22:00:00,2019-07-01 22:15:00,1,11,0:12:55,0:02:05,1,0,1
2062,2019-07-01 22:15:00,2019-07-01 22:30:00,8,21,0:00:08,0:14:52,2,1,1
2062,2019-07-01 22:30:00,2019-07-01 22:45:00,6,74,0:07:26,0:07:34,2,1,1
2062,2019-07-01 22:45:00,2019-07-01 23:00:00,0,0,0:15:00,0:00:00,0,0,0
2062,2019-07-01 23:00:00,2019-07-01 23:15:00,0,13,0:10:38,0:04:22,0,0,0
2062,2019-07-01 23:15:00,2019-07-01 23:30:00,10,31,0:04:41,0:10:19,5,2,3
2062,2019-07-01 23:30:00,2019-07-01 23:45:00,0,0,0:15:00,0:00:00,0,0,0
2062,2019-07-01 23:45:00,2019-07-02 00:00:00,0,0,0:15:00,0:00:00,0,0,0
2062,2019-07-02 00:00:00,2019-07-02 00:15:00,0,7,0:15:00,0:00:00,0,0,0
2062,2019-07-02 00:15:00,2019-07-02 00:30:00,0,1,0:15:00,0:00:00,0,0,0
2062,2019-07-02 00:30:00,2019-07-02 00:45:00,4,19,0:11:16,0:03:44,0,0,0
2062,2019-07-02 00:45:00,2019-07-02 01:00:00,2,16,0:12:20,0:02:40,1,0,1
2062,2019-07-02 01:00:00,2019-07-02 01:15:00,0,0,0:15:00,0:00:00,0,0,0
2062,2019-07-02 01:15:00,2019-07-02 01:30:00,0,0,0:15:00,0:00:00,0,0,0
2062,2019-07-02 01:30:00,2019-07-02 01:45:00,0,2,0:15:00,0:00:00,0,0,0
2062,2019-07-02 01:45:00,2019-07-02 02:00:00,0,17,0:09:07,0:05:53,0,0,0
2062,2019-07-02 02:00:00,2019-07-02 02:15:00,2,15,0:13:56,0:01:04,3,1,2
2062,2019-07-02 02:15:00,2019-07-02 02:30:00,0,3,0:15:00,0:00:00,0,0,0
2062,2019-07-02 02:30:00,2019-07-02 02:45:00,0,0,0:15:00,0:00:00,0,0,0
2062,2019-07-02 02:45:00,2019-07-02 03:00:00,0,3,0:15:00,0:00:00,0,0,0
2062,2019-07-02 03:00:00,2019-07-02 03:15:00,0,7,0:15:00,0:00:00,0,0,0
2062,2019-07-02 03:15:00,2019-07-02 03:30:00,0,13,0:13:16,0:01:44,1,0,1
2062,2019-07-02 03:30:00,2019-07-02 03:45:00,8,17,0:00:26,0:14:34,4,2,2
2062,2019-07-02 03:45:00,2019-07-02 04:00:00,3,10,0:11:22,0:03:38,1,0,1
2062,2019-07-02 04:00:00,2019-07-02 04:15:00,0,0,0:15:00,0:00:00,0,0,0
2062,2019-07-02 04:15:00,2019-07-02 04:30:00,0,0,0:15:00,0:00:00,0,0,0
2062,2019-07-02 04:30:00,2019-07-02 04:45:00,0,0,0:15:00,0:00:00,0,0,0
2062,2019-07-02 04:45:00,2019-07-02 05:00:00,0,0,0:15:00,0:00:00,0,0,0
2062,2019-07-02 05:00:00,2019-07-02 05:15:00,8,24,0:06:59,0:08:01,0,0,0
2062,2019-07-02 05:15:00,2019-07-02 05:30:00,3,10,0:00:09,0:14:51,2,1,1
2062,2019-07-02 05:30:00,2019-07-02 05:45:00,5,8,0:00:00,0:15:00,0,0,0
2062,2019-07-02 05:45:00,2019-07-02 06:00:00,4,11,0:00:03,0:14:57,1,0,1
2062,2019-07-02 06:00:00,2019-07-02 06:15:00,1,2,0:00:09,0:14:51,4,2,2
2062,2019-07-02 06:15:00,2019-07-02 06:30:00,10,15,0:02:23,0:12:37,18,9,9
2062,2019-07-02 06:30:00,2019-07-02 06:45:00,1,7,0:06:19,0:08:41,16,8,8
2062,2019-07-02 06:45:00,2019-07-02 07:00:00,5,11,0:03:57,0:11:03,13,6,7
2062,2019-07-02 07:00:00,2019-07-02 07:15:00,7,27,0:04:23,0:10:37,16,8,8
2062,2019-07-02 07:15:00,2019-07-02 07:30:00,7,24,0:09:55,0:05:05,10,5,5
2062,2019-07-02 07:30:00,2019-07-02 07:45:00,0,0,0:15:00,0:00:00,0,0,0
2062,2019-07-02 07:45:00,2019-07-02 08:00:00,0,0,0:15:00,0:00:00,0,0,0
2062,2019-07-02 08:00:00,2019-07-02 08:15:00,1,10,0:11:55,0:03:05,8,4,4
2062,2019-07-02 08:15:00,2019-07-02 08:30:00,6,26,0:02:53,0:12:07,13,6,7
2062,2019-07-02 08:30:00,2019-07-02 08:45:00,3,8,0:01:38,0:13:22,15,7,8
2062,2019-07-02 08:45:00,2019-07-02 09:00:00,1,11,0:14:47,0:00:13,1,0,1
2062,2019-07-02 09:00:00,2019-07-02 09:15:00,0,0,0:15:00,0:00:00,0,0,0
2062,2019-07-02 09:15:00,2019-07-02 09:30:00,2,16,0:07:46,0:07:14,9,4,5
2062,2019-07-02 09:30:00,2019-07-02 09:45:00,3,6,0:01:14,0:13:46,9,4,5
2062,2019-07-02 09:45:00,2019-07-02 10:00:00,8,18,0:03:15,0:11:45,12,6,6
2062,2019-07-02 10:00:00,2019-07-02 10:15:00,7,18,0:02:02,0:12:58,16,8,8
2062,2019-07-02 10:15:00,2019-07-02 10:30:00,11,41,0:03:58,0:11:02,8,4,4
2062,2019-07-02 10:30:00,2019-07-02 10:45:00,0,0,0:15:00,0:00:00,0,0,0
2062,2019-07-02 10:45:00,2019-07-02 11:00:00,0,0,0:15:00,0:00:00,0,0,0
2062,2019-07-02 11:00:00,2019-07-02 11:15:00,8,26,0:03:54,0:11:06,2,1,1
2062,2019-07-02 11:15:00,2019-07-02 11:30:00,7,25,0:01:58,0:13:02,11,5,6
2062,2019-07-02 11:30:00,2019-07-02 11:45:00,9,18,0:02:03,0:12:57,22,11,11
2062,2019-07-02 11:45:00,2019-07-02 12:00:00,12,21,0:00:17,0:14:43,8,4,4
2062,2019-07-02 12:00:00,2019-07-02 12:15:00,8,29,0:03:06,0:11:54,3,1,2
2062,2019-07-02 12:15:00,2019-07-02 12:30:00,0,0,0:15:00,0:00:00,0,0,0
2062,2019-07-02 12:30:00,2019-07-02 12:45:00,0,1,0:15:00,0:00:00,0,0,0
2062,2019-07-02 12:45:00,2019-07-02 13:00:00,6,27,0:08:29,0:06:31,1,0,1
2062,2019-07-02 13:00:00,2019-07-02 13:15:00,8,22,0:07:35,0:07:25,2,1,1
2062,2019-07-02 13:15:00,2019-07-02 13:30:00,0,0,0:15:00,0:00:00,0,0,0
2062,2019-07-02 13:30:00,2019-07-02 13:45:00,0,10,0:08:10,0:06:50,0,0,0
2062,2019-07-02 13:45:00,2019-07-02 14:00:00,6,17,0:02:16,0:12:44,16,8,8
2062,2019-07-02 14:00:00,2019-07-02 14:15:00,7,13,0:02:11,0:12:49,20,10,10
2062,2019-07-02 14:15:00,2019-07-02 14:30:00,2,16,0:04:54,0:10:06,7,3,4
2062,2019-07-02 14:30:00,2019-07-02 14:45:00,0,0,0:15:00,0:00:00,0,0,0
2062,2019-07-02 14:45:00,2019-07-02 15:00:00,0,3,0:15:00,0:00:00,0,0,0
2062,2019-07-02 15:00:00,2019-07-02 15:15:00,0,3,0:15:00,0:00:00,0,0,0
2062,2019-07-02 15:15:00,2019-07-02 15:30:00,4,17,0:05:06,0:09:54,2,1,1
2062,2019-07-02 15:30:00,2019-07-02 15:45:00,10,18,0:00:30,0:14:30,9,4,5
2062,2019-07-02 15:45:00,2019-07-02 16:00:00,9,26,0:00:39,0:14:21,8,4,4
2062,2019-07-02 16:00:00,2019-07-02 16:15:00,11,18,0:00:13,0:14:47,2,1,1
2062,2019-07-02 16:15:00,2019-07-02 16:30:00,3,16,0:10:45,0:04:15,1,0,1
2062,2019-07-02 16:30:00,2019-07-02 16:45:00,0,0,0:15:00,0:00:00,0,0,0
2062,2019-07-02 16:45:00,2019-07-02 17:00:00,1,14,0:13:18,0:01:42,0,0,0
2062,2019-07-02 17:00:00,2019-07-02 17:15:00,5,11,0:01:48,0:13:12,12,6,6
2062,2019-07-02 17:15:00,2019-07-02 17:30:00,7,17,0:01:19,0:13:41,11,5,6
2062,2019-07-02 17:30:00,2019-07-02 17:45:00,5,15,0:01:07,0:13:53,10,5,5
2062,2019-07-02 17:45:00,2019-07-02 18:00:00,12,14,0:00:43,0:14:17,2,1,1
2062,2019-07-02 18:00:00,2019-07-02 18:15:00,2,15,0:14:45,0:00:15,1,0,1
2062,2019-07-02 18:15:00,2019-07-02 18:30:00,3,5,0:10:42,0:04:18,0,0,0
2062,2019-07-02 18:30:00,2019-07-02 18:45:00,1,6,0:00:15,0:14:45,6,3,3
2062,2019-07-02 18:45:00,2019-07-02 19:00:00,8,17,0:03:07,0:11:53,11,5,6
2062,2019-07-02 19:00:00,2019-07-02 19:15:00,5,20,0:08:15,0:06:45,4,2,2
2062,2019-07-02 19:15:00,2019-07-02 19:30:00,0,1,0:15:00,0:00:00,0,0,0
2062,2019-07-02 19:30:00,2019-07-02 19:45:00,0,18,0:13:11,0:01:49,0,0,0
2062,2019-07-02 19:45:00,2019-07-02 20:00:00,4,15,0:02:24,0:12:36,17,8,9
2062,2019-07-02 20:00:00,2019-07-02 20:15:00,8,23,0:02:07,0:12:53,14,7,7
2062,2019-07-02 20:15:00,2019-07-02 20:30:00,11,22,0:00:10,0:14:50,2,1,1
2062,2019-07-02 20:30:00,2019-07-02 20:45:00,4,19,0:10:25,0:04:35,5,2,3
2062,2019-07-02 20:45:00,2019-07-02 21:00:00,4,4,0:00:04,0:14:56,2,1,1
2062,2019-07-02 21:00:00,2019-07-02 21:15:00,15,33,0:01:40,0:13:20,12,6,6
2062,2019-07-02 21:15:00,2019-07-02 21:30:00,9,28,0:05:39,0:09:21,3,1,2
2062,2019-07-02 21:30:00,2019-07-02 21:45:00,3,15,0:06:37,0:08:23,4,2,2
2062,2019-07-02 21:45:00,2019-07-02 22:00:00,12,26,0:00:14,0:14:46,5,2,3
2062,2019-07-02 22:00:00,2019-07-02 22:15:00,5,33,0:08:02,0:06:58,4,2,2
2062,2019-07-02 22:15:00,2019-07-02 22:30:00,0,1,0:15:00,0:00:00,0,0,0
2062,2019-07-02 22:30:00,2019-07-02 22:45:00,2,19,0:12:12,0:02:48,0,0,0
2062,2019-07-02 22:45:00,2019-07-02 23:00:00,10,15,0:00:05,0:14:55,2,1,1
2062,2019-07-02 23:00:00,2019-07-02 23:15:00,8,22,0:00:26,0:14:34,10,5,5
2062,2019-07-02 23:15:00,2019-07-02 23:30:00,6,27,0:11:46,0:03:14,2,1,1
2062,2019-07-02 23:30:00,2019-07-02 23:45:00,0,0,0:15:00,0:00:00,0,0,0
2062,2019-07-02 23:45:00,2019-07-03 00:00:00,0,6,0:15:00,0:00:00,0,0,0
2062,2019-07-03 00:00:00,2019-07-03 00:15:00,0,0,0:15:00,0:00:00,0,0,0
2062,2019-07-03 00:15:00,2019-07-03 00:30:00,0,0,0:15:00,0:00:00,0,0,0
2062,2019-07-03 00:30:00,2019-07-03 00:45:00,0,0,0:15:00,0:00:00,0,0,0
2062,2019-07-03 00:45:00,2019-07-03 01:00:00,4,25,0:08:42,0:06:18,1,0,1
2062,2019-07-03 01:00:00,2019-07-03 01:15:00,0,1,0:15:00,0:00:00,0,0,0
2062,2019-07-03 01:15:00,2019-07-03 01:30:00,0,0,0:15:00,0:00:00,0,0,0
2062,2019-07-03 01:30:00,2019-07-03 01:45:00,2,20,0:08:33,0:06:27,1,0,1
2062,2019-07-03 01:45:00,2019-07-03 02:00:00,2,8,0:12:40,0:02:20,2,1,1
2062,2019-07-03 02:00:00,2019-07-03 02:15:00,0,5,0:15:00,0:00:00,0,0,0
2062,2019-07-03 02:15:00,2019-07-03 02:30:00,0,1,0:15:00,0:00:00,0,0,0
2062,2019-07-03 02:30:00,2019-07-03 02:45:00,0,6,0:15:00,0:00:00,0,0,0
2062,2019-07-03 02:45:00,2019-07-03 03:00:00,0,4,0:15:00,0:00:00,0,0,0
2062,2019-07-03 03:00:00,2019-07-03 03:15:00,0,1,0:15:00,0:00:00,0,0,0
2062,2019-07-03 03:15:00,2019-07-03 03:30:00,2,23,0:09:33,0:05:27,1,0,1
2062,2019-07-03 03:30:00,2019-07-03 03:45:00,0,0,0:15:00,0:00:00,0,0,0
2062,2019-07-03 03:45:00,2019-07-03 04:00:00,0,0,0:15:00,0:00:00,0,0,0
2062,2019-07-03 04:00:00,2019-07-03 04:15:00,0,0,0:15:00,0:00:00,0,0,0
2062,2019-07-03 04:15:00,2019-07-03 04:30:00,4,22,0:09:32,0:05:28,0,0,0
2062,2019-07-03 04:30:00,2019-07-03 04:45:00,4,12,0:09:40,0:05:20,2,1,1
2062,2019-07-03 04:45:00,2019-07-03 05:00:00,0,6,0:15:00,0:00:00,0,0,0
2062,2019-07-03 05:00:00,2019-07-03 05:15:00,0,0,0:15:00,0:00:00,0,0,0
2062,2019-07-03 05:15:00,2019-07-03 05:30:00,3,12,0:06:47,0:08:13,2,1,1
2062,2019-07-03 05:30:00,2019-07-03 05:45:00,5,9,0:00:00,0:15:00,0,0,0
2062,2019-07-03 05:45:00,2019-07-03 06:00:00,12,17,0:00:01,0:14:59,1,0,1
2062,2019-07-03 06:00:00,2019-07-03 06:15:00,2,6,0:00:03,0:14:57,1,0,1
2062,2019-07-03 06:15:00,2019-07-03 06:30:00,5,12,0:02:25,0:12:35,12,6,6
2062,2019-07-03 06:30:00,2019-07-03 06:45:00,7,22,0:01:57,0:13:03,7,3,4
2062,2019-07-03 06:45:00,2019-07-03 07:00:00,1,7,0:04:22,0:10:38,23,11,12
2062,2019-07-03 07:00:00,2019-07-03 07:15:00,5,19,0:03:09,0:11:51,19,9,10
2062,2019-07-03 07:15:00,2019-07-03 07:30:00,11,36,0:03:10,0:11:50,16,8,8
2062,2019-07-03 07:30:00,2019-07-03 07:45:00,1,10,0:10:56,0:04:04,1,0,1
2062,2019-07-03 07:45:00,2019-07-03 08:00:00,0,0,0:15:00,0:00:00,0,0,0
2062,2019-07-03 08:00:00,2019-07-03 08:15:00,0,0,0:15:00,0:00:00,0,0,0
2062,2019-07-03 08:15:00,2019-07-03 08:30:00,0,12,0:12:57,0:02:03,5,2,3
2062,2019-07-03 08:30:00,2019-07-03 08:45:00,6,10,0:04:05,0:10:55,11,5,6
2062,2019-07-03 08:45:00,2019-07-03 09:00:00,10,23,0:01:00,0:14:00,10,5,5
2062,2019-07-03 09:00:00,2019-07-03 09:15:00,9,32,0:02:08,0:12:52,13,6,7
2062,2019-07-03 09:15:00,2019-07-03 09:30:00,12,35,0:02:31,0:12:29,9,4,5
2062,2019-07-03 09:30:00,2019-07-03 09:45:00,2,13,0:02:23,0:12:37,24,12,12
2062,2019-07-03 09:45:00,2019-07-03 10:00:00,8,19,0:03:10,0:11:50,19,9,10
2062,2019-07-03 10:00:00,2019-07-03 10:15:00,4,9,0:01:49,0:13:11,9,4,5
2062,2019-07-03 10:15:00,2019-07-03 10:30:00,6,20,0:04:05,0:10:55,5,2,3
2062,2019-07-03 10:30:00,2019-07-03 10:45:00,0,0,0:15:00,0:00:00,0,0,0
2062,2019-07-03 10:45:00,2019-07-03 11:00:00,0,12,0:15:00,0:00:00,0,0,0
2062,2019-07-03 11:00:00,2019-07-03 11:15:00,0,9,0:15:00,0:00:00,0,0,0
2062,2019-07-03 11:15:00,2019-07-03 11:30:00,7,24,0:05:01,0:09:59,8,4,4
2062,2019-07-03 11:30:00,2019-07-03 11:45:00,17,39,0:01:06,0:13:54,10,5,5
2062,2019-07-03 11:45:00,2019-07-03 12:00:00,10,25,0:00:46,0:14:14,4,2,2
2062,2019-07-03 12:00:00,2019-07-03 12:15:00,7,19,0:03:02,0:11:58,15,7,8
2062,2019-07-03 12:15:00,2019-07-03 12:30:00,7,44,0:05:52,0:09:08,1,0,1
2062,2019-07-03 12:30:00,2019-07-03 12:45:00,10,19,0:00:01,0:14:59,1,0,1
2062,2019-07-03 12:45:00,2019-07-03 13:00:00,7,23,0:06:39,0:08:21,1,0,1
2062,2019-07-03 13:00:00,2019-07-03 13:15:00,0,1,0:15:00,0:00:00,0,0,0
2062,2019-07-03 13:15:00,2019-07-03 13:30:00,2,16,0:07:37,0:07:23,2,1,1
2062,2019-07-03 13:30:00,2019-07-03 13:45:00,10,26,0:00:23,0:14:37,4,2,2
2062,2019-07-03 13:45:00,2019-07-03 14:00:00,1,11,0:12:40,0:02:20,2,1,1
2062,2019-07-03 14:00:00,2019-07-03 14:15:00,0,6,0:15:00,0:00:00,0,0,0
2062,2019-07-03 14:15:00,2019-07-03 14:30:00,0,2,0:15:00,0:00:00,0,0,0
2062,2019-07-03 14:30:00,2019-07-03 14:45:00,2,15,0:05:13,0:09:47,0,0,0
2062,2019-07-03 14:45:00,2019-07-03 15:00:00,12,24,0:00:00,0:15:00,0,0,0
2062,2019-07-03 15:00:00,2019-07-03 15:15:00,5,24,0:05:08,0:09:52,1,0,1
2062,2019-07-03 15:15:00,2019-07-03 15:30:00,0,20,0:11:24,0:03:36,0,0,0
2062,2019-07-03 15:30:00,2019-07-03 15:45:00,10,25,0:02:13,0:12:47,3,1,2
2062,2019-07-03 15:45:00,2019-07-03 16:00:00,7,30,0:02:07,0:12:53,7,3,4
2062,2019-07-03 16:00:00,2019-07-03 16:15:00,2,10,0:07:19,0:07:41,2,1,1
2062,2019-07-03 16:15:00,2019-07-03 16:30:00,0,4,0:15:00,0:00:00,0,0,0
2062,2019-07-03 16:30:00,2019-07-03 16:45:00,0,0,0:15:00,0:00:00,0,0,0
2062,2019-07-03 16:45:00,2019-07-03 17:00:00,0,16,0:09:45,0:05:15,1,0,1
2062,2019-07-03 17:00:00,2019-07-03 17:15:00,12,24,0:00:06,0:14:54,4,2,2
2062,2019-07-03 17:15:00,2019-07-03 17:30:00,3,10,0:00:55,0:14:05,6,3,3
2062,2019-07-03 17:30:00,2019-07-03 17:45:00,9,18,0:00:08,0:14:52,3,1,2
2062,2019-07-03 17:45:00,2019-07-03 18:00:00,14,30,0:00:04,0:14:56,2,1,1
2062,2019-07-03 18:00:00,2019-07-03 18:15:00,1,12,0:13:33,0:01:27,1,0,1
2062,2019-07-03 18:15:00,2019-07-03 18:30:00,0,0,0:15:00,0:00:00,0,0,0
2062,2019-07-03 18:30:00,2019-07-03 18:45:00,5,27,0:05:31,0:09:29,10,5,5
2062,2019-07-03 18:45:00,2019-07-03 19:00:00,5,12,0:01:20,0:13:40,6,3,3
2062,2019-07-03 19:00:00,2019-07-03 19:15:00,2,5,0:02:36,0:12:24,21,10,11
2062,2019-07-03 19:15:00,2019-07-03 19:30:00,4,16,0:03:00,0:12:00,17,8,9
2062,2019-07-03 19:30:00,2019-07-03 19:45:00,1,11,0:12:45,0:02:15,1,0,1
2062,2019-07-03 19:45:00,2019-07-03 20:00:00,1,6,0:09:50,0:05:10,3,1,2
2062,2019-07-03 20:00:00,2019-07-03 20:15:00,4,14,0:02:19,0:12:41,13,6,7
2062,2019-07-03 20:15:00,2019-07-03 20:30:00,11,31,0:04:57,0:10:03,17,8,9
2062,2019-07-03 20:30:00,2019-07-03 20:45:00,4,12,0:02:25,0:12:35,13,6,7
2062,2019-07-03 20:45:00,2019-07-03 21:00:00,12,32,0:00:19,0:14:41,4,2,2
2062,2019-07-03 21:00:00,2019-07-03 21:15:00,8,26,0:07:28,0:07:32,3,1,2
2062,2019-07-03 21:15:00,2019-07-03 21:30:00,0,4,0:15:00,0:00:00,0,0,0
2062,2019-07-03 21:30:00,2019-07-03 21:45:00,9,19,0:01:20,0:13:40,1,0,1
2062,2019-07-03 21:45:00,2019-07-03 22:00:00,3,14,0:13:29,0:01:31,1,0,1
2062,2019-07-03 22:00:00,2019-07-03 22:15:00,2,24,0:08:49,0:06:11,4,2,2
2062,2019-07-03 22:15:00,2019-07-03 22:30:00,7,18,0:00:11,0:14:49,3,1,2
2062,2019-07-03 22:30:00,2019-07-03 22:45:00,7,19,0:03:10,0:11:50,4,2,2
2062,2019-07-03 22:45:00,2019-07-03 23:00:00,0,2,0:15:00,0:00:00,0,0,0
2062,2019-07-03 23:00:00,2019-07-03 23:15:00,0,1,0:15:00,0:00:00,0,0,0
2062,2019-07-03 23:15:00,2019-07-03 23:30:00,0,2,0:15:00,0:00:00,0,0,0
2062,2019-07-03 23:30:00,2019-07-03 23:45:00,2,15,0:08:02,0:06:58,7,3,4
2062,2019-07-03 23:45:00,2019-07-04 00:00:00,11,22,0:00:19,0:14:41,8,4,4
2062,2019-07-04 00:00:00,2019-07-04 00:15:00,6,29,0:03:51,0:11:09,2,1,1
2062,2019-07-04 00:15:00,2019-07-04 00:30:00,0,0,0:15:00,0:00:00,0,0,0
2062,2019-07-04 00:30:00,2019-07-04 00:45:00,0,0,0:15:00,0:00:00,0,0,0
2062,2019-07-04 00:45:00,2019-07-04 01:00:00,0,14,0:15:00,0:00:00,0,0,0
2062,2019-07-04 01:00:00,2019-07-04 01:15:00,6,30,0:03:42,0:11:18,3,1,2
2062,2019-07-04 01:15:00,2019-07-04 01:30:00,1,9,0:14:10,0:00:50,1,0,1
2062,2019-07-04 01:30:00,2019-07-04 01:45:00,0,0,0:15:00,0:00:00,0,0,0
2062,2019-07-04 01:45:00,2019-07-04 02:00:00,0,0,0:15:00,0:00:00,0,0,0
2062,2019-07-04 02:00:00,2019-07-04 02:15:00,2,13,0:07:22,0:07:38,0,0,0
2062,2019-07-04 02:15:00,2019-07-04 02:30:00,15,19,0:00:04,0:14:56,2,1,1
2062,2019-07-04 02:30:00,2019-07-04 02:45:00,9,27,0:06:54,0:08:06,2,1,1
2062,2019-07-04 02:45:00,2019-07-04 03:00:00,0,7,0:15:00,0:00:00,0,0,0
2062,2019-07-04 03:00:00,2019-07-04 03:15:00,0,0,0:15:00,0:00:00,0,0,0
2062,2019-07-04 03:15:00,2019-07-04 03:30:00,0,2,0:15:00,0:00:00,0,0,0
2062,2019-07-04 03:30:00,2019-07-04 03:45:00,0,4,0:15:00,0:00:00,0,0,0
2062,2019-07-04 03:45:00,2019-07-04 04:00:00,0,7,0:15:00,0:00:00,0,0,0
2062,2019-07-04 04:00:00,2019-07-04 04:15:00,9,19,0:00:43,0:14:17,1,0,1
2062,2019-07-04 04:15:00,2019-07-04 04:30:00,2,9,0:13:34,0:01:26,3,1,2
2062,2019-07-04 04:30:00,2019-07-04 04:45:00,0,1,0:15:00,0:00:00,0,0,0
2062,2019-07-04 04:45:00,2019-07-04 05:00:00,0,0,0:15:00,0:00:00,0,0,0
2062,2019-07-04 05:00:00,2019-07-04 05:15:00,0,21,0:09:37,0:05:23,0,0,0
2062,2019-07-04 05:15:00,2019-07-04 05:30:00,8,11,0:00:08,0:14:52,2,1,1
2062,2019-07-04 05:30:00,2019-07-04 05:45:00,9,14,0:00:00,0:15:00,0,0,0
2062,2019-07-04 05:45:00,2019-07-04 06:00:00,1,4,0:00:31,0:14:29,5,2,3
2062,2019-07-04 06:00:00,2019-07-04 06:15:00,6,18,0:03:03,0:11:57,12,6,6
2062,2019-07-04 06:15:00,2019-07-04 06:30:00,17,51,0:03:10,0:11:50,15,7,8
2062,2019-07-04 06:30:00,2019-07-04 06:45:00,11,43,0:02:37,0:12:23,12,6,6
2062,2019-07-04 06:45:00,2019-07-04 07:00:00,5,18,0:08:44,0:06:16,20,10,10
2062,2019-07-04 07:00:00,2019-07-04 07:15:00,4,9,0:10:32,0:04:28,12,6,6
2062,2019-07-04 07:15:00,2019-07-04 07:30:00,5,33,0:01:00,0:14:00,3,1,2
2062,2019-07-04 07:30:00,2019-07-04 07:45:00,6,23,0:11:31,0:03:29,2,1,1
2062,2019-07-04 07:45:00,2019-07-04 08:00:00,0,0,0:15:00,0:00:00,0,0,0
2062,2019-07-04 08:00:00,2019-07-04 08:15:00,0,4,0:14:20,0:00:40,2,1,1
2062,2019-07-04 08:15:00,2019-07-04 08:30:00,11,37,0:04:39,0:10:21,17,8,9
2062,2019-07-04 08:30:00,2019-07-04 08:45:00,5,12,0:05:08,0:09:52,33,16,17
2062,2019-07-04 08:45:00,2019-07-04 09:00:00,13,36,0:04:04,0:10:56,26,13,13
2062,2019-07-04 09:00:00,2019-07-04 09:15:00,0,0,0:15:00,0:00:00,0,0,0
2062,2019-07-04 09:15:00,2019-07-04 09:30:00,8,27,0:04:22,0:10:38,8,4,4
2062,2019-07-04 09:30:00,2019-07-04 09:45:00,13,30,0:00:06,0:14:54,2,1,1
2062,2019-07-04 09:45:00,2019-07-04 10:00:00,11,32,0:02:18,0:12:42,15,7,8
2062,2019-07-04 10:00:00,2019-07-04 10:15:00,4,12,0:04:04,0:10:56,18,9,9
2062,2019-07-04 10:15:00,2019-07-04 10:30:00,9,34,0:07:15,0:07:45,4,2,2
2062,2019-07-04 10:30:00,2019-07-04 10:45:00,0,0,0:15:00,0:00:00,0,0,0
2062,2019-07-04 10:45:00,2019-07-04 11:00:00,3,5,0:09:28,0:05:32,3,1,2
2062,2019-07-04 11:00:00,2019-07-04 11:15:00,10,21,0:00:17,0:14:43,2,1,1
2062,2019-07-04 11:15:00,2019-07-04 11:30:00,12,20,0:00:06,0:14:54,3,1,2
2062,2019-07-04 11:30:00,2019-07-04 11:45:00,4,17,0:03:18,0:11:42,12,6,6
2062,2019-07-04 11:45:00,2019-07-04 12:00:00,1,26,0:10:57,0:04:03,5,2,3
2062,2019-07-04 12:00:00,2019-07-04 12:15:00,4,20,0:05:20,0:09:40,2,1,1
2062,2019-07-04 12:15:00,2019-07-04 12:30:00,0,2,0:15:00,0:00:00,0,0,0
2062,2019-07-04 12:30:00,2019-07-04 12:45:00,3,15,0:13:37,0:03:56,1,0,1
2062,2019-07-04 12:45:00,2019-07-04 13:00:00,37,69,0:01:10,0:28:50,5,2,3
2062,2019-07-04 13:00:00,2019-07-04 13:15:00,14,16,0:00:00,0:16:11,0,0,0
2062,2019-07-04 13:15:00,2019-07-04 13:30:00,4,9,0:13:31,0:01:29,1,0,1
2062,2019-07-04 13:30:00,2019-07-04 13:45:00,3,17,0:07:58,0:07:02,1,0,1
2062,2019-07-04 13:45:00,2019-07-04 14:00:00,12,19,0:00:12,0:14:48,3,1,2
2062,2019-07-04 14:00:00,2019-07-04 14:15:00,10,30,0:06:09,0:08:51,2,1,1
2062,2019-07-04 14:15:00,2019-07-04 14:30:00,7,25,0:03:25,0:11:35,0,0,0
2062,2019-07-04 14:30:00,2019-07-04 14:45:00,10,25,0:00:00,0:15:00,0,0,0
2062,2019-07-04 14:45:00,2019-07-04 15:00:00,10,26,0:03:27,0:11:33,1,0,1
2062,2019-07-04 15:00:00,2019-07-04 15:15:00,0,0,0:15:00,0:00:00,0,0,0
2062,2019-07-04 15:15:00,2019-07-04 15:30:00,0,1,0:15:00,0:00:00,0,0,0
2062,2019-07-04 15:30:00,2019-07-04 15:45:00,0,1,0:15:00,0:00:00,0,0,0
2062,2019-07-04 15:45:00,2019-07-04 16:00:00,8,26,0:00:29,0:14:31,1,0,1
2062,2019-07-04 16:00:00,2019-07-04 16:15:00,2,19,0:13:11,0:01:49,1,0,1
2062,2019-07-04 16:15:00,2019-07-04 16:30:00,3,20,0:10:53,0:04:07,0,0,0
2062,2019-07-04 16:30:00,2019-07-04 16:45:00,6,18,0:01:15,0:13:45,1,0,1
2062,2019-07-04 16:45:00,2019-07-04 17:00:00,1,13,0:08:08,0:06:52,0,0,0
2062,2019-07-04 17:00:00,2019-07-04 17:15:00,10,13,0:00:00,0:15:00,0,0,0
2062,2019-07-04 17:15:00,2019-07-04 17:30:00,14,20,0:00:00,0:15:00,0,0,0
2062,2019-07-04 17:30:00,2019-07-04 17:45:00,9,11,0:00:00,0:15:00,0,0,0
2062,2019-07-04 17:45:00,2019-07-04 18:00:00,15,27,0:00:01,0:14:59,1,0,1
2062,2019-07-04 18:00:00,2019-07-04 18:15:00,5,23,0:09:48,0:05:12,1,0,1
2062,2019-07-04 18:15:00,2019-07-04 18:30:00,4,13,0:13:47,0:01:13,1,0,1
2062,2019-07-04 18:30:00,2019-07-04 18:45:00,1,7,0:09:33,0:05:27,0,0,0
2062,2019-07-04 18:45:00,2019-07-04 19:00:00,11,56,0:00:00,0:15:00,0,0,0
2062,2019-07-04 19:00:00,2019-07-04 19:15:00,5,9,0:00:00,0:15:00,0,0,0
2062,2019-07-04 19:15:00,2019-07-04 19:30:00,10,23,0:00:28,0:14:32,3,1,2
2062,2019-07-04 19:30:00,2019-07-04 19:45:00,20,35,0:00:28,0:14:32,1,0,1
2062,2019-07-04 19:45:00,2019-07-04 20:00:00,16,21,0:00:00,0:15:00,0,0,0
2062,2019-07-04 20:00:00,2019-07-04 20:15:00,13,18,0:00:00,0:15:00,0,0,0
2062,2019-07-04 20:15:00,2019-07-04 20:30:00,5,21,0:05:45,0:09:15,3,1,2
2062,2019-07-04 20:30:00,2019-07-04 20:45:00,8,43,0:03:07,0:11:53,3,1,2
2062,2019-07-04 20:45:00,2019-07-04 21:00:00,15,47,0:04:46,0:10:14,2,1,1
2062,2019-07-04 21:00:00,2019-07-04 21:15:00,19,34,0:00:00,0:15:00,0,0,0
2062,2019-07-04 21:15:00,2019-07-04 21:30:00,19,33,0:00:00,0:15:00,0,0,0
2062,2019-07-04 21:30:00,2019-07-04 21:45:00,7,28,0:06:59,0:08:01,2,1,1
2062,2019-07-04 21:45:00,2019-07-04 22:00:00,0,0,0:15:00,0:00:00,0,0,0
2062,2019-07-04 22:00:00,2019-07-04 22:15:00,0,2,0:15:00,0:00:00,0,0,0
2062,2019-07-04 22:15:00,2019-07-04 22:30:00,0,0,0:15:00,0:00:00,0,0,0
2062,2019-07-04 22:30:00,2019-07-04 22:45:00,0,0,0:15:00,0:00:00,0,0,0
2062,2019-07-04 22:45:00,2019-07-04 23:00:00,22,53,0:06:35,0:08:25,2,1,1
2062,2019-07-04 23:00:00,2019-07-04 23:15:00,0,8,0:15:00,0:00:00,0,0,0
2062,2019-07-04 23:15:00,2019-07-04 23:30:00,0,0,0:15:00,0:00:00,0,0,0
2062,2019-07-04 23:30:00,2019-07-04 23:45:00,0,0,0:15:00,0:00:00,0,0,0
2062,2019-07-04 23:45:00,2019-07-05 00:00:00,1,12,0:09:35,0:05:25,1,0,1
2062,2019-07-05 00:00:00,2019-07-05 00:15:00,13,30,0:07:30,0:07:30,2,1,1
2062,2019-07-05 00:15:00,2019-07-05 00:30:00,0,0,0:15:00,0:00:00,0,0,0
2062,2019-07-05 00:30:00,2019-07-05 00:45:00,0,0,0:15:00,0:00:00,0,0,0
2062,2019-07-05 00:45:00,2019-07-05 01:00:00,0,0,0:15:00,0:00:00,0,0,0
2062,2019-07-05 01:00:00,2019-07-05 01:15:00,0,0,0:15:00,0:00:00,0,0,0
2062,2019-07-05 01:15:00,2019-07-05 01:30:00,1,14,0:13:33,0:01:27,0,0,0
2062,2019-07-05 01:30:00,2019-07-05 01:45:00,9,14,0:07:13,0:07:47,2,1,1
2062,2019-07-05 01:45:00,2019-07-05 02:00:00,0,1,0:15:00,0:00:00,0,0,0
2062,2019-07-05 02:00:00,2019-07-05 02:15:00,0,2,0:15:00,0:00:00,0,0,0
2062,2019-07-05 02:15:00,2019-07-05 02:30:00,0,1,0:15:00,0:00:00,0,0,0
2062,2019-07-05 02:30:00,2019-07-05 02:45:00,0,0,0:15:00,0:00:00,0,0,0
2062,2019-07-05 02:45:00,2019-07-05 03:00:00,5,32,0:09:23,0:05:37,2,1,1
2062,2019-07-05 03:00:00,2019-07-05 03:15:00,0,0,0:15:00,0:00:00,0,0,0
2062,2019-07-05 03:15:00,2019-07-05 03:30:00,0,1,0:15:00,0:00:00,0,0,0
2062,2019-07-05 03:30:00,2019-07-05 03:45:00,0,0,0:15:00,0:00:00,0,0,0
2062,2019-07-05 03:45:00,2019-07-05 04:00:00,0,0,0:15:00,0:00:00,0,0,0
2062,2019-07-05 04:00:00,2019-07-05 04:15:00,0,0,0:15:00,0:00:00,0,0,0
2062,2019-07-05 04:15:00,2019-07-05 04:30:00,1,12,0:13:10,0:01:50,0,0,0
2062,2019-07-05 04:30:00,2019-07-05 04:45:00,5,18,0:13:20,0:01:40,1,0,1
2062,2019-07-05 04:45:00,2019-07-05 05:00:00,0,0,0:15:00,0:00:00,0,0,0
2062,2019-07-05 05:00:00,2019-07-05 05:15:00,1,10,0:13:15,0:01:45,0,0,0
2062,2019-07-05 05:15:00,2019-07-05 05:30:00,17,23,0:00:00,0:15:00,0,0,0
2062,2019-07-05 05:30:00,2019-07-05 05:45:00,6,13,0:00:00,0:15:00,0,0,0
2062,2019-07-05 05:45:00,2019-07-05 06:00:00,13,24,0:00:00,0:15:00,0,0,0
2062,2019-07-05 06:00:00,2019-07-05 06:15:00,17,24,0:00:00,0:15:00,0,0,0
2062,2019-07-05 06:15:00,2019-07-05 06:30:00,8,19,0:01:20,0:13:40,6,3,3
2062,2019-07-05 06:30:00,2019-07-05 06:45:00,3,7,0:00:15,0:14:45,2,1,1
2062,2019-07-05 06:45:00,2019-07-05 07:00:00,9,14,0:00:00,0:15:00,0,0,0
2062,2019-07-05 07:00:00,2019-07-05 07:15:00,6,20,0:10:09,0:04:51,2,1,1
2062,2019-07-05 07:15:00,2019-07-05 07:30:00,0,0,0:15:00,0:00:00,0,0,0
2062,2019-07-05 07:30:00,2019-07-05 07:45:00,0,3,0:15:00,0:00:00,0,0,0
2062,2019-07-05 07:45:00,2019-07-05 08:00:00,2,18,0:10:43,0:04:17,0,0,0
2062,2019-07-05 08:00:00,2019-07-05 08:15:00,8,14,0:00:18,0:14:42,6,3,3
2062,2019-07-05 08:15:00,2019-07-05 08:30:00,10,19,0:00:48,0:14:12,6,3,3
2062,2019-07-05 08:30:00,2019-07-05 08:45:00,4,5,0:00:00,0:15:00,0,0,0
2062,2019-07-05 08:45:00,2019-07-05 09:00:00,4,11,0:12:34,0:02:26,1,0,1
2062,2019-07-05 09:00:00,2019-07-05 09:15:00,0,14,0:14:16,0:00:44,0,0,0
2062,2019-07-05 09:15:00,2019-07-05 09:30:00,6,7,0:00:00,0:15:00,0,0,0
2062,2019-07-05 09:30:00,2019-07-05 09:45:00,7,11,0:00:01,0:14:59,1,0,1
2062,2019-07-05 09:45:00,2019-07-05 10:00:00,12,15,0:00:00,0:15:00,0,0,0
2062,2019-07-05 10:00:00,2019-07-05 10:15:00,10,18,0:00:12,0:14:48,1,0,1
2062,2019-07-05 10:15:00,2019-07-05 10:30:00,11,20,0:00:05,0:14:55,0,0,0
2062,2019-07-05 10:30:00,2019-07-05 10:45:00,3,26,0:08:21,0:06:39,2,1,1
2062,2019-07-05 10:45:00,2019-07-05 11:00:00,10,14,0:00:01,0:14:59,1,0,1
2062,2019-07-05 11:00:00,2019-07-05 11:15:00,7,20,0:00:00,0:15:00,0,0,0
2062,2019-07-05 11:15:00,2019-07-05 11:30:00,14,37,0:02:42,0:12:18,1,0,1
2062,2019-07-05 11:30:00,2019-07-05 11:45:00,19,25,0:00:03,0:14:57,1,0,1
2062,2019-07-05 11:45:00,2019-07-05 12:00:00,14,33,0:04:52,0:10:08,1,0,1
2062,2019-07-05 12:00:00,2019-07-05 12:15:00,0,0,0:15:00,0:00:00,0,0,0
2062,2019-07-05 12:15:00,2019-07-05 12:30:00,0,1,0:15:00,0:00:00,0,0,0
2062,2019-07-05 12:30:00,2019-07-05 12:45:00,32,58,0:01:50,0:13:10,0,0,0
2062,2019-07-05 12:45:00,2019-07-05 13:00:00,28,56,0:00:00,0:15:00,0,0,0
2062,2019-07-05 13:00:00,2019-07-05 13:15:00,14,22,0:00:38,0:14:22,8,4,4
2062,2019-07-05 13:15:00,2019-07-05 13:30:00,11,31,0:03:42,0:11:18,2,1,1
2062,2019-07-05 13:30:00,2019-07-05 13:45:00,0,0,0:15:00,0:00:00,0,0,0
2062,2019-07-05 13:45:00,2019-07-05 14:00:00,0,1,0:15:00,0:00:00,0,0,0
2062,2019-07-05 14:00:00,2019-07-05 14:15:00,0,0,0:15:00,0:00:00,0,0,0
2062,2019-07-05 14:15:00,2019-07-05 14:30:00,2,18,0:10:38,0:04:22,1,0,1
2062,2019-07-05 14:30:00,2019-07-05 14:45:00,19,21,0:00:00,0:15:00,0,0,0
2062,2019-07-05 14:45:00,2019-07-05 15:00:00,13,26,0:07:27,0:07:33,4,2,2
2062,2019-07-05 15:00:00,2019-07-05 15:15:00,0,17,0:14:09,0:00:51,0,0,0
2062,2019-07-05 15:15:00,2019-07-05 15:30:00,9,18,0:02:25,0:12:35,2,1,1
2062,2019-07-05 15:30:00,2019-07-05 15:45:00,1,7,0:12:32,0:02:28,0,0,0
2062,2019-07-05 15:45:00,2019-07-05 16:00:00,9,14,0:00:03,0:14:57,1,0,1
2062,2019-07-05 16:00:00,2019-07-05 16:15:00,2,10,0:13:05,0:01:55,1,0,1
2062,2019-07-05 16:15:00,2019-07-05 16:30:00,0,4,0:15:00,0:00:00,0,0,0
2062,2019-07-05 16:30:00,2019-07-05 16:45:00,0,3,0:15:00,0:00:00,0,0,0
2062,2019-07-05 16:45:00,2019-07-05 17:00:00,6,26,0:07:30,0:07:30,0,0,0
2062,2019-07-05 17:00:00,2019-07-05 17:15:00,12,18,0:00:00,0:15:00,0,0,0
2062,2019-07-05 17:15:00,2019-07-05 17:30:00,12,25,0:00:00,0:15:00,0,0,0
2062,2019-07-05 17:30:00,2019-07-05 17:45:00,12,15,0:00:00,0:15:00,0,0,0
2062,2019-07-05 17:45:00,2019-07-05 18:00:00,10,24,0:00:05,0:14:55,2,1,1
2062,2019-07-05 18:00:00,2019-07-05 18:15:00,14,27,0:01:30,0:13:30,2,1,1
2062,2019-07-05 18:15:00,2019-07-05 18:30:00,0,1,0:15:00,0:00:00,0,0,0
2062,2019-07-05 18:30:00,2019-07-05 18:45:00,0,3,0:15:00,0:00:00,0,0,0
2062,2019-07-05 18:45:00,2019-07-05 19:00:00,1,10,0:10:06,0:04:54,1,0,1
2062,2019-07-05 19:00:00,2019-07-05 19:15:00,8,25,0:01:58,0:13:02,1,0,1
2062,2019-07-05 19:15:00,2019-07-05 19:30:00,0,0,0:15:00,0:00:00,0,0,0
2062,2019-07-05 19:30:00,2019-07-05 19:45:00,0,2,0:15:00,0:00:00,0,0,0
2062,2019-07-05 19:45:00,2019-07-05 20:00:00,0,14,0:12:34,0:02:26,0,0,0
2062,2019-07-05 20:00:00,2019-07-05 20:15:00,9,11,0:00:01,0:14:59,1,0,1
2062,2019-07-05 20:15:00,2019-07-05 20:30:00,17,29,0:00:00,0:15:00,0,0,0
2062,2019-07-05 20:30:00,2019-07-05 20:45:00,17,27,0:00:00,0:15:00,0,0,0
2062,2019-07-05 20:45:00,2019-07-05 21:00:00,10,19,0:00:00,0:15:00,0,0,0
2062,2019-07-05 21:00:00,2019-07-05 21:15:00,12,23,0:00:00,0:15:00,0,0,0
2062,2019-07-05 21:15:00,2019-07-05 21:30:00,10,24,0:06:01,0:08:59,1,0,1
2062,2019-07-05 21:30:00,2019-07-05 21:45:00,4,16,0:05:41,0:09:19,0,0,0
2062,2019-07-05 21:45:00,2019-07-05 22:00:00,12,14,0:00:01,0:14:59,1,0,1
2062,2019-07-05 22:00:00,2019-07-05 22:15:00,12,41,0:03:48,0:11:12,2,1,1
2062,2019-07-05 22:15:00,2019-07-05 22:30:00,3,19,0:07:41,0:07:19,2,1,1
2062,2019-07-05 22:30:00,2019-07-05 22:45:00,0,1,0:15:00,0:00:00,0,0,0
2062,2019-07-05 22:45:00,2019-07-05 23:00:00,5,27,0:06:59,0:08:01,0,0,0
2062,2019-07-05 23:00:00,2019-07-05 23:15:00,12,17,0:00:00,0:15:00,0,0,0
2062,2019-07-05 23:15:00,2019-07-05 23:30:00,10,24,0:06:39,0:08:21,2,1,1
2062,2019-07-05 23:30:00,2019-07-05 23:45:00,6,21,0:06:15,0:08:45,0,0,0
2062,2019-07-05 23:45:00,2019-07-06 00:00:00,6,27,0:02:41,0:12:19,2,1,1
2062,2019-07-06 00:00:00,2019-07-06 00:15:00,0,0,0:15:00,0:00:00,0,0,0
2062,2019-07-06 00:15:00,2019-07-06 00:30:00,6,31,0:07:53,0:07:07,3,1,2
2062,2019-07-06 00:30:00,2019-07-06 00:45:00,11,17,0:00:00,0:15:00,0,0,0
2062,2019-07-06 00:45:00,2019-07-06 01:00:00,11,15,0:00:01,0:14:59,1,0,1
2062,2019-07-06 01:00:00,2019-07-06 01:15:00,7,14,0:06:21,0:08:39,2,1,1
2062,2019-07-06 01:15:00,2019-07-06 01:30:00,0,0,0:15:00,0:00:00,0,0,0
2062,2019-07-06 01:30:00,2019-07-06 01:45:00,0,1,0:15:00,0:00:00,0,0,0
2062,2019-07-06 01:45:00,2019-07-06 02:00:00,0,0,0:15:00,0:00:00,0,0,0
2062,2019-07-06 02:00:00,2019-07-06 02:15:00,0,0,0:15:00,0:00:00,0,0,0
2062,2019-07-06 02:15:00,2019-07-06 02:30:00,14,44,0:06:57,0:08:03,3,1,2
2062,2019-07-06 02:30:00,2019-07-06 02:45:00,14,31,0:00:00,0:15:00,0,0,0
2062,2019-07-06 02:45:00,2019-07-06 03:00:00,5,10,0:11:17,0:03:43,1,0,1
2062,2019-07-06 03:00:00,2019-07-06 03:15:00,0,2,0:15:00,0:00:00,0,0,0
2062,2019-07-06 03:15:00,2019-07-06 03:30:00,3,17,0:09:44,0:05:16,2,1,1
2062,2019-07-06 03:30:00,2019-07-06 03:45:00,0,0,0:15:00,0:00:00,0,0,0
2062,2019-07-06 03:45:00,2019-07-06 04:00:00,0,1,0:15:00,0:00:00,0,0,0
2062,2019-07-06 04:00:00,2019-07-06 04:15:00,0,0,0:15:00,0:00:00,0,0,0
2062,2019-07-06 04:15:00,2019-07-06 04:30:00,11,36,0:03:17,0:11:43,0,0,0
2062,2019-07-06 04:30:00,2019-07-06 04:45:00,10,15,0:00:00,0:15:00,0,0,0
2062,2019-07-06 04:45:00,2019-07-06 05:00:00,1,10,0:14:23,0:00:37,1,0,1
2062,2019-07-06 05:00:00,2019-07-06 05:15:00,4,18,0:02:25,0:12:35,0,0,0
2062,2019-07-06 05:15:00,2019-07-06 05:30:00,7,7,0:00:00,0:15:00,0,0,0
2062,2019-07-06 05:30:00,2019-07-06 05:45:00,10,20,0:00:00,0:15:00,0,0,0
2062,2019-07-06 05:45:00,2019-07-06 06:00:00,4,5,0:00:00,0:15:00,0,0,0
2062,2019-07-06 06:00:00,2019-07-06 06:15:00,7,9,0:00:00,0:15:00,0,0,0
2062,2019-07-06 06:15:00,2019-07-06 06:30:00,8,14,0:00:05,0:14:55,1,0,1
2062,2019-07-06 06:30:00,2019-07-06 06:45:00,6,10,0:00:00,0:15:00,0,0,0
2062,2019-07-06 06:45:00,2019-07-06 07:00:00,7,17,0:11:51,0:03:09,1,0,1
2062,2019-07-06 07:00:00,2019-07-06 07:15:00,0,2,0:15:00,0:00:00,0,0,0
2062,2019-07-06 07:15:00,2019-07-06 07:30:00,0,0,0:15:00,0:00:00,0,0,0
2062,2019-07-06 07:30:00,2019-07-06 07:45:00,0,25,0:12:24,0:02:36,1,0,1
2062,2019-07-06 07:45:00,2019-07-06 08:00:00,11,16,0:00:00,0:15:00,0,0,0
2062,2019-07-06 08:00:00,2019-07-06 08:15:00,18,35,0:00:03,0:14:57,1,0,1
2062,2019-07-06 08:15:00,2019-07-06 08:30:00,4,13,0:06:01,0:08:59,1,0,1
2062,2019-07-06 08:30:00,2019-07-06 08:45:00,0,0,0:15:00,0:00:00,0,0,0
2062,2019-07-06 08:45:00,2019-07-06 09:00:00,0,5,0:15:00,0:00:00,0,0,0
2062,2019-07-06 09:00:00,2019-07-06 09:15:00,0,15,0:13:41,0:01:19,0,0,0
2062,2019-07-06 09:15:00,2019-07-06 09:30:00,13,23,0:00:00,0:15:00,0,0,0
2062,2019-07-06 09:30:00,2019-07-06 09:45:00,11,19,0:00:00,0:15:00,0,0,0
2062,2019-07-06 09:45:00,2019-07-06 10:00:00,11,17,0:00:00,0:15:00,0,0,0
2062,2019-07-06 10:00:00,2019-07-06 10:15:00,7,16,0:04:01,0:10:59,1,0,1
2062,2019-07-06 10:15:00,2019-07-06 10:30:00,0,0,0:15:00,0:00:00,0,0,0
2062,2019-07-06 10:30:00,2019-07-06 10:45:00,0,2,0:15:00,0:00:00,0,0,0
2062,2019-07-06 10:45:00,2019-07-06 11:00:00,0,12,0:14:37,0:00:23,0,0,0
2062,2019-07-06 11:00:00,2019-07-06 11:15:00,8,20,0:00:00,0:15:00,0,0,0
2062,2019-07-06 11:15:00,2019-07-06 11:30:00,8,13,0:00:00,0:15:00,0,0,0
2062,2019-07-06 11:30:00,2019-07-06 11:45:00,16,39,0:00:37,0:14:23,2,1,1
2062,2019-07-06 11:45:00,2019-07-06 12:00:00,5,14,0:04:01,0:10:59,0,0,0
2062,2019-07-06 12:00:00,2019-07-06 12:15:00,18,25,0:00:00,0:15:00,0,0,0
2062,2019-07-06 12:15:00,2019-07-06 12:30:00,18,28,0:00:00,0:15:00,0,0,0
2062,2019-07-06 12:30:00,2019-07-06 12:45:00,15,22,0:00:00,0:15:00,0,0,0
2062,2019-07-06 12:45:00,2019-07-06 13:00:00,21,43,0:00:00,0:15:00,0,0,0
2062,2019-07-06 13:00:00,2019-07-06 13:15:00,16,27,0:00:00,0:15:00,0,0,0
2062,2019-07-06 13:15:00,2019-07-06 13:30:00,12,25,0:06:29,0:08:31,1,0,1
2062,2019-07-06 13:30:00,2019-07-06 13:45:00,0,0,0:15:00,0:00:00,0,0,0
2062,2019-07-06 13:45:00,2019-07-06 14:00:00,0,3,0:15:00,0:00:00,0,0,0
2062,2019-07-06 14:00:00,2019-07-06 14:15:00,3,21,0:12:44,0:02:16,1,0,1
2062,2019-07-06 14:15:00,2019-07-06 14:30:00,17,28,0:00:01,0:14:59,1,0,1
2062,2019-07-06 14:30:00,2019-07-06 14:45:00,10,22,0:00:00,0:15:00,0,0,0
2062,2019-07-06 14:45:00,2019-07-06 15:00:00,15,38,0:00:00,0:15:00,0,0,0
2062,2019-07-06 15:00:00,2019-07-06 15:15:00,4,12,0:11:40,0:03:20,1,0,1
2062,2019-07-06 15:15:00,2019-07-06 15:30:00,0,5,0:15:00,0:00:00,0,0,0
2062,2019-07-06 15:30:00,2019-07-06 15:45:00,9,31,0:07:13,0:07:47,0,0,0
2062,2019-07-06 15:45:00,2019-07-06 16:00:00,16,29,0:00:00,0:15:00,0,0,0
2062,2019-07-06 16:00:00,2019-07-06 16:15:00,11,28,0:03:49,0:11:11,1,0,1
2062,2019-07-06 16:15:00,2019-07-06 16:30:00,0,1,0:15:00,0:00:00,0,0,0
2062,2019-07-06 16:30:00,2019-07-06 16:45:00,0,3,0:15:00,0:00:00,0,0,0
2062,2019-07-06 16:45:00,2019-07-06 17:00:00,9,35,0:06:20,0:08:40,0,0,0
2062,2019-07-06 17:00:00,2019-07-06 17:15:00,10,25,0:00:00,0:15:00,0,0,0
2062,2019-07-06 17:15:00,2019-07-06 17:30:00,12,20,0:00:00,0:15:00,0,0,0
2062,2019-07-06 17:30:00,2019-07-06 17:45:00,13,25,0:00:28,0:14:32,2,1,1
2062,2019-07-06 17:45:00,2019-07-06 18:00:00,12,24,0:00:00,0:15:00,0,0,0
2062,2019-07-06 18:00:00,2019-07-06 18:15:00,8,29,0:11:05,0:03:55,1,0,1
2062,2019-07-06 18:15:00,2019-07-06 18:30:00,0,4,0:15:00,0:00:00,0,0,0
2062,2019-07-06 18:30:00,2019-07-06 18:45:00,0,0,0:15:00,0:00:00,0,0,0
2062,2019-07-06 18:45:00,2019-07-06 19:00:00,3,20,0:04:41,0:10:19,1,0,1
2062,2019-07-06 19:00:00,2019-07-06 19:15:00,18,36,0:00:33,0:14:27,4,2,2
2062,2019-07-06 19:15:00,2019-07-06 19:30:00,14,21,0:00:06,0:14:54,2,1,1
2062,2019-07-06 19:30:00,2019-07-06 19:45:00,17,32,0:00:04,0:14:56,1,0,1
2062,2019-07-06 19:45:00,2019-07-06 20:00:00,5,21,0:11:48,0:03:12,2,1,1
2062,2019-07-06 20:00:00,2019-07-06 20:15:00,0,0,0:15:00,0:00:00,0,0,0
2062,2019-07-06 20:15:00,2019-07-06 20:30:00,2,17,0:11:55,0:03:05,0,0,0
2062,2019-07-06 20:30:00,2019-07-06 20:45:00,12,25,0:00:14,0:14:46,3,1,2
2062,2019-07-06 20:45:00,2019-07-06 21:00:00,17,29,0:00:00,0:15:00,0,0,0
2062,2019-07-06 21:00:00,2019-07-06 21:15:00,13,36,0:00:41,0:14:19,1,0,1
2062,2019-07-06 21:15:00,2019-07-06 21:30:00,0,0,0:15:00,0:00:00,0,0,0
2062,2019-07-06 21:30:00,2019-07-06 21:45:00,0,11,0:15:00,0:00:00,0,0,0
2062,2019-07-06 21:45:00,2019-07-06 22:00:00,11,27,0:02:35,0:12:25,0,0,0
2062,2019-07-06 22:00:00,2019-07-06 22:15:00,7,16,0:07:07,0:07:53,1,0,1
2062,2019-07-06 22:15:00,2019-07-06 22:30:00,0,1,0:15:00,0:00:00,0,0,0
2062,2019-07-06 22:30:00,2019-07-06 22:45:00,0,2,0:15:00,0:00:00,0,0,0
2062,2019-07-06 22:45:00,2019-07-06 23:00:00,7,29,0:07:24,0:07:36,1,0,1
2062,2019-07-06 23:00:00,2019-07-06 23:15:00,0,1,0:15:00,0:00:00,0,0,0
2062,2019-07-06 23:15:00,2019-07-06 23:30:00,0,1,0:15:00,0:00:00,0,0,0
2062,2019-07-06 23:30:00,2019-07-06 23:45:00,0,0,0:15:00,0:00:00,0,0,0
2062,2019-07-06 23:45:00,2019-07-07 00:00:00,18,46,0:02:41,0:12:19,0,0,0
2062,2019-07-07 00:00:00,2019-07-07 00:15:00,13,28,0:01:29,0:13:31,2,1,1
2062,2019-07-07 00:15:00,2019-07-07 00:30:00,0,0,0:15:00,0:00:00,0,0,0
2062,2019-07-07 00:30:00,2019-07-07 00:45:00,0,0,0:15:00,0:00:00,0,0,0
2062,2019-07-07 00:45:00,2019-07-07 01:00:00,0,0,0:15:00,0:00:00,0,0,0
2062,2019-07-07 01:00:00,2019-07-07 01:15:00,0,0,0:15:00,0:00:00,0,0,0
2062,2019-07-07 01:15:00,2019-07-07 01:30:00,0,3,0:15:00,0:00:00,0,0,0
2062,2019-07-07 01:30:00,2019-07-07 01:45:00,1,14,0:11:43,0:03:17,0,0,0
2062,2019-07-07 01:45:00,2019-07-07 02:00:00,26,53,0:00:04,0:14:56,1,0,1
2062,2019-07-07 02:00:00,2019-07-07 02:15:00,8,26,0:07:01,0:07:59,1,0,1
2062,2019-07-07 02:15:00,2019-07-07 02:30:00,0,1,0:15:00,0:00:00,0,0,0
2062,2019-07-07 02:30:00,2019-07-07 02:45:00,0,6,0:15:00,0:00:00,0,0,0
2062,2019-07-07 02:45:00,2019-07-07 03:00:00,0,8,0:15:00,0:00:00,0,0,0
2062,2019-07-07 03:00:00,2019-07-07 03:15:00,0,0,0:15:00,0:00:00,0,0,0
2062,2019-07-07 03:15:00,2019-07-07 03:30:00,0,4,0:15:00,0:00:00,0,0,0
2062,2019-07-07 03:30:00,2019-07-07 03:45:00,6,27,0:09:28,0:05:32,1,0,1
2062,2019-07-07 03:45:00,2019-07-07 04:00:00,0,0,0:15:00,0:00:00,0,0,0
2062,2019-07-07 04:00:00,2019-07-07 04:15:00,0,0,0:15:00,0:00:00,0,0,0
2062,2019-07-07 04:15:00,2019-07-07 04:30:00,0,0,0:15:00,0:00:00,0,0,0
2062,2019-07-07 04:30:00,2019-07-07 04:45:00,0,0,0:15:00,0:00:00,0,0,0
2062,2019-07-07 04:45:00,2019-07-07 05:00:00,0,3,0:15:00,0:00:00,0,0,0
2062,2019-07-07 05:00:00,2019-07-07 05:15:00,10,25,0:00:52,0:14:08,0,0,0
2062,2019-07-07 05:15:00,2019-07-07 05:30:00,5,11,0:00:00,0:15:00,0,0,0
2062,2019-07-07 05:30:00,2019-07-07 05:45:00,7,12,0:00:00,0:15:00,0,0,0
2062,2019-07-07 05:45:00,2019-07-07 06:00:00,8,12,0:00:08,0:14:52,5,2,3
2062,2019-07-07 06:00:00,2019-07-07 06:15:00,10,20,0:00:01,0:14:59,1,0,1
2062,2019-07-07 06:15:00,2019-07-07 06:30:00,12,18,0:00:00,0:15:00,0,0,0
2062,2019-07-07 06:30:00,2019-07-07 06:45:00,15,26,0:00:05,0:14:55,1,0,1
2062,2019-07-07 06:45:00,2019-07-07 07:00:00,9,22,0:00:10,0:14:50,3,1,2
2062,2019-07-07 07:00:00,2019-07-07 07:15:00,5,22,0:11:00,0:04:00,3,1,2
2062,2019-07-07 07:15:00,2019-07-07 07:30:00,0,0,0:15:00,0:00:00,0,0,0
2062,2019-07-07 07:30:00,2019-07-07 07:45:00,0,2,0:15:00,0:00:00,0,0,0
2062,2019-07-07 07:45:00,2019-07-07 08:00:00,0,1,0:15:00,0:00:00,0,0,0
2062,2019-07-07 08:00:00,2019-07-07 08:15:00,8,27,0:07:40,0:07:20,1,0,1
2062,2019-07-07 08:15:00,2019-07-07 08:30:00,20,23,0:00:07,0:14:53,1,0,1
2062,2019-07-07 08:30:00,2019-07-07 08:45:00,9,21,0:06:23,0:08:37,1,0,1
2062,2019-07-07 08:45:00,2019-07-07 09:00:00,0,0,0:15:00,0:00:00,0,0,0
2062,2019-07-07 09:00:00,2019-07-07 09:15:00,0,2,0:15:00,0:00:00,0,0,0
2062,2019-07-07 09:15:00,2019-07-07 09:30:00,0,1,0:15:00,0:00:00,0,0,0
2062,2019-07-07 09:30:00,2019-07-07 09:45:00,0,1,0:15:00,0:00:00,0,0,0
2062,2019-07-07 09:45:00,2019-07-07 10:00:00,0,0,0:15:00,0:00:00,0,0,0
2062,2019-07-07 10:00:00,2019-07-07 10:15:00,12,25,0:03:47,0:11:13,2,1,1
2062,2019-07-07 10:15:00,2019-07-07 10:30:00,16,30,0:00:12,0:14:48,4,2,2
2062,2019-07-07 10:30:00,2019-07-07 10:45:00,10,13,0:00:02,0:14:58,2,1,1
2062,2019-07-07 10:45:00,2019-07-07 11:00:00,4,17,0:09:27,0:05:33,2,1,1
2062,2019-07-07 11:00:00,2019-07-07 11:15:00,0,0,0:15:00,0:00:00,0,0,0
2062,2019-07-07 11:15:00,2019-07-07 11:30:00,0,9,0:15:00,0:00:00,0,0,0
2062,2019-07-07 11:30:00,2019-07-07 11:45:00,0,4,0:15:00,0:00:00,0,0,0
2062,2019-07-07 11:45:00,2019-07-07 12:00:00,0,6,0:15:00,0:00:00,0,0,0
2062,2019-07-07 12:00:00,2019-07-07 12:15:00,6,19,0:09:57,0:05:03,0,0,0
2062,2019-07-07 12:15:00,2019-07-07 12:30:00,20,43,0:00:03,0:14:57,1,0,1
2062,2019-07-07 12:30:00,2019-07-07 12:45:00,11,13,0:00:00,0:15:00,0,0,0
2062,2019-07-07 12:45:00,2019-07-07 13:00:00,8,15,0:00:00,0:15:00,0,0,0
2062,2019-07-07 13:00:00,2019-07-07 13:15:00,17,33,0:00:10,0:14:50,1,0,1
2062,2019-07-07 13:15:00,2019-07-07 13:30:00,16,24,0:00:24,0:14:36,3,1,2
2062,2019-07-07 13:30:00,2019-07-07 13:45:00,8,19,0:08:04,0:06:56,2,1,1
2062,2019-07-07 13:45:00,2019-07-07 14:00:00,0,0,0:15:00,0:00:00,0,0,0
2062,2019-07-07 14:00:00,2019-07-07 14:15:00,0,0,0:15:00,0:00:00,0,0,0
2062,2019-07-07 14:15:00,2019-07-07 14:30:00,0,1,0:15:00,0:00:00,0,0,0
2062,2019-07-07 14:30:00,2019-07-07 14:45:00,0,2,0:15:00,0:00:00,0,0,0
2062,2019-07-07 14:45:00,2019-07-07 15:00:00,0,5,0:15:00,0:00:00,0,0,0
2062,2019-07-07 15:00:00,2019-07-07 15:15:00,6,21,0:09:22,0:05:38,0,0,0
2062,2019-07-07 15:15:00,2019-07-07 15:30:00,9,19,0:00:00,0:15:00,0,0,0
2062,2019-07-07 15:30:00,2019-07-07 15:45:00,12,17,0:00:00,0:15:00,0,0,0
2062,2019-07-07 15:45:00,2019-07-07 16:00:00,2,12,0:12:54,0:02:06,1,0,1
2062,2019-07-07 16:00:00,2019-07-07 16:15:00,0,1,0:15:00,0:00:00,0,0,0
2062,2019-07-07 16:15:00,2019-07-07 16:30:00,0,1,0:15:00,0:00:00,0,0,0
2062,2019-07-07 16:30:00,2019-07-07 16:45:00,17,40,0:01:12,0:13:48,0,0,0
2062,2019-07-07 16:45:00,2019-07-07 17:00:00,10,21,0:00:00,0:15:00,0,0,0
2062,2019-07-07 17:00:00,2019-07-07 17:15:00,15,38,0:00:17,0:14:43,4,2,2
2062,2019-07-07 17:15:00,2019-07-07 17:30:00,20,20,0:00:00,0:15:00,0,0,0
2062,2019-07-07 17:30:00,2019-07-07 17:45:00,15,30,0:00:03,0:14:57,1,0,1
2062,2019-07-07 17:45:00,2019-07-07 18:00:00,9,14,0:00:00,0:15:00,0,0,0
2062,2019-07-07 18:00:00,2019-07-07 18:15:00,5,12,0:13:25,0:01:35,1,0,1
2062,2019-07-07 18:15:00,2019-07-07 18:30:00,0,6,0:15:00,0:00:00,0,0,0
2062,2019-07-07 18:30:00,2019-07-07 18:45:00,1,15,0:08:56,0:06:04,0,0,0
2062,2019-07-07 18:45:00,2019-07-07 19:00:00,18,20,0:00:00,0:15:00,0,0,0
2062,2019-07-07 19:00:00,2019-07-07 19:15:00,9,23,0:00:29,0:14:31,5,2,3
2062,2019-07-07 19:15:00,2019-07-07 19:30:00,25,35,0:00:00,0:15:00,0,0,0
2062,2019-07-07 19:30:00,2019-07-07 19:45:00,23,49,0:01:33,0:13:27,5,2,3
2062,2019-07-07 19:45:00,2019-07-07 20:00:00,19,33,0:00:01,0:14:59,1,0,1
2062,2019-07-07 20:00:00,2019-07-07 20:15:00,4,14,0:09:30,0:05:30,1,0,1
2062,2019-07-07 20:15:00,2019-07-07 20:30:00,0,0,0:15:00,0:00:00,0,0,0
2062,2019-07-07 20:30:00,2019-07-07 20:45:00,6,30,0:08:48,0:06:12,2,1,1
2062,2019-07-07 20:45:00,2019-07-07 21:00:00,21,30,0:00:01,0:14:59,1,0,1
2062,2019-07-07 21:00:00,2019-07-07 21:15:00,10,26,0:00:01,0:14:59,1,0,1
2062,2019-07-07 21:15:00,2019-07-07 21:30:00,15,23,0:00:00,0:15:00,0,0,0
2062,2019-07-07 21:30:00,2019-07-07 21:45:00,1,8,0:14:20,0:00:40,1,0,1
2062,2019-07-07 21:45:00,2019-07-07 22:00:00,0,0,0:15:00,0:00:00,0,0,0
2062,2019-07-07 22:00:00,2019-07-07 22:15:00,10,31,0:03:02,0:11:58,0,0,0
2062,2019-07-07 22:15:00,2019-07-07 22:30:00,3,11,0:13:25,0:01:35,3,1,2
2062,2019-07-07 22:30:00,2019-07-07 22:45:00,6,22,0:04:45,0:10:15,2,1,1
2062,2019-07-07 22:45:00,2019-07-07 23:00:00,19,23,0:00:01,0:14:59,1,0,1
2062,2019-07-07 23:00:00,2019-07-07 23:15:00,5,16,0:12:16,0:02:44,2,1,1
2062,2019-07-07 23:15:00,2019-07-07 23:30:00,0,2,0:15:00,0:00:00,0,0,0
2062,2019-07-07 23:30:00,2019-07-07 23:45:00,0,3,0:15:00,0:00:00,0,0,0
2062,2019-07-07 23:45:00,2019-07-08 00:00:00,2,11,0:12:44,0:02:16,0,0,0
2062,2019-07-08 00:00:00,2019-07-08 00:15:00,15,22,0:00:01,0:14:59,1,0,1
2062,2019-07-08 00:15:00,2019-07-08 00:30:00,23,44,0:00:32,0:14:28,4,2,2
2062,2019-07-08 00:30:00,2019-07-08 00:45:00,4,16,0:11:23,0:03:37,1,0,1
2062,2019-07-08 00:45:00,2019-07-08 01:00:00,0,0,0:15:00,0:00:00,0,0,0
2062,2019-07-08 01:00:00,2019-07-08 01:15:00,0,5,0:15:00,0:00:00,0,0,0
2062,2019-07-08 01:15:00,2019-07-08 01:30:00,0,1,0:15:00,0:00:00,0,0,0
2062,2019-07-08 01:30:00,2019-07-08 01:45:00,0,3,0:15:00,0:00:00,0,0,0
2062,2019-07-08 01:45:00,2019-07-08 02:00:00,0,0,0:15:00,0:00:00,0,0,0
2062,2019-07-08 02:00:00,2019-07-08 02:15:00,0,0,0:15:00,0:00:00,0,0,0
2062,2019-07-08 02:15:00,2019-07-08 02:30:00,6,27,0:11:47,0:03:13,1,0,1
2062,2019-07-08 02:30:00,2019-07-08 02:45:00,0,5,0:15:00,0:00:00,0,0,0
2062,2019-07-08 02:45:00,2019-07-08 03:00:00,0,0,0:15:00,0:00:00,0,0,0
2062,2019-07-08 03:00:00,2019-07-08 03:15:00,0,0,0:15:00,0:00:00,0,0,0
2062,2019-07-08 03:15:00,2019-07-08 03:30:00,0,7,0:15:00,0:00:00,0,0,0
2062,2019-07-08 03:30:00,2019-07-08 03:45:00,0,13,0:15:00,0:00:00,0,0,0
2062,2019-07-08 03:45:00,2019-07-08 04:00:00,11,43,0:09:27,0:05:33,2,1,1
2062,2019-07-08 04:00:00,2019-07-08 04:15:00,0,0,0:15:00,0:00:00,0,0,0
2062,2019-07-08 04:15:00,2019-07-08 04:30:00,0,0,0:15:00,0:00:00,0,0,0
2062,2019-07-08 04:30:00,2019-07-08 04:45:00,0,1,0:15:00,0:00:00,0,0,0
2062,2019-07-08 04:45:00,2019-07-08 05:00:00,0,0,0:15:00,0:00:00,0,0,0
2062,2019-07-08 05:00:00,2019-07-08 05:15:00,0,1,0:15:00,0:00:00,0,0,0
2062,2019-07-08 05:15:00,2019-07-08 05:30:00,11,28,0:06:21,0:08:39,1,0,1
2062,2019-07-08 05:30:00,2019-07-08 05:45:00,17,26,0:00:00,0:15:00,0,0,0
2062,2019-07-08 05:45:00,2019-07-08 06:00:00,11,21,0:00:00,0:15:00,0,0,0
2062,2019-07-08 06:00:00,2019-07-08 06:15:00,8,18,0:00:07,0:14:53,2,1,1
2062,2019-07-08 06:15:00,2019-07-08 06:30:00,11,22,0:00:27,0:14:33,4,2,2
2062,2019-07-08 06:30:00,2019-07-08 06:45:00,13,14,0:00:01,0:14:59,1,0,1
2062,2019-07-08 06:45:00,2019-07-08 07:00:00,11,15,0:00:00,0:15:00,0,0,0
2062,2019-07-08 07:00:00,2019-07-08 07:15:00,29,46,0:00:00,0:15:00,0,0,0
2062,2019-07-08 07:15:00,2019-07-08 07:30:00,23,40,0:00:00,0:15:00,0,0,0
2062,2019-07-08 07:30:00,2019-07-08 07:45:00,3,8,0:14:49,0:00:11,2,1,1
2062,2019-07-08 07:45:00,2019-07-08 08:00:00,0,0,0:15:00,0:00:00,0,0,0
2062,2019-07-08 08:00:00,2019-07-08 08:15:00,0,0,0:15:00,0:00:00,0,0,0
2062,2019-07-08 08:15:00,2019-07-08 08:30:00,0,11,0:15:00,0:00:00,0,0,0
2062,2019-07-08 08:30:00,2019-07-08 08:45:00,0,0,0:15:00,0:00:00,0,0,0
2062,2019-07-08 08:45:00,2019-07-08 09:00:00,0,4,0:15:00,0:00:00,0,0,0
2062,2019-07-08 09:00:00,2019-07-08 09:15:00,12,35,0:04:20,0:10:40,1,0,1
2062,2019-07-08 09:15:00,2019-07-08 09:30:00,10,26,0:00:00,0:15:00,0,0,0
2062,2019-07-08 09:30:00,2019-07-08 09:45:00,12,27,0:00:07,0:14:53,4,2,2
2062,2019-07-08 09:45:00,2019-07-08 10:00:00,9,14,0:00:01,0:14:59,1,0,1
2062,2019-07-08 10:00:00,2019-07-08 10:15:00,12,31,0:01:30,0:13:30,1,0,1
2062,2019-07-08 10:15:00,2019-07-08 10:30:00,0,0,0:15:00,0:00:00,0,0,0
2062,2019-07-08 10:30:00,2019-07-08 10:45:00,5,20,0:05:31,0:09:29,0,0,0
2062,2019-07-08 10:45:00,2019-07-08 11:00:00,15,36,0:00:29,0:14:31,8,4,4
2062,2019-07-08 11:00:00,2019-07-08 11:15:00,13,26,0:01:30,0:13:30,3,1,2
2062,2019-07-08 11:15:00,2019-07-08 11:30:00,9,36,0:01:37,0:13:23,3,1,2
2062,2019-07-08 11:30:00,2019-07-08 11:45:00,0,1,0:15:00,0:00:00,0,0,0
2062,2019-07-08 11:45:00,2019-07-08 12:00:00,0,0,0:15:00,0:00:00,0,0,0
2062,2019-07-08 12:00:00,2019-07-08 12:15:00,0,9,0:15:00,0:00:00,0,0,0
2062,2019-07-08 12:15:00,2019-07-08 12:30:00,3,20,0:11:45,0:03:15,1,0,1
2062,2019-07-08 12:30:00,2019-07-08 12:45:00,9,25,0:02:17,0:12:43,0,0,0
2062,2019-07-08 12:45:00,2019-07-08 13:00:00,5,17,0:00:01,0:14:59,1,0,1
2062,2019-07-08 13:00:00,2019-07-08 13:15:00,5,11,0:00:00,0:15:00,0,0,0
2062,2019-07-08 13:15:00,2019-07-08 13:30:00,14,32,0:00:12,0:14:48,3,1,2
2062,2019-07-08 13:30:00,2019-07-08 13:45:00,3,8,0:13:46,0:01:14,1,0,1
2062,2019-07-08 13:45:00,2019-07-08 14:00:00,7,14,0:04:29,0:10:31,0,0,0
2062,2019-07-08 14:00:00,2019-07-08 14:15:00,10,25,0:00:01,0:14:59,1,0,1
2062,2019-07-08 14:15:00,2019-07-08 14:30:00,11,23,0:01:40,0:13:20,2,1,1
2062,2019-07-08 14:30:00,2019-07-08 14:45:00,1,15,0:14:11,0:00:49,0,0,0
2062,2019-07-08 14:45:00,2019-07-08 15:00:00,8,20,0:07:18,0:07:42,1,0,1
2062,2019-07-08 15:00:00,2019-07-08 15:15:00,0,4,0:15:00,0:00:00,0,0,0
2062,2019-07-08 15:15:00,2019-07-08 15:30:00,0,5,0:15:00,0:00:00,0,0,0
2062,2019-07-08 15:30:00,2019-07-08 15:45:00,12,45,0:06:01,0:08:59,1,0,1
2062,2019-07-08 15:45:00,2019-07-08 16:00:00,0,7,0:15:00,0:00:00,0,0,0
2062,2019-07-08 16:00:00,2019-07-08 16:15:00,0,0,0:15:00,0:00:00,0,0,0
2062,2019-07-08 16:15:00,2019-07-08 16:30:00,0,0,0:15:00,0:00:00,0,0,0
2062,2019-07-08 16:30:00,2019-07-08 16:45:00,8,25,0:04:31,0:10:29,0,0,0
2062,2019-07-08 16:45:00,2019-07-08 17:00:00,12,22,0:00:00,0:15:00,0,0,0
2062,2019-07-08 17:00:00,2019-07-08 17:15:00,15,17,0:00:00,0:15:00,0,0,0
2062,2019-07-08 17:15:00,2019-07-08 17:30:00,13,16,0:00:00,0:15:00,0,0,0
2062,2019-07-08 17:30:00,2019-07-08 17:45:00,13,23,0:00:00,0:15:00,0,0,0
2062,2019-07-08 17:45:00,2019-07-08 18:00:00,16,23,0:00:00,0:15:00,0,0,0
2062,2019-07-08 18:00:00,2019-07-08 18:15:00,12,30,0:00:11,0:14:49,2,1,1
2062,2019-07-08 18:15:00,2019-07-08 18:30:00,0,0,0:15:00,0:00:00,0,0,0
2062,2019-07-08 18:30:00,2019-07-08 18:45:00,0,2,0:15:00,0:00:00,0,0,0
2062,2019-07-08 18:45:00,2019-07-08 19:00:00,0,0,0:15:00,0:00:00,0,0,0
2062,2019-07-08 19:00:00,2019-07-08 19:15:00,0,2,0:15:00,0:00:00,0,0,0
2062,2019-07-08 19:15:00,2019-07-08 19:30:00,14,66,0:05:01,0:09:59,2,1,1
2062,2019-07-08 19:30:00,2019-07-08 19:45:00,18,34,0:00:08,0:14:52,3,1,2
2062,2019-07-08 19:45:00,2019-07-08 20:00:00,12,34,0:00:27,0:14:33,3,1,2
2062,2019-07-08 20:00:00,2019-07-08 20:15:00,13,23,0:00:00,0:15:00,0,0,0
2062,2019-07-08 20:15:00,2019-07-08 20:30:00,22,43,0:00:00,0:15:00,0,0,0
2062,2019-07-08 20:30:00,2019-07-08 20:45:00,21,39,0:00:02,0:14:58,2,1,1
2062,2019-07-08 20:45:00,2019-07-08 21:00:00,21,26,0:00:01,0:14:59,1,0,1
2062,2019-07-08 21:00:00,2019-07-08 21:15:00,23,34,0:00:39,0:14:21,1,0,1
2062,2019-07-08 21:15:00,2019-07-08 21:30:00,0,0,0:15:00,0:00:00,0,0,0
2062,2019-07-08 21:30:00,2019-07-08 21:45:00,6,22,0:08:44,0:06:16,0,0,0
2062,2019-07-08 21:45:00,2019-07-08 22:00:00,18,39,0:00:00,0:15:00,0,0,0
2062,2019-07-08 22:00:00,2019-07-08 22:15:00,17,28,0:00:04,0:14:56,1,0,1
2062,2019-07-08 22:15:00,2019-07-08 22:30:00,15,31,0:05:03,0:09:57,1,0,1
2062,2019-07-08 22:30:00,2019-07-08 22:45:00,0,2,0:15:00,0:00:00,0,0,0
2062,2019-07-08 22:45:00,2019-07-08 23:00:00,0,0,0:15:00,0:00:00,0,0,0
2062,2019-07-08 23:00:00,2019-07-08 23:15:00,10,37,0:00:34,0:14:26,2,1,1
2062,2019-07-08 23:15:00,2019-07-08 23:30:00,7,15,0:07:52,0:07:08,2,1,1
2062,2019-07-08 23:30:00,2019-07-08 23:45:00,0,0,0:15:00,0:00:00,0,0,0
2062,2019-07-08 23:45:00,2019-07-09 00:00:00,6,20,0:07:20,0:07:40,0,0,0
2062,2019-07-09 00:00:00,2019-07-09 00:15:00,9,16,0:07:08,0:07:52,1,0,1
2062,2019-07-09 00:15:00,2019-07-09 00:30:00,0,0,0:15:00,0:00:00,0,0,0
2062,2019-07-09 00:30:00,2019-07-09 00:45:00,0,0,0:15:00,0:00:00,0,0,0
2062,2019-07-09 00:45:00,2019-07-09 01:00:00,0,2,0:15:00,0:00:00,0,0,0
2062,2019-07-09 01:00:00,2019-07-09 01:15:00,0,2,0:15:00,0:00:00,0,0,0
2062,2019-07-09 01:15:00,2019-07-09 01:30:00,0,0,0:15:00,0:00:00,0,0,0
2062,2019-07-09 01:30:00,2019-07-09 01:45:00,5,28,0:11:23,0:03:37,1,0,1
2062,2019-07-09 01:45:00,2019-07-09 02:00:00,0,0,0:15:00,0:00:00,0,0,0
2062,2019-07-09 02:00:00,2019-07-09 02:15:00,0,1,0:15:00,0:00:00,0,0,0
2062,2019-07-09 02:15:00,2019-07-09 02:30:00,0,3,0:15:00,0:00:00,0,0,0
2062,2019-07-09 02:30:00,2019-07-09 02:45:00,0,0,0:15:00,0:00:00,0,0,0
2062,2019-07-09 02:45:00,2019-07-09 03:00:00,0,0,0:15:00,0:00:00,0,0,0
2062,2019-07-09 03:00:00,2019-07-09 03:15:00,0,0,0:15:00,0:00:00,0,0,0
2062,2019-07-09 03:15:00,2019-07-09 03:30:00,0,1,0:15:00,0:00:00,0,0,0
2062,2019-07-09 03:30:00,2019-07-09 03:45:00,3,14,0:10:00,0:05:00,0,0,0
2062,2019-07-09 03:45:00,2019-07-09 04:00:00,2,14,0:13:58,0:01:02,2,1,1
2062,2019-07-09 04:00:00,2019-07-09 04:15:00,0,0,0:15:00,0:00:00,0,0,0
2062,2019-07-09 04:15:00,2019-07-09 04:30:00,0,2,0:15:00,0:00:00,0,0,0
2062,2019-07-09 04:30:00,2019-07-09 04:45:00,0,0,0:15:00,0:00:00,0,0,0
2062,2019-07-09 04:45:00,2019-07-09 05:00:00,4,24,0:08:32,0:06:28,1,0,1
2062,2019-07-09 05:00:00,2019-07-09 05:15:00,0,0,0:15:00,0:00:00,0,0,0
2062,2019-07-09 05:15:00,2019-07-09 05:30:00,6,20,0:07:48,0:07:12,0,0,0
2062,2019-07-09 05:30:00,2019-07-09 05:45:00,11,15,0:00:00,0:15:00,0,0,0
2062,2019-07-09 05:45:00,2019-07-09 06:00:00,9,13,0:00:01,0:14:59,1,0,1
2062,2019-07-09 06:00:00,2019-07-09 06:15:00,8,14,0:00:00,0:15:00,0,0,0
2062,2019-07-09 06:15:00,2019-07-09 06:30:00,5,11,0:00:36,0:14:24,5,2,3
2062,2019-07-09 06:30:00,2019-07-09 06:45:00,10,14,0:00:00,0:15:00,0,0,0
2062,2019-07-09 06:45:00,2019-07-09 07:00:00,12,22,0:00:00,0:15:00,0,0,0
2062,2019-07-09 07:00:00,2019-07-09 07:15:00,18,28,0:00:00,0:15:00,0,0,0
2062,2019-07-09 07:15:00,2019-07-09 07:30:00,14,26,0:02:15,0:12:45,1,0,1
2062,2019-07-09 07:30:00,2019-07-09 07:45:00,0,0,0:15:00,0:00:00,0,0,0
2062,2019-07-09 07:45:00,2019-07-09 08:00:00,0,1,0:15:00,0:00:00,0,0,0
2062,2019-07-09 08:00:00,2019-07-09 08:15:00,0,6,0:15:00,0:00:00,0,0,0
2062,2019-07-09 08:15:00,2019-07-09 08:30:00,0,0,0:15:00,0:00:00,0,0,0
2062,2019-07-09 08:30:00,2019-07-09 08:45:00,0,3,0:15:00,0:00:00,0,0,0
2062,2019-07-09 08:45:00,2019-07-09 09:00:00,1,17,0:11:04,0:03:56,0,0,0
2062,2019-07-09 09:00:00,2019-07-09 09:15:00,14,23,0:00:25,0:14:35,4,2,2
2062,2019-07-09 09:15:00,2019-07-09 09:30:00,16,29,0:01:06,0:13:54,10,5,5
2062,2019-07-09 09:30:00,2019-07-09 09:45:00,12,20,0:00:00,0:15:00,0,0,0
2062,2019-07-09 09:45:00,2019-07-09 10:00:00,11,15,0:00:00,0:15:00,0,0,0
2062,2019-07-09 10:00:00,2019-07-09 10:15:00,13,17,0:00:00,0:15:00,0,0,0
2062,2019-07-09 10:15:00,2019-07-09 10:30:00,17,38,0:02:10,0:12:50,1,0,1
2062,2019-07-09 10:30:00,2019-07-09 10:45:00,0,0,0:15:00,0:00:00,0,0,0
2062,2019-07-09 10:45:00,2019-07-09 11:00:00,0,0,0:15:00,0:00:00,0,0,0
2062,2019-07-09 11:00:00,2019-07-09 11:15:00,7,24,0:09:18,0:05:42,0,0,0
2062,2019-07-09 11:15:00,2019-07-09 11:30:00,12,19,0:00:00,0:15:00,0,0,0
2062,2019-07-09 11:30:00,2019-07-09 11:45:00,16,24,0:00:04,0:14:56,2,1,1
2062,2019-07-09 11:45:00,2019-07-09 12:00:00,4,13,0:12:57,0:02:03,2,1,1
2062,2019-07-09 12:00:00,2019-07-09 12:15:00,4,18,0:07:06,0:07:54,1,0,1
2062,2019-07-09 12:15:00,2019-07-09 12:30:00,17,37,0:00:00,0:15:00,0,0,0
2062,2019-07-09 12:30:00,2019-07-09 12:45:00,24,37,0:00:08,0:14:52,1,0,1
2062,2019-07-09 12:45:00,2019-07-09 13:00:00,5,6,0:00:00,0:15:00,0,0,0
2062,2019-07-09 13:00:00,2019-07-09 13:15:00,8,25,0:07:50,0:07:10,1,0,1
2062,2019-07-09 13:15:00,2019-07-09 13:30:00,0,1,0:15:00,0:00:00,0,0,0
2062,2019-07-09 13:30:00,2019-07-09 13:45:00,0,0,0:15:00,0:00:00,0,0,0
2062,2019-07-09 13:45:00,2019-07-09 14:00:00,0,4,0:15:00,0:00:00,0,0,0
2062,2019-07-09 14:00:00,2019-07-09 14:15:00,1,17,0:10:31,0:04:29,0,0,0
2062,2019-07-09 14:15:00,2019-07-09 14:30:00,14,20,0:00:01,0:14:59,1,0,1
2062,2019-07-09 14:30:00,2019-07-09 14:45:00,3,10,0:13:20,0:01:40,1,0,1
2062,2019-07-09 14:45:00,2019-07-09 15:00:00,0,0,0:15:00,0:00:00,0,0,0
2062,2019-07-09 15:00:00,2019-07-09 15:15:00,0,0,0:15:00,0:00:00,0,0,0
2062,2019-07-09 15:15:00,2019-07-09 15:30:00,2,14,0:14:10,0:00:50,1,0,1
2062,2019-07-09 15:30:00,2019-07-09 15:45:00,15,23,0:00:24,0:14:36,4,2,2
2062,2019-07-09 15:45:00,2019-07-09 16:00:00,9,17,0:00:01,0:14:59,1,0,1
2062,2019-07-09 16:00:00,2019-07-09 16:15:00,5,19,0:09:08,0:05:52,3,1,2
2062,2019-07-09 16:15:00,2019-07-09 16:30:00,0,3,0:15:00,0:00:00,0,0,0
2062,2019-07-09 16:30:00,2019-07-09 16:45:00,0,2,0:15:00,0:00:00,0,0,0
2062,2019-07-09 16:45:00,2019-07-09 17:00:00,9,24,0:02:50,0:12:10,3,1,2
2062,2019-07-09 17:00:00,2019-07-09 17:15:00,10,15,0:00:01,0:14:59,1,0,1
2062,2019-07-09 17:15:00,2019-07-09 17:30:00,17,29,0:00:02,0:14:58,2,1,1
2062,2019-07-09 17:30:00,2019-07-09 17:45:00,15,30,0:00:01,0:14:59,1,0,1
2062,2019-07-09 17:45:00,2019-07-09 18:00:00,14,22,0:00:05,0:14:55,1,0,1
2062,2019-07-09 18:00:00,2019-07-09 18:15:00,0,0,0:15:00,0:00:00,0,0,0
2062,2019-07-09 18:15:00,2019-07-09 18:30:00,0,0,0:15:00,0:00:00,0,0,0
2062,2019-07-09 18:30:00,2019-07-09 18:45:00,0,1,0:15:00,0:00:00,0,0,0
2062,2019-07-09 18:45:00,2019-07-09 19:00:00,1,14,0:13:35,0:01:25,0,0,0
2062,2019-07-09 19:00:00,2019-07-09 19:15:00,3,7,0:00:00,0:15:00,0,0,0
2062,2019-07-09 19:15:00,2019-07-09 19:30:00,24,47,0:00:05,0:14:55,2,1,1
2062,2019-07-09 19:30:00,2019-07-09 19:45:00,19,30,0:00:20,0:14:40,3,1,2
2062,2019-07-09 19:45:00,2019-07-09 20:00:00,23,36,0:00:00,0:15:00,0,0,0
2062,2019-07-09 20:00:00,2019-07-09 20:15:00,11,20,0:04:48,0:10:12,1,0,1
2062,2019-07-09 20:15:00,2019-07-09 20:30:00,0,4,0:15:00,0:00:00,0,0,0
2062,2019-07-09 20:30:00,2019-07-09 20:45:00,10,21,0:02:04,0:12:56,0,0,0
2062,2019-07-09 20:45:00,2019-07-09 21:00:00,21,30,0:00:00,0:15:00,0,0,0
2062,2019-07-09 21:00:00,2019-07-09 21:15:00,8,8,0:00:00,0:15:00,0,0,0
2062,2019-07-09 21:15:00,2019-07-09 21:30:00,9,14,0:00:00,0:15:00,0,0,0
2062,2019-07-09 21:30:00,2019-07-09 21:45:00,24,44,0:00:00,0:15:00,0,0,0
2062,2019-07-09 21:45:00,2019-07-09 22:00:00,11,22,0:09:10,0:05:50,1,0,1
2062,2019-07-09 22:00:00,2019-07-09 22:15:00,0,0,0:15:00,0:00:00,0,0,0
2062,2019-07-09 22:15:00,2019-07-09 22:30:00,0,1,0:15:00,0:00:00,0,0,0
2062,2019-07-09 22:30:00,2019-07-09 22:45:00,0,2,0:15:00,0:00:00,0,0,0
2062,2019-07-09 22:45:00,2019-07-09 23:00:00,4,27,0:09:35,0:05:25,2,1,1
2062,2019-07-09 23:00:00,2019-07-09 23:15:00,0,0,0:15:00,0:00:00,0,0,0
2062,2019-07-09 23:15:00,2019-07-09 23:30:00,0,1,0:15:00,0:00:00,0,0,0
2062,2019-07-09 23:30:00,2019-07-09 23:45:00,8,24,0:06:56,0:08:04,2,1,1
2062,2019-07-09 23:45:00,2019-07-10 00:00:00,8,27,0:04:37,0:10:23,2,1,1
2062,2019-07-10 00:00:00,2019-07-10 00:15:00,0,0,0:15:00,0:00:00,0,0,0
2062,2019-07-10 00:15:00,2019-07-10 00:30:00,0,0,0:15:00,0:00:00,0,0,0
2062,2019-07-10 00:30:00,2019-07-10 00:45:00,0,0,0:15:00,0:00:00,0,0,0
2062,2019-07-10 00:45:00,2019-07-10 01:00:00,2,29,0:07:07,0:07:53,2,1,1
2062,2019-07-10 01:00:00,2019-07-10 01:15:00,0,1,0:15:00,0:00:00,0,0,0
2062,2019-07-10 01:15:00,2019-07-10 01:30:00,9,22,0:04:32,0:10:28,0,0,0
2062,2019-07-10 01:30:00,2019-07-10 01:45:00,6,18,0:04:56,0:10:04,1,0,1
2062,2019-07-10 01:45:00,2019-07-10 02:00:00,0,0,0:15:00,0:00:00,0,0,0
2062,2019-07-10 02:00:00,2019-07-10 02:15:00,0,0,0:15:00,0:00:00,0,0,0
2062,2019-07-10 02:15:00,2019-07-10 02:30:00,0,0,0:15:00,0:00:00,0,0,0
2062,2019-07-10 02:30:00,2019-07-10 02:45:00,0,0,0:15:00,0:00:00,0,0,0
2062,2019-07-10 02:45:00,2019-07-10 03:00:00,0,0,0:15:00,0:00:00,0,0,0
2062,2019-07-10 03:00:00,2019-07-10 03:15:00,0,0,0:15:00,0:00:00,0,0,0
2062,2019-07-10 03:15:00,2019-07-10 03:30:00,7,29,0:05:32,0:09:28,2,1,1
2062,2019-07-10 03:30:00,2019-07-10 03:45:00,0,0,0:15:00,0:00:00,0,0,0
2062,2019-07-10 03:45:00,2019-07-10 04:00:00,0,7,0:15:00,0:00:00,0,0,0
2062,2019-07-10 04:00:00,2019-07-10 04:15:00,0,8,0:15:00,0:00:00,0,0,0
2062,2019-07-10 04:15:00,2019-07-10 04:30:00,0,4,0:15:00,0:00:00,0,0,0
2062,2019-07-10 04:30:00,2019-07-10 04:45:00,1,13,0:11:14,0:03:46,1,0,1
2062,2019-07-10 04:45:00,2019-07-10 05:00:00,20,30,0:00:00,0:15:00,0,0,0
2062,2019-07-10 05:00:00,2019-07-10 05:15:00,8,17,0:00:00,0:15:00,0,0,0
2062,2019-07-10 05:15:00,2019-07-10 05:30:00,4,3,0:00:00,0:15:00,0,0,0
2062,2019-07-10 05:30:00,2019-07-10 05:45:00,8,13,0:00:30,0:14:30,1,0,1
2062,2019-07-10 05:45:00,2019-07-10 06:00:00,13,19,0:00:00,0:15:00,0,0,0
2062,2019-07-10 06:00:00,2019-07-10 06:15:00,6,13,0:00:30,0:14:30,5,2,3
2062,2019-07-10 06:15:00,2019-07-10 06:30:00,11,27,0:00:04,0:14:56,2,1,1
2062,2019-07-10 06:30:00,2019-07-10 06:45:00,19,57,0:00:00,0:15:00,0,0,0
2062,2019-07-10 06:45:00,2019-07-10 07:00:00,7,11,0:00:00,0:15:00,0,0,0
2062,2019-07-10 07:00:00,2019-07-10 07:15:00,5,10,0:00:10,0:14:50,2,1,1
2062,2019-07-10 07:15:00,2019-07-10 07:30:00,3,7,0:12:10,0:02:50,1,0,1
2062,2019-07-10 07:30:00,2019-07-10 07:45:00,0,0,0:15:00,0:00:00,0,0,0
2062,2019-07-10 07:45:00,2019-07-10 08:00:00,0,8,0:15:00,0:00:00,0,0,0
2062,2019-07-10 08:00:00,2019-07-10 08:15:00,0,0,0:15:00,0:00:00,0,0,0
2062,2019-07-10 08:15:00,2019-07-10 08:30:00,1,14,0:10:16,0:04:44,0,0,0
2062,2019-07-10 08:30:00,2019-07-10 08:45:00,11,17,0:00:00,0:15:00,0,0,0
2062,2019-07-10 08:45:00,2019-07-10 09:00:00,13,25,0:00:12,0:14:48,2,1,1
2062,2019-07-10 09:00:00,2019-07-10 09:15:00,1,12,0:14:51,0:00:09,1,0,1
2062,2019-07-10 09:15:00,2019-07-10 09:30:00,7,22,0:03:35,0:11:25,0,0,0
2062,2019-07-10 09:30:00,2019-07-10 09:45:00,8,11,0:00:00,0:15:00,0,0,0
2062,2019-07-10 09:45:00,2019-07-10 10:00:00,10,16,0:00:01,0:14:59,1,0,1
2062,2019-07-10 10:00:00,2019-07-10 10:15:00,11,26,0:00:01,0:14:59,1,0,1
2062,2019-07-10 10:15:00,2019-07-10 10:30:00,16,37,0:00:09,0:14:51,2,1,1
2062,2019-07-10 10:30:00,2019-07-10 10:45:00,3,9,0:10:12,0:04:48,0,0,0
2062,2019-07-10 10:45:00,2019-07-10 11:00:00,8,12,0:00:00,0:15:00,0,0,0
2062,2019-07-10 11:00:00,2019-07-10 11:15:00,12,18,0:00:00,0:15:00,0,0,0
2062,2019-07-10 11:15:00,2019-07-10 11:30:00,16,31,0:00:00,0:15:00,0,0,0
2062,2019-07-10 11:30:00,2019-07-10 11:45:00,9,17,0:00:00,0:15:00,0,0,0
2062,2019-07-10 11:45:00,2019-07-10 12:00:00,14,16,0:07:15,0:07:45,1,0,1
2062,2019-07-10 12:00:00,2019-07-10 12:15:00,0,2,0:15:00,0:00:00,0,0,0
2062,2019-07-10 12:15:00,2019-07-10 12:30:00,12,34,0:04:48,0:10:12,1,0,1
2062,2019-07-10 12:30:00,2019-07-10 12:45:00,15,24,0:00:00,0:15:00,0,0,0
2062,2019-07-10 12:45:00,2019-07-10 13:00:00,13,36,0:02:29,0:12:31,1,0,1
2062,2019-07-10 13:00:00,2019-07-10 13:15:00,0,6,0:15:00,0:00:00,0,0,0
2062,2019-07-10 13:15:00,2019-07-10 13:30:00,7,23,0:04:55,0:10:05,1,0,1
2062,2019-07-10 13:30:00,2019-07-10 13:45:00,9,20,0:05:37,0:09:23,1,0,1
2062,2019-07-10 13:45:00,2019-07-10 14:00:00,0,0,0:15:00,0:00:00,0,0,0
2062,2019-07-10 14:00:00,2019-07-10 14:15:00,0,0,0:15:00,0:00:00,0,0,0
2062,2019-07-10 14:15:00,2019-07-10 14:30:00,0,1,0:15:00,0:00:00,0,0,0
2062,2019-07-10 14:30:00,2019-07-10 14:45:00,0,2,0:15:00,0:00:00,0,0,0
2062,2019-07-10 14:45:00,2019-07-10 15:00:00,16,34,0:01:08,0:13:52,0,0,0
2062,2019-07-10 15:00:00,2019-07-10 15:15:00,17,38,0:00:42,0:14:18,2,1,1
2062,2019-07-10 15:15:00,2019-07-10 15:30:00,0,5,0:15:00,0:00:00,0,0,0
2062,2019-07-10 15:30:00,2019-07-10 15:45:00,0,8,0:15:00,0:00:00,0,0,0
2062,2019-07-10 15:45:00,2019-07-10 16:00:00,15,22,0:00:05,0:14:55,0,0,0
2062,2019-07-10 16:00:00,2019-07-10 16:15:00,1,8,0:12:59,0:02:01,2,1,1
2062,2019-07-10 16:15:00,2019-07-10 16:30:00,0,0,0:15:00,0:00:00,0,0,0
2062,2019-07-10 16:30:00,2019-07-10 16:45:00,0,0,0:15:00,0:00:00,0,0,0
2062,2019-07-10 16:45:00,2019-07-10 17:00:00,3,14,0:08:32,0:06:28,1,0,1
2062,2019-07-10 17:00:00,2019-07-10 17:15:00,11,25,0:00:44,0:14:16,5,2,3
2062,2019-07-10 17:15:00,2019-07-10 17:30:00,9,10,0:00:00,0:15:00,0,0,0
2062,2019-07-10 17:30:00,2019-07-10 17:45:00,13,28,0:01:01,0:13:59,5,2,3
2062,2019-07-10 17:45:00,2019-07-10 18:00:00,10,18,0:00:14,0:14:46,2,1,1
2062,2019-07-10 18:00:00,2019-07-10 18:15:00,8,20,0:09:07,0:05:53,1,0,1
2062,2019-07-10 18:15:00,2019-07-10 18:30:00,0,1,0:15:00,0:00:00,0,0,0
2062,2019-07-10 18:30:00,2019-07-10 18:45:00,0,3,0:15:00,0:00:00,0,0,0
2062,2019-07-10 18:45:00,2019-07-10 19:00:00,7,20,0:03:07,0:11:53,0,0,0
2062,2019-07-10 19:00:00,2019-07-10 19:15:00,7,21,0:02:26,0:12:34,5,2,3
2062,2019-07-10 19:15:00,2019-07-10 19:30:00,11,20,0:00:44,0:14:16,3,1,2
2062,2019-07-10 19:30:00,2019-07-10 19:45:00,24,39,0:00:17,0:14:43,4,2,2
2062,2019-07-10 19:45:00,2019-07-10 20:00:00,22,32,0:00:24,0:14:36,1,0,1
2062,2019-07-10 20:00:00,2019-07-10 20:15:00,10,13,0:00:00,0:15:00,0,0,0
2062,2019-07-10 20:15:00,2019-07-10 20:30:00,7,25,0:10:45,0:04:15,1,0,1
2062,2019-07-10 20:30:00,2019-07-10 20:45:00,11,18,0:00:01,0:14:59,1,0,1
2062,2019-07-10 20:45:00,2019-07-10 21:00:00,8,20,0:00:01,0:14:59,1,0,1
2062,2019-07-10 21:00:00,2019-07-10 21:15:00,11,16,0:00:00,0:15:00,0,0,0
2062,2019-07-10 21:15:00,2019-07-10 21:30:00,12,29,0:05:01,0:09:59,1,0,1
2062,2019-07-10 21:30:00,2019-07-10 21:45:00,0,0,0:15:00,0:00:00,0,0,0
2062,2019-07-10 21:45:00,2019-07-10 22:00:00,5,26,0:08:10,0:06:50,0,0,0
2062,2019-07-10 22:00:00,2019-07-10 22:15:00,10,16,0:01:58,0:13:02,1,0,1
2062,2019-07-10 22:15:00,2019-07-10 22:30:00,0,0,0:15:00,0:00:00,0,0,0
2062,2019-07-10 22:30:00,2019-07-10 22:45:00,0,0,0:15:00,0:00:00,0,0,0
2062,2019-07-10 22:45:00,2019-07-10 23:00:00,0,1,0:15:00,0:00:00,0,0,0
2062,2019-07-10 23:00:00,2019-07-10 23:15:00,0,0,0:15:00,0:00:00,0,0,0
2062,2019-07-10 23:15:00,2019-07-10 23:30:00,0,0,0:15:00,0:00:00,0,0,0
2062,2019-07-10 23:30:00,2019-07-10 23:45:00,15,47,0:05:41,0:09:19,1,0,1
2062,2019-07-10 23:45:00,2019-07-11 00:00:00,10,18,0:02:19,0:12:41,1,0,1
2062,2019-07-11 00:00:00,2019-07-11 00:15:00,0,0,0:15:00,0:00:00,0,0,0
2062,2019-07-11 00:15:00,2019-07-11 00:30:00,0,0,0:15:00,0:00:00,0,0,0
2062,2019-07-11 00:30:00,2019-07-11 00:45:00,0,0,0:15:00,0:00:00,0,0,0
2062,2019-07-11 00:45:00,2019-07-11 01:00:00,7,25,0:08:19,0:06:41,0,0,0
2062,2019-07-11 01:00:00,2019-07-11 01:15:00,6,17,0:12:28,0:02:32,2,1,1
2062,2019-07-11 01:15:00,2019-07-11 01:30:00,0,0,0:15:00,0:00:00,0,0,0
2062,2019-07-11 01:30:00,2019-07-11 01:45:00,0,2,0:15:00,0:00:00,0,0,0
2062,2019-07-11 01:45:00,2019-07-11 02:00:00,0,0,0:15:00,0:00:00,0,0,0
2062,2019-07-11 02:00:00,2019-07-11 02:15:00,0,0,0:15:00,0:00:00,0,0,0
2062,2019-07-11 02:15:00,2019-07-11 02:30:00,0,0,0:15:00,0:00:00,0,0,0
2062,2019-07-11 02:30:00,2019-07-11 02:45:00,7,30,0:11:45,0:03:15,1,0,1
2062,2019-07-11 02:45:00,2019-07-11 03:00:00,7,11,0:00:00,0:15:00,0,0,0
2062,2019-07-11 03:00:00,2019-07-11 03:15:00,7,14,0:09:09,0:05:51,1,0,1
2062,2019-07-11 03:15:00,2019-07-11 03:30:00,0,3,0:15:00,0:00:00,0,0,0
2062,2019-07-11 03:30:00,2019-07-11 03:45:00,0,0,0:15:00,0:00:00,0,0,0
2062,2019-07-11 03:45:00,2019-07-11 04:00:00,0,2,0:15:00,0:00:00,0,0,0
2062,2019-07-11 04:00:00,2019-07-11 04:15:00,0,8,0:15:00,0:00:00,0,0,0
2062,2019-07-11 04:15:00,2019-07-11 04:30:00,0,0,0:15:00,0:00:00,0,0,0
2062,2019-07-11 04:30:00,2019-07-11 04:45:00,4,24,0:10:44,0:04:16,1,0,1
2062,2019-07-11 04:45:00,2019-07-11 05:00:00,0,0,0:15:00,0:00:00,0,0,0
2062,2019-07-11 05:00:00,2019-07-11 05:15:00,1,8,0:13:13,0:01:47,0,0,0
2062,2019-07-11 05:15:00,2019-07-11 05:30:00,14,21,0:00:00,0:15:00,0,0,0
2062,2019-07-11 05:30:00,2019-07-11 05:45:00,8,16,0:00:00,0:15:00,0,0,0
2062,2019-07-11 05:45:00,2019-07-11 06:00:00,7,14,0:00:00,0:15:00,0,0,0
2062,2019-07-11 06:00:00,2019-07-11 06:15:00,6,12,0:00:23,0:14:37,6,3,3
2062,2019-07-11 06:15:00,2019-07-11 06:30:00,11,18,0:00:01,0:14:59,1,0,1
2062,2019-07-11 06:30:00,2019-07-11 06:45:00,13,22,0:00:00,0:15:00,0,0,0
2062,2019-07-11 06:45:00,2019-07-11 07:00:00,12,29,0:00:41,0:14:19,9,4,5
2062,2019-07-11 07:00:00,2019-07-11 07:15:00,3,12,0:10:36,0:04:24,1,0,1
2062,2019-07-11 07:15:00,2019-07-11 07:30:00,0,0,0:15:00,0:00:00,0,0,0
2062,2019-07-11 07:30:00,2019-07-11 07:45:00,1,7,0:12:29,0:02:31,2,1,1
2062,2019-07-11 07:45:00,2019-07-11 08:00:00,12,18,0:00:21,0:14:39,5,2,3
2062,2019-07-11 08:00:00,2019-07-11 08:15:00,14,24,0:00:04,0:14:56,2,1,1
2062,2019-07-11 08:15:00,2019-07-11 08:30:00,3,12,0:14:45,0:00:15,1,0,1
2062,2019-07-11 08:30:00,2019-07-11 08:45:00,0,0,0:15:00,0:00:00,0,0,0
2062,2019-07-11 08:45:00,2019-07-11 09:00:00,4,14,0:06:53,0:08:07,0,0,0
2062,2019-07-11 09:00:00,2019-07-11 09:15:00,13,31,0:00:08,0:14:52,2,1,1
2062,2019-07-11 09:15:00,2019-07-11 09:30:00,15,26,0:00:01,0:14:59,1,0,1
2062,2019-07-11 09:30:00,2019-07-11 09:45:00,5,14,0:01:27,0:15:00,0,0,0
2062,2019-07-11 09:45:00,2019-07-11 10:00:00,38,58,0:06:29,0:16:50,3,1,2
2062,2019-07-11 10:00:00,2019-07-11 10:15:00,8,19,0:10:52,0:04:08,0,0,0
2062,2019-07-11 10:15:00,2019-07-11 10:30:00,9,14,0:00:11,0:14:49,2,1,1
2062,2019-07-11 10:30:00,2019-07-11 10:45:00,2,4,0:00:01,0:14:59,1,0,1
2062,2019-07-11 10:45:00,2019-07-11 11:00:00,10,19,0:06:16,0:08:44,2,1,1
2062,2019-07-11 11:00:00,2019-07-11 11:15:00,0,3,0:15:00,0:00:00,0,0,0
2062,2019-07-11 11:15:00,2019-07-11 11:30:00,0,0,0:15:00,0:00:00,0,0,0
2062,2019-07-11 11:30:00,2019-07-11 11:45:00,0,4,0:15:00,0:00:00,0,0,0
2062,2019-07-11 11:45:00,2019-07-11 12:00:00,0,5,0:15:00,0:00:00,0,0,0
2062,2019-07-11 12:00:00,2019-07-11 12:15:00,0,12,0:15:00,0:00:00,0,0,0
2062,2019-07-11 12:15:00,2019-07-11 12:30:00,12,25,0:03:03,0:11:57,1,0,1
2062,2019-07-11 12:30:00,2019-07-11 12:45:00,12,29,0:00:34,0:14:26,3,1,2
2062,2019-07-11 12:45:00,2019-07-11 13:00:00,0,0,0:15:00,0:00:00,0,0,0
2062,2019-07-11 13:00:00,2019-07-11 13:15:00,0,0,0:15:00,0:00:00,0,0,0
2062,2019-07-11 13:15:00,2019-07-11 13:30:00,1,22,0:14:48,0:00:12,1,0,1
2062,2019-07-11 13:30:00,2019-07-11 13:45:00,1,1,0:00:00,0:15:00,0,0,0
2062,2019-07-11 13:45:00,2019-07-11 14:00:00,5,10,0:00:29,0:14:31,5,2,3
2062,2019-07-11 14:00:00,2019-07-11 14:15:00,5,11,0:00:00,0:15:00,0,0,0
2062,2019-07-11 14:15:00,2019-07-11 14:30:00,2,12,0:11:05,0:03:55,1,0,1
2062,2019-07-11 14:30:00,2019-07-11 14:45:00,0,3,0:14:40,0:00:20,0,0,0
2062,2019-07-11 14:45:00,2019-07-11 15:00:00,10,14,0:00:00,0:15:00,0,0,0
2062,2019-07-11 15:00:00,2019-07-11 15:15:00,5,18,0:11:23,0:03:37,2,1,1
2062,2019-07-11 15:15:00,2019-07-11 15:30:00,0,1,0:15:00,0:00:00,0,0,0
2062,2019-07-11 15:30:00,2019-07-11 15:45:00,5,13,0:05:00,0:10:00,0,0,0
2062,2019-07-11 15:45:00,2019-07-11 16:00:00,14,20,0:00:00,0:15:00,0,0,0
2062,2019-07-11 16:00:00,2019-07-11 16:15:00,12,40,0:01:57,0:13:03,22,11,11
2062,2019-07-11 16:15:00,2019-07-11 16:30:00,13,19,0:00:37,0:14:23,6,3,3
2062,2019-07-11 16:30:00,2019-07-11 16:45:00,11,21,0:00:00,0:15:00,0,0,0
2062,2019-07-11 16:45:00,2019-07-11 17:00:00,6,13,0:00:04,0:14:56,1,0,1
2062,2019-07-11 17:00:00,2019-07-11 17:15:00,13,35,0:06:02,0:08:58,1,0,1
2062,2019-07-11 17:15:00,2019-07-11 17:30:00,9,14,0:00:00,0:15:00,0,0,0
2062,2019-07-11 17:30:00,2019-07-11 17:45:00,7,12,0:00:35,0:14:25,5,2,3
2062,2019-07-11 17:45:00,2019-07-11 18:00:00,5,14,0:00:38,0:14:22,7,3,4
2062,2019-07-11 18:00:00,2019-07-11 18:15:00,9,22,0:00:10,0:14:50,3,1,2
2062,2019-07-11 18:15:00,2019-07-11 18:30:00,4,18,0:11:07,0:03:53,1,0,1
2062,2019-07-11 18:30:00,2019-07-11 18:45:00,0,0,0:15:00,0:00:00,0,0,0
2062,2019-07-11 18:45:00,2019-07-11 19:00:00,0,4,0:15:00,0:00:00,0,0,0
2062,2019-07-11 19:00:00,2019-07-11 19:15:00,0,0,0:15:00,0:00:00,0,0,0
2062,2019-07-11 19:15:00,2019-07-11 19:30:00,0,1,0:15:00,0:00:00,0,0,0
2062,2019-07-11 19:30:00,2019-07-11 19:45:00,7,28,0:03:53,0:11:07,7,3,4
2062,2019-07-11 19:45:00,2019-07-11 20:00:00,11,18,0:01:14,0:13:46,12,6,6
2062,2019-07-11 20:00:00,2019-07-11 20:15:00,10,12,0:00:14,0:14:46,5,2,3
2062,2019-07-11 20:15:00,2019-07-11 20:30:00,11,21,0:00:05,0:14:55,2,1,1
2062,2019-07-11 20:30:00,2019-07-11 20:45:00,5,25,0:09:45,0:05:15,2,1,1
2062,2019-07-11 20:45:00,2019-07-11 21:00:00,0,0,0:15:00,0:00:00,0,0,0
2062,2019-07-11 21:00:00,2019-07-11 21:15:00,5,20,0:08:10,0:06:50,4,2,2
2062,2019-07-11 21:15:00,2019-07-11 21:30:00,7,14,0:00:06,0:14:54,2,1,1
2062,2019-07-11 21:30:00,2019-07-11 21:45:00,11,24,0:00:44,0:14:16,8,4,4
2062,2019-07-11 21:45:00,2019-07-11 22:00:00,5,18,0:12:45,0:02:15,2,1,1
2062,2019-07-11 22:00:00,2019-07-11 22:15:00,0,1,0:15:00,0:00:00,0,0,0
2062,2019-07-11 22:15:00,2019-07-11 22:30:00,0,0,0:15:00,0:00:00,0,0,0
2062,2019-07-11 22:30:00,2019-07-11 22:45:00,0,0,0:15:00,0:00:00,0,0,0
2062,2019-07-11 22:45:00,2019-07-11 23:00:00,7,30,0:03:29,0:11:31,0,0,0
2062,2019-07-11 23:00:00,2019-07-11 23:15:00,14,22,0:00:01,0:14:59,1,0,1
2062,2019-07-11 23:15:00,2019-07-11 23:30:00,0,9,0:12:24,0:02:36,1,0,1
2062,2019-07-11 23:30:00,2019-07-11 23:45:00,0,0,0:15:00,0:00:00,0,0,0
2062,2019-07-11 23:45:00,2019-07-12 00:00:00,0,1,0:15:00,0:00:00,0,0,0
2062,2019-07-12 00:00:00,2019-07-12 00:15:00,0,0,0:15:00,0:00:00,0,0,0
2062,2019-07-12 00:15:00,2019-07-12 00:30:00,5,11,0:08:37,0:06:23,0,0,0
2062,2019-07-12 00:30:00,2019-07-12 00:45:00,0,13,0:08:15,0:06:45,4,2,2
2062,2019-07-12 00:45:00,2019-07-12 01:00:00,0,0,0:15:00,0:00:00,0,0,0
2062,2019-07-12 01:00:00,2019-07-12 01:15:00,0,2,0:15:00,0:00:00,0,0,0
2062,2019-07-12 01:15:00,2019-07-12 01:30:00,0,14,0:14:44,0:00:16,2,1,1
2062,2019-07-12 01:30:00,2019-07-12 01:45:00,16,27,0:02:26,0:12:34,3,1,2
2062,2019-07-12 01:45:00,2019-07-12 02:00:00,0,0,0:15:00,0:00:00,0,0,0
2062,2019-07-12 02:00:00,2019-07-12 02:15:00,0,9,0:15:00,0:00:00,0,0,0
2062,2019-07-12 02:15:00,2019-07-12 02:30:00,0,1,0:15:00,0:00:00,0,0,0
2062,2019-07-12 02:30:00,2019-07-12 02:45:00,0,0,0:15:00,0:00:00,0,0,0
2062,2019-07-12 02:45:00,2019-07-12 03:00:00,0,5,0:15:00,0:00:00,0,0,0
2062,2019-07-12 03:00:00,2019-07-12 03:15:00,0,13,0:12:46,0:02:14,0,0,0
2062,2019-07-12 03:15:00,2019-07-12 03:30:00,7,24,0:12:00,0:03:00,2,1,1
2062,2019-07-12 03:30:00,2019-07-12 03:45:00,0,0,0:15:00,0:00:00,0,0,0
2062,2019-07-12 03:45:00,2019-07-12 04:00:00,0,0,0:15:00,0:00:00,0,0,0
2062,2019-07-12 04:00:00,2019-07-12 04:15:00,0,0,0:15:00,0:00:00,0,0,0
2062,2019-07-12 04:15:00,2019-07-12 04:30:00,6,28,0:09:16,0:05:44,0,0,0
2062,2019-07-12 04:30:00,2019-07-12 04:45:00,10,19,0:04:25,0:10:35,2,1,1
2062,2019-07-12 04:45:00,2019-07-12 05:00:00,0,1,0:15:00,0:00:00,0,0,0
2062,2019-07-12 05:00:00,2019-07-12 05:15:00,3,12,0:07:38,0:07:22,0,0,0
2062,2019-07-12 05:15:00,2019-07-12 05:30:00,17,28,0:00:00,0:15:00,0,0,0
2062,2019-07-12 05:30:00,2019-07-12 05:45:00,7,16,0:00:00,0:15:00,0,0,0
2062,2019-07-12 05:45:00,2019-07-12 06:00:00,10,20,0:00:00,0:15:00,0,0,0
2062,2019-07-12 06:00:00,2019-07-12 06:15:00,4,10,0:00:15,0:14:45,5,2,3
2062,2019-07-12 06:15:00,2019-07-12 06:30:00,7,17,0:00:18,0:14:42,3,1,2
2062,2019-07-12 06:30:00,2019-07-12 06:45:00,6,18,0:01:21,0:13:39,8,4,4
2062,2019-07-12 06:45:00,2019-07-12 07:00:00,4,8,0:01:12,0:13:48,4,2,2
2062,2019-07-12 07:00:00,2019-07-12 07:15:00,4,16,0:00:46,0:14:14,9,4,5
2062,2019-07-12 07:15:00,2019-07-12 07:30:00,3,15,0:13:37,0:01:23,1,0,1
2062,2019-07-12 07:30:00,2019-07-12 07:45:00,0,0,0:15:00,0:00:00,0,0,0
2062,2019-07-12 07:45:00,2019-07-12 08:00:00,0,0,0:15:00,0:00:00,0,0,0
2062,2019-07-12 08:00:00,2019-07-12 08:15:00,0,0,0:15:00,0:00:00,0,0,0
2062,2019-07-12 08:15:00,2019-07-12 08:30:00,4,19,0:11:30,0:03:30,2,1,1
2062,2019-07-12 08:30:00,2019-07-12 08:45:00,9,12,0:00:01,0:14:59,1,0,1
2062,2019-07-12 08:45:00,2019-07-12 09:00:00,10,21,0:00:31,0:14:29,4,2,2
2062,2019-07-12 09:00:00,2019-07-12 09:15:00,4,20,0:11:22,0:03:38,4,2,2
2062,2019-07-12 09:15:00,2019-07-12 09:30:00,7,13,0:01:16,0:13:44,4,2,2
2062,2019-07-12 09:30:00,2019-07-12 09:45:00,10,22,0:00:00,0:15:00,0,0,0
2062,2019-07-12 09:45:00,2019-07-12 10:00:00,15,30,0:00:13,0:14:47,4,2,2
2062,2019-07-12 10:00:00,2019-07-12 10:15:00,5,14,0:00:04,0:14:56,2,1,1
2062,2019-07-12 10:15:00,2019-07-12 10:30:00,3,11,0:00:26,0:14:34,7,3,4
2062,2019-07-12 10:30:00,2019-07-12 10:45:00,9,23,0:03:06,0:11:54,4,2,2
2062,2019-07-12 10:45:00,2019-07-12 11:00:00,0,0,0:15:00,0:00:00,0,0,0
2062,2019-07-12 11:00:00,2019-07-12 11:15:00,0,2,0:13:11,0:01:49,1,0,1
2062,2019-07-12 11:15:00,2019-07-12 11:30:00,16,51,0:03:50,0:11:10,1,0,1
2062,2019-07-12 11:30:00,2019-07-12 11:45:00,8,48,0:00:01,0:14:59,1,0,1
2062,2019-07-12 11:45:00,2019-07-12 12:00:00,1,13,0:14:51,0:00:09,1,0,1
2062,2019-07-12 12:00:00,2019-07-12 12:15:00,0,0,0:15:00,0:00:00,0,0,0
2062,2019-07-12 12:15:00,2019-07-12 12:30:00,0,27,0:12:03,0:02:57,0,0,0
2062,2019-07-12 12:30:00,2019-07-12 12:45:00,9,15,0:00:01,0:14:59,1,0,1
2062,2019-07-12 12:45:00,2019-07-12 13:00:00,3,18,0:00:04,0:14:56,2,1,1
2062,2019-07-12 13:00:00,2019-07-12 13:15:00,7,23,0:00:44,0:14:16,3,1,2
2062,2019-07-12 13:15:00,2019-07-12 13:30:00,0,1,0:15:00,0:00:00,0,0,0
2062,2019-07-12 13:30:00,2019-07-12 13:45:00,0,0,0:15:00,0:00:00,0,0,0
2062,2019-07-12 13:45:00,2019-07-12 14:00:00,0,3,0:15:00,0:00:00,0,0,0
2062,2019-07-12 14:00:00,2019-07-12 14:15:00,0,1,0:15:00,0:00:00,0,0,0
2062,2019-07-12 14:15:00,2019-07-12 14:30:00,1,19,0:12:14,0:02:46,0,0,0
2062,2019-07-12 14:30:00,2019-07-12 14:45:00,5,16,0:09:41,0:05:19,1,0,1
2062,2019-07-12 14:45:00,2019-07-12 15:00:00,0,1,0:15:00,0:00:00,0,0,0
2062,2019-07-12 15:00:00,2019-07-12 15:15:00,1,13,0:14:08,0:00:52,0,0,0
2062,2019-07-12 15:15:00,2019-07-12 15:30:00,9,15,0:00:25,0:14:35,5,2,3
2062,2019-07-12 15:30:00,2019-07-12 15:45:00,6,12,0:00:04,0:14:56,1,0,1
2062,2019-07-12 15:45:00,2019-07-12 16:00:00,9,31,0:02:47,0:12:13,1,0,1
2062,2019-07-12 16:00:00,2019-07-12 16:15:00,0,0,0:15:00,0:00:00,0,0,0
2062,2019-07-12 16:15:00,2019-07-12 16:30:00,10,24,0:02:40,0:12:20,0,0,0
2062,2019-07-12 16:30:00,2019-07-12 16:45:00,9,17,0:00:00,0:15:00,0,0,0
2062,2019-07-12 16:45:00,2019-07-12 17:00:00,8,22,0:00:12,0:14:48,3,1,2
2062,2019-07-12 17:00:00,2019-07-12 17:15:00,15,24,0:00:29,0:14:31,2,1,1
2062,2019-07-12 17:15:00,2019-07-12 17:30:00,13,25,0:00:00,0:15:00,0,0,0
2062,2019-07-12 17:30:00,2019-07-12 17:45:00,4,11,0:11:25,0:03:35,2,1,1
2062,2019-07-12 17:45:00,2019-07-12 18:00:00,0,1,0:15:00,0:00:00,0,0,0
2062,2019-07-12 18:00:00,2019-07-12 18:15:00,1,8,0:09:59,0:05:01,1,0,1
2062,2019-07-12 18:15:00,2019-07-12 18:30:00,7,16,0:00:03,0:14:57,1,0,1
2062,2019-07-12 18:30:00,2019-07-12 18:45:00,8,22,0:05:17,0:09:43,5,2,3
2062,2019-07-12 18:45:00,2019-07-12 19:00:00,0,0,0:15:00,0:00:00,0,0,0
2062,2019-07-12 19:00:00,2019-07-12 19:15:00,0,0,0:15:00,0:00:00,0,0,0
2062,2019-07-12 19:15:00,2019-07-12 19:30:00,8,13,0:03:25,0:11:35,5,2,3
2062,2019-07-12 19:30:00,2019-07-12 19:45:00,10,22,0:01:01,0:13:59,9,4,5
2062,2019-07-12 19:45:00,2019-07-12 20:00:00,11,23,0:00:24,0:14:36,4,2,2
2062,2019-07-12 20:00:00,2019-07-12 20:15:00,12,27,0:00:02,0:14:58,2,1,1
2062,2019-07-12 20:15:00,2019-07-12 20:30:00,7,23,0:01:05,0:13:55,7,3,4
2062,2019-07-12 20:30:00,2019-07-12 20:45:00,13,32,0:00:08,0:14:52,3,1,2
2062,2019-07-12 20:45:00,2019-07-12 21:00:00,10,19,0:00:18,0:14:42,5,2,3
2062,2019-07-12 21:00:00,2019-07-12 21:15:00,7,23,0:07:50,0:07:10,1,0,1
2062,2019-07-12 21:15:00,2019-07-12 21:30:00,0,0,0:15:00,0:00:00,0,0,0
2062,2019-07-12 21:30:00,2019-07-12 21:45:00,0,2,0:15:00,0:00:00,0,0,0
2062,2019-07-12 21:45:00,2019-07-12 22:00:00,5,15,0:09:26,0:05:34,0,0,0
2062,2019-07-12 22:00:00,2019-07-12 22:15:00,9,14,0:00:00,0:15:00,0,0,0
2062,2019-07-12 22:15:00,2019-07-12 22:30:00,17,35,0:01:08,0:13:52,2,1,1
2062,2019-07-12 22:30:00,2019-07-12 22:45:00,0,0,0:15:00,0:00:00,0,0,0
2062,2019-07-12 22:45:00,2019-07-12 23:00:00,0,0,0:15:00,0:00:00,0,0,0
2062,2019-07-12 23:00:00,2019-07-12 23:15:00,10,34,0:05:39,0:09:21,1,0,1
2062,2019-07-12 23:15:00,2019-07-12 23:30:00,14,23,0:00:01,0:14:59,1,0,1
2062,2019-07-12 23:30:00,2019-07-12 23:45:00,4,22,0:10:46,0:04:14,1,0,1
2062,2019-07-12 23:45:00,2019-07-13 00:00:00,0,0,0:15:00,0:00:00,0,0,0
2062,2019-07-13 00:00:00,2019-07-13 00:15:00,0,5,0:15:00,0:00:00,0,0,0
2062,2019-07-13 00:15:00,2019-07-13 00:30:00,0,3,0:15:00,0:00:00,0,0,0
2062,2019-07-13 00:30:00,2019-07-13 00:45:00,0,1,0:15:00,0:00:00,0,0,0
2062,2019-07-13 00:45:00,2019-07-13 01:00:00,0,1,0:15:00,0:00:00,0,0,0
2062,2019-07-13 01:00:00,2019-07-13 01:15:00,9,64,0:08:52,0:06:08,4,2,2
2062,2019-07-13 01:15:00,2019-07-13 01:30:00,0,0,0:15:00,0:00:00,0,0,0
2062,2019-07-13 01:30:00,2019-07-13 01:45:00,1,14,0:14:50,0:00:10,0,0,0
2062,2019-07-13 01:45:00,2019-07-13 02:00:00,10,24,0:00:01,0:14:59,1,0,1
2062,2019-07-13 02:00:00,2019-07-13 02:15:00,3,6,0:13:31,0:01:29,1,0,1
2062,2019-07-13 02:15:00,2019-07-13 02:30:00,0,0,0:15:00,0:00:00,0,0,0
2062,2019-07-13 02:30:00,2019-07-13 02:45:00,0,0,0:15:00,0:00:00,0,0,0
2062,2019-07-13 02:45:00,2019-07-13 03:00:00,0,0,0:15:00,0:00:00,0,0,0
2062,2019-07-13 03:00:00,2019-07-13 03:15:00,4,20,0:09:46,0:05:14,1,0,1
2062,2019-07-13 03:15:00,2019-07-13 03:30:00,4,14,0:12:00,0:03:00,1,0,1
2062,2019-07-13 03:30:00,2019-07-13 03:45:00,0,0,0:15:00,0:00:00,0,0,0
2062,2019-07-13 03:45:00,2019-07-13 04:00:00,0,3,0:15:00,0:00:00,0,0,0
2062,2019-07-13 04:00:00,2019-07-13 04:15:00,0,1,0:15:00,0:00:00,0,0,0
2062,2019-07-13 04:15:00,2019-07-13 04:30:00,0,0,0:15:00,0:00:00,0,0,0
2062,2019-07-13 04:30:00,2019-07-13 04:45:00,0,1,0:15:00,0:00:00,0,0,0
2062,2019-07-13 04:45:00,2019-07-13 05:00:00,0,0,0:15:00,0:00:00,0,0,0
2062,2019-07-13 05:00:00,2019-07-13 05:15:00,12,35,0:03:23,0:11:37,1,0,1
2062,2019-07-13 05:15:00,2019-07-13 05:30:00,13,23,0:00:01,0:14:59,1,0,1
2062,2019-07-13 05:30:00,2019-07-13 05:45:00,5,13,0:00:00,0:15:00,0,0,0
2062,2019-07-13 05:45:00,2019-07-13 06:00:00,8,16,0:00:00,0:15:00,0,0,0
2062,2019-07-13 06:00:00,2019-07-13 06:15:00,8,19,0:00:04,0:14:56,2,1,1
2062,2019-07-13 06:15:00,2019-07-13 06:30:00,2,6,0:00:00,0:15:00,0,0,0
2062,2019-07-13 06:30:00,2019-07-13 06:45:00,7,14,0:01:02,0:13:58,6,3,3
2062,2019-07-13 06:45:00,2019-07-13 07:00:00,6,14,0:01:25,0:13:35,5,2,3
2062,2019-07-13 07:00:00,2019-07-13 07:15:00,11,35,0:02:06,0:12:54,7,3,4
2062,2019-07-13 07:15:00,2019-07-13 07:30:00,3,11,0:14:05,0:00:55,1,0,1
2062,2019-07-13 07:30:00,2019-07-13 07:45:00,0,0,0:15:00,0:00:00,0,0,0
2062,2019-07-13 07:45:00,2019-07-13 08:00:00,0,3,0:15:00,0:00:00,0,0,0
2062,2019-07-13 08:00:00,2019-07-13 08:15:00,0,2,0:15:00,0:00:00,0,0,0
2062,2019-07-13 08:15:00,2019-07-13 08:30:00,2,7,0:05:03,0:09:57,2,1,1
2062,2019-07-13 08:30:00,2019-07-13 08:45:00,2,6,0:01:06,0:13:54,11,5,6
2062,2019-07-13 08:45:00,2019-07-13 09:00:00,8,19,0:01:27,0:13:33,10,5,5
2062,2019-07-13 09:00:00,2019-07-13 09:15:00,5,23,0:09:16,0:05:44,2,1,1
2062,2019-07-13 09:15:00,2019-07-13 09:30:00,0,0,0:15:00,0:00:00,0,0,0
2062,2019-07-13 09:30:00,2019-07-13 09:45:00,0,6,0:15:00,0:00:00,0,0,0
2062,2019-07-13 09:45:00,2019-07-13 10:00:00,0,0,0:15:00,0:00:00,0,0,0
2062,2019-07-13 10:00:00,2019-07-13 10:15:00,0,1,0:15:00,0:00:00,0,0,0
2062,2019-07-13 10:15:00,2019-07-13 10:30:00,0,0,0:15:00,0:00:00,0,0,0
2062,2019-07-13 10:30:00,2019-07-13 10:45:00,3,10,0:11:46,0:03:14,2,1,1
2062,2019-07-13 10:45:00,2019-07-13 11:00:00,7,13,0:05:21,0:09:39,3,1,2
2062,2019-07-13 11:00:00,2019-07-13 11:15:00,0,0,0:15:00,0:00:00,0,0,0
2062,2019-07-13 11:15:00,2019-07-13 11:30:00,7,19,0:07:21,0:07:39,0,0,0
2062,2019-07-13 11:30:00,2019-07-13 11:45:00,5,6,0:00:18,0:14:42,2,1,1
2062,2019-07-13 11:45:00,2019-07-13 12:00:00,12,34,0:01:16,0:13:44,9,4,5
2062,2019-07-13 12:00:00,2019-07-13 12:15:00,6,21,0:03:38,0:11:22,3,1,2
2062,2019-07-13 12:15:00,2019-07-13 12:30:00,0,0,0:15:00,0:00:00,0,0,0
2062,2019-07-13 12:30:00,2019-07-13 12:45:00,0,2,0:15:00,0:00:00,0,0,0
2062,2019-07-13 12:45:00,2019-07-13 13:00:00,0,2,0:15:00,0:00:00,0,0,0
2062,2019-07-13 13:00:00,2019-07-13 13:15:00,0,1,0:15:00,0:00:00,0,0,0
2062,2019-07-13 13:15:00,2019-07-13 13:30:00,0,2,0:15:00,0:00:00,0,0,0
2062,2019-07-13 13:30:00,2019-07-13 13:45:00,0,0,0:15:00,0:00:00,0,0,0
2062,2019-07-13 13:45:00,2019-07-13 14:00:00,5,25,0:02:36,0:12:24,8,4,4
2062,2019-07-13 14:00:00,2019-07-13 14:15:00,7,11,0:00:44,0:14:16,7,3,4
2062,2019-07-13 14:15:00,2019-07-13 14:30:00,8,16,0:00:41,0:14:19,6,3,3
2062,2019-07-13 14:30:00,2019-07-13 14:45:00,8,16,0:00:08,0:14:52,2,1,1
2062,2019-07-13 14:45:00,2019-07-13 15:00:00,8,20,0:07:55,0:07:05,2,1,1
2062,2019-07-13 15:00:00,2019-07-13 15:15:00,0,1,0:15:00,0:00:00,0,0,0
2062,2019-07-13 15:15:00,2019-07-13 15:30:00,0,0,0:15:00,0:00:00,0,0,0
2062,2019-07-13 15:30:00,2019-07-13 15:45:00,2,17,0:11:54,0:03:06,1,0,1
2062,2019-07-13 15:45:00,2019-07-13 16:00:00,13,30,0:00:53,0:14:07,7,3,4
2062,2019-07-13 16:00:00,2019-07-13 16:15:00,20,49,0:01:52,0:13:08,6,3,3
2062,2019-07-13 16:15:00,2019-07-13 16:30:00,0,0,0:15:00,0:00:00,0,0,0
2062,2019-07-13 16:30:00,2019-07-13 16:45:00,0,0,0:15:00,0:00:00,0,0,0
2062,2019-07-13 16:45:00,2019-07-13 17:00:00,0,12,0:14:13,0:00:47,1,0,1
2062,2019-07-13 17:00:00,2019-07-13 17:15:00,7,16,0:00:15,0:14:45,2,1,1
2062,2019-07-13 17:15:00,2019-07-13 17:30:00,6,14,0:00:27,0:14:33,5,2,3
2062,2019-07-13 17:30:00,2019-07-13 17:45:00,16,35,0:00:47,0:14:13,13,6,7
2062,2019-07-13 17:45:00,2019-07-13 18:00:00,15,30,0:02:49,0:12:11,2,1,1
2062,2019-07-13 18:00:00,2019-07-13 18:15:00,0,0,0:15:00,0:00:00,0,0,0
2062,2019-07-13 18:15:00,2019-07-13 18:30:00,2,8,0:02:35,0:12:25,5,2,3
2062,2019-07-13 18:30:00,2019-07-13 18:45:00,9,21,0:01:36,0:13:24,15,7,8
2062,2019-07-13 18:45:00,2019-07-13 19:00:00,6,23,0:09:04,0:05:56,1,0,1
2062,2019-07-13 19:00:00,2019-07-13 19:15:00,0,0,0:15:00,0:00:00,0,0,0
2062,2019-07-13 19:15:00,2019-07-13 19:30:00,0,6,0:15:00,0:00:00,0,0,0
2062,2019-07-13 19:30:00,2019-07-13 19:45:00,0,4,0:15:00,0:00:00,0,0,0
2062,2019-07-13 19:45:00,2019-07-13 20:00:00,3,19,0:08:21,0:06:39,4,2,2
2062,2019-07-13 20:00:00,2019-07-13 20:15:00,8,33,0:03:34,0:11:26,18,9,9
2062,2019-07-13 20:15:00,2019-07-13 20:30:00,11,34,0:00:26,0:14:34,5,2,3
2062,2019-07-13 20:30:00,2019-07-13 20:45:00,11,25,0:00:27,0:14:33,7,3,4
2062,2019-07-13 20:45:00,2019-07-13 21:00:00,6,12,0:00:30,0:14:30,7,3,4
2062,2019-07-13 21:00:00,2019-07-13 21:15:00,4,12,0:00:08,0:14:52,3,1,2
2062,2019-07-13 21:15:00,2019-07-13 21:30:00,20,38,0:00:05,0:14:55,3,1,2
2062,2019-07-13 21:30:00,2019-07-13 21:45:00,16,33,0:00:00,0:15:00,0,0,0
2062,2019-07-13 21:45:00,2019-07-13 22:00:00,7,37,0:11:08,0:03:52,2,1,1
2062,2019-07-13 22:00:00,2019-07-13 22:15:00,0,8,0:15:00,0:00:00,0,0,0
2062,2019-07-13 22:15:00,2019-07-13 22:30:00,0,0,0:15:00,0:00:00,0,0,0
2062,2019-07-13 22:30:00,2019-07-13 22:45:00,0,5,0:15:00,0:00:00,0,0,0
2062,2019-07-13 22:45:00,2019-07-13 23:00:00,0,1,0:15:00,0:00:00,0,0,0
2062,2019-07-13 23:00:00,2019-07-13 23:15:00,11,29,0:02:46,0:12:14,2,1,1
2062,2019-07-13 23:15:00,2019-07-13 23:30:00,11,27,0:03:28,0:11:32,8,4,4
2062,2019-07-13 23:30:00,2019-07-13 23:45:00,0,0,0:15:00,0:00:00,0,0,0
2062,2019-07-13 23:45:00,2019-07-14 00:00:00,0,0,0:15:00,0:00:00,0,0,0
2062,2019-07-14 00:00:00,2019-07-14 00:15:00,0,0,0:15:00,0:00:00,0,0,0
2062,2019-07-14 00:15:00,2019-07-14 00:30:00,10,41,0:02:58,0:12:02,1,0,1
2062,2019-07-14 00:30:00,2019-07-14 00:45:00,0,0,0:15:00,0:00:00,0,0,0
2062,2019-07-14 00:45:00,2019-07-14 01:00:00,0,1,0:15:00,0:00:00,0,0,0
2062,2019-07-14 01:00:00,2019-07-14 01:15:00,0,3,0:15:00,0:00:00,0,0,0
2062,2019-07-14 01:15:00,2019-07-14 01:30:00,0,1,0:15:00,0:00:00,0,0,0
2062,2019-07-14 01:30:00,2019-07-14 01:45:00,3,15,0:14:46,0:00:14,0,0,0
2062,2019-07-14 01:45:00,2019-07-14 02:00:00,11,23,0:00:53,0:14:07,12,6,6
2062,2019-07-14 02:00:00,2019-07-14 02:15:00,2,13,0:13:49,0:01:11,1,0,1
2062,2019-07-14 02:15:00,2019-07-14 02:30:00,0,1,0:15:00,0:00:00,0,0,0
2062,2019-07-14 02:30:00,2019-07-14 02:45:00,0,0,0:15:00,0:00:00,0,0,0
2062,2019-07-14 02:45:00,2019-07-14 03:00:00,0,0,0:15:00,0:00:00,0,0,0
2062,2019-07-14 03:00:00,2019-07-14 03:15:00,0,0,0:15:00,0:00:00,0,0,0
2062,2019-07-14 03:15:00,2019-07-14 03:30:00,2,14,0:11:08,0:03:52,0,0,0
2062,2019-07-14 03:30:00,2019-07-14 03:45:00,5,31,0:13:30,0:01:30,1,0,1
2062,2019-07-14 03:45:00,2019-07-14 04:00:00,0,0,0:15:00,0:00:00,0,0,0
2062,2019-07-14 04:00:00,2019-07-14 04:15:00,0,8,0:15:00,0:00:00,0,0,0
2062,2019-07-14 04:15:00,2019-07-14 04:30:00,0,6,0:15:00,0:00:00,0,0,0
2062,2019-07-14 04:30:00,2019-07-14 04:45:00,0,1,0:15:00,0:00:00,0,0,0
2062,2019-07-14 04:45:00,2019-07-14 05:00:00,9,39,0:03:59,0:11:01,2,1,1
2062,2019-07-14 05:00:00,2019-07-14 05:15:00,12,20,0:00:00,0:15:00,0,0,0
2062,2019-07-14 05:15:00,2019-07-14 05:30:00,4,9,0:00:01,0:14:59,1,0,1
2062,2019-07-14 05:30:00,2019-07-14 05:45:00,6,23,0:07:46,0:07:14,1,0,1
2062,2019-07-14 05:45:00,2019-07-14 06:00:00,10,16,0:00:00,0:15:00,0,0,0
2062,2019-07-14 06:00:00,2019-07-14 06:15:00,6,17,0:00:00,0:15:00,0,0,0
2062,2019-07-14 06:15:00,2019-07-14 06:30:00,14,28,0:01:11,0:13:49,9,4,5
2062,2019-07-14 06:30:00,2019-07-14 06:45:00,8,33,0:00:50,0:14:10,12,6,6
2062,2019-07-14 06:45:00,2019-07-14 07:00:00,13,37,0:05:01,0:09:59,33,16,17
2062,2019-07-14 07:00:00,2019-07-14 07:15:00,3,18,0:03:36,0:11:24,13,6,7
2062,2019-07-14 07:15:00,2019-07-14 07:30:00,0,0,0:15:00,0:00:00,0,0,0
2062,2019-07-14 07:30:00,2019-07-14 07:45:00,0,0,0:15:00,0:00:00,0,0,0
2062,2019-07-14 07:45:00,2019-07-14 08:00:00,0,0,0:15:00,0:00:00,0,0,0
2062,2019-07-14 08:00:00,2019-07-14 08:15:00,0,0,0:15:00,0:00:00,0,0,0
2062,2019-07-14 08:15:00,2019-07-14 08:30:00,2,14,0:13:27,0:01:33,0,0,0
2062,2019-07-14 08:30:00,2019-07-14 08:45:00,5,10,0:01:44,0:13:16,10,5,5
2062,2019-07-14 08:45:00,2019-07-14 09:00:00,6,18,0:04:55,0:10:05,9,4,5
2062,2019-07-14 09:00:00,2019-07-14 09:15:00,0,0,0:15:00,0:00:00,0,0,0
2062,2019-07-14 09:15:00,2019-07-14 09:30:00,0,2,0:15:00,0:00:00,0,0,0
2062,2019-07-14 09:30:00,2019-07-14 09:45:00,0,7,0:15:00,0:00:00,0,0,0
2062,2019-07-14 09:45:00,2019-07-14 10:00:00,0,0,0:15:00,0:00:00,0,0,0
2062,2019-07-14 10:00:00,2019-07-14 10:15:00,11,35,0:07:25,0:07:35,7,3,4
2062,2019-07-14 10:15:00,2019-07-14 10:30:00,3,10,0:01:03,0:13:57,11,5,6
2062,2019-07-14 10:30:00,2019-07-14 10:45:00,10,21,0:02:54,0:12:06,24,12,12
2062,2019-07-14 10:45:00,2019-07-14 11:00:00,3,24,0:01:07,0:13:53,12,6,6
2062,2019-07-14 11:00:00,2019-07-14 11:15:00,0,1,0:15:00,0:00:00,0,0,0
2062,2019-07-14 11:15:00,2019-07-14 11:30:00,0,0,0:15:00,0:00:00,0,0,0
2062,2019-07-14 11:30:00,2019-07-14 11:45:00,0,5,0:15:00,0:00:00,0,0,0
2062,2019-07-14 11:45:00,2019-07-14 12:00:00,0,7,0:15:00,0:00:00,0,0,0
2062,2019-07-14 12:00:00,2019-07-14 12:15:00,0,4,0:15:00,0:00:00,0,0,0
2062,2019-07-14 12:15:00,2019-07-14 12:30:00,7,26,0:07:19,0:07:41,0,0,0
2062,2019-07-14 12:30:00,2019-07-14 12:45:00,7,20,0:06:56,0:08:04,5,2,3
2062,2019-07-14 12:45:00,2019-07-14 13:00:00,0,0,0:15:00,0:00:00,0,0,0
2062,2019-07-14 13:00:00,2019-07-14 13:15:00,0,0,0:15:00,0:00:00,0,0,0
2062,2019-07-14 13:15:00,2019-07-14 13:30:00,0,0,0:15:00,0:00:00,0,0,0
2062,2019-07-14 13:30:00,2019-07-14 13:45:00,4,21,0:08:54,0:06:06,1,0,1
2062,2019-07-14 13:45:00,2019-07-14 14:00:00,7,27,0:00:33,0:14:27,6,3,3
2062,2019-07-14 14:00:00,2019-07-14 14:15:00,6,23,0:00:41,0:14:19,11,5,6
2062,2019-07-14 14:15:00,2019-07-14 14:30:00,7,14,0:00:34,0:14:26,4,2,2
2062,2019-07-14 14:30:00,2019-07-14 14:45:00,2,14,0:11:04,0:03:56,1,0,1
2062,2019-07-14 14:45:00,2019-07-14 15:00:00,0,0,0:15:00,0:00:00,0,0,0
2062,2019-07-14 15:00:00,2019-07-14 15:15:00,11,27,0:02:49,0:12:11,4,2,2
2062,2019-07-14 15:15:00,2019-07-14 15:30:00,8,27,0:02:50,0:12:10,18,9,9
2062,2019-07-14 15:30:00,2019-07-14 15:45:00,5,18,0:02:49,0:12:11,16,8,8
2062,2019-07-14 15:45:00,2019-07-14 16:00:00,4,10,0:02:44,0:12:16,16,8,8
2062,2019-07-14 16:00:00,2019-07-14 16:15:00,9,28,0:06:49,0:08:11,3,1,2
2062,2019-07-14 16:15:00,2019-07-14 16:30:00,0,0,0:15:00,0:00:00,0,0,0
2062,2019-07-14 16:30:00,2019-07-14 16:45:00,0,2,0:15:00,0:00:00,0,0,0
2062,2019-07-14 16:45:00,2019-07-14 17:00:00,11,26,0:04:24,0:10:36,2,1,1
2062,2019-07-14 17:00:00,2019-07-14 17:15:00,12,24,0:00:48,0:14:12,7,3,4
2062,2019-07-14 17:15:00,2019-07-14 17:30:00,12,14,0:00:15,0:14:45,1,0,1
2062,2019-07-14 17:30:00,2019-07-14 17:45:00,16,54,0:00:16,0:14:44,5,2,3
2062,2019-07-14 17:45:00,2019-07-14 18:00:00,2,13,0:14:37,0:00:23,2,1,1
2062,2019-07-14 18:00:00,2019-07-14 18:15:00,0,0,0:15:00,0:00:00,0,0,0
2062,2019-07-14 18:15:00,2019-07-14 18:30:00,0,0,0:15:00,0:00:00,0,0,0
2062,2019-07-14 18:30:00,2019-07-14 18:45:00,0,10,0:08:43,0:06:17,1,0,1
2062,2019-07-14 18:45:00,2019-07-14 19:00:00,11,20,0:00:47,0:14:13,10,5,5
2062,2019-07-14 19:00:00,2019-07-14 19:15:00,7,13,0:00:23,0:14:37,7,3,4
2062,2019-07-14 19:15:00,2019-07-14 19:30:00,1,16,0:14:10,0:00:50,2,1,1
2062,2019-07-14 19:30:00,2019-07-14 19:45:00,0,0,0:15:00,0:00:00,0,0,0
2062,2019-07-14 19:45:00,2019-07-14 20:00:00,0,5,0:15:00,0:00:00,0,0,0
2062,2019-07-14 20:00:00,2019-07-14 20:15:00,0,0,0:15:00,0:00:00,0,0,0
2062,2019-07-14 20:15:00,2019-07-14 20:30:00,5,30,0:05:12,0:09:48,10,5,5
2062,2019-07-14 20:30:00,2019-07-14 20:45:00,17,26,0:01:21,0:13:39,9,4,5
2062,2019-07-14 20:45:00,2019-07-14 21:00:00,7,14,0:00:53,0:14:07,18,9,9
2062,2019-07-14 21:00:00,2019-07-14 21:15:00,5,12,0:00:01,0:14:59,1,0,1
2062,2019-07-14 21:15:00,2019-07-14 21:30:00,18,33,0:00:46,0:14:14,4,2,2
2062,2019-07-14 21:30:00,2019-07-14 21:45:00,16,32,0:02:32,0:12:28,20,10,10
2062,2019-07-14 21:45:00,2019-07-14 22:00:00,6,26,0:00:57,0:14:03,5,2,3
2062,2019-07-14 22:00:00,2019-07-14 22:15:00,0,0,0:15:00,0:00:00,0,0,0
2062,2019-07-14 22:15:00,2019-07-14 22:30:00,0,1,0:15:00,0:00:00,0,0,0
2062,2019-07-14 22:30:00,2019-07-14 22:45:00,0,3,0:15:00,0:00:00,0,0,0
2062,2019-07-14 22:45:00,2019-07-14 23:00:00,0,2,0:15:00,0:00:00,0,0,0
2062,2019-07-14 23:00:00,2019-07-14 23:15:00,8,37,0:10:00,0:05:00,3,1,2
2062,2019-07-14 23:15:00,2019-07-14 23:30:00,0,0,0:15:00,0:00:00,0,0,0
2062,2019-07-14 23:30:00,2019-07-14 23:45:00,0,0,0:15:00,0:00:00,0,0,0
2062,2019-07-14 23:45:00,2019-07-15 00:00:00,0,0,0:15:00,0:00:00,0,0,0
2062,2019-07-15 00:00:00,2019-07-15 00:15:00,2,14,0:04:09,0:10:51,0,0,0
2062,2019-07-15 00:15:00,2019-07-15 00:30:00,2,14,0:09:53,0:05:07,1,0,1
2062,2019-07-15 00:30:00,2019-07-15 00:45:00,0,0,0:15:00,0:00:00,0,0,0
2062,2019-07-15 00:45:00,2019-07-15 01:00:00,0,0,0:15:00,0:00:00,0,0,0
2062,2019-07-15 01:00:00,2019-07-15 01:15:00,0,2,0:15:00,0:00:00,0,0,0
2062,2019-07-15 01:15:00,2019-07-15 01:30:00,0,5,0:15:00,0:00:00,0,0,0
2062,2019-07-15 01:30:00,2019-07-15 01:45:00,0,6,0:13:51,0:01:09,0,0,0
2062,2019-07-15 01:45:00,2019-07-15 02:00:00,5,19,0:04:46,0:10:14,1,0,1
2062,2019-07-15 02:00:00,2019-07-15 02:15:00,0,2,0:15:00,0:00:00,0,0,0
2062,2019-07-15 02:15:00,2019-07-15 02:30:00,0,0,0:15:00,0:00:00,0,0,0
2062,2019-07-15 02:30:00,2019-07-15 02:45:00,4,29,0:06:17,0:08:43,3,1,2
2062,2019-07-15 02:45:00,2019-07-15 03:00:00,0,10,0:15:00,0:00:00,0,0,0
2062,2019-07-15 03:00:00,2019-07-15 03:15:00,0,4,0:15:00,0:00:00,0,0,0
2062,2019-07-15 03:15:00,2019-07-15 03:30:00,0,5,0:15:00,0:00:00,0,0,0
2062,2019-07-15 03:30:00,2019-07-15 03:45:00,0,2,0:15:00,0:00:00,0,0,0
2062,2019-07-15 03:45:00,2019-07-15 04:00:00,0,6,0:15:00,0:00:00,0,0,0
2062,2019-07-15 04:00:00,2019-07-15 04:15:00,0,26,0:13:47,0:01:13,1,0,1
2062,2019-07-15 04:15:00,2019-07-15 04:30:00,4,18,0:12:09,0:02:51,2,1,1
2062,2019-07-15 04:30:00,2019-07-15 04:45:00,0,0,0:15:00,0:00:00,0,0,0
2062,2019-07-15 04:45:00,2019-07-15 05:00:00,0,0,0:15:00,0:00:00,0,0,0
2062,2019-07-15 05:00:00,2019-07-15 05:15:00,2,15,0:11:34,0:03:26,0,0,0
2062,2019-07-15 05:15:00,2019-07-15 05:30:00,7,13,0:00:00,0:15:00,0,0,0
2062,2019-07-15 05:30:00,2019-07-15 05:45:00,15,22,0:00:00,0:15:00,0,0,0
2062,2019-07-15 05:45:00,2019-07-15 06:00:00,12,34,0:00:06,0:14:54,1,0,1
2062,2019-07-15 06:00:00,2019-07-15 06:15:00,7,12,0:00:00,0:15:00,0,0,0
2062,2019-07-15 06:15:00,2019-07-15 06:30:00,1,2,0:00:00,0:15:00,0,0,0
2062,2019-07-15 06:30:00,2019-07-15 06:45:00,7,8,0:00:42,0:14:18,6,3,3
2062,2019-07-15 06:45:00,2019-07-15 07:00:00,3,9,0:01:05,0:13:55,5,2,3
2062,2019-07-15 07:00:00,2019-07-15 07:15:00,24,65,0:01:55,0:13:05,19,9,10
2062,2019-07-15 07:15:00,2019-07-15 07:30:00,7,10,0:00:00,0:15:00,0,0,0
2062,2019-07-15 07:30:00,2019-07-15 07:45:00,6,12,0:01:11,0:13:49,13,6,7
2062,2019-07-15 07:45:00,2019-07-15 08:00:00,8,29,0:11:01,0:03:59,2,1,1
2062,2019-07-15 08:00:00,2019-07-15 08:15:00,0,0,0:15:00,0:00:00,0,0,0
2062,2019-07-15 08:15:00,2019-07-15 08:30:00,0,0,0:15:00,0:00:00,0,0,0
2062,2019-07-15 08:30:00,2019-07-15 08:45:00,0,0,0:15:00,0:00:00,0,0,0
2062,2019-07-15 08:45:00,2019-07-15 09:00:00,0,11,0:15:00,0:00:00,0,0,0
2062,2019-07-15 09:00:00,2019-07-15 09:15:00,7,18,0:02:19,0:12:41,20,10,10
2062,2019-07-15 09:15:00,2019-07-15 09:30:00,11,29,0:00:31,0:14:29,4,2,2
2062,2019-07-15 09:30:00,2019-07-15 09:45:00,2,10,0:01:26,0:13:34,22,11,11
2062,2019-07-15 09:45:00,2019-07-15 10:00:00,12,28,0:00:05,0:14:55,2,1,1
2062,2019-07-15 10:00:00,2019-07-15 10:15:00,6,18,0:00:11,0:14:49,2,1,1
2062,2019-07-15 10:15:00,2019-07-15 10:30:00,9,19,0:00:01,0:14:59,1,0,1
2062,2019-07-15 10:30:00,2019-07-15 10:45:00,5,22,0:10:56,0:04:04,4,2,2
2062,2019-07-15 10:45:00,2019-07-15 11:00:00,0,1,0:15:00,0:00:00,0,0,0
2062,2019-07-15 11:00:00,2019-07-15 11:15:00,11,18,0:07:57,0:07:03,0,0,0
2062,2019-07-15 11:15:00,2019-07-15 11:30:00,8,22,0:00:34,0:14:26,5,2,3
2062,2019-07-15 11:30:00,2019-07-15 11:45:00,10,18,0:00:08,0:14:52,2,1,1
2062,2019-07-15 11:45:00,2019-07-15 12:00:00,8,16,0:03:21,0:11:39,2,1,1
2062,2019-07-15 12:00:00,2019-07-15 12:15:00,0,0,0:15:00,0:00:00,0,0,0
2062,2019-07-15 12:15:00,2019-07-15 12:30:00,3,18,0:11:33,0:03:27,0,0,0
2062,2019-07-15 12:30:00,2019-07-15 12:45:00,18,38,0:00:12,0:14:48,4,2,2
2062,2019-07-15 12:45:00,2019-07-15 13:00:00,12,19,0:00:02,0:14:58,2,1,1
2062,2019-07-15 13:00:00,2019-07-15 13:15:00,9,14,0:00:31,0:14:29,7,3,4
2062,2019-07-15 13:15:00,2019-07-15 13:30:00,5,12,0:11:39,0:03:21,1,0,1
2062,2019-07-15 13:30:00,2019-07-15 13:45:00,0,0,0:15:00,0:00:00,0,0,0
2062,2019-07-15 13:45:00,2019-07-15 14:00:00,0,2,0:15:00,0:00:00,0,0,0
2062,2019-07-15 14:00:00,2019-07-15 14:15:00,0,0,0:15:00,0:00:00,0,0,0
2062,2019-07-15 14:15:00,2019-07-15 14:30:00,0,0,0:15:00,0:00:00,0,0,0
2062,2019-07-15 14:30:00,2019-07-15 14:45:00,4,15,0:01:39,0:13:21,9,4,5
2062,2019-07-15 14:45:00,2019-07-15 15:00:00,9,25,0:00:46,0:14:14,6,3,3
2062,2019-07-15 15:00:00,2019-07-15 15:15:00,6,17,0:00:07,0:14:53,2,1,1
2062,2019-07-15 15:15:00,2019-07-15 15:30:00,6,27,0:10:37,0:04:23,2,1,1
2062,2019-07-15 15:30:00,2019-07-15 15:45:00,0,0,0:15:00,0:00:00,0,0,0
2062,2019-07-15 15:45:00,2019-07-15 16:00:00,2,13,0:08:36,0:06:24,1,0,1
2062,2019-07-15 16:00:00,2019-07-15 16:15:00,21,29,0:00:22,0:14:38,4,2,2
2062,2019-07-15 16:15:00,2019-07-15 16:30:00,12,24,0:00:00,0:15:00,0,0,0
2062,2019-07-15 16:30:00,2019-07-15 16:45:00,27,48,0:00:00,0:15:00,0,0,0
2062,2019-07-15 16:45:00,2019-07-15 17:00:00,5,25,0:11:14,0:03:46,1,0,1
2062,2019-07-15 17:00:00,2019-07-15 17:15:00,5,12,0:03:34,0:11:26,1,0,1
2062,2019-07-15 17:15:00,2019-07-15 17:30:00,11,17,0:00:23,0:14:37,7,3,4
2062,2019-07-15 17:30:00,2019-07-15 17:45:00,12,35,0:00:08,0:14:52,4,2,2
2062,2019-07-15 17:45:00,2019-07-15 18:00:00,10,33,0:05:13,0:09:47,6,3,3
2062,2019-07-15 18:00:00,2019-07-15 18:15:00,0,0,0:15:00,0:00:00,0,0,0
2062,2019-07-15 18:15:00,2019-07-15 18:30:00,0,0,0:15:00,0:00:00,0,0,0
2062,2019-07-15 18:30:00,2019-07-15 18:45:00,0,0,0:15:00,0:00:00,0,0,0
2062,2019-07-15 18:45:00,2019-07-15 19:00:00,0,9,0:15:00,0:00:00,0,0,0
2062,2019-07-15 19:00:00,2019-07-15 19:15:00,10,21,0:00:37,0:14:23,3,1,2
2062,2019-07-15 19:15:00,2019-07-15 19:30:00,7,19,0:01:12,0:13:48,12,6,6
2062,2019-07-15 19:30:00,2019-07-15 19:45:00,15,23,0:01:47,0:13:13,16,8,8
2062,2019-07-15 19:45:00,2019-07-15 20:00:00,10,24,0:04:43,0:10:17,18,9,9
2062,2019-07-15 20:00:00,2019-07-15 20:15:00,0,0,0:15:00,0:00:00,0,0,0
2062,2019-07-15 20:15:00,2019-07-15 20:30:00,6,13,0:01:33,0:13:27,5,2,3
2062,2019-07-15 20:30:00,2019-07-15 20:45:00,12,22,0:01:03,0:13:57,10,5,5
2062,2019-07-15 20:45:00,2019-07-15 21:00:00,10,18,0:02:16,0:12:44,15,7,8
2062,2019-07-15 21:00:00,2019-07-15 21:15:00,11,26,0:00:04,0:14:56,2,1,1
2062,2019-07-15 21:15:00,2019-07-15 21:30:00,3,11,0:14:40,0:00:20,2,1,1
2062,2019-07-15 21:30:00,2019-07-15 21:45:00,0,0,0:15:00,0:00:00,0,0,0
2062,2019-07-15 21:45:00,2019-07-15 22:00:00,0,16,0:15:00,0:00:00,0,0,0
2062,2019-07-15 22:00:00,2019-07-15 22:15:00,2,3,0:10:54,0:04:06,0,0,0
2062,2019-07-15 22:15:00,2019-07-15 22:30:00,3,8,0:10:36,0:04:24,4,2,2
2062,2019-07-15 22:30:00,2019-07-15 22:45:00,0,1,0:15:00,0:00:00,0,0,0
2062,2019-07-15 22:45:00,2019-07-15 23:00:00,0,11,0:13:03,0:01:57,0,0,0
2062,2019-07-15 23:00:00,2019-07-15 23:15:00,7,15,0:00:14,0:14:46,2,1,1
2062,2019-07-15 23:15:00,2019-07-15 23:30:00,4,18,0:08:30,0:06:30,2,1,1
2062,2019-07-15 23:30:00,2019-07-15 23:45:00,0,0,0:15:00,0:00:00,0,0,0
2062,2019-07-15 23:45:00,2019-07-16 00:00:00,0,5,0:15:00,0:00:00,0,0,0
2062,2019-07-16 00:00:00,2019-07-16 00:15:00,0,0,0:15:00,0:00:00,0,0,0
2062,2019-07-16 00:15:00,2019-07-16 00:30:00,0,2,0:15:00,0:00:00,0,0,0
2062,2019-07-16 00:30:00,2019-07-16 00:45:00,0,4,0:15:00,0:00:00,0,0,0
2062,2019-07-16 00:45:00,2019-07-16 01:00:00,8,23,0:01:26,0:13:34,2,1,1
2062,2019-07-16 01:00:00,2019-07-16 01:15:00,0,0,0:15:00,0:00:00,0,0,0
2062,2019-07-16 01:15:00,2019-07-16 01:30:00,0,0,0:15:00,0:00:00,0,0,0
2062,2019-07-16 01:30:00,2019-07-16 01:45:00,0,0,0:15:00,0:00:00,0,0,0
2062,2019-07-16 01:45:00,2019-07-16 02:00:00,3,26,0:11:42,0:03:18,0,0,0
2062,2019-07-16 02:00:00,2019-07-16 02:15:00,1,6,0:11:10,0:03:50,3,1,2
2062,2019-07-16 02:15:00,2019-07-16 02:30:00,0,2,0:15:00,0:00:00,0,0,0
2062,2019-07-16 02:30:00,2019-07-16 02:45:00,0,0,0:15:00,0:00:00,0,0,0
2062,2019-07-16 02:45:00,2019-07-16 03:00:00,0,2,0:15:00,0:00:00,0,0,0
2062,2019-07-16 03:00:00,2019-07-16 03:15:00,0,0,0:15:00,0:00:00,0,0,0
2062,2019-07-16 03:15:00,2019-07-16 03:30:00,0,1,0:15:00,0:00:00,0,0,0
2062,2019-07-16 03:30:00,2019-07-16 03:45:00,2,30,0:10:44,0:04:16,3,1,2
2062,2019-07-16 03:45:00,2019-07-16 04:00:00,0,0,0:15:00,0:00:00,0,0,0
2062,2019-07-16 04:00:00,2019-07-16 04:15:00,0,0,0:15:00,0:00:00,0,0,0
2062,2019-07-16 04:15:00,2019-07-16 04:30:00,0,0,0:15:00,0:00:00,0,0,0
2062,2019-07-16 04:30:00,2019-07-16 04:45:00,0,0,0:15:00,0:00:00,0,0,0
2062,2019-07-16 04:45:00,2019-07-16 05:00:00,0,0,0:15:00,0:00:00,0,0,0
2062,2019-07-16 05:00:00,2019-07-16 05:15:00,10,19,0:04:33,0:10:27,0,0,0
2062,2019-07-16 05:15:00,2019-07-16 05:30:00,14,26,0:00:00,0:15:00,0,0,0
2062,2019-07-16 05:30:00,2019-07-16 05:45:00,11,24,0:00:00,0:15:00,0,0,0
2062,2019-07-16 05:45:00,2019-07-16 06:00:00,7,11,0:00:19,0:14:41,2,1,1
2062,2019-07-16 06:00:00,2019-07-16 06:15:00,7,35,0:01:53,0:13:07,14,7,7
2062,2019-07-16 06:15:00,2019-07-16 06:30:00,1,4,0:03:30,0:11:30,16,8,8
2062,2019-07-16 06:30:00,2019-07-16 06:45:00,4,12,0:01:44,0:13:16,9,4,5
2062,2019-07-16 06:45:00,2019-07-16 07:00:00,13,31,0:04:40,0:10:20,22,11,11
2062,2019-07-16 07:00:00,2019-07-16 07:15:00,1,7,0:04:08,0:10:52,19,9,10
2062,2019-07-16 07:15:00,2019-07-16 07:30:00,6,25,0:13:19,0:01:41,1,0,1
2062,2019-07-16 07:30:00,2019-07-16 07:45:00,0,0,0:15:00,0:00:00,0,0,0
2062,2019-07-16 07:45:00,2019-07-16 08:00:00,0,0,0:15:00,0:00:00,0,0,0
2062,2019-07-16 08:00:00,2019-07-16 08:15:00,2,15,0:05:46,0:09:14,3,1,2
2062,2019-07-16 08:15:00,2019-07-16 08:30:00,5,9,0:00:06,0:14:54,3,1,2
2062,2019-07-16 08:30:00,2019-07-16 08:45:00,6,12,0:00:12,0:14:48,3,1,2
2062,2019-07-16 08:45:00,2019-07-16 09:00:00,3,11,0:11:25,0:03:35,4,2,2
2062,2019-07-16 09:00:00,2019-07-16 09:15:00,17,31,0:04:02,0:10:58,4,2,2
2062,2019-07-16 09:15:00,2019-07-16 09:30:00,18,32,0:00:00,0:15:00,0,0,0
2062,2019-07-16 09:30:00,2019-07-16 09:45:00,5,5,0:00:08,0:14:52,2,1,1
2062,2019-07-16 09:45:00,2019-07-16 10:00:00,6,15,0:02:01,0:12:59,21,10,11
2062,2019-07-16 10:00:00,2019-07-16 10:15:00,19,22,0:01:17,0:13:43,6,3,3
2062,2019-07-16 10:15:00,2019-07-16 10:30:00,7,26,0:01:46,0:13:14,9,4,5
2062,2019-07-16 10:30:00,2019-07-16 10:45:00,0,0,0:15:00,0:00:00,0,0,0
2062,2019-07-16 10:45:00,2019-07-16 11:00:00,0,0,0:15:00,0:00:00,0,0,0
2062,2019-07-16 11:00:00,2019-07-16 11:15:00,0,0,0:15:00,0:00:00,0,0,0
2062,2019-07-16 11:15:00,2019-07-16 11:30:00,13,42,0:03:55,0:11:05,2,1,1
2062,2019-07-16 11:30:00,2019-07-16 11:45:00,8,22,0:00:47,0:14:13,9,4,5
2062,2019-07-16 11:45:00,2019-07-16 12:00:00,18,34,0:00:50,0:14:10,11,5,6
2062,2019-07-16 12:00:00,2019-07-16 12:15:00,10,26,0:08:50,0:06:10,4,2,2
2062,2019-07-16 12:15:00,2019-07-16 12:30:00,3,17,0:13:41,0:01:19,0,0,0
2062,2019-07-16 12:30:00,2019-07-16 12:45:00,19,34,0:00:06,0:14:54,1,0,1
2062,2019-07-16 12:45:00,2019-07-16 13:00:00,11,24,0:00:00,0:15:00,0,0,0
2062,2019-07-16 13:00:00,2019-07-16 13:15:00,2,7,0:10:26,0:04:34,1,0,1
2062,2019-07-16 13:15:00,2019-07-16 13:30:00,0,1,0:15:00,0:00:00,0,0,0
2062,2019-07-16 13:30:00,2019-07-16 13:45:00,7,15,0:05:28,0:09:32,4,2,2
2062,2019-07-16 13:45:00,2019-07-16 14:00:00,1,21,0:14:03,0:00:57,2,1,1
2062,2019-07-16 14:00:00,2019-07-16 14:15:00,0,0,0:15:00,0:00:00,0,0,0
2062,2019-07-16 14:15:00,2019-07-16 14:30:00,0,0,0:15:00,0:00:00,0,0,0
2062,2019-07-16 14:30:00,2019-07-16 14:45:00,0,0,0:15:00,0:00:00,0,0,0
2062,2019-07-16 14:45:00,2019-07-16 15:00:00,7,30,0:03:26,0:11:34,1,0,1
2062,2019-07-16 15:00:00,2019-07-16 15:15:00,7,21,0:00:30,0:14:30,3,1,2
2062,2019-07-16 15:15:00,2019-07-16 15:30:00,12,30,0:00:00,0:15:00,0,0,0
2062,2019-07-16 15:30:00,2019-07-16 15:45:00,8,23,0:01:31,0:13:29,14,7,7
2062,2019-07-16 15:45:00,2019-07-16 16:00:00,9,19,0:00:33,0:14:27,5,2,3
2062,2019-07-16 16:00:00,2019-07-16 16:15:00,7,21,0:00:12,0:14:48,5,2,3
2062,2019-07-16 16:15:00,2019-07-16 16:30:00,2,9,0:13:33,0:01:27,1,0,1
2062,2019-07-16 16:30:00,2019-07-16 16:45:00,0,5,0:15:00,0:00:00,0,0,0
2062,2019-07-16 16:45:00,2019-07-16 17:00:00,2,5,0:11:03,0:03:57,2,1,1
2062,2019-07-16 17:00:00,2019-07-16 17:15:00,8,18,0:00:00,0:15:00,0,0,0
2062,2019-07-16 17:15:00,2019-07-16 17:30:00,14,28,0:00:36,0:14:24,7,3,4
2062,2019-07-16 17:30:00,2019-07-16 17:45:00,11,21,0:00:05,0:14:55,2,1,1
2062,2019-07-16 17:45:00,2019-07-16 18:00:00,7,21,0:07:38,0:07:22,1,0,1
2062,2019-07-16 18:00:00,2019-07-16 18:15:00,0,0,0:15:00,0:00:00,0,0,0
2062,2019-07-16 18:15:00,2019-07-16 18:30:00,4,19,0:04:49,0:10:11,0,0,0
2062,2019-07-16 18:30:00,2019-07-16 18:45:00,11,28,0:00:13,0:14:47,4,2,2
2062,2019-07-16 18:45:00,2019-07-16 19:00:00,15,25,0:00:04,0:14:56,2,1,1
2062,2019-07-16 19:00:00,2019-07-16 19:15:00,12,28,0:01:53,0:13:07,8,4,4
2062,2019-07-16 19:15:00,2019-07-16 19:30:00,6,11,0:07:52,0:07:08,1,0,1
2062,2019-07-16 19:30:00,2019-07-16 19:45:00,0,0,0:15:00,0:00:00,0,0,0
2062,2019-07-16 19:45:00,2019-07-16 20:00:00,0,2,0:15:00,0:00:00,0,0,0
2062,2019-07-16 20:00:00,2019-07-16 20:15:00,7,12,0:04:31,0:10:29,6,3,3
2062,2019-07-16 20:15:00,2019-07-16 20:30:00,6,16,0:00:40,0:14:20,5,2,3
2062,2019-07-16 20:30:00,2019-07-16 20:45:00,10,22,0:01:58,0:13:02,10,5,5
2062,2019-07-16 20:45:00,2019-07-16 21:00:00,6,21,0:00:28,0:14:32,6,3,3
2062,2019-07-16 21:00:00,2019-07-16 21:15:00,13,23,0:01:12,0:13:48,14,7,7
2062,2019-07-16 21:15:00,2019-07-16 21:30:00,13,32,0:00:23,0:14:37,6,3,3
2062,2019-07-16 21:30:00,2019-07-16 21:45:00,4,16,0:12:05,0:02:55,2,1,1
2062,2019-07-16 21:45:00,2019-07-16 22:00:00,1,12,0:08:27,0:06:33,2,1,1
2062,2019-07-16 22:00:00,2019-07-16 22:15:00,15,27,0:01:42,0:13:18,2,1,1
2062,2019-07-16 22:15:00,2019-07-16 22:30:00,0,2,0:15:00,0:00:00,0,0,0
2062,2019-07-16 22:30:00,2019-07-16 22:45:00,0,0,0:15:00,0:00:00,0,0,0
2062,2019-07-16 22:45:00,2019-07-16 23:00:00,1,6,0:08:55,0:06:05,0,0,0
2062,2019-07-16 23:00:00,2019-07-16 23:15:00,14,26,0:00:06,0:14:54,1,0,1
2062,2019-07-16 23:15:00,2019-07-16 23:30:00,7,17,0:00:23,0:14:37,4,2,2
2062,2019-07-16 23:30:00,2019-07-16 23:45:00,9,19,0:01:51,0:13:09,9,4,5
2062,2019-07-16 23:45:00,2019-07-17 00:00:00,1,11,0:14:12,0:00:48,1,0,1
2062,2019-07-17 00:00:00,2019-07-17 00:15:00,0,0,0:15:00,0:00:00,0,0,0
2062,2019-07-17 00:15:00,2019-07-17 00:30:00,0,0,0:15:00,0:00:00,0,0,0
2062,2019-07-17 00:30:00,2019-07-17 00:45:00,0,12,0:15:00,0:00:00,0,0,0
2062,2019-07-17 00:45:00,2019-07-17 01:00:00,7,16,0:00:07,0:14:53,3,1,2
2062,2019-07-17 01:00:00,2019-07-17 01:15:00,7,33,0:08:50,0:06:10,3,1,2
2062,2019-07-17 01:15:00,2019-07-17 01:30:00,0,0,0:15:00,0:00:00,0,0,0
2062,2019-07-17 01:30:00,2019-07-17 01:45:00,0,0,0:15:00,0:00:00,0,0,0
2062,2019-07-17 01:45:00,2019-07-17 02:00:00,0,0,0:15:00,0:00:00,0,0,0
2062,2019-07-17 02:00:00,2019-07-17 02:15:00,0,1,0:15:00,0:00:00,0,0,0
2062,2019-07-17 02:15:00,2019-07-17 02:30:00,6,17,0:03:44,0:11:16,2,1,1
2062,2019-07-17 02:30:00,2019-07-17 02:45:00,7,24,0:04:06,0:10:54,6,3,3
2062,2019-07-17 02:45:00,2019-07-17 03:00:00,0,0,0:15:00,0:00:00,0,0,0
2062,2019-07-17 03:00:00,2019-07-17 03:15:00,0,0,0:15:00,0:00:00,0,0,0
2062,2019-07-17 03:15:00,2019-07-17 03:30:00,0,0,0:15:00,0:00:00,0,0,0
2062,2019-07-17 03:30:00,2019-07-17 03:45:00,0,0,0:15:00,0:00:00,0,0,0
2062,2019-07-17 03:45:00,2019-07-17 04:00:00,3,21,0:11:31,0:03:29,1,0,1
2062,2019-07-17 04:00:00,2019-07-17 04:15:00,0,0,0:15:00,0:00:00,0,0,0
2062,2019-07-17 04:15:00,2019-07-17 04:30:00,0,1,0:15:00,0:00:00,0,0,0
2062,2019-07-17 04:30:00,2019-07-17 04:45:00,0,3,0:15:00,0:00:00,0,0,0
2062,2019-07-17 04:45:00,2019-07-17 05:00:00,0,0,0:15:00,0:00:00,0,0,0
2062,2019-07-17 05:00:00,2019-07-17 05:15:00,6,22,0:03:34,0:11:26,0,0,0
2062,2019-07-17 05:15:00,2019-07-17 05:30:00,16,21,0:00:00,0:15:00,0,0,0
2062,2019-07-17 05:30:00,2019-07-17 05:45:00,9,18,0:00:00,0:15:00,0,0,0
2062,2019-07-17 05:45:00,2019-07-17 06:00:00,11,18,0:00:00,0:15:00,0,0,0
2062,2019-07-17 06:00:00,2019-07-17 06:15:00,5,16,0:01:11,0:13:49,6,3,3
2062,2019-07-17 06:15:00,2019-07-17 06:30:00,9,14,0:02:26,0:12:34,12,6,6
2062,2019-07-17 06:30:00,2019-07-17 06:45:00,5,13,0:00:49,0:14:11,8,4,4
2062,2019-07-17 06:45:00,2019-07-17 07:00:00,10,20,0:00:26,0:14:34,9,4,5
2062,2019-07-17 07:00:00,2019-07-17 07:15:00,4,13,0:02:13,0:12:47,12,6,6
2062,2019-07-17 07:15:00,2019-07-17 07:30:00,2,11,0:13:25,0:01:35,1,0,1
2062,2019-07-17 07:30:00,2019-07-17 07:45:00,0,0,0:15:00,0:00:00,0,0,0
2062,2019-07-17 07:45:00,2019-07-17 08:00:00,0,0,0:15:00,0:00:00,0,0,0
2062,2019-07-17 08:00:00,2019-07-17 08:15:00,13,27,0:02:02,0:12:58,4,2,2
2062,2019-07-17 08:15:00,2019-07-17 08:30:00,12,20,0:00:44,0:14:16,6,3,3
2062,2019-07-17 08:30:00,2019-07-17 08:45:00,6,15,0:01:31,0:13:29,14,7,7
2062,2019-07-17 08:45:00,2019-07-17 09:00:00,12,30,0:02:19,0:12:41,8,4,4
2062,2019-07-17 09:00:00,2019-07-17 09:15:00,1,5,0:14:25,0:00:35,0,0,0
2062,2019-07-17 09:15:00,2019-07-17 09:30:00,11,21,0:00:16,0:14:44,5,2,3
2062,2019-07-17 09:30:00,2019-07-17 09:45:00,17,44,0:01:28,0:13:32,12,6,6
2062,2019-07-17 09:45:00,2019-07-17 10:00:00,12,24,0:02:24,0:12:36,16,8,8
2062,2019-07-17 10:00:00,2019-07-17 10:15:00,8,9,0:00:36,0:14:24,6,3,3
2062,2019-07-17 10:15:00,2019-07-17 10:30:00,9,22,0:02:05,0:12:55,8,4,4
2062,2019-07-17 10:30:00,2019-07-17 10:45:00,23,39,0:00:04,0:14:56,2,1,1
2062,2019-07-17 10:45:00,2019-07-17 11:00:00,6,19,0:10:01,0:04:59,1,0,1
2062,2019-07-17 11:00:00,2019-07-17 11:15:00,0,0,0:15:00,0:00:00,0,0,0
2062,2019-07-17 11:15:00,2019-07-17 11:30:00,6,21,0:04:32,0:10:28,2,1,1
2062,2019-07-17 11:30:00,2019-07-17 11:45:00,17,45,0:00:45,0:14:15,7,3,4
2062,2019-07-17 11:45:00,2019-07-17 12:00:00,13,22,0:00:16,0:14:44,7,3,4
2062,2019-07-17 12:00:00,2019-07-17 12:15:00,2,18,0:14:35,0:00:25,2,1,1
2062,2019-07-17 12:15:00,2019-07-17 12:30:00,2,8,0:12:31,0:02:29,5,2,3
2062,2019-07-17 12:30:00,2019-07-17 12:45:00,8,21,0:10:49,0:04:11,5,2,3
2062,2019-07-17 12:45:00,2019-07-17 13:00:00,13,31,0:00:31,0:14:29,7,3,4
2062,2019-07-17 13:00:00,2019-07-17 13:15:00,10,19,0:01:36,0:13:24,5,2,3
2062,2019-07-17 13:15:00,2019-07-17 13:30:00,7,22,0:05:31,0:09:29,2,1,1
2062,2019-07-17 13:30:00,2019-07-17 13:45:00,0,0,0:15:00,0:00:00,0,0,0
2062,2019-07-17 13:45:00,2019-07-17 14:00:00,9,36,0:02:36,0:12:24,2,1,1
2062,2019-07-17 14:00:00,2019-07-17 14:15:00,0,0,0:15:00,0:00:00,0,0,0
2062,2019-07-17 14:15:00,2019-07-17 14:30:00,1,16,0:07:48,0:07:12,1,0,1
2062,2019-07-17 14:30:00,2019-07-17 14:45:00,8,13,0:06:06,0:08:54,2,1,1
2062,2019-07-17 14:45:00,2019-07-17 15:00:00,0,5,0:15:00,0:00:00,0,0,0
2062,2019-07-17 15:00:00,2019-07-17 15:15:00,0,0,0:15:00,0:00:00,0,0,0
2062,2019-07-17 15:15:00,2019-07-17 15:30:00,15,36,0:02:50,0:12:10,1,0,1
2062,2019-07-17 15:30:00,2019-07-17 15:45:00,14,25,0:00:00,0:15:00,0,0,0
2062,2019-07-17 15:45:00,2019-07-17 16:00:00,10,13,0:00:08,0:14:52,4,2,2
2062,2019-07-17 16:00:00,2019-07-17 16:15:00,2,11,0:13:54,0:01:06,1,0,1
2062,2019-07-17 16:15:00,2019-07-17 16:30:00,0,0,0:15:00,0:00:00,0,0,0
2062,2019-07-17 16:30:00,2019-07-17 16:45:00,6,29,0:04:36,0:10:24,0,0,0
2062,2019-07-17 16:45:00,2019-07-17 17:00:00,12,38,0:00:58,0:14:02,12,6,6
2062,2019-07-17 17:00:00,2019-07-17 17:15:00,7,17,0:02:40,0:12:20,24,12,12
2062,2019-07-17 17:15:00,2019-07-17 17:30:00,9,13,0:00:32,0:14:28,4,2,2
2062,2019-07-17 17:30:00,2019-07-17 17:45:00,14,27,0:01:38,0:13:22,12,6,6
2062,2019-07-17 17:45:00,2019-07-17 18:00:00,5,10,0:00:51,0:14:09,3,1,2
2062,2019-07-17 18:00:00,2019-07-17 18:15:00,3,14,0:10:16,0:04:44,7,3,4
2062,2019-07-17 18:15:00,2019-07-17 18:30:00,0,0,0:15:00,0:00:00,0,0,0
2062,2019-07-17 18:30:00,2019-07-17 18:45:00,0,9,0:15:00,0:00:00,0,0,0
2062,2019-07-17 18:45:00,2019-07-17 19:00:00,8,17,0:01:25,0:13:35,1,0,1
2062,2019-07-17 19:00:00,2019-07-17 19:15:00,13,23,0:00:15,0:14:45,2,1,1
2062,2019-07-17 19:15:00,2019-07-17 19:30:00,6,21,0:04:32,0:10:28,32,16,16
2062,2019-07-17 19:30:00,2019-07-17 19:45:00,7,22,0:02:35,0:12:25,10,5,5
2062,2019-07-17 19:45:00,2019-07-17 20:00:00,9,22,0:03:17,0:11:43,22,11,11
2062,2019-07-17 20:00:00,2019-07-17 20:15:00,8,31,0:10:26,0:04:34,7,3,4
2062,2019-07-17 20:15:00,2019-07-17 20:30:00,2,29,0:06:06,0:08:54,1,0,1
2062,2019-07-17 20:30:00,2019-07-17 20:45:00,6,16,0:02:47,0:12:13,12,6,6
2062,2019-07-17 20:45:00,2019-07-17 21:00:00,4,20,0:04:43,0:10:17,5,2,3
2062,2019-07-17 21:00:00,2019-07-17 21:15:00,0,8,0:15:00,0:00:00,0,0,0
2062,2019-07-17 21:15:00,2019-07-17 21:30:00,9,35,0:04:05,0:10:55,7,3,4
2062,2019-07-17 21:30:00,2019-07-17 21:45:00,13,25,0:01:30,0:13:30,13,6,7
2062,2019-07-17 21:45:00,2019-07-17 22:00:00,2,11,0:13:18,0:01:42,3,1,2
2062,2019-07-17 22:00:00,2019-07-17 22:15:00,0,12,0:14:44,0:00:16,0,0,0
2062,2019-07-17 22:15:00,2019-07-17 22:30:00,9,15,0:00:01,0:14:59,1,0,1
2062,2019-07-17 22:30:00,2019-07-17 22:45:00,6,17,0:10:46,0:04:14,3,1,2
2062,2019-07-17 22:45:00,2019-07-17 23:00:00,0,5,0:15:00,0:00:00,0,0,0
2062,2019-07-17 23:00:00,2019-07-17 23:15:00,0,1,0:15:00,0:00:00,0,0,0
2062,2019-07-17 23:15:00,2019-07-17 23:30:00,0,2,0:15:00,0:00:00,0,0,0
2062,2019-07-17 23:30:00,2019-07-17 23:45:00,11,17,0:02:51,0:12:09,4,2,2
2062,2019-07-17 23:45:00,2019-07-18 00:00:00,8,22,0:02:58,0:12:02,25,12,13
2062,2019-07-18 00:00:00,2019-07-18 00:15:00,9,27,0:02:27,0:12:33,6,3,3
2062,2019-07-18 00:15:00,2019-07-18 00:30:00,0,0,0:15:00,0:00:00,0,0,0
2062,2019-07-18 00:30:00,2019-07-18 00:45:00,0,6,0:15:00,0:00:00,0,0,0
2062,2019-07-18 00:45:00,2019-07-18 01:00:00,0,2,0:15:00,0:00:00,0,0,0
2062,2019-07-18 01:00:00,2019-07-18 01:15:00,0,0,0:15:00,0:00:00,0,0,0
2062,2019-07-18 01:15:00,2019-07-18 01:30:00,1,12,0:10:18,0:04:42,1,0,1
2062,2019-07-18 01:30:00,2019-07-18 01:45:00,12,22,0:03:55,0:11:05,4,2,2
2062,2019-07-18 01:45:00,2019-07-18 02:00:00,0,0,0:15:00,0:00:00,0,0,0
2062,2019-07-18 02:00:00,2019-07-18 02:15:00,0,0,0:15:00,0:00:00,0,0,0
2062,2019-07-18 02:15:00,2019-07-18 02:30:00,0,0,0:15:00,0:00:00,0,0,0
2062,2019-07-18 02:30:00,2019-07-18 02:45:00,0,0,0:15:00,0:00:00,0,0,0
2062,2019-07-18 02:45:00,2019-07-18 03:00:00,2,10,0:12:48,0:02:12,0,0,0
2062,2019-07-18 03:00:00,2019-07-18 03:15:00,10,26,0:02:44,0:12:16,2,1,1
2062,2019-07-18 03:15:00,2019-07-18 03:30:00,0,0,0:15:00,0:00:00,0,0,0
2062,2019-07-18 03:30:00,2019-07-18 03:45:00,0,4,0:15:00,0:00:00,0,0,0
2062,2019-07-18 03:45:00,2019-07-18 04:00:00,0,4,0:15:00,0:00:00,0,0,0
2062,2019-07-18 04:00:00,2019-07-18 04:15:00,0,1,0:15:00,0:00:00,0,0,0
2062,2019-07-18 04:15:00,2019-07-18 04:30:00,0,1,0:15:00,0:00:00,0,0,0
2062,2019-07-18 04:30:00,2019-07-18 04:45:00,0,2,0:15:00,0:00:00,0,0,0
2062,2019-07-18 04:45:00,2019-07-18 05:00:00,0,8,0:15:00,0:00:00,0,0,0
2062,2019-07-18 05:00:00,2019-07-18 05:15:00,5,15,0:06:30,0:08:30,1,0,1
2062,2019-07-18 05:15:00,2019-07-18 05:30:00,14,17,0:00:01,0:14:59,1,0,1
2062,2019-07-18 05:30:00,2019-07-18 05:45:00,16,31,0:00:01,0:14:59,1,0,1
2062,2019-07-18 05:45:00,2019-07-18 06:00:00,10,20,0:00:02,0:14:58,2,1,1
2062,2019-07-18 06:00:00,2019-07-18 06:15:00,8,21,0:00:10,0:14:50,3,1,2
2062,2019-07-18 06:15:00,2019-07-18 06:30:00,2,6,0:00:35,0:14:25,5,2,3
2062,2019-07-18 06:30:00,2019-07-18 06:45:00,6,15,0:00:56,0:14:04,11,5,6
2062,2019-07-18 06:45:00,2019-07-18 07:00:00,10,17,0:02:33,0:12:27,13,6,7
2062,2019-07-18 07:00:00,2019-07-18 07:15:00,1,11,0:10:53,0:04:07,5,2,3
2062,2019-07-18 07:15:00,2019-07-18 07:30:00,0,0,0:15:00,0:00:00,0,0,0
2062,2019-07-18 07:30:00,2019-07-18 07:45:00,0,0,0:15:00,0:00:00,0,0,0
2062,2019-07-18 07:45:00,2019-07-18 08:00:00,0,0,0:15:00,0:00:00,0,0,0
2062,2019-07-18 08:00:00,2019-07-18 08:15:00,0,0,0:15:00,0:00:00,0,0,0
2062,2019-07-18 08:15:00,2019-07-18 08:30:00,5,27,0:04:34,0:10:26,7,3,4
2062,2019-07-18 08:30:00,2019-07-18 08:45:00,22,34,0:01:34,0:13:26,13,6,7
2062,2019-07-18 08:45:00,2019-07-18 09:00:00,8,25,0:11:47,0:03:13,6,3,3
2062,2019-07-18 09:00:00,2019-07-18 09:15:00,0,0,0:15:00,0:00:00,0,0,0
2062,2019-07-18 09:15:00,2019-07-18 09:30:00,17,38,0:04:05,0:10:55,5,2,3
2062,2019-07-18 09:30:00,2019-07-18 09:45:00,7,15,0:04:36,0:10:24,21,10,11
2062,2019-07-18 09:45:00,2019-07-18 10:00:00,19,62,0:03:28,0:11:32,12,6,6
2062,2019-07-18 10:00:00,2019-07-18 10:15:00,15,41,0:01:22,0:13:38,10,5,5
2062,2019-07-18 10:15:00,2019-07-18 10:30:00,13,28,0:01:55,0:13:05,11,5,6
2062,2019-07-18 10:30:00,2019-07-18 10:45:00,17,36,0:03:12,0:11:48,23,11,12
2062,2019-07-18 10:45:00,2019-07-18 11:00:00,1,10,0:11:47,0:03:13,3,1,2
2062,2019-07-18 11:00:00,2019-07-18 11:15:00,0,0,0:15:00,0:00:00,0,0,0
2062,2019-07-18 11:15:00,2019-07-18 11:30:00,12,26,0:07:25,0:07:35,3,1,2
2062,2019-07-18 11:30:00,2019-07-18 11:45:00,7,11,0:00:35,0:14:25,4,2,2
2062,2019-07-18 11:45:00,2019-07-18 12:00:00,6,13,0:01:53,0:13:07,10,5,5
2062,2019-07-18 12:00:00,2019-07-18 12:15:00,4,19,0:09:32,0:05:28,1,0,1
2062,2019-07-18 12:15:00,2019-07-18 12:30:00,0,3,0:15:00,0:00:00,0,0,0
2062,2019-07-18 12:30:00,2019-07-18 12:45:00,5,8,0:11:38,0:03:22,0,0,0
2062,2019-07-18 12:45:00,2019-07-18 13:00:00,19,44,0:00:37,0:14:23,6,3,3
2062,2019-07-18 13:00:00,2019-07-18 13:15:00,15,42,0:00:57,0:14:03,10,5,5
2062,2019-07-18 13:15:00,2019-07-18 13:30:00,10,36,0:01:10,0:13:50,5,2,3
2062,2019-07-18 13:30:00,2019-07-18 13:45:00,25,17,0:15:09,0:03:06,0,0,0
2062,2019-07-18 13:45:00,2019-07-18 14:00:00,16,89,0:15:24,0:13:46,5,2,3
2062,2019-07-18 14:00:00,2019-07-18 14:15:00,0,0,0:15:00,0:00:00,0,0,0
2062,2019-07-18 14:15:00,2019-07-18 14:30:00,0,2,0:15:00,0:00:00,0,0,0
2062,2019-07-18 14:30:00,2019-07-18 14:45:00,0,4,0:15:00,0:00:00,0,0,0
2062,2019-07-18 14:45:00,2019-07-18 15:00:00,2,18,0:13:36,0:01:24,0,0,0
2062,2019-07-18 15:00:00,2019-07-18 15:15:00,20,27,0:00:00,0:15:00,0,0,0
2062,2019-07-18 15:15:00,2019-07-18 15:30:00,12,24,0:00:00,0:15:00,0,0,0
2062,2019-07-18 15:30:00,2019-07-18 15:45:00,13,32,0:04:15,0:10:45,2,1,1
2062,2019-07-18 15:45:00,2019-07-18 16:00:00,0,0,0:15:00,0:00:00,0,0,0
2062,2019-07-18 16:00:00,2019-07-18 16:15:00,0,0,0:15:00,0:00:00,0,0,0
2062,2019-07-18 16:15:00,2019-07-18 16:30:00,0,2,0:15:00,0:00:00,0,0,0
2062,2019-07-18 16:30:00,2019-07-18 16:45:00,0,0,0:15:00,0:00:00,0,0,0
2062,2019-07-18 16:45:00,2019-07-18 17:00:00,12,23,0:05:56,0:09:04,0,0,0
2062,2019-07-18 17:00:00,2019-07-18 17:15:00,17,28,0:00:00,0:15:00,0,0,0
2062,2019-07-18 17:15:00,2019-07-18 17:30:00,13,23,0:00:00,0:15:00,0,0,0
2062,2019-07-18 17:30:00,2019-07-18 17:45:00,22,65,0:01:09,0:13:51,3,1,2
2062,2019-07-18 17:45:00,2019-07-18 18:00:00,12,37,0:00:00,0:15:00,0,0,0
2062,2019-07-18 18:00:00,2019-07-18 18:15:00,1,11,0:12:16,0:02:44,2,1,1
2062,2019-07-18 18:15:00,2019-07-18 18:30:00,0,11,0:15:00,0:00:00,0,0,0
2062,2019-07-18 18:30:00,2019-07-18 18:45:00,14,28,0:02:03,0:12:57,0,0,0
2062,2019-07-18 18:45:00,2019-07-18 19:00:00,17,29,0:00:00,0:15:00,0,0,0
2062,2019-07-18 19:00:00,2019-07-18 19:15:00,18,35,0:00:01,0:14:59,1,0,1
2062,2019-07-18 19:15:00,2019-07-18 19:30:00,19,42,0:00:04,0:14:56,1,0,1
2062,2019-07-18 19:30:00,2019-07-18 19:45:00,7,21,0:09:22,0:05:38,2,1,1
2062,2019-07-18 19:45:00,2019-07-18 20:00:00,0,0,0:15:00,0:00:00,0,0,0
2062,2019-07-18 20:00:00,2019-07-18 20:15:00,6,17,0:06:29,0:08:31,2,1,1
2062,2019-07-18 20:15:00,2019-07-18 20:30:00,18,37,0:00:02,0:14:58,2,1,1
2062,2019-07-18 20:30:00,2019-07-18 20:45:00,14,21,0:00:00,0:15:00,0,0,0
2062,2019-07-18 20:45:00,2019-07-18 21:00:00,22,32,0:00:08,0:14:52,2,1,1
2062,2019-07-18 21:00:00,2019-07-18 21:15:00,12,28,0:08:49,0:06:11,1,0,1
2062,2019-07-18 21:15:00,2019-07-18 21:30:00,0,0,0:15:00,0:00:00,0,0,0
2062,2019-07-18 21:30:00,2019-07-18 21:45:00,0,1,0:15:00,0:00:00,0,0,0
2062,2019-07-18 21:45:00,2019-07-18 22:00:00,0,1,0:15:00,0:00:00,0,0,0
2062,2019-07-18 22:00:00,2019-07-18 22:15:00,8,43,0:05:34,0:09:26,0,0,0
2062,2019-07-18 22:15:00,2019-07-18 22:30:00,10,12,0:00:00,0:15:00,0,0,0
2062,2019-07-18 22:30:00,2019-07-18 22:45:00,16,38,0:00:54,0:14:06,1,0,1
2062,2019-07-18 22:45:00,2019-07-18 23:00:00,0,0,0:15:00,0:00:00,0,0,0
2062,2019-07-18 23:00:00,2019-07-18 23:15:00,0,0,0:15:00,0:00:00,0,0,0
2062,2019-07-18 23:15:00,2019-07-18 23:30:00,0,0,0:15:00,0:00:00,0,0,0
2062,2019-07-18 23:30:00,2019-07-18 23:45:00,0,0,0:15:00,0:00:00,0,0,0
2062,2019-07-18 23:45:00,2019-07-19 00:00:00,0,0,0:15:00,0:00:00,0,0,0
2062,2019-07-19 00:00:00,2019-07-19 00:15:00,4,25,0:05:14,0:09:46,0,0,0
2062,2019-07-19 00:15:00,2019-07-19 00:30:00,11,16,0:06:00,0:09:00,1,0,1
2062,2019-07-19 00:30:00,2019-07-19 00:45:00,0,0,0:15:00,0:00:00,0,0,0
2062,2019-07-19 00:45:00,2019-07-19 01:00:00,0,0,0:15:00,0:00:00,0,0,0
2062,2019-07-19 01:00:00,2019-07-19 01:15:00,0,2,0:15:00,0:00:00,0,0,0
2062,2019-07-19 01:15:00,2019-07-19 01:30:00,1,20,0:12:01,0:02:59,0,0,0
2062,2019-07-19 01:30:00,2019-07-19 01:45:00,16,23,0:00:32,0:14:28,1,0,1
2062,2019-07-19 01:45:00,2019-07-19 02:00:00,0,0,0:15:00,0:00:00,0,0,0
2062,2019-07-19 02:00:00,2019-07-19 02:15:00,0,0,0:15:00,0:00:00,0,0,0
2062,2019-07-19 02:15:00,2019-07-19 02:30:00,0,0,0:15:00,0:00:00,0,0,0
2062,2019-07-19 02:30:00,2019-07-19 02:45:00,0,0,0:15:00,0:00:00,0,0,0
2062,2019-07-19 02:45:00,2019-07-19 03:00:00,0,0,0:15:00,0:00:00,0,0,0
2062,2019-07-19 03:00:00,2019-07-19 03:15:00,0,0,0:15:00,0:00:00,0,0,0
2062,2019-07-19 03:15:00,2019-07-19 03:30:00,14,39,0:08:07,0:06:53,1,0,1
2062,2019-07-19 03:30:00,2019-07-19 03:45:00,0,1,0:15:00,0:00:00,0,0,0
2062,2019-07-19 03:45:00,2019-07-19 04:00:00,0,2,0:15:00,0:00:00,0,0,0
2062,2019-07-19 04:00:00,2019-07-19 04:15:00,0,12,0:15:00,0:00:00,0,0,0
2062,2019-07-19 04:15:00,2019-07-19 04:30:00,13,44,0:06:11,0:08:49,0,0,0
2062,2019-07-19 04:30:00,2019-07-19 04:45:00,7,16,0:11:28,0:03:32,1,0,1
2062,2019-07-19 04:45:00,2019-07-19 05:00:00,0,0,0:15:00,0:00:00,0,0,0
2062,2019-07-19 05:00:00,2019-07-19 05:15:00,3,11,0:11:55,0:03:05,0,0,0
2062,2019-07-19 05:15:00,2019-07-19 05:30:00,14,21,0:00:00,0:15:00,0,0,0
2062,2019-07-19 05:30:00,2019-07-19 05:45:00,12,20,0:00:00,0:15:00,0,0,0
2062,2019-07-19 05:45:00,2019-07-19 06:00:00,11,11,0:00:00,0:15:00,0,0,0
2062,2019-07-19 06:00:00,2019-07-19 06:15:00,13,21,0:00:00,0:15:00,0,0,0
2062,2019-07-19 06:15:00,2019-07-19 06:30:00,15,26,0:00:00,0:15:00,0,0,0
2062,2019-07-19 06:30:00,2019-07-19 06:45:00,11,15,0:00:00,0:15:00,0,0,0
2062,2019-07-19 06:45:00,2019-07-19 07:00:00,14,22,0:00:00,0:15:00,0,0,0
2062,2019-07-19 07:00:00,2019-07-19 07:15:00,10,23,0:00:00,0:15:00,0,0,0
2062,2019-07-19 07:15:00,2019-07-19 07:30:00,17,34,0:00:00,0:15:00,0,0,0
2062,2019-07-19 07:30:00,2019-07-19 07:45:00,4,15,0:13:46,0:01:14,1,0,1
2062,2019-07-19 07:45:00,2019-07-19 08:00:00,0,0,0:15:00,0:00:00,0,0,0
2062,2019-07-19 08:00:00,2019-07-19 08:15:00,0,4,0:15:00,0:00:00,0,0,0
2062,2019-07-19 08:15:00,2019-07-19 08:30:00,0,1,0:15:00,0:00:00,0,0,0
2062,2019-07-19 08:30:00,2019-07-19 08:45:00,10,32,0:04:50,0:10:10,0,0,0
2062,2019-07-19 08:45:00,2019-07-19 09:00:00,15,13,0:00:21,0:14:39,1,0,1
2062,2019-07-19 09:00:00,2019-07-19 09:15:00,15,37,0:00:00,0:15:00,0,0,0
2062,2019-07-19 09:15:00,2019-07-19 09:30:00,17,20,0:00:00,0:15:00,0,0,0
2062,2019-07-19 09:30:00,2019-07-19 09:45:00,10,16,0:00:00,0:15:00,0,0,0
2062,2019-07-19 09:45:00,2019-07-19 10:00:00,16,26,0:00:00,0:15:00,0,0,0
2062,2019-07-19 10:00:00,2019-07-19 10:15:00,7,10,0:00:00,0:15:00,0,0,0
2062,2019-07-19 10:15:00,2019-07-19 10:30:00,20,43,0:00:00,0:15:00,0,0,0
2062,2019-07-19 10:30:00,2019-07-19 10:45:00,15,29,0:00:00,0:15:00,0,0,0
2062,2019-07-19 10:45:00,2019-07-19 11:00:00,18,21,0:00:01,0:14:59,1,0,1
2062,2019-07-19 11:00:00,2019-07-19 11:15:00,13,24,0:04:50,0:10:10,1,0,1
2062,2019-07-19 11:15:00,2019-07-19 11:30:00,12,27,0:04:23,0:10:37,0,0,0
2062,2019-07-19 11:30:00,2019-07-19 11:45:00,20,47,0:00:00,0:15:00,0,0,0
2062,2019-07-19 11:45:00,2019-07-19 12:00:00,7,31,0:06:49,0:08:11,2,1,1
2062,2019-07-19 12:00:00,2019-07-19 12:15:00,18,28,0:00:00,0:15:00,0,0,0
2062,2019-07-19 12:15:00,2019-07-19 12:30:00,18,41,0:00:00,0:15:00,0,0,0
2062,2019-07-19 12:30:00,2019-07-19 12:45:00,15,33,0:00:00,0:15:00,0,0,0
2062,2019-07-19 12:45:00,2019-07-19 13:00:00,11,38,0:06:01,0:08:59,2,1,1
2062,2019-07-19 13:00:00,2019-07-19 13:15:00,21,37,0:00:00,0:15:00,0,0,0
2062,2019-07-19 13:15:00,2019-07-19 13:30:00,5,26,0:12:47,0:02:13,2,1,1
2062,2019-07-19 13:30:00,2019-07-19 13:45:00,4,21,0:08:33,0:06:27,1,0,1
2062,2019-07-19 13:45:00,2019-07-19 14:00:00,7,28,0:12:42,0:02:18,1,0,1
2062,2019-07-19 14:00:00,2019-07-19 14:15:00,13,40,0:05:18,0:09:42,1,0,1
2062,2019-07-19 14:15:00,2019-07-19 14:30:00,25,50,0:00:12,0:14:48,2,1,1
2062,2019-07-19 14:30:00,2019-07-19 14:45:00,26,39,0:00:00,0:15:00,0,0,0
2062,2019-07-19 14:45:00,2019-07-19 15:00:00,9,24,0:08:45,0:06:15,1,0,1
2062,2019-07-19 15:00:00,2019-07-19 15:15:00,0,5,0:15:00,0:00:00,0,0,0
2062,2019-07-19 15:15:00,2019-07-19 15:30:00,4,19,0:11:22,0:03:38,2,1,1
2062,2019-07-19 15:30:00,2019-07-19 15:45:00,13,28,0:00:00,0:15:00,0,0,0
2062,2019-07-19 15:45:00,2019-07-19 16:00:00,15,24,0:00:00,0:15:00,0,0,0
2062,2019-07-19 16:00:00,2019-07-19 16:15:00,5,26,0:09:44,0:05:16,1,0,1
2062,2019-07-19 16:15:00,2019-07-19 16:30:00,17,23,0:00:00,0:15:00,0,0,0
2062,2019-07-19 16:30:00,2019-07-19 16:45:00,12,33,0:02:55,0:12:05,1,0,1
2062,2019-07-19 16:45:00,2019-07-19 17:00:00,4,20,0:10:11,0:04:49,0,0,0
2062,2019-07-19 17:00:00,2019-07-19 17:15:00,15,25,0:00:00,0:15:00,0,0,0
2062,2019-07-19 17:15:00,2019-07-19 17:30:00,9,17,0:00:00,0:15:00,0,0,0
2062,2019-07-19 17:30:00,2019-07-19 17:45:00,19,31,0:00:01,0:14:59,1,0,1
2062,2019-07-19 17:45:00,2019-07-19 18:00:00,18,27,0:00:00,0:15:00,0,0,0
2062,2019-07-19 18:00:00,2019-07-19 18:15:00,15,33,0:04:12,0:10:48,1,0,1
2062,2019-07-19 18:15:00,2019-07-19 18:30:00,16,34,0:00:00,0:15:00,0,0,0
2062,2019-07-19 18:30:00,2019-07-19 18:45:00,16,44,0:00:00,0:15:00,0,0,0
2062,2019-07-19 18:45:00,2019-07-19 19:00:00,17,39,0:00:00,0:15:00,0,0,0
2062,2019-07-19 19:00:00,2019-07-19 19:15:00,19,38,0:00:10,0:14:50,2,1,1
2062,2019-07-19 19:15:00,2019-07-19 19:30:00,11,23,0:05:42,0:09:18,2,1,1
2062,2019-07-19 19:30:00,2019-07-19 19:45:00,0,6,0:15:00,0:00:00,0,0,0
2062,2019-07-19 19:45:00,2019-07-19 20:00:00,12,38,0:06:35,0:08:25,4,2,2
2062,2019-07-19 20:00:00,2019-07-19 20:15:00,17,56,0:00:01,0:14:59,1,0,1
2062,2019-07-19 20:15:00,2019-07-19 20:30:00,20,42,0:00:03,0:14:57,1,0,1
2062,2019-07-19 20:30:00,2019-07-19 20:45:00,26,58,0:00:03,0:14:57,1,0,1
2062,2019-07-19 20:45:00,2019-07-19 21:00:00,4,26,0:11:32,0:03:28,2,1,1
2062,2019-07-19 21:00:00,2019-07-19 21:15:00,17,30,0:00:00,0:15:00,0,0,0
2062,2019-07-19 21:15:00,2019-07-19 21:30:00,5,27,0:12:42,0:02:18,1,0,1
2062,2019-07-19 21:30:00,2019-07-19 21:45:00,19,33,0:00:00,0:15:00,0,0,0
2062,2019-07-19 21:45:00,2019-07-19 22:00:00,16,40,0:00:32,0:14:28,3,1,2
2062,2019-07-19 22:00:00,2019-07-19 22:15:00,6,19,0:07:47,0:07:13,1,0,1
2062,2019-07-19 22:15:00,2019-07-19 22:30:00,1,15,0:11:42,0:03:18,2,1,1
2062,2019-07-19 22:30:00,2019-07-19 22:45:00,17,34,0:00:00,0:15:00,0,0,0
2062,2019-07-19 22:45:00,2019-07-19 23:00:00,5,27,0:09:17,0:05:43,2,1,1
2062,2019-07-19 23:00:00,2019-07-19 23:15:00,16,23,0:00:00,0:15:00,0,0,0
2062,2019-07-19 23:15:00,2019-07-19 23:30:00,11,28,0:00:00,0:15:00,0,0,0
2062,2019-07-19 23:30:00,2019-07-19 23:45:00,11,33,0:04:20,0:10:40,1,0,1
2062,2019-07-19 23:45:00,2019-07-20 00:00:00,0,0,0:15:00,0:00:00,0,0,0
2062,2019-07-20 00:00:00,2019-07-20 00:15:00,0,2,0:15:00,0:00:00,0,0,0
2062,2019-07-20 00:15:00,2019-07-20 00:30:00,7,26,0:06:31,0:08:29,1,0,1
2062,2019-07-20 00:30:00,2019-07-20 00:45:00,14,28,0:00:01,0:14:59,1,0,1
2062,2019-07-20 00:45:00,2019-07-20 01:00:00,10,29,0:01:20,0:13:40,2,1,1
2062,2019-07-20 01:00:00,2019-07-20 01:15:00,0,0,0:15:00,0:00:00,0,0,0
2062,2019-07-20 01:15:00,2019-07-20 01:30:00,0,0,0:15:00,0:00:00,0,0,0
2062,2019-07-20 01:30:00,2019-07-20 01:45:00,0,1,0:15:00,0:00:00,0,0,0
2062,2019-07-20 01:45:00,2019-07-20 02:00:00,0,0,0:15:00,0:00:00,0,0,0
2062,2019-07-20 02:00:00,2019-07-20 02:15:00,0,0,0:15:00,0:00:00,0,0,0
2062,2019-07-20 02:15:00,2019-07-20 02:30:00,0,17,0:11:19,0:03:41,0,0,0
2062,2019-07-20 02:30:00,2019-07-20 02:45:00,11,23,0:05:20,0:09:40,1,0,1
2062,2019-07-20 02:45:00,2019-07-20 03:00:00,0,1,0:15:00,0:00:00,0,0,0
2062,2019-07-20 03:00:00,2019-07-20 03:15:00,9,23,0:04:33,0:10:27,1,0,1
2062,2019-07-20 03:15:00,2019-07-20 03:30:00,4,12,0:11:15,0:03:45,1,0,1
2062,2019-07-20 03:30:00,2019-07-20 03:45:00,0,2,0:15:00,0:00:00,0,0,0
2062,2019-07-20 03:45:00,2019-07-20 04:00:00,0,0,0:15:00,0:00:00,0,0,0
2062,2019-07-20 04:00:00,2019-07-20 04:15:00,13,41,0:01:57,0:13:03,0,0,0
2062,2019-07-20 04:15:00,2019-07-20 04:30:00,7,18,0:00:06,0:14:54,3,1,2
2062,2019-07-20 04:30:00,2019-07-20 04:45:00,2,17,0:14:04,0:00:56,1,0,1
2062,2019-07-20 04:45:00,2019-07-20 05:00:00,0,0,0:15:00,0:00:00,0,0,0
2062,2019-07-20 05:00:00,2019-07-20 05:15:00,5,12,0:07:12,0:07:48,0,0,0
2062,2019-07-20 05:15:00,2019-07-20 05:30:00,12,15,0:00:00,0:15:00,0,0,0
2062,2019-07-20 05:30:00,2019-07-20 05:45:00,14,28,0:00:00,0:15:00,0,0,0
2062,2019-07-20 05:45:00,2019-07-20 06:00:00,6,8,0:00:00,0:15:00,0,0,0
2062,2019-07-20 06:00:00,2019-07-20 06:15:00,11,17,0:00:00,0:15:00,0,0,0
2062,2019-07-20 06:15:00,2019-07-20 06:30:00,17,30,0:00:14,0:14:46,2,1,1
2062,2019-07-20 06:30:00,2019-07-20 06:45:00,10,17,0:00:01,0:14:59,1,0,1
2062,2019-07-20 06:45:00,2019-07-20 07:00:00,9,18,0:00:00,0:15:00,0,0,0
2062,2019-07-20 07:00:00,2019-07-20 07:15:00,4,22,0:06:46,0:08:14,4,2,2
2062,2019-07-20 07:15:00,2019-07-20 07:30:00,0,0,0:15:00,0:00:00,0,0,0
2062,2019-07-20 07:30:00,2019-07-20 07:45:00,0,6,0:15:00,0:00:00,0,0,0
2062,2019-07-20 07:45:00,2019-07-20 08:00:00,2,14,0:14:16,0:00:44,1,0,1
2062,2019-07-20 08:00:00,2019-07-20 08:15:00,10,19,0:00:00,0:15:00,0,0,0
2062,2019-07-20 08:15:00,2019-07-20 08:30:00,14,21,0:00:24,0:14:36,4,2,2
2062,2019-07-20 08:30:00,2019-07-20 08:45:00,10,26,0:01:27,0:13:33,1,0,1
2062,2019-07-20 08:45:00,2019-07-20 09:00:00,0,1,0:15:00,0:00:00,0,0,0
2062,2019-07-20 09:00:00,2019-07-20 09:15:00,0,0,0:15:00,0:00:00,0,0,0
2062,2019-07-20 09:15:00,2019-07-20 09:30:00,3,14,0:12:21,0:02:39,0,0,0
2062,2019-07-20 09:30:00,2019-07-20 09:45:00,9,22,0:00:00,0:15:00,0,0,0
2062,2019-07-20 09:45:00,2019-07-20 10:00:00,10,20,0:00:34,0:14:26,4,2,2
2062,2019-07-20 10:00:00,2019-07-20 10:15:00,14,21,0:00:00,0:15:00,0,0,0
2062,2019-07-20 10:15:00,2019-07-20 10:30:00,13,26,0:00:39,0:14:21,10,5,5
2062,2019-07-20 10:30:00,2019-07-20 10:45:00,10,20,0:01:11,0:13:49,2,1,1
2062,2019-07-20 10:45:00,2019-07-20 11:00:00,15,19,0:00:00,0:15:00,0,0,0
2062,2019-07-20 11:00:00,2019-07-20 11:15:00,15,29,0:00:21,0:14:39,1,0,1
2062,2019-07-20 11:15:00,2019-07-20 11:30:00,8,33,0:05:12,0:09:48,5,2,3
2062,2019-07-20 11:30:00,2019-07-20 11:45:00,9,34,0:05:50,0:09:10,4,2,2
2062,2019-07-20 11:45:00,2019-07-20 12:00:00,3,33,0:10:42,0:04:18,4,2,2
2062,2019-07-20 12:00:00,2019-07-20 12:15:00,13,40,0:00:29,0:14:31,8,4,4
2062,2019-07-20 12:15:00,2019-07-20 12:30:00,23,38,0:00:15,0:14:45,2,1,1
2062,2019-07-20 12:30:00,2019-07-20 12:45:00,10,36,0:05:37,0:09:23,12,6,6
2062,2019-07-20 12:45:00,2019-07-20 13:00:00,18,47,0:00:00,0:15:00,0,0,0
2062,2019-07-20 13:00:00,2019-07-20 13:15:00,6,16,0:11:12,0:03:48,1,0,1
2062,2019-07-20 13:15:00,2019-07-20 13:30:00,3,43,0:10:46,0:04:14,8,4,4
2062,2019-07-20 13:30:00,2019-07-20 13:45:00,12,44,0:02:35,0:12:25,1,0,1
2062,2019-07-20 13:45:00,2019-07-20 14:00:00,11,36,0:05:00,0:10:00,1,0,1
2062,2019-07-20 14:00:00,2019-07-20 14:15:00,0,0,0:15:00,0:00:00,0,0,0
2062,2019-07-20 14:15:00,2019-07-20 14:30:00,16,44,0:03:19,0:11:41,0,0,0
2062,2019-07-20 14:30:00,2019-07-20 14:45:00,17,32,0:00:05,0:14:55,1,0,1
2062,2019-07-20 14:45:00,2019-07-20 15:00:00,19,28,0:00:00,0:15:00,0,0,0
2062,2019-07-20 15:00:00,2019-07-20 15:15:00,2,16,0:10:47,0:04:13,3,1,2
2062,2019-07-20 15:15:00,2019-07-20 15:30:00,6,19,0:08:37,0:06:23,3,1,2
2062,2019-07-20 15:30:00,2019-07-20 15:45:00,16,29,0:00:00,0:15:00,0,0,0
2062,2019-07-20 15:45:00,2019-07-20 16:00:00,22,33,0:00:00,0:15:00,0,0,0
2062,2019-07-20 16:00:00,2019-07-20 16:15:00,0,14,0:13:55,0:01:05,1,0,1
2062,2019-07-20 16:15:00,2019-07-20 16:30:00,0,1,0:15:00,0:00:00,0,0,0
2062,2019-07-20 16:30:00,2019-07-20 16:45:00,0,0,0:15:00,0:00:00,0,0,0
2062,2019-07-20 16:45:00,2019-07-20 17:00:00,16,48,0:03:26,0:11:34,0,0,0
2062,2019-07-20 17:00:00,2019-07-20 17:15:00,13,26,0:00:01,0:14:59,1,0,1
2062,2019-07-20 17:15:00,2019-07-20 17:30:00,16,25,0:00:31,0:14:29,6,3,3
2062,2019-07-20 17:30:00,2019-07-20 17:45:00,20,39,0:00:01,0:14:59,1,0,1
2062,2019-07-20 17:45:00,2019-07-20 18:00:00,10,39,0:03:17,0:11:43,2,1,1
2062,2019-07-20 18:00:00,2019-07-20 18:15:00,11,19,0:00:28,0:14:32,4,2,2
2062,2019-07-20 18:15:00,2019-07-20 18:30:00,11,40,0:01:41,0:13:19,4,2,2
2062,2019-07-20 18:30:00,2019-07-20 18:45:00,8,34,0:05:56,0:09:04,6,3,3
2062,2019-07-20 18:45:00,2019-07-20 19:00:00,15,47,0:02:10,0:12:50,12,6,6
2062,2019-07-20 19:00:00,2019-07-20 19:15:00,5,24,0:12:47,0:02:13,1,0,1
2062,2019-07-20 19:15:00,2019-07-20 19:30:00,0,0,0:15:00,0:00:00,0,0,0
2062,2019-07-20 19:30:00,2019-07-20 19:45:00,5,25,0:03:22,0:11:38,4,2,2
2062,2019-07-20 19:45:00,2019-07-20 20:00:00,21,64,0:03:12,0:11:48,18,9,9
2062,2019-07-20 20:00:00,2019-07-20 20:15:00,20,50,0:00:39,0:14:21,6,3,3
2062,2019-07-20 20:15:00,2019-07-20 20:30:00,14,29,0:01:11,0:13:49,2,1,1
2062,2019-07-20 20:30:00,2019-07-20 20:45:00,0,0,0:15:00,0:00:00,0,0,0
2062,2019-07-20 20:45:00,2019-07-20 21:00:00,0,16,0:14:30,0:00:30,0,0,0
2062,2019-07-20 21:00:00,2019-07-20 21:15:00,15,29,0:00:09,0:14:51,3,1,2
2062,2019-07-20 21:15:00,2019-07-20 21:30:00,16,34,0:00:57,0:14:03,4,2,2
2062,2019-07-20 21:30:00,2019-07-20 21:45:00,3,29,0:09:27,0:05:33,1,0,1
2062,2019-07-20 21:45:00,2019-07-20 22:00:00,12,28,0:00:01,0:14:59,1,0,1
2062,2019-07-20 22:00:00,2019-07-20 22:15:00,12,24,0:00:01,0:14:59,1,0,1
2062,2019-07-20 22:15:00,2019-07-20 22:30:00,3,13,0:13:48,0:01:12,1,0,1
2062,2019-07-20 22:30:00,2019-07-20 22:45:00,0,1,0:15:00,0:00:00,0,0,0
2062,2019-07-20 22:45:00,2019-07-20 23:00:00,0,0,0:15:00,0:00:00,0,0,0
2062,2019-07-20 23:00:00,2019-07-20 23:15:00,0,0,0:15:00,0:00:00,0,0,0
2062,2019-07-20 23:15:00,2019-07-20 23:30:00,21,47,0:03:19,0:11:41,2,1,1
2062,2019-07-20 23:30:00,2019-07-20 23:45:00,20,31,0:00:01,0:14:59,1,0,1
2062,2019-07-20 23:45:00,2019-07-21 00:00:00,14,24,0:00:00,0:15:00,0,0,0
2062,2019-07-21 00:00:00,2019-07-21 00:15:00,2,9,0:13:31,0:01:29,2,1,1
2062,2019-07-21 00:15:00,2019-07-21 00:30:00,0,2,0:15:00,0:00:00,0,0,0
2062,2019-07-21 00:30:00,2019-07-21 00:45:00,5,26,0:09:19,0:05:41,2,1,1
2062,2019-07-21 00:45:00,2019-07-21 01:00:00,17,28,0:00:01,0:14:59,1,0,1
2062,2019-07-21 01:00:00,2019-07-21 01:15:00,7,19,0:10:33,0:04:27,1,0,1
2062,2019-07-21 01:15:00,2019-07-21 01:30:00,4,17,0:08:27,0:06:33,0,0,0
2062,2019-07-21 01:30:00,2019-07-21 01:45:00,11,23,0:00:00,0:15:00,0,0,0
2062,2019-07-21 01:45:00,2019-07-21 02:00:00,9,24,0:06:04,0:08:56,2,1,1
2062,2019-07-21 02:00:00,2019-07-21 02:15:00,0,0,0:15:00,0:00:00,0,0,0
2062,2019-07-21 02:15:00,2019-07-21 02:30:00,8,28,0:06:52,0:08:08,1,0,1
2062,2019-07-21 02:30:00,2019-07-21 02:45:00,1,6,0:13:44,0:01:16,1,0,1
2062,2019-07-21 02:45:00,2019-07-21 03:00:00,0,1,0:15:00,0:00:00,0,0,0
2062,2019-07-21 03:00:00,2019-07-21 03:15:00,0,1,0:15:00,0:00:00,0,0,0
2062,2019-07-21 03:15:00,2019-07-21 03:30:00,3,22,0:07:57,0:07:03,0,0,0
2062,2019-07-21 03:30:00,2019-07-21 03:45:00,12,26,0:00:29,0:14:31,4,2,2
2062,2019-07-21 03:45:00,2019-07-21 04:00:00,13,21,0:00:01,0:14:59,1,0,1
2062,2019-07-21 04:00:00,2019-07-21 04:15:00,4,19,0:10:53,0:04:07,1,0,1
2062,2019-07-21 04:15:00,2019-07-21 04:30:00,9,18,0:00:00,0:15:00,0,0,0
2062,2019-07-21 04:30:00,2019-07-21 04:45:00,6,15,0:06:04,0:08:56,2,1,1
2062,2019-07-21 04:45:00,2019-07-21 05:00:00,0,9,0:12:53,0:02:07,3,1,2
2062,2019-07-21 05:00:00,2019-07-21 05:15:00,14,24,0:00:04,0:14:56,1,0,1
2062,2019-07-21 05:15:00,2019-07-21 05:30:00,14,23,0:00:00,0:15:00,0,0,0
2062,2019-07-21 05:30:00,2019-07-21 05:45:00,8,13,0:00:00,0:15:00,0,0,0
2062,2019-07-21 05:45:00,2019-07-21 06:00:00,16,27,0:00:00,0:15:00,0,0,0
2062,2019-07-21 06:00:00,2019-07-21 06:15:00,14,18,0:00:18,0:14:42,4,2,2
2062,2019-07-21 06:15:00,2019-07-21 06:30:00,13,18,0:00:04,0:14:56,1,0,1
2062,2019-07-21 06:30:00,2019-07-21 06:45:00,11,19,0:00:03,0:14:57,1,0,1
2062,2019-07-21 06:45:00,2019-07-21 07:00:00,14,23,0:00:00,0:15:00,0,0,0
2062,2019-07-21 07:00:00,2019-07-21 07:15:00,9,19,0:04:58,0:10:02,5,2,3
2062,2019-07-21 07:15:00,2019-07-21 07:30:00,0,0,0:15:00,0:00:00,0,0,0
2062,2019-07-21 07:30:00,2019-07-21 07:45:00,0,0,0:15:00,0:00:00,0,0,0
2062,2019-07-21 07:45:00,2019-07-21 08:00:00,7,23,0:09:55,0:05:05,1,0,1
2062,2019-07-21 08:00:00,2019-07-21 08:15:00,20,39,0:00:37,0:14:23,5,2,3
2062,2019-07-21 08:15:00,2019-07-21 08:30:00,13,32,0:02:00,0:13:00,12,6,6
2062,2019-07-21 08:30:00,2019-07-21 08:45:00,0,1,0:15:00,0:00:00,0,0,0
2062,2019-07-21 08:45:00,2019-07-21 09:00:00,0,9,0:15:00,0:00:00,0,0,0
2062,2019-07-21 09:00:00,2019-07-21 09:15:00,0,0,0:15:00,0:00:00,0,0,0
2062,2019-07-21 09:15:00,2019-07-21 09:30:00,0,1,0:15:00,0:00:00,0,0,0
2062,2019-07-21 09:30:00,2019-07-21 09:45:00,0,0,0:15:00,0:00:00,0,0,0
2062,2019-07-21 09:45:00,2019-07-21 10:00:00,3,24,0:10:01,0:04:59,0,0,0
2062,2019-07-21 10:00:00,2019-07-21 10:15:00,17,40,0:00:41,0:14:19,7,3,4
2062,2019-07-21 10:15:00,2019-07-21 10:30:00,23,48,0:00:46,0:14:14,4,2,2
2062,2019-07-21 10:30:00,2019-07-21 10:45:00,10,20,0:00:00,0:15:00,0,0,0
2062,2019-07-21 10:45:00,2019-07-21 11:00:00,17,22,0:00:00,0:15:00,0,0,0
2062,2019-07-21 11:00:00,2019-07-21 11:15:00,11,45,0:08:15,0:06:45,8,4,4
2062,2019-07-21 11:15:00,2019-07-21 11:30:00,0,1,0:15:00,0:00:00,0,0,0
2062,2019-07-21 11:30:00,2019-07-21 11:45:00,6,33,0:04:56,0:10:04,1,0,1
2062,2019-07-21 11:45:00,2019-07-21 12:00:00,17,28,0:00:00,0:15:00,0,0,0
2062,2019-07-21 12:00:00,2019-07-21 12:15:00,12,21,0:00:00,0:15:00,0,0,0
2062,2019-07-21 12:15:00,2019-07-21 12:30:00,12,30,0:00:00,0:15:00,0,0,0
2062,2019-07-21 12:30:00,2019-07-21 12:45:00,20,34,0:00:11,0:14:49,3,1,2
2062,2019-07-21 12:45:00,2019-07-21 13:00:00,3,23,0:14:03,0:00:57,4,2,2
2062,2019-07-21 13:00:00,2019-07-21 13:15:00,0,0,0:15:00,0:00:00,0,0,0
2062,2019-07-21 13:15:00,2019-07-21 13:30:00,4,16,0:10:23,0:04:37,0,0,0
2062,2019-07-21 13:30:00,2019-07-21 13:45:00,10,32,0:00:00,0:15:00,0,0,0
2062,2019-07-21 13:45:00,2019-07-21 14:00:00,14,22,0:00:00,0:15:00,0,0,0
2062,2019-07-21 14:00:00,2019-07-21 14:15:00,10,30,0:02:58,0:12:02,2,1,1
2062,2019-07-21 14:15:00,2019-07-21 14:30:00,3,14,0:08:51,0:06:09,8,4,4
2062,2019-07-21 14:30:00,2019-07-21 14:45:00,12,28,0:00:00,0:15:00,0,0,0
2062,2019-07-21 14:45:00,2019-07-21 15:00:00,7,22,0:08:13,0:06:47,1,0,1
2062,2019-07-21 15:00:00,2019-07-21 15:15:00,0,5,0:15:00,0:00:00,0,0,0
2062,2019-07-21 15:15:00,2019-07-21 15:30:00,0,0,0:15:00,0:00:00,0,0,0
2062,2019-07-21 15:30:00,2019-07-21 15:45:00,1,14,0:12:18,0:02:42,0,0,0
2062,2019-07-21 15:45:00,2019-07-21 16:00:00,19,41,0:00:08,0:14:52,2,1,1
2062,2019-07-21 16:00:00,2019-07-21 16:15:00,19,36,0:00:54,0:14:06,3,1,2
2062,2019-07-21 16:15:00,2019-07-21 16:30:00,19,40,0:00:00,0:15:00,0,0,0
2062,2019-07-21 16:30:00,2019-07-21 16:45:00,1,16,0:12:41,0:02:19,1,0,1
2062,2019-07-21 16:45:00,2019-07-21 17:00:00,0,0,0:15:00,0:00:00,0,0,0
2062,2019-07-21 17:00:00,2019-07-21 17:15:00,7,21,0:05:58,0:09:02,1,0,1
2062,2019-07-21 17:15:00,2019-07-21 17:30:00,20,34,0:00:00,0:15:00,0,0,0
2062,2019-07-21 17:30:00,2019-07-21 17:45:00,14,28,0:00:00,0:15:00,0,0,0
2062,2019-07-21 17:45:00,2019-07-21 18:00:00,8,24,0:09:49,0:05:11,1,0,1
2062,2019-07-21 18:00:00,2019-07-21 18:15:00,12,35,0:00:51,0:14:09,1,0,1
2062,2019-07-21 18:15:00,2019-07-21 18:30:00,2,12,0:13:27,0:01:33,1,0,1
2062,2019-07-21 18:30:00,2019-07-21 18:45:00,0,2,0:15:00,0:00:00,0,0,0
2062,2019-07-21 18:45:00,2019-07-21 19:00:00,12,34,0:01:17,0:13:43,6,3,3
2062,2019-07-21 19:00:00,2019-07-21 19:15:00,18,35,0:00:00,0:15:00,0,0,0
2062,2019-07-21 19:15:00,2019-07-21 19:30:00,11,25,0:03:41,0:11:19,1,0,1
2062,2019-07-21 19:30:00,2019-07-21 19:45:00,0,1,0:15:00,0:00:00,0,0,0
2062,2019-07-21 19:45:00,2019-07-21 20:00:00,0,1,0:15:00,0:00:00,0,0,0
2062,2019-07-21 20:00:00,2019-07-21 20:15:00,1,13,0:10:56,0:04:04,0,0,0
2062,2019-07-21 20:15:00,2019-07-21 20:30:00,23,44,0:00:26,0:14:34,5,2,3
2062,2019-07-21 20:30:00,2019-07-21 20:45:00,31,47,0:00:58,0:14:02,5,2,3
2062,2019-07-21 20:45:00,2019-07-21 21:00:00,12,27,0:00:00,0:15:00,0,0,0
2062,2019-07-21 21:00:00,2019-07-21 21:15:00,15,19,0:00:00,0:15:00,0,0,0
2062,2019-07-21 21:15:00,2019-07-21 21:30:00,8,20,0:05:41,0:09:19,1,0,1
2062,2019-07-21 21:30:00,2019-07-21 21:45:00,0,0,0:15:00,0:00:00,0,0,0
2062,2019-07-21 21:45:00,2019-07-21 22:00:00,0,0,0:15:00,0:00:00,0,0,0
2062,2019-07-21 22:00:00,2019-07-21 22:15:00,13,29,0:02:27,0:12:33,2,1,1
2062,2019-07-21 22:15:00,2019-07-21 22:30:00,9,28,0:00:27,0:14:33,3,1,2
2062,2019-07-21 22:30:00,2019-07-21 22:45:00,18,25,0:00:01,0:14:59,1,0,1
2062,2019-07-21 22:45:00,2019-07-21 23:00:00,6,21,0:09:14,0:05:46,5,2,3
2062,2019-07-21 23:00:00,2019-07-21 23:15:00,0,0,0:15:00,0:00:00,0,0,0
2062,2019-07-21 23:15:00,2019-07-21 23:30:00,0,0,0:15:00,0:00:00,0,0,0
2062,2019-07-21 23:30:00,2019-07-21 23:45:00,10,23,0:07:08,0:07:52,2,1,1
2062,2019-07-21 23:45:00,2019-07-22 00:00:00,18,25,0:00:00,0:15:00,0,0,0
2062,2019-07-22 00:00:00,2019-07-22 00:15:00,11,29,0:06:53,0:08:07,2,1,1
2062,2019-07-22 00:15:00,2019-07-22 00:30:00,0,1,0:15:00,0:00:00,0,0,0
2062,2019-07-22 00:30:00,2019-07-22 00:45:00,0,0,0:15:00,0:00:00,0,0,0
2062,2019-07-22 00:45:00,2019-07-22 01:00:00,1,14,0:13:40,0:01:20,0,0,0
2062,2019-07-22 01:00:00,2019-07-22 01:15:00,11,18,0:00:00,0:15:00,0,0,0
2062,2019-07-22 01:15:00,2019-07-22 01:30:00,3,6,0:14:21,0:00:39,1,0,1
2062,2019-07-22 01:30:00,2019-07-22 01:45:00,0,0,0:15:00,0:00:00,0,0,0
2062,2019-07-22 01:45:00,2019-07-22 02:00:00,1,13,0:11:14,0:03:46,0,0,0
2062,2019-07-22 02:00:00,2019-07-22 02:15:00,6,20,0:07:13,0:07:47,2,1,1
2062,2019-07-22 02:15:00,2019-07-22 02:30:00,0,0,0:15:00,0:00:00,0,0,0
2062,2019-07-22 02:30:00,2019-07-22 02:45:00,0,2,0:15:00,0:00:00,0,0,0
2062,2019-07-22 02:45:00,2019-07-22 03:00:00,0,0,0:15:00,0:00:00,0,0,0
2062,2019-07-22 03:00:00,2019-07-22 03:15:00,0,0,0:15:00,0:00:00,0,0,0
2062,2019-07-22 03:15:00,2019-07-22 03:30:00,0,0,0:15:00,0:00:00,0,0,0
2062,2019-07-22 03:30:00,2019-07-22 03:45:00,0,0,0:15:00,0:00:00,0,0,0
2062,2019-07-22 03:45:00,2019-07-22 04:00:00,0,0,0:15:00,0:00:00,0,0,0
2062,2019-07-22 04:00:00,2019-07-22 04:15:00,0,3,0:15:00,0:00:00,0,0,0
2062,2019-07-22 04:15:00,2019-07-22 04:30:00,8,37,0:09:24,0:05:36,5,2,3
2062,2019-07-22 04:30:00,2019-07-22 04:45:00,0,0,0:15:00,0:00:00,0,0,0
2062,2019-07-22 04:45:00,2019-07-22 05:00:00,0,0,0:15:00,0:00:00,0,0,0
2062,2019-07-22 05:00:00,2019-07-22 05:15:00,1,11,0:13:55,0:01:05,0,0,0
2062,2019-07-22 05:15:00,2019-07-22 05:30:00,17,28,0:00:01,0:14:59,1,0,1
2062,2019-07-22 05:30:00,2019-07-22 05:45:00,21,40,0:00:00,0:15:00,0,0,0
2062,2019-07-22 05:45:00,2019-07-22 06:00:00,11,20,0:00:00,0:15:00,0,0,0
2062,2019-07-22 06:00:00,2019-07-22 06:15:00,9,17,0:00:00,0:15:00,0,0,0
2062,2019-07-22 06:15:00,2019-07-22 06:30:00,14,32,0:00:01,0:14:59,1,0,1
2062,2019-07-22 06:30:00,2019-07-22 06:45:00,19,33,0:00:56,0:14:04,6,3,3
2062,2019-07-22 06:45:00,2019-07-22 07:00:00,15,34,0:00:58,0:14:02,6,3,3
2062,2019-07-22 07:00:00,2019-07-22 07:15:00,13,35,0:00:56,0:14:04,8,4,4
2062,2019-07-22 07:15:00,2019-07-22 07:30:00,19,38,0:01:09,0:13:51,9,4,5
2062,2019-07-22 07:30:00,2019-07-22 07:45:00,19,34,0:02:12,0:12:48,10,5,5
2062,2019-07-22 07:45:00,2019-07-22 08:00:00,6,18,0:11:37,0:03:23,1,0,1
2062,2019-07-22 08:00:00,2019-07-22 08:15:00,0,1,0:15:00,0:00:00,0,0,0
2062,2019-07-22 08:15:00,2019-07-22 08:30:00,0,0,0:15:00,0:00:00,0,0,0
2062,2019-07-22 08:30:00,2019-07-22 08:45:00,1,13,0:12:44,0:02:16,1,0,1
2062,2019-07-22 08:45:00,2019-07-22 09:00:00,18,33,0:01:03,0:13:57,7,3,4
2062,2019-07-22 09:00:00,2019-07-22 09:15:00,13,42,0:00:12,0:14:48,4,2,2
2062,2019-07-22 09:15:00,2019-07-22 09:30:00,11,25,0:01:19,0:13:41,11,5,6
2062,2019-07-22 09:30:00,2019-07-22 09:45:00,20,45,0:00:28,0:14:32,7,3,4
2062,2019-07-22 09:45:00,2019-07-22 10:00:00,8,59,0:08:47,0:06:13,6,3,3
2062,2019-07-22 10:00:00,2019-07-22 10:15:00,12,21,0:00:18,0:14:42,6,3,3
2062,2019-07-22 10:15:00,2019-07-22 10:30:00,12,30,0:01:52,0:13:08,5,2,3
2062,2019-07-22 10:30:00,2019-07-22 10:45:00,15,37,0:03:14,0:11:46,3,1,2
2062,2019-07-22 10:45:00,2019-07-22 11:00:00,0,0,0:15:00,0:00:00,0,0,0
2062,2019-07-22 11:00:00,2019-07-22 11:15:00,0,0,0:15:00,0:00:00,0,0,0
2062,2019-07-22 11:15:00,2019-07-22 11:30:00,0,2,0:15:00,0:00:00,0,0,0
2062,2019-07-22 11:30:00,2019-07-22 11:45:00,0,3,0:15:00,0:00:00,0,0,0
2062,2019-07-22 11:45:00,2019-07-22 12:00:00,0,1,0:15:00,0:00:00,0,0,0
2062,2019-07-22 12:00:00,2019-07-22 12:15:00,3,20,0:11:51,0:03:09,6,3,3
2062,2019-07-22 12:15:00,2019-07-22 12:30:00,20,46,0:01:33,0:13:27,14,7,7
2062,2019-07-22 12:30:00,2019-07-22 12:45:00,12,22,0:00:44,0:14:16,6,3,3
2062,2019-07-22 12:45:00,2019-07-22 13:00:00,16,22,0:00:00,0:15:00,0,0,0
2062,2019-07-22 13:00:00,2019-07-22 13:15:00,13,40,0:05:42,0:09:18,1,0,1
2062,2019-07-22 13:15:00,2019-07-22 13:30:00,0,0,0:15:00,0:00:00,0,0,0
2062,2019-07-22 13:30:00,2019-07-22 13:45:00,0,0,0:15:00,0:00:00,0,0,0
2062,2019-07-22 13:45:00,2019-07-22 14:00:00,0,0,0:15:00,0:00:00,0,0,0
2062,2019-07-22 14:00:00,2019-07-22 14:15:00,0,1,0:15:00,0:00:00,0,0,0
2062,2019-07-22 14:15:00,2019-07-22 14:30:00,0,2,0:15:00,0:00:00,0,0,0
2062,2019-07-22 14:30:00,2019-07-22 14:45:00,0,0,0:15:00,0:00:00,0,0,0
2062,2019-07-22 14:45:00,2019-07-22 15:00:00,0,5,0:15:00,0:00:00,0,0,0
2062,2019-07-22 15:00:00,2019-07-22 15:15:00,0,0,0:15:00,0:00:00,0,0,0
2062,2019-07-22 15:15:00,2019-07-22 15:30:00,12,47,0:07:04,0:07:56,6,3,3
2062,2019-07-22 15:30:00,2019-07-22 15:45:00,17,24,0:00:00,0:15:00,0,0,0
2062,2019-07-22 15:45:00,2019-07-22 16:00:00,11,25,0:00:01,0:14:59,1,0,1
2062,2019-07-22 16:00:00,2019-07-22 16:15:00,21,43,0:00:32,0:14:28,4,2,2
2062,2019-07-22 16:15:00,2019-07-22 16:30:00,0,1,0:15:00,0:00:00,0,0,0
2062,2019-07-22 16:30:00,2019-07-22 16:45:00,0,2,0:15:00,0:00:00,0,0,0
2062,2019-07-22 16:45:00,2019-07-22 17:00:00,3,19,0:10:18,0:04:42,0,0,0
2062,2019-07-22 17:00:00,2019-07-22 17:15:00,20,30,0:00:42,0:14:18,6,3,3
2062,2019-07-22 17:15:00,2019-07-22 17:30:00,22,30,0:00:02,0:14:58,2,1,1
2062,2019-07-22 17:30:00,2019-07-22 17:45:00,14,19,0:00:00,0:15:00,0,0,0
2062,2019-07-22 17:45:00,2019-07-22 18:00:00,17,42,0:03:16,0:11:44,2,1,1
2062,2019-07-22 18:00:00,2019-07-22 18:15:00,0,0,0:15:00,0:00:00,0,0,0
2062,2019-07-22 18:15:00,2019-07-22 18:30:00,0,0,0:15:00,0:00:00,0,0,0
2062,2019-07-22 18:30:00,2019-07-22 18:45:00,5,19,0:04:58,0:10:02,1,0,1
2062,2019-07-22 18:45:00,2019-07-22 19:00:00,8,8,0:00:04,0:14:56,2,1,1
2062,2019-07-22 19:00:00,2019-07-22 19:15:00,6,17,0:09:16,0:05:44,1,0,1
2062,2019-07-22 19:15:00,2019-07-22 19:30:00,0,0,0:15:00,0:00:00,0,0,0
2062,2019-07-22 19:30:00,2019-07-22 19:45:00,0,0,0:15:00,0:00:00,0,0,0
2062,2019-07-22 19:45:00,2019-07-22 20:00:00,0,0,0:15:00,0:00:00,0,0,0
2062,2019-07-22 20:00:00,2019-07-22 20:15:00,17,57,0:04:00,0:11:00,11,5,6
2062,2019-07-22 20:15:00,2019-07-22 20:30:00,17,30,0:00:12,0:14:48,2,1,1
2062,2019-07-22 20:30:00,2019-07-22 20:45:00,24,31,0:00:05,0:14:55,3,1,2
2062,2019-07-22 20:45:00,2019-07-22 21:00:00,10,15,0:00:00,0:15:00,0,0,0
2062,2019-07-22 21:00:00,2019-07-22 21:15:00,14,14,0:00:00,0:15:00,0,0,0
2062,2019-07-22 21:15:00,2019-07-22 21:30:00,16,37,0:03:30,0:11:30,3,1,2
2062,2019-07-22 21:30:00,2019-07-22 21:45:00,0,0,0:15:00,0:00:00,0,0,0
2062,2019-07-22 21:45:00,2019-07-22 22:00:00,0,2,0:15:00,0:00:00,0,0,0
2062,2019-07-22 22:00:00,2019-07-22 22:15:00,0,0,0:15:00,0:00:00,0,0,0
2062,2019-07-22 22:15:00,2019-07-22 22:30:00,0,1,0:15:00,0:00:00,0,0,0
2062,2019-07-22 22:30:00,2019-07-22 22:45:00,1,20,0:10:48,0:04:12,0,0,0
2062,2019-07-22 22:45:00,2019-07-22 23:00:00,6,15,0:12:45,0:02:15,1,0,1
2062,2019-07-22 23:00:00,2019-07-22 23:15:00,0,0,0:15:00,0:00:00,0,0,0
2062,2019-07-22 23:15:00,2019-07-22 23:30:00,0,0,0:15:00,0:00:00,0,0,0
2062,2019-07-22 23:30:00,2019-07-22 23:45:00,0,0,0:15:00,0:00:00,0,0,0
2062,2019-07-22 23:45:00,2019-07-23 00:00:00,7,33,0:07:20,0:07:40,4,2,2
2062,2019-07-23 00:00:00,2019-07-23 00:15:00,0,0,0:15:00,0:00:00,0,0,0
2062,2019-07-23 00:15:00,2019-07-23 00:30:00,0,2,0:15:00,0:00:00,0,0,0
2062,2019-07-23 00:30:00,2019-07-23 00:45:00,2,13,0:10:55,0:04:05,0,0,0
2062,2019-07-23 00:45:00,2019-07-23 01:00:00,13,18,0:00:01,0:14:59,1,0,1
2062,2019-07-23 01:00:00,2019-07-23 01:15:00,4,13,0:13:54,0:01:06,1,0,1
2062,2019-07-23 01:15:00,2019-07-23 01:30:00,0,4,0:15:00,0:00:00,0,0,0
2062,2019-07-23 01:30:00,2019-07-23 01:45:00,0,1,0:15:00,0:00:00,0,0,0
2062,2019-07-23 01:45:00,2019-07-23 02:00:00,0,3,0:15:00,0:00:00,0,0,0
2062,2019-07-23 02:00:00,2019-07-23 02:15:00,7,19,0:04:57,0:10:03,0,0,0
2062,2019-07-23 02:15:00,2019-07-23 02:30:00,3,14,0:12:18,0:02:42,1,0,1
2062,2019-07-23 02:30:00,2019-07-23 02:45:00,0,0,0:15:00,0:00:00,0,0,0
2062,2019-07-23 02:45:00,2019-07-23 03:00:00,0,0,0:15:00,0:00:00,0,0,0
2062,2019-07-23 03:00:00,2019-07-23 03:15:00,0,0,0:15:00,0:00:00,0,0,0
2062,2019-07-23 03:15:00,2019-07-23 03:30:00,0,1,0:15:00,0:00:00,0,0,0
2062,2019-07-23 03:30:00,2019-07-23 03:45:00,0,0,0:15:00,0:00:00,0,0,0
2062,2019-07-23 03:45:00,2019-07-23 04:00:00,0,1,0:15:00,0:00:00,0,0,0
2062,2019-07-23 04:00:00,2019-07-23 04:15:00,0,1,0:15:00,0:00:00,0,0,0
2062,2019-07-23 04:15:00,2019-07-23 04:30:00,0,7,0:10:43,0:04:17,0,0,0
2062,2019-07-23 04:30:00,2019-07-23 04:45:00,18,33,0:00:00,0:15:00,0,0,0
2062,2019-07-23 04:45:00,2019-07-23 05:00:00,14,29,0:00:34,0:14:26,1,0,1
2062,2019-07-23 05:00:00,2019-07-23 05:15:00,0,0,0:15:00,0:00:00,0,0,0
2062,2019-07-23 05:15:00,2019-07-23 05:30:00,0,1,0:15:00,0:00:00,0,0,0
2062,2019-07-23 05:30:00,2019-07-23 05:45:00,4,13,0:09:51,0:05:09,1,0,1
2062,2019-07-23 05:45:00,2019-07-23 06:00:00,13,14,0:00:00,0:15:00,0,0,0
2062,2019-07-23 06:00:00,2019-07-23 06:15:00,22,52,0:00:26,0:14:34,3,1,2
2062,2019-07-23 06:15:00,2019-07-23 06:30:00,15,31,0:00:05,0:14:55,1,0,1
2062,2019-07-23 06:30:00,2019-07-23 06:45:00,11,20,0:00:13,0:14:47,3,1,2
2062,2019-07-23 06:45:00,2019-07-23 07:00:00,16,26,0:00:04,0:14:56,1,0,1
2062,2019-07-23 07:00:00,2019-07-23 07:15:00,29,47,0:00:00,0:15:00,0,0,0
2062,2019-07-23 07:15:00,2019-07-23 07:30:00,15,27,0:00:06,0:14:54,2,1,1
2062,2019-07-23 07:30:00,2019-07-23 07:45:00,2,12,0:14:16,0:00:44,4,2,2
2062,2019-07-23 07:45:00,2019-07-23 08:00:00,0,0,0:15:00,0:00:00,0,0,0
2062,2019-07-23 08:00:00,2019-07-23 08:15:00,0,1,0:15:00,0:00:00,0,0,0
2062,2019-07-23 08:15:00,2019-07-23 08:30:00,0,2,0:15:00,0:00:00,0,0,0
2062,2019-07-23 08:30:00,2019-07-23 08:45:00,6,27,0:10:53,0:04:07,7,3,4
2062,2019-07-23 08:45:00,2019-07-23 09:00:00,18,24,0:01:45,0:13:15,10,5,5
2062,2019-07-23 09:00:00,2019-07-23 09:15:00,13,21,0:00:23,0:14:37,5,2,3
2062,2019-07-23 09:15:00,2019-07-23 09:30:00,18,34,0:00:01,0:14:59,1,0,1
2062,2019-07-23 09:30:00,2019-07-23 09:45:00,18,26,0:00:00,0:15:00,0,0,0
2062,2019-07-23 09:45:00,2019-07-23 10:00:00,10,21,0:00:09,0:14:51,1,0,1
2062,2019-07-23 10:00:00,2019-07-23 10:15:00,6,17,0:00:00,0:15:00,0,0,0
2062,2019-07-23 10:15:00,2019-07-23 10:30:00,17,28,0:00:40,0:14:20,8,4,4
2062,2019-07-23 10:30:00,2019-07-23 10:45:00,15,25,0:00:24,0:14:36,3,1,2
2062,2019-07-23 10:45:00,2019-07-23 11:00:00,17,25,0:00:01,0:14:59,1,0,1
2062,2019-07-23 11:00:00,2019-07-23 11:15:00,8,19,0:09:16,0:05:44,3,1,2
2062,2019-07-23 11:15:00,2019-07-23 11:30:00,11,24,0:02:56,0:12:04,9,4,5
2062,2019-07-23 11:30:00,2019-07-23 11:45:00,28,73,0:00:10,0:14:50,4,2,2
2062,2019-07-23 11:45:00,2019-07-23 12:00:00,7,27,0:11:41,0:03:19,5,2,3
2062,2019-07-23 12:00:00,2019-07-23 12:15:00,0,0,0:15:00,0:00:00,0,0,0
2062,2019-07-23 12:15:00,2019-07-23 12:30:00,0,0,0:15:00,0:00:00,0,0,0
2062,2019-07-23 12:30:00,2019-07-23 12:45:00,4,22,0:11:16,0:03:44,12,6,6
2062,2019-07-23 12:45:00,2019-07-23 13:00:00,22,42,0:01:54,0:13:06,18,9,9
2062,2019-07-23 13:00:00,2019-07-23 13:15:00,13,26,0:09:09,0:05:51,1,0,1
2062,2019-07-23 13:15:00,2019-07-23 13:30:00,0,7,0:15:00,0:00:00,0,0,0
2062,2019-07-23 13:30:00,2019-07-23 13:45:00,0,12,0:15:00,0:00:00,0,0,0
2062,2019-07-23 13:45:00,2019-07-23 14:00:00,0,4,0:15:00,0:00:00,0,0,0
2062,2019-07-23 14:00:00,2019-07-23 14:15:00,0,4,0:15:00,0:00:00,0,0,0
2062,2019-07-23 14:15:00,2019-07-23 14:30:00,0,3,0:15:00,0:00:00,0,0,0
2062,2019-07-23 14:30:00,2019-07-23 14:45:00,0,18,0:14:58,0:00:02,0,0,0
2062,2019-07-23 14:45:00,2019-07-23 15:00:00,15,26,0:01:14,0:13:46,5,2,3
2062,2019-07-23 15:00:00,2019-07-23 15:15:00,17,24,0:00:33,0:14:27,3,1,2
2062,2019-07-23 15:15:00,2019-07-23 15:30:00,13,35,0:01:15,0:13:45,2,1,1
2062,2019-07-23 15:30:00,2019-07-23 15:45:00,10,30,0:06:25,0:08:35,1,0,1
2062,2019-07-23 15:45:00,2019-07-23 16:00:00,0,0,0:15:00,0:00:00,0,0,0
2062,2019-07-23 16:00:00,2019-07-23 16:15:00,0,0,0:15:00,0:00:00,0,0,0
2062,2019-07-23 16:15:00,2019-07-23 16:30:00,0,0,0:15:00,0:00:00,0,0,0
2062,2019-07-23 16:30:00,2019-07-23 16:45:00,0,0,0:15:00,0:00:00,0,0,0
2062,2019-07-23 16:45:00,2019-07-23 17:00:00,12,36,0:05:51,0:09:09,6,3,3
2062,2019-07-23 17:00:00,2019-07-23 17:15:00,20,37,0:00:24,0:14:36,3,1,2
2062,2019-07-23 17:15:00,2019-07-23 17:30:00,15,29,0:00:12,0:14:48,3,1,2
2062,2019-07-23 17:30:00,2019-07-23 17:45:00,17,40,0:00:01,0:14:59,1,0,1
2062,2019-07-23 17:45:00,2019-07-23 18:00:00,5,14,0:11:25,0:03:35,1,0,1
2062,2019-07-23 18:00:00,2019-07-23 18:15:00,0,0,0:15:00,0:00:00,0,0,0
2062,2019-07-23 18:15:00,2019-07-23 18:30:00,0,0,0:15:00,0:00:00,0,0,0
2062,2019-07-23 18:30:00,2019-07-23 18:45:00,0,15,0:15:00,0:00:00,0,0,0
2062,2019-07-23 18:45:00,2019-07-23 19:00:00,6,18,0:00:56,0:14:04,9,4,5
2062,2019-07-23 19:00:00,2019-07-23 19:15:00,9,22,0:06:04,0:08:56,1,0,1
2062,2019-07-23 19:15:00,2019-07-23 19:30:00,0,0,0:15:00,0:00:00,0,0,0
2062,2019-07-23 19:30:00,2019-07-23 19:45:00,0,1,0:15:00,0:00:00,0,0,0
2062,2019-07-23 19:45:00,2019-07-23 20:00:00,16,42,0:01:27,0:13:33,8,4,4
2062,2019-07-23 20:00:00,2019-07-23 20:15:00,11,20,0:00:00,0:15:00,0,0,0
2062,2019-07-23 20:15:00,2019-07-23 20:30:00,18,20,0:01:12,0:13:48,3,1,2
2062,2019-07-23 20:30:00,2019-07-23 20:45:00,15,27,0:02:41,0:12:19,1,0,1
2062,2019-07-23 20:45:00,2019-07-23 21:00:00,0,0,0:15:00,0:00:00,0,0,0
2062,2019-07-23 21:00:00,2019-07-23 21:15:00,0,0,0:15:00,0:00:00,0,0,0
2062,2019-07-23 21:15:00,2019-07-23 21:30:00,0,1,0:15:00,0:00:00,0,0,0
2062,2019-07-23 21:30:00,2019-07-23 21:45:00,0,0,0:15:00,0:00:00,0,0,0
2062,2019-07-23 21:45:00,2019-07-23 22:00:00,0,0,0:15:00,0:00:00,0,0,0
2062,2019-07-23 22:00:00,2019-07-23 22:15:00,0,0,0:15:00,0:00:00,0,0,0
2062,2019-07-23 22:15:00,2019-07-23 22:30:00,10,27,0:06:53,0:08:07,0,0,0
2062,2019-07-23 22:30:00,2019-07-23 22:45:00,4,16,0:12:36,0:02:24,1,0,1
2062,2019-07-23 22:45:00,2019-07-23 23:00:00,0,4,0:15:00,0:00:00,0,0,0
2062,2019-07-23 23:00:00,2019-07-23 23:15:00,0,9,0:11:51,0:03:09,1,0,1
2062,2019-07-23 23:15:00,2019-07-23 23:30:00,11,94,0:04:01,0:10:59,6,3,3
2062,2019-07-23 23:30:00,2019-07-23 23:45:00,0,0,0:15:00,0:00:00,0,0,0
2062,2019-07-23 23:45:00,2019-07-24 00:00:00,0,0,0:15:00,0:00:00,0,0,0
2062,2019-07-24 00:00:00,2019-07-24 00:15:00,0,0,0:15:00,0:00:00,0,0,0
2062,2019-07-24 00:15:00,2019-07-24 00:30:00,13,28,0:01:31,0:13:29,0,0,0
2062,2019-07-24 00:30:00,2019-07-24 00:45:00,4,18,0:14:34,0:00:26,2,1,1
2062,2019-07-24 00:45:00,2019-07-24 01:00:00,0,0,0:15:00,0:00:00,0,0,0
2062,2019-07-24 01:00:00,2019-07-24 01:15:00,0,0,0:15:00,0:00:00,0,0,0
2062,2019-07-24 01:15:00,2019-07-24 01:30:00,0,1,0:15:00,0:00:00,0,0,0
2062,2019-07-24 01:30:00,2019-07-24 01:45:00,4,16,0:10:45,0:04:15,3,1,2
2062,2019-07-24 01:45:00,2019-07-24 02:00:00,1,12,0:13:08,0:01:52,2,1,1
2062,2019-07-24 02:00:00,2019-07-24 02:15:00,0,0,0:15:00,0:00:00,0,0,0
2062,2019-07-24 02:15:00,2019-07-24 02:30:00,0,0,0:15:00,0:00:00,0,0,0
2062,2019-07-24 02:30:00,2019-07-24 02:45:00,0,0,0:15:00,0:00:00,0,0,0
2062,2019-07-24 02:45:00,2019-07-24 03:00:00,0,0,0:15:00,0:00:00,0,0,0
2062,2019-07-24 03:00:00,2019-07-24 03:15:00,0,0,0:15:00,0:00:00,0,0,0
2062,2019-07-24 03:15:00,2019-07-24 03:30:00,0,0,0:15:00,0:00:00,0,0,0
2062,2019-07-24 03:30:00,2019-07-24 03:45:00,0,2,0:15:00,0:00:00,0,0,0
2062,2019-07-24 03:45:00,2019-07-24 04:00:00,1,10,0:13:17,0:01:43,0,0,0
2062,2019-07-24 04:00:00,2019-07-24 04:15:00,2,17,0:11:39,0:03:21,2,1,1
2062,2019-07-24 04:15:00,2019-07-24 04:30:00,0,0,0:15:00,0:00:00,0,0,0
2062,2019-07-24 04:30:00,2019-07-24 04:45:00,0,1,0:15:00,0:00:00,0,0,0
2062,2019-07-24 04:45:00,2019-07-24 05:00:00,0,0,0:15:00,0:00:00,0,0,0
2062,2019-07-24 05:00:00,2019-07-24 05:15:00,0,13,0:14:47,0:00:13,0,0,0
2062,2019-07-24 05:15:00,2019-07-24 05:30:00,14,19,0:00:00,0:15:00,0,0,0
2062,2019-07-24 05:30:00,2019-07-24 05:45:00,5,7,0:00:00,0:15:00,0,0,0
2062,2019-07-24 05:45:00,2019-07-24 06:00:00,10,13,0:00:37,0:14:23,7,3,4
2062,2019-07-24 06:00:00,2019-07-24 06:15:00,11,19,0:00:43,0:14:17,5,2,3
2062,2019-07-24 06:15:00,2019-07-24 06:30:00,17,26,0:01:58,0:13:02,9,4,5
2062,2019-07-24 06:30:00,2019-07-24 06:45:00,11,23,0:00:05,0:14:55,2,1,1
2062,2019-07-24 06:45:00,2019-07-24 07:00:00,5,16,0:02:02,0:12:58,6,3,3
2062,2019-07-24 07:00:00,2019-07-24 07:15:00,12,14,0:00:25,0:14:35,6,3,3
2062,2019-07-24 07:15:00,2019-07-24 07:30:00,2,11,0:12:37,0:02:23,1,0,1
2062,2019-07-24 07:30:00,2019-07-24 07:45:00,0,0,0:15:00,0:00:00,0,0,0
2062,2019-07-24 07:45:00,2019-07-24 08:00:00,0,0,0:15:00,0:00:00,0,0,0
2062,2019-07-24 08:00:00,2019-07-24 08:15:00,0,0,0:15:00,0:00:00,0,0,0
2062,2019-07-24 08:15:00,2019-07-24 08:30:00,0,1,0:15:00,0:00:00,0,0,0
2062,2019-07-24 08:30:00,2019-07-24 08:45:00,0,0,0:15:00,0:00:00,0,0,0
2062,2019-07-24 08:45:00,2019-07-24 09:00:00,0,3,0:15:00,0:00:00,0,0,0
2062,2019-07-24 09:00:00,2019-07-24 09:15:00,10,36,0:05:54,0:09:06,17,8,9
2062,2019-07-24 09:15:00,2019-07-24 09:30:00,11,19,0:01:07,0:13:53,6,3,3
2062,2019-07-24 09:30:00,2019-07-24 09:45:00,15,31,0:01:43,0:13:17,7,3,4
2062,2019-07-24 09:45:00,2019-07-24 10:00:00,11,15,0:00:00,0:15:00,0,0,0
2062,2019-07-24 10:00:00,2019-07-24 10:15:00,10,15,0:00:00,0:15:00,0,0,0
2062,2019-07-24 10:15:00,2019-07-24 10:30:00,8,16,0:00:00,0:15:00,0,0,0
2062,2019-07-24 10:30:00,2019-07-24 10:45:00,5,12,0:00:30,0:14:30,2,1,1
2062,2019-07-24 10:45:00,2019-07-24 11:00:00,13,26,0:00:01,0:14:59,1,0,1
2062,2019-07-24 11:00:00,2019-07-24 11:15:00,17,52,0:04:35,0:10:25,2,1,1
2062,2019-07-24 11:15:00,2019-07-24 11:30:00,17,45,0:01:35,0:13:25,2,1,1
2062,2019-07-24 11:30:00,2019-07-24 11:45:00,13,49,0:03:33,0:11:27,11,5,6
2062,2019-07-24 11:45:00,2019-07-24 12:00:00,0,1,0:15:00,0:00:00,0,0,0
2062,2019-07-24 12:00:00,2019-07-24 12:15:00,0,0,0:15:00,0:00:00,0,0,0
2062,2019-07-24 12:15:00,2019-07-24 12:30:00,6,15,0:03:45,0:11:15,8,4,4
2062,2019-07-24 12:30:00,2019-07-24 12:45:00,18,31,0:00:01,0:14:59,1,0,1
2062,2019-07-24 12:45:00,2019-07-24 13:00:00,24,47,0:01:07,0:13:53,15,7,8
2062,2019-07-24 13:00:00,2019-07-24 13:15:00,5,8,0:08:31,0:06:29,1,0,1
2062,2019-07-24 13:15:00,2019-07-24 13:30:00,0,0,0:15:00,0:00:00,0,0,0
2062,2019-07-24 13:30:00,2019-07-24 13:45:00,0,0,0:15:00,0:00:00,0,0,0
2062,2019-07-24 13:45:00,2019-07-24 14:00:00,0,0,0:15:00,0:00:00,0,0,0
2062,2019-07-24 14:00:00,2019-07-24 14:15:00,0,5,0:15:00,0:00:00,0,0,0
2062,2019-07-24 14:15:00,2019-07-24 14:30:00,0,2,0:15:00,0:00:00,0,0,0
2062,2019-07-24 14:30:00,2019-07-24 14:45:00,0,3,0:15:00,0:00:00,0,0,0
2062,2019-07-24 14:45:00,2019-07-24 15:00:00,0,1,0:15:00,0:00:00,0,0,0
2062,2019-07-24 15:00:00,2019-07-24 15:15:00,0,1,0:15:00,0:00:00,0,0,0
2062,2019-07-24 15:15:00,2019-07-24 15:30:00,3,26,0:12:20,0:02:40,6,3,3
2062,2019-07-24 15:30:00,2019-07-24 15:45:00,18,36,0:00:52,0:14:08,5,2,3
2062,2019-07-24 15:45:00,2019-07-24 16:00:00,9,25,0:04:31,0:10:29,12,6,6
2062,2019-07-24 16:00:00,2019-07-24 16:15:00,8,23,0:00:12,0:14:48,5,2,3
2062,2019-07-24 16:15:00,2019-07-24 16:30:00,8,29,0:04:36,0:10:24,7,3,4
2062,2019-07-24 16:30:00,2019-07-24 16:45:00,0,0,0:15:00,0:00:00,0,0,0
2062,2019-07-24 16:45:00,2019-07-24 17:00:00,0,0,0:15:00,0:00:00,0,0,0
2062,2019-07-24 17:00:00,2019-07-24 17:15:00,7,38,0:12:22,0:02:38,4,2,2
2062,2019-07-24 17:15:00,2019-07-24 17:30:00,13,30,0:00:42,0:14:18,10,5,5
2062,2019-07-24 17:30:00,2019-07-24 17:45:00,14,27,0:00:41,0:14:19,6,3,3
2062,2019-07-24 17:45:00,2019-07-24 18:00:00,3,11,0:08:22,0:06:38,1,0,1
2062,2019-07-24 18:00:00,2019-07-24 18:15:00,0,0,0:15:00,0:00:00,0,0,0
2062,2019-07-24 18:15:00,2019-07-24 18:30:00,0,0,0:15:00,0:00:00,0,0,0
2062,2019-07-24 18:30:00,2019-07-24 18:45:00,3,11,0:11:03,0:03:57,1,0,1
2062,2019-07-24 18:45:00,2019-07-24 19:00:00,13,39,0:03:27,0:11:33,14,7,7
2062,2019-07-24 19:00:00,2019-07-24 19:15:00,22,95,0:00:47,0:14:13,9,4,5
2062,2019-07-24 19:15:00,2019-07-24 19:30:00,15,37,0:02:15,0:12:45,17,8,9
2062,2019-07-24 19:30:00,2019-07-24 19:45:00,15,25,0:00:09,0:14:51,1,0,1
2062,2019-07-24 19:45:00,2019-07-24 20:00:00,16,24,0:00:56,0:14:04,4,2,2
2062,2019-07-24 20:00:00,2019-07-24 20:15:00,4,15,0:00:00,0:15:00,0,0,0
2062,2019-07-24 20:15:00,2019-07-24 20:30:00,23,48,0:01:18,0:13:42,9,4,5
2062,2019-07-24 20:30:00,2019-07-24 20:45:00,21,45,0:00:23,0:14:37,6,3,3
2062,2019-07-24 20:45:00,2019-07-24 21:00:00,16,43,0:04:21,0:10:39,18,9,9
2062,2019-07-24 21:00:00,2019-07-24 21:15:00,19,34,0:01:12,0:13:48,7,3,4
2062,2019-07-24 21:15:00,2019-07-24 21:30:00,3,10,0:12:48,0:02:12,1,0,1
2062,2019-07-24 21:30:00,2019-07-24 21:45:00,0,0,0:15:00,0:00:00,0,0,0
2062,2019-07-24 21:45:00,2019-07-24 22:00:00,0,0,0:15:00,0:00:00,0,0,0
2062,2019-07-24 22:00:00,2019-07-24 22:15:00,0,3,0:15:00,0:00:00,0,0,0
2062,2019-07-24 22:15:00,2019-07-24 22:30:00,0,4,0:15:00,0:00:00,0,0,0
2062,2019-07-24 22:30:00,2019-07-24 22:45:00,0,5,0:15:00,0:00:00,0,0,0
2062,2019-07-24 22:45:00,2019-07-24 23:00:00,0,5,0:15:00,0:00:00,0,0,0
2062,2019-07-24 23:00:00,2019-07-24 23:15:00,1,20,0:09:09,0:05:51,1,0,1
2062,2019-07-24 23:15:00,2019-07-24 23:30:00,4,16,0:13:51,0:01:09,1,0,1
2062,2019-07-24 23:30:00,2019-07-24 23:45:00,0,0,0:15:00,0:00:00,0,0,0
2062,2019-07-24 23:45:00,2019-07-25 00:00:00,0,0,0:15:00,0:00:00,0,0,0
2062,2019-07-25 00:00:00,2019-07-25 00:15:00,0,0,0:15:00,0:00:00,0,0,0
2062,2019-07-25 00:15:00,2019-07-25 00:30:00,0,0,0:15:00,0:00:00,0,0,0
2062,2019-07-25 00:30:00,2019-07-25 00:45:00,0,0,0:15:00,0:00:00,0,0,0
2062,2019-07-25 00:45:00,2019-07-25 01:00:00,0,0,0:15:00,0:00:00,0,0,0
2062,2019-07-25 01:00:00,2019-07-25 01:15:00,8,31,0:08:12,0:06:48,6,3,3
2062,2019-07-25 01:15:00,2019-07-25 01:30:00,3,17,0:10:40,0:04:20,1,0,1
2062,2019-07-25 01:30:00,2019-07-25 01:45:00,0,1,0:15:00,0:00:00,0,0,0
2062,2019-07-25 01:45:00,2019-07-25 02:00:00,0,0,0:15:00,0:00:00,0,0,0
2062,2019-07-25 02:00:00,2019-07-25 02:15:00,0,7,0:15:00,0:00:00,0,0,0
2062,2019-07-25 02:15:00,2019-07-25 02:30:00,0,0,0:15:00,0:00:00,0,0,0
2062,2019-07-25 02:30:00,2019-07-25 02:45:00,6,30,0:07:46,0:07:14,3,1,2
2062,2019-07-25 02:45:00,2019-07-25 03:00:00,0,0,0:15:00,0:00:00,0,0,0
2062,2019-07-25 03:00:00,2019-07-25 03:15:00,0,0,0:15:00,0:00:00,0,0,0
2062,2019-07-25 03:15:00,2019-07-25 03:30:00,0,0,0:15:00,0:00:00,0,0,0
2062,2019-07-25 03:30:00,2019-07-25 03:45:00,0,0,0:15:00,0:00:00,0,0,0
2062,2019-07-25 03:45:00,2019-07-25 04:00:00,0,0,0:15:00,0:00:00,0,0,0
2062,2019-07-25 04:00:00,2019-07-25 04:15:00,0,0,0:15:00,0:00:00,0,0,0
2062,2019-07-25 04:15:00,2019-07-25 04:30:00,0,0,0:15:00,0:00:00,0,0,0
2062,2019-07-25 04:30:00,2019-07-25 04:45:00,0,1,0:15:00,0:00:00,0,0,0
2062,2019-07-25 04:45:00,2019-07-25 05:00:00,0,0,0:15:00,0:00:00,0,0,0
2062,2019-07-25 05:00:00,2019-07-25 05:15:00,6,24,0:09:52,0:05:08,3,1,2
2062,2019-07-25 05:15:00,2019-07-25 05:30:00,10,23,0:03:28,0:11:32,1,0,1
2062,2019-07-25 05:30:00,2019-07-25 05:45:00,9,15,0:00:00,0:15:00,0,0,0
2062,2019-07-25 05:45:00,2019-07-25 06:00:00,15,24,0:00:13,0:14:47,1,0,1
2062,2019-07-25 06:00:00,2019-07-25 06:15:00,15,23,0:00:32,0:14:28,3,1,2
2062,2019-07-25 06:15:00,2019-07-25 06:30:00,4,16,0:03:05,0:11:55,14,7,7
2062,2019-07-25 06:30:00,2019-07-25 06:45:00,17,31,0:00:57,0:14:03,8,4,4
2062,2019-07-25 06:45:00,2019-07-25 07:00:00,13,35,0:00:01,0:14:59,1,0,1
2062,2019-07-25 07:00:00,2019-07-25 07:15:00,9,15,0:00:00,0:15:00,0,0,0
2062,2019-07-25 07:15:00,2019-07-25 07:30:00,9,33,0:05:47,0:09:13,4,2,2
2062,2019-07-25 07:30:00,2019-07-25 07:45:00,0,0,0:15:00,0:00:00,0,0,0
2062,2019-07-25 07:45:00,2019-07-25 08:00:00,0,0,0:15:00,0:00:00,0,0,0
2062,2019-07-25 08:00:00,2019-07-25 08:15:00,0,0,0:15:00,0:00:00,0,0,0
2062,2019-07-25 08:15:00,2019-07-25 08:30:00,0,5,0:15:00,0:00:00,0,0,0
2062,2019-07-25 08:30:00,2019-07-25 08:45:00,3,12,0:14:15,0:00:45,0,0,0
2062,2019-07-25 08:45:00,2019-07-25 09:00:00,14,28,0:01:02,0:13:58,4,2,2
2062,2019-07-25 09:00:00,2019-07-25 09:15:00,12,31,0:05:18,0:09:42,1,0,1
2062,2019-07-25 09:15:00,2019-07-25 09:30:00,3,15,0:04:40,0:10:20,1,0,1
2062,2019-07-25 09:30:00,2019-07-25 09:45:00,15,28,0:00:05,0:14:55,1,0,1
2062,2019-07-25 09:45:00,2019-07-25 10:00:00,9,20,0:00:07,0:14:53,1,0,1
2062,2019-07-25 10:00:00,2019-07-25 10:15:00,6,11,0:00:57,0:14:03,3,1,2
2062,2019-07-25 10:15:00,2019-07-25 10:30:00,6,20,0:09:15,0:05:45,1,0,1
2062,2019-07-25 10:30:00,2019-07-25 10:45:00,2,11,0:12:40,0:02:20,0,0,0
2062,2019-07-25 10:45:00,2019-07-25 11:00:00,10,18,0:00:01,0:14:59,1,0,1
2062,2019-07-25 11:00:00,2019-07-25 11:15:00,25,47,0:00:35,0:14:25,3,1,2
2062,2019-07-25 11:15:00,2019-07-25 11:30:00,22,35,0:00:03,0:14:57,1,0,1
2062,2019-07-25 11:30:00,2019-07-25 11:45:00,18,40,0:04:30,0:10:30,1,0,1
2062,2019-07-25 11:45:00,2019-07-25 12:00:00,0,0,0:15:00,0:00:00,0,0,0
2062,2019-07-25 12:00:00,2019-07-25 12:15:00,2,12,0:11:57,0:03:03,0,0,0
2062,2019-07-25 12:15:00,2019-07-25 12:30:00,14,27,0:00:01,0:14:59,1,0,1
2062,2019-07-25 12:30:00,2019-07-25 12:45:00,6,24,0:09:05,0:05:55,1,0,1
2062,2019-07-25 12:45:00,2019-07-25 13:00:00,0,0,0:15:00,0:00:00,0,0,0
2062,2019-07-25 13:00:00,2019-07-25 13:15:00,10,36,0:14:13,0:07:57,8,4,4
2062,2019-07-25 13:15:00,2019-07-25 13:30:00,11,32,0:03:07,0:16:44,8,4,4
2062,2019-07-25 13:30:00,2019-07-25 13:45:00,2,17,0:14:55,0:00:05,2,1,1
2062,2019-07-25 13:45:00,2019-07-25 14:00:00,0,0,0:15:00,0:00:00,0,0,0
2062,2019-07-25 14:00:00,2019-07-25 14:15:00,0,1,0:15:00,0:00:00,0,0,0
2062,2019-07-25 14:15:00,2019-07-25 14:30:00,0,9,0:15:00,0:00:00,0,0,0
2062,2019-07-25 14:30:00,2019-07-25 14:45:00,0,0,0:15:00,0:00:00,0,0,0
2062,2019-07-25 14:45:00,2019-07-25 15:00:00,0,0,0:15:00,0:00:00,0,0,0
2062,2019-07-25 15:00:00,2019-07-25 15:15:00,1,15,0:10:40,0:04:20,1,0,1
2062,2019-07-25 15:15:00,2019-07-25 15:30:00,19,38,0:00:00,0:15:00,0,0,0
2062,2019-07-25 15:30:00,2019-07-25 15:45:00,15,31,0:00:08,0:14:52,1,0,1
2062,2019-07-25 15:45:00,2019-07-25 16:00:00,28,62,0:00:02,0:14:58,2,1,1
2062,2019-07-25 16:00:00,2019-07-25 16:15:00,19,41,0:00:06,0:14:54,2,1,1
2062,2019-07-25 16:15:00,2019-07-25 16:30:00,15,34,0:04:04,0:10:56,1,0,1
2062,2019-07-25 16:30:00,2019-07-25 16:45:00,0,0,0:15:00,0:00:00,0,0,0
2062,2019-07-25 16:45:00,2019-07-25 17:00:00,0,0,0:15:00,0:00:00,0,0,0
2062,2019-07-25 17:00:00,2019-07-25 17:15:00,7,33,0:04:14,0:10:46,6,3,3
2062,2019-07-25 17:15:00,2019-07-25 17:30:00,17,59,0:00:27,0:14:33,5,2,3
2062,2019-07-25 17:30:00,2019-07-25 17:45:00,10,37,0:00:00,0:15:00,0,0,0
2062,2019-07-25 17:45:00,2019-07-25 18:00:00,8,34,0:09:35,0:05:25,2,1,1
2062,2019-07-25 18:00:00,2019-07-25 18:15:00,0,0,0:15:00,0:00:00,0,0,0
2062,2019-07-25 18:15:00,2019-07-25 18:30:00,0,1,0:15:00,0:00:00,0,0,0
2062,2019-07-25 18:30:00,2019-07-25 18:45:00,9,30,0:06:50,0:08:10,4,2,2
2062,2019-07-25 18:45:00,2019-07-25 19:00:00,11,34,0:00:49,0:14:11,4,2,2
2062,2019-07-25 19:00:00,2019-07-25 19:15:00,15,36,0:01:40,0:13:20,2,1,1
2062,2019-07-25 19:15:00,2019-07-25 19:30:00,6,20,0:08:46,0:06:14,3,1,2
2062,2019-07-25 19:30:00,2019-07-25 19:45:00,0,1,0:15:00,0:00:00,0,0,0
2062,2019-07-25 19:45:00,2019-07-25 20:00:00,0,14,0:15:00,0:00:00,0,0,0
2062,2019-07-25 20:00:00,2019-07-25 20:15:00,13,35,0:00:58,0:14:02,7,3,4
2062,2019-07-25 20:15:00,2019-07-25 20:30:00,13,38,0:00:34,0:14:26,5,2,3
2062,2019-07-25 20:30:00,2019-07-25 20:45:00,5,10,0:00:00,0:15:00,0,0,0
2062,2019-07-25 20:45:00,2019-07-25 21:00:00,15,32,0:00:01,0:14:59,1,0,1
2062,2019-07-25 21:00:00,2019-07-25 21:15:00,2,9,0:13:14,0:01:46,1,0,1
2062,2019-07-25 21:15:00,2019-07-25 21:30:00,0,2,0:15:00,0:00:00,0,0,0
2062,2019-07-25 21:30:00,2019-07-25 21:45:00,10,30,0:05:43,0:09:17,3,1,2
2062,2019-07-25 21:45:00,2019-07-25 22:00:00,11,33,0:04:29,0:10:31,1,0,1
2062,2019-07-25 22:00:00,2019-07-25 22:15:00,0,0,0:15:00,0:00:00,0,0,0
2062,2019-07-25 22:15:00,2019-07-25 22:30:00,0,0,0:15:00,0:00:00,0,0,0
2062,2019-07-25 22:30:00,2019-07-25 22:45:00,0,0,0:15:00,0:00:00,0,0,0
2062,2019-07-25 22:45:00,2019-07-25 23:00:00,0,0,0:15:00,0:00:00,0,0,0
2062,2019-07-25 23:00:00,2019-07-25 23:15:00,7,28,0:07:20,0:07:40,0,0,0
2062,2019-07-25 23:15:00,2019-07-25 23:30:00,1,13,0:14:27,0:00:33,1,0,1
2062,2019-07-25 23:30:00,2019-07-25 23:45:00,0,1,0:15:00,0:00:00,0,0,0
2062,2019-07-25 23:45:00,2019-07-26 00:00:00,0,1,0:15:00,0:00:00,0,0,0
2062,2019-07-26 00:00:00,2019-07-26 00:15:00,0,4,0:15:00,0:00:00,0,0,0
2062,2019-07-26 00:15:00,2019-07-26 00:30:00,0,1,0:15:00,0:00:00,0,0,0
2062,2019-07-26 00:30:00,2019-07-26 00:45:00,0,3,0:15:00,0:00:00,0,0,0
2062,2019-07-26 00:45:00,2019-07-26 01:00:00,0,3,0:15:00,0:00:00,0,0,0
2062,2019-07-26 01:00:00,2019-07-26 01:15:00,10,31,0:06:55,0:08:05,1,0,1
2062,2019-07-26 01:15:00,2019-07-26 01:30:00,0,0,0:15:00,0:00:00,0,0,0
2062,2019-07-26 01:30:00,2019-07-26 01:45:00,4,22,0:08:58,0:06:02,0,0,0
2062,2019-07-26 01:45:00,2019-07-26 02:00:00,16,44,0:05:59,0:09:01,1,0,1
2062,2019-07-26 02:00:00,2019-07-26 02:15:00,0,0,0:15:00,0:00:00,0,0,0
2062,2019-07-26 02:15:00,2019-07-26 02:30:00,0,0,0:15:00,0:00:00,0,0,0
2062,2019-07-26 02:30:00,2019-07-26 02:45:00,0,8,0:15:00,0:00:00,0,0,0
2062,2019-07-26 02:45:00,2019-07-26 03:00:00,0,0,0:15:00,0:00:00,0,0,0
2062,2019-07-26 03:00:00,2019-07-26 03:15:00,0,6,0:15:00,0:00:00,0,0,0
2062,2019-07-26 03:15:00,2019-07-26 03:30:00,3,16,0:14:13,0:00:47,0,0,0
2062,2019-07-26 03:30:00,2019-07-26 03:45:00,10,21,0:07:29,0:07:31,1,0,1
2062,2019-07-26 03:45:00,2019-07-26 04:00:00,0,0,0:15:00,0:00:00,0,0,0
2062,2019-07-26 04:00:00,2019-07-26 04:15:00,0,0,0:15:00,0:00:00,0,0,0
2062,2019-07-26 04:15:00,2019-07-26 04:30:00,0,0,0:15:00,0:00:00,0,0,0
2062,2019-07-26 04:30:00,2019-07-26 04:45:00,0,0,0:15:00,0:00:00,0,0,0
2062,2019-07-26 04:45:00,2019-07-26 05:00:00,10,32,0:07:06,0:07:54,1,0,1
2062,2019-07-26 05:00:00,2019-07-26 05:15:00,0,0,0:15:00,0:00:00,0,0,0
2062,2019-07-26 05:15:00,2019-07-26 05:30:00,9,15,0:07:37,0:07:23,0,0,0
2062,2019-07-26 05:30:00,2019-07-26 05:45:00,23,35,0:00:00,0:15:00,0,0,0
2062,2019-07-26 05:45:00,2019-07-26 06:00:00,18,28,0:00:00,0:15:00,0,0,0
2062,2019-07-26 06:00:00,2019-07-26 06:15:00,16,33,0:00:04,0:14:56,1,0,1
2062,2019-07-26 06:15:00,2019-07-26 06:30:00,9,12,0:00:00,0:15:00,0,0,0
2062,2019-07-26 06:30:00,2019-07-26 06:45:00,9,19,0:00:13,0:14:47,5,2,3
2062,2019-07-26 06:45:00,2019-07-26 07:00:00,13,58,0:00:08,0:14:52,1,0,1
2062,2019-07-26 07:00:00,2019-07-26 07:15:00,10,26,0:00:38,0:14:22,8,4,4
2062,2019-07-26 07:15:00,2019-07-26 07:30:00,13,35,0:00:18,0:14:42,4,2,2
2062,2019-07-26 07:30:00,2019-07-26 07:45:00,12,23,0:00:00,0:15:00,0,0,0
2062,2019-07-26 07:45:00,2019-07-26 08:00:00,12,38,0:09:58,0:05:02,10,5,5
2062,2019-07-26 08:00:00,2019-07-26 08:15:00,0,0,0:15:00,0:00:00,0,0,0
2062,2019-07-26 08:15:00,2019-07-26 08:30:00,0,0,0:15:00,0:00:00,0,0,0
2062,2019-07-26 08:30:00,2019-07-26 08:45:00,14,36,0:05:14,0:09:46,2,1,1
2062,2019-07-26 08:45:00,2019-07-26 09:00:00,8,19,0:00:09,0:14:51,5,2,3
2062,2019-07-26 09:00:00,2019-07-26 09:15:00,6,35,0:12:46,0:02:14,1,0,1
2062,2019-07-26 09:15:00,2019-07-26 09:30:00,8,13,0:00:00,0:15:00,0,0,0
2062,2019-07-26 09:30:00,2019-07-26 09:45:00,14,29,0:00:07,0:14:53,1,0,1
2062,2019-07-26 09:45:00,2019-07-26 10:00:00,11,25,0:00:00,0:15:00,0,0,0
2062,2019-07-26 10:00:00,2019-07-26 10:15:00,14,28,0:00:00,0:15:00,0,0,0
2062,2019-07-26 10:15:00,2019-07-26 10:30:00,8,17,0:00:00,0:15:00,0,0,0
2062,2019-07-26 10:30:00,2019-07-26 10:45:00,14,22,0:00:01,0:14:59,1,0,1
2062,2019-07-26 10:45:00,2019-07-26 11:00:00,11,33,0:06:42,0:08:18,2,1,1
2062,2019-07-26 11:00:00,2019-07-26 11:15:00,0,0,0:15:00,0:00:00,0,0,0
2062,2019-07-26 11:15:00,2019-07-26 11:30:00,0,5,0:13:15,0:01:45,0,0,0
2062,2019-07-26 11:30:00,2019-07-26 11:45:00,14,28,0:00:00,0:15:00,0,0,0
2062,2019-07-26 11:45:00,2019-07-26 12:00:00,12,26,0:00:00,0:15:00,0,0,0
2062,2019-07-26 12:00:00,2019-07-26 12:15:00,18,59,0:05:00,0:10:00,2,1,1
2062,2019-07-26 12:15:00,2019-07-26 12:30:00,0,0,0:15:00,0:00:00,0,0,0
2062,2019-07-26 12:30:00,2019-07-26 12:45:00,19,47,0:00:12,0:14:48,0,0,0
2062,2019-07-26 12:45:00,2019-07-26 13:00:00,2,13,0:14:48,0:00:12,1,0,1
2062,2019-07-26 13:00:00,2019-07-26 13:15:00,5,17,0:07:12,0:07:48,1,0,1
2062,2019-07-26 13:15:00,2019-07-26 13:30:00,7,16,0:00:00,0:15:00,0,0,0
2062,2019-07-26 13:30:00,2019-07-26 13:45:00,10,23,0:04:31,0:10:29,1,0,1
2062,2019-07-26 13:45:00,2019-07-26 14:00:00,0,0,0:15:00,0:00:00,0,0,0
2062,2019-07-26 14:00:00,2019-07-26 14:15:00,0,0,0:15:00,0:00:00,0,0,0
2062,2019-07-26 14:15:00,2019-07-26 14:30:00,0,5,0:15:00,0:00:00,0,0,0
2062,2019-07-26 14:30:00,2019-07-26 14:45:00,0,0,0:15:00,0:00:00,0,0,0
2062,2019-07-26 14:45:00,2019-07-26 15:00:00,7,19,0:05:09,0:09:51,0,0,0
2062,2019-07-26 15:00:00,2019-07-26 15:15:00,13,22,0:00:01,0:14:59,1,0,1
2062,2019-07-26 15:15:00,2019-07-26 15:30:00,10,24,0:00:00,0:15:00,0,0,0
2062,2019-07-26 15:30:00,2019-07-26 15:45:00,11,18,0:00:01,0:14:59,1,0,1
2062,2019-07-26 15:45:00,2019-07-26 16:00:00,10,22,0:05:37,0:09:23,1,0,1
2062,2019-07-26 16:00:00,2019-07-26 16:15:00,0,0,0:15:00,0:00:00,0,0,0
2062,2019-07-26 16:15:00,2019-07-26 16:30:00,0,1,0:15:00,0:00:00,0,0,0
2062,2019-07-26 16:30:00,2019-07-26 16:45:00,16,30,0:01:51,0:13:09,1,0,1
2062,2019-07-26 16:45:00,2019-07-26 17:00:00,9,16,0:00:00,0:15:00,0,0,0
2062,2019-07-26 17:00:00,2019-07-26 17:15:00,14,22,0:00:11,0:14:49,1,0,1
2062,2019-07-26 17:15:00,2019-07-26 17:30:00,11,26,0:00:00,0:15:00,0,0,0
2062,2019-07-26 17:30:00,2019-07-26 17:45:00,16,31,0:00:00,0:15:00,0,0,0
2062,2019-07-26 17:45:00,2019-07-26 18:00:00,29,84,0:00:00,0:15:00,0,0,0
2062,2019-07-26 18:00:00,2019-07-26 18:15:00,15,33,0:00:00,0:15:00,0,0,0
2062,2019-07-26 18:15:00,2019-07-26 18:30:00,16,47,0:00:00,0:15:00,0,0,0
2062,2019-07-26 18:30:00,2019-07-26 18:45:00,17,29,0:00:00,0:15:00,0,0,0
2062,2019-07-26 18:45:00,2019-07-26 19:00:00,14,67,0:05:51,0:09:09,3,1,2
2062,2019-07-26 19:00:00,2019-07-26 19:15:00,0,0,0:15:00,0:00:00,0,0,0
2062,2019-07-26 19:15:00,2019-07-26 19:30:00,0,0,0:15:00,0:00:00,0,0,0
2062,2019-07-26 19:30:00,2019-07-26 19:45:00,0,8,0:15:00,0:00:00,0,0,0
2062,2019-07-26 19:45:00,2019-07-26 20:00:00,11,23,0:00:08,0:14:52,0,0,0
2062,2019-07-26 20:00:00,2019-07-26 20:15:00,13,23,0:00:00,0:15:00,0,0,0
2062,2019-07-26 20:15:00,2019-07-26 20:30:00,18,38,0:00:08,0:14:52,1,0,1
2062,2019-07-26 20:30:00,2019-07-26 20:45:00,4,18,0:13:45,0:01:15,1,0,1
2062,2019-07-26 20:45:00,2019-07-26 21:00:00,0,0,0:15:00,0:00:00,0,0,0
2062,2019-07-26 21:00:00,2019-07-26 21:15:00,7,39,0:04:12,0:10:48,1,0,1
2062,2019-07-26 21:15:00,2019-07-26 21:30:00,11,28,0:00:09,0:14:51,0,0,0
2062,2019-07-26 21:30:00,2019-07-26 21:45:00,19,31,0:05:38,0:09:22,1,0,1
2062,2019-07-26 21:45:00,2019-07-26 22:00:00,7,30,0:04:47,0:10:13,0,0,0
2062,2019-07-26 22:00:00,2019-07-26 22:15:00,20,28,0:00:00,0:15:00,0,0,0
2062,2019-07-26 22:15:00,2019-07-26 22:30:00,7,26,0:09:38,0:05:22,1,0,1
2062,2019-07-26 22:30:00,2019-07-26 22:45:00,0,1,0:15:00,0:00:00,0,0,0
2062,2019-07-26 22:45:00,2019-07-26 23:00:00,10,32,0:04:54,0:10:06,0,0,0
2062,2019-07-26 23:00:00,2019-07-26 23:15:00,16,35,0:00:00,0:15:00,0,0,0
2062,2019-07-26 23:15:00,2019-07-26 23:30:00,14,26,0:00:01,0:14:59,1,0,1
2062,2019-07-26 23:30:00,2019-07-26 23:45:00,6,25,0:10:20,0:04:40,1,0,1
2062,2019-07-26 23:45:00,2019-07-27 00:00:00,0,0,0:15:00,0:00:00,0,0,0
2062,2019-07-27 00:00:00,2019-07-27 00:15:00,0,0,0:15:00,0:00:00,0,0,0
2062,2019-07-27 00:15:00,2019-07-27 00:30:00,18,30,0:00:18,0:14:42,0,0,0
2062,2019-07-27 00:30:00,2019-07-27 00:45:00,4,13,0:12:36,0:02:24,1,0,1
2062,2019-07-27 00:45:00,2019-07-27 01:00:00,0,0,0:15:00,0:00:00,0,0,0
2062,2019-07-27 01:00:00,2019-07-27 01:15:00,0,6,0:15:00,0:00:00,0,0,0
2062,2019-07-27 01:15:00,2019-07-27 01:30:00,0,3,0:15:00,0:00:00,0,0,0
2062,2019-07-27 01:30:00,2019-07-27 01:45:00,0,5,0:15:00,0:00:00,0,0,0
2062,2019-07-27 01:45:00,2019-07-27 02:00:00,13,38,0:06:17,0:08:43,0,0,0
2062,2019-07-27 02:00:00,2019-07-27 02:15:00,19,33,0:00:00,0:15:00,0,0,0
2062,2019-07-27 02:15:00,2019-07-27 02:30:00,7,14,0:11:49,0:03:11,2,1,1
2062,2019-07-27 02:30:00,2019-07-27 02:45:00,0,0,0:15:00,0:00:00,0,0,0
2062,2019-07-27 02:45:00,2019-07-27 03:00:00,0,0,0:15:00,0:00:00,0,0,0
2062,2019-07-27 03:00:00,2019-07-27 03:15:00,0,0,0:15:00,0:00:00,0,0,0
2062,2019-07-27 03:15:00,2019-07-27 03:30:00,0,0,0:15:00,0:00:00,0,0,0
2062,2019-07-27 03:30:00,2019-07-27 03:45:00,0,0,0:15:00,0:00:00,0,0,0
2062,2019-07-27 03:45:00,2019-07-27 04:00:00,4,27,0:10:48,0:04:12,2,1,1
2062,2019-07-27 04:00:00,2019-07-27 04:15:00,0,5,0:15:00,0:00:00,0,0,0
2062,2019-07-27 04:15:00,2019-07-27 04:30:00,0,4,0:15:00,0:00:00,0,0,0
2062,2019-07-27 04:30:00,2019-07-27 04:45:00,8,23,0:06:45,0:08:15,2,1,1
2062,2019-07-27 04:45:00,2019-07-27 05:00:00,20,35,0:00:00,0:15:00,0,0,0
2062,2019-07-27 05:00:00,2019-07-27 05:15:00,15,24,0:00:00,0:15:00,0,0,0
2062,2019-07-27 05:15:00,2019-07-27 05:30:00,12,15,0:00:00,0:15:00,0,0,0
2062,2019-07-27 05:30:00,2019-07-27 05:45:00,10,14,0:00:00,0:15:00,0,0,0
2062,2019-07-27 05:45:00,2019-07-27 06:00:00,16,34,0:00:00,0:15:00,0,0,0
2062,2019-07-27 06:00:00,2019-07-27 06:15:00,21,42,0:00:00,0:15:00,0,0,0
2062,2019-07-27 06:15:00,2019-07-27 06:30:00,5,9,0:00:00,0:15:00,0,0,0
2062,2019-07-27 06:30:00,2019-07-27 06:45:00,12,24,0:00:00,0:15:00,0,0,0
2062,2019-07-27 06:45:00,2019-07-27 07:00:00,3,14,0:03:55,0:11:05,6,3,3
2062,2019-07-27 07:00:00,2019-07-27 07:15:00,12,37,0:07:01,0:07:59,0,0,0
2062,2019-07-27 07:15:00,2019-07-27 07:30:00,6,14,0:00:02,0:14:58,2,1,1
2062,2019-07-27 07:30:00,2019-07-27 07:45:00,3,15,0:08:36,0:06:24,2,1,1
2062,2019-07-27 07:45:00,2019-07-27 08:00:00,0,0,0:15:00,0:00:00,0,0,0
2062,2019-07-27 08:00:00,2019-07-27 08:15:00,0,0,0:15:00,0:00:00,0,0,0
2062,2019-07-27 08:15:00,2019-07-27 08:30:00,0,0,0:15:00,0:00:00,0,0,0
2062,2019-07-27 08:30:00,2019-07-27 08:45:00,0,0,0:15:00,0:00:00,0,0,0
2062,2019-07-27 08:45:00,2019-07-27 09:00:00,1,15,0:10:57,0:04:03,1,0,1
2062,2019-07-27 09:00:00,2019-07-27 09:15:00,11,38,0:06:04,0:08:56,3,1,2
2062,2019-07-27 09:15:00,2019-07-27 09:30:00,0,0,0:15:00,0:00:00,0,0,0
2062,2019-07-27 09:30:00,2019-07-27 09:45:00,0,0,0:15:00,0:00:00,0,0,0
2062,2019-07-27 09:45:00,2019-07-27 10:00:00,1,21,0:14:51,0:00:09,1,0,1
2062,2019-07-27 10:00:00,2019-07-27 10:15:00,7,17,0:00:00,0:15:00,0,0,0
2062,2019-07-27 10:15:00,2019-07-27 10:30:00,9,20,0:00:00,0:15:00,0,0,0
2062,2019-07-27 10:30:00,2019-07-27 10:45:00,4,9,0:00:01,0:14:59,1,0,1
2062,2019-07-27 10:45:00,2019-07-27 11:00:00,11,17,0:00:00,0:15:00,0,0,0
2062,2019-07-27 11:00:00,2019-07-27 11:15:00,9,25,0:11:29,0:03:31,1,0,1
2062,2019-07-27 11:15:00,2019-07-27 11:30:00,0,1,0:15:00,0:00:00,0,0,0
2062,2019-07-27 11:30:00,2019-07-27 11:45:00,0,0,0:15:00,0:00:00,0,0,0
2062,2019-07-27 11:45:00,2019-07-27 12:00:00,0,4,0:15:00,0:00:00,0,0,0
2062,2019-07-27 12:00:00,2019-07-27 12:15:00,0,1,0:15:00,0:00:00,0,0,0
2062,2019-07-27 12:15:00,2019-07-27 12:30:00,9,22,0:08:02,0:06:58,0,0,0
2062,2019-07-27 12:30:00,2019-07-27 12:45:00,10,21,0:00:00,0:15:00,0,0,0
2062,2019-07-27 12:45:00,2019-07-27 13:00:00,12,28,0:00:28,0:14:32,6,3,3
2062,2019-07-27 13:00:00,2019-07-27 13:15:00,11,36,0:04:35,0:10:25,3,1,2
2062,2019-07-27 13:15:00,2019-07-27 13:30:00,0,0,0:15:00,0:00:00,0,0,0
2062,2019-07-27 13:30:00,2019-07-27 13:45:00,0,0,0:15:00,0:00:00,0,0,0
2062,2019-07-27 13:45:00,2019-07-27 14:00:00,8,29,0:02:11,0:12:49,0,0,0
2062,2019-07-27 14:00:00,2019-07-27 14:15:00,19,30,0:00:14,0:14:46,1,0,1
2062,2019-07-27 14:15:00,2019-07-27 14:30:00,14,44,0:01:20,0:13:40,2,1,1
2062,2019-07-27 14:30:00,2019-07-27 14:45:00,0,0,0:15:00,0:00:00,0,0,0
2062,2019-07-27 14:45:00,2019-07-27 15:00:00,12,29,0:05:12,0:09:48,0,0,0
2062,2019-07-27 15:00:00,2019-07-27 15:15:00,12,18,0:00:00,0:15:00,0,0,0
2062,2019-07-27 15:15:00,2019-07-27 15:30:00,5,16,0:12:20,0:02:40,1,0,1
2062,2019-07-27 15:30:00,2019-07-27 15:45:00,0,0,0:15:00,0:00:00,0,0,0
2062,2019-07-27 15:45:00,2019-07-27 16:00:00,2,18,0:12:51,0:02:09,0,0,0
2062,2019-07-27 16:00:00,2019-07-27 16:15:00,11,23,0:00:00,0:15:00,0,0,0
2062,2019-07-27 16:15:00,2019-07-27 16:30:00,8,21,0:00:00,0:15:00,0,0,0
2062,2019-07-27 16:30:00,2019-07-27 16:45:00,10,21,0:00:01,0:14:59,1,0,1
2062,2019-07-27 16:45:00,2019-07-27 17:00:00,13,20,0:00:00,0:15:00,0,0,0
2062,2019-07-27 17:00:00,2019-07-27 17:15:00,15,25,0:00:00,0:15:00,0,0,0
2062,2019-07-27 17:15:00,2019-07-27 17:30:00,15,28,0:00:00,0:15:00,0,0,0
2062,2019-07-27 17:30:00,2019-07-27 17:45:00,10,27,0:01:26,0:13:34,4,2,2
2062,2019-07-27 17:45:00,2019-07-27 18:00:00,9,24,0:00:13,0:14:47,2,1,1
2062,2019-07-27 18:00:00,2019-07-27 18:15:00,19,51,0:02:18,0:12:42,1,0,1
2062,2019-07-27 18:15:00,2019-07-27 18:30:00,0,0,0:15:00,0:00:00,0,0,0
2062,2019-07-27 18:30:00,2019-07-27 18:45:00,0,0,0:15:00,0:00:00,0,0,0
2062,2019-07-27 18:45:00,2019-07-27 19:00:00,0,5,0:15:00,0:00:00,0,0,0
2062,2019-07-27 19:00:00,2019-07-27 19:15:00,4,19,0:09:28,0:05:32,0,0,0
2062,2019-07-27 19:15:00,2019-07-27 19:30:00,15,34,0:00:35,0:14:25,3,1,2
2062,2019-07-27 19:30:00,2019-07-27 19:45:00,12,29,0:01:13,0:13:47,6,3,3
2062,2019-07-27 19:45:00,2019-07-27 20:00:00,13,31,0:00:44,0:14:16,6,3,3
2062,2019-07-27 20:00:00,2019-07-27 20:15:00,6,23,0:06:36,0:08:24,1,0,1
2062,2019-07-27 20:15:00,2019-07-27 20:30:00,8,28,0:07:45,0:07:15,1,0,1
2062,2019-07-27 20:30:00,2019-07-27 20:45:00,17,23,0:00:00,0:15:00,0,0,0
2062,2019-07-27 20:45:00,2019-07-27 21:00:00,9,24,0:00:00,0:15:00,0,0,0
2062,2019-07-27 21:00:00,2019-07-27 21:15:00,9,23,0:00:00,0:15:00,0,0,0
2062,2019-07-27 21:15:00,2019-07-27 21:30:00,25,55,0:00:01,0:14:59,1,0,1
2062,2019-07-27 21:30:00,2019-07-27 21:45:00,16,35,0:00:08,0:14:52,1,0,1
2062,2019-07-27 21:45:00,2019-07-27 22:00:00,5,23,0:07:28,0:07:32,2,1,1
2062,2019-07-27 22:00:00,2019-07-27 22:15:00,7,18,0:09:00,0:06:00,1,0,1
2062,2019-07-27 22:15:00,2019-07-27 22:30:00,20,46,0:00:01,0:14:59,1,0,1
2062,2019-07-27 22:30:00,2019-07-27 22:45:00,11,39,0:03:59,0:11:01,4,2,2
2062,2019-07-27 22:45:00,2019-07-27 23:00:00,0,0,0:15:00,0:00:00,0,0,0
2062,2019-07-27 23:00:00,2019-07-27 23:15:00,0,0,0:15:00,0:00:00,0,0,0
2062,2019-07-27 23:15:00,2019-07-27 23:30:00,2,16,0:10:22,0:04:38,1,0,1
2062,2019-07-27 23:30:00,2019-07-27 23:45:00,17,28,0:00:00,0:15:00,0,0,0
2062,2019-07-27 23:45:00,2019-07-28 00:00:00,13,34,0:05:28,0:09:32,1,0,1
2062,2019-07-28 00:00:00,2019-07-28 00:15:00,0,0,0:15:00,0:00:00,0,0,0
2062,2019-07-28 00:15:00,2019-07-28 00:30:00,0,0,0:15:00,0:00:00,0,0,0
2062,2019-07-28 00:30:00,2019-07-28 00:45:00,0,5,0:15:00,0:00:00,0,0,0
2062,2019-07-28 00:45:00,2019-07-28 01:00:00,14,36,0:02:35,0:12:25,1,0,1
2062,2019-07-28 01:00:00,2019-07-28 01:15:00,7,29,0:03:09,0:11:51,0,0,0
2062,2019-07-28 01:15:00,2019-07-28 01:30:00,14,38,0:00:00,0:15:00,0,0,0
2062,2019-07-28 01:30:00,2019-07-28 01:45:00,1,22,0:12:47,0:02:13,2,1,1
2062,2019-07-28 01:45:00,2019-07-28 02:00:00,1,1,0:13:06,0:01:54,0,0,0
2062,2019-07-28 02:00:00,2019-07-28 02:15:00,10,25,0:02:41,0:12:19,1,0,1
2062,2019-07-28 02:15:00,2019-07-28 02:30:00,0,0,0:15:00,0:00:00,0,0,0
2062,2019-07-28 02:30:00,2019-07-28 02:45:00,0,1,0:15:00,0:00:00,0,0,0
2062,2019-07-28 02:45:00,2019-07-28 03:00:00,0,0,0:15:00,0:00:00,0,0,0
2062,2019-07-28 03:00:00,2019-07-28 03:15:00,12,29,0:04:18,0:10:42,0,0,0
2062,2019-07-28 03:15:00,2019-07-28 03:30:00,13,32,0:01:14,0:13:46,1,0,1
2062,2019-07-28 03:30:00,2019-07-28 03:45:00,0,0,0:15:00,0:00:00,0,0,0
2062,2019-07-28 03:45:00,2019-07-28 04:00:00,0,0,0:15:00,0:00:00,0,0,0
2062,2019-07-28 04:00:00,2019-07-28 04:15:00,0,10,0:15:00,0:00:00,0,0,0
2062,2019-07-28 04:15:00,2019-07-28 04:30:00,0,0,0:15:00,0:00:00,0,0,0
2062,2019-07-28 04:30:00,2019-07-28 04:45:00,8,27,0:05:38,0:09:22,1,0,1
2062,2019-07-28 04:45:00,2019-07-28 05:00:00,16,29,0:00:00,0:15:00,0,0,0
2062,2019-07-28 05:00:00,2019-07-28 05:15:00,15,25,0:00:00,0:15:00,0,0,0
2062,2019-07-28 05:15:00,2019-07-28 05:30:00,7,12,0:00:00,0:15:00,0,0,0
2062,2019-07-28 05:30:00,2019-07-28 05:45:00,10,25,0:00:00,0:15:00,0,0,0
2062,2019-07-28 05:45:00,2019-07-28 06:00:00,11,24,0:00:00,0:15:00,0,0,0
2062,2019-07-28 06:00:00,2019-07-28 06:15:00,8,18,0:00:01,0:14:59,1,0,1
2062,2019-07-28 06:15:00,2019-07-28 06:30:00,6,15,0:00:01,0:14:59,1,0,1
2062,2019-07-28 06:30:00,2019-07-28 06:45:00,5,26,0:01:48,0:13:12,2,1,1
2062,2019-07-28 06:45:00,2019-07-28 07:00:00,0,0,0:15:00,0:00:00,0,0,0
2062,2019-07-28 07:00:00,2019-07-28 07:15:00,0,0,0:15:00,0:00:00,0,0,0
2062,2019-07-28 07:15:00,2019-07-28 07:30:00,0,0,0:15:00,0:00:00,0,0,0
2062,2019-07-28 07:30:00,2019-07-28 07:45:00,1,19,0:13:50,0:01:10,0,0,0
2062,2019-07-28 07:45:00,2019-07-28 08:00:00,5,7,0:00:00,0:15:00,0,0,0
2062,2019-07-28 08:00:00,2019-07-28 08:15:00,7,13,0:00:00,0:15:00,0,0,0
2062,2019-07-28 08:15:00,2019-07-28 08:30:00,15,36,0:00:00,0:15:00,0,0,0
2062,2019-07-28 08:30:00,2019-07-28 08:45:00,7,17,0:01:11,0:13:49,2,1,1
2062,2019-07-28 08:45:00,2019-07-28 09:00:00,0,0,0:15:00,0:00:00,0,0,0
2062,2019-07-28 09:00:00,2019-07-28 09:15:00,0,0,0:15:00,0:00:00,0,0,0
2062,2019-07-28 09:15:00,2019-07-28 09:30:00,0,8,0:15:00,0:00:00,0,0,0
2062,2019-07-28 09:30:00,2019-07-28 09:45:00,0,0,0:15:00,0:00:00,0,0,0
2062,2019-07-28 09:45:00,2019-07-28 10:00:00,2,16,0:14:34,0:00:26,0,0,0
2062,2019-07-28 10:00:00,2019-07-28 10:15:00,7,14,0:00:00,0:15:00,0,0,0
2062,2019-07-28 10:15:00,2019-07-28 10:30:00,7,11,0:00:00,0:15:00,0,0,0
2062,2019-07-28 10:30:00,2019-07-28 10:45:00,11,31,0:00:01,0:14:59,1,0,1
2062,2019-07-28 10:45:00,2019-07-28 11:00:00,9,19,0:00:00,0:15:00,0,0,0
2062,2019-07-28 11:00:00,2019-07-28 11:15:00,7,35,0:01:54,0:13:06,2,1,1
2062,2019-07-28 11:15:00,2019-07-28 11:30:00,0,0,0:15:00,0:00:00,0,0,0
2062,2019-07-28 11:30:00,2019-07-28 11:45:00,0,0,0:15:00,0:00:00,0,0,0
2062,2019-07-28 11:45:00,2019-07-28 12:00:00,10,27,0:01:20,0:13:40,1,0,1
2062,2019-07-28 12:00:00,2019-07-28 12:15:00,19,29,0:00:00,0:15:00,0,0,0
2062,2019-07-28 12:15:00,2019-07-28 12:30:00,16,28,0:00:00,0:15:00,0,0,0
2062,2019-07-28 12:30:00,2019-07-28 12:45:00,8,16,0:00:01,0:14:59,1,0,1
2062,2019-07-28 12:45:00,2019-07-28 13:00:00,4,8,0:00:00,0:15:00,0,0,0
2062,2019-07-28 13:00:00,2019-07-28 13:15:00,13,29,0:00:00,0:15:00,0,0,0
2062,2019-07-28 13:15:00,2019-07-28 13:30:00,12,29,0:00:44,0:14:16,1,0,1
2062,2019-07-28 13:30:00,2019-07-28 13:45:00,0,0,0:15:00,0:00:00,0,0,0
2062,2019-07-28 13:45:00,2019-07-28 14:00:00,0,3,0:15:00,0:00:00,0,0,0
2062,2019-07-28 14:00:00,2019-07-28 14:15:00,0,4,0:15:00,0:00:00,0,0,0
2062,2019-07-28 14:15:00,2019-07-28 14:30:00,13,33,0:04:25,0:10:35,0,0,0
2062,2019-07-28 14:30:00,2019-07-28 14:45:00,18,34,0:00:00,0:15:00,0,0,0
2062,2019-07-28 14:45:00,2019-07-28 15:00:00,16,31,0:00:00,0:15:00,0,0,0
2062,2019-07-28 15:00:00,2019-07-28 15:15:00,13,29,0:00:00,0:15:00,0,0,0
2062,2019-07-28 15:15:00,2019-07-28 15:30:00,8,27,0:00:02,0:14:58,2,1,1
2062,2019-07-28 15:30:00,2019-07-28 15:45:00,17,52,0:00:01,0:14:59,1,0,1
2062,2019-07-28 15:45:00,2019-07-28 16:00:00,4,13,0:12:27,0:02:33,1,0,1
2062,2019-07-28 16:00:00,2019-07-28 16:15:00,0,0,0:15:00,0:00:00,0,0,0
2062,2019-07-28 16:15:00,2019-07-28 16:30:00,3,23,0:11:53,0:03:07,1,0,1
2062,2019-07-28 16:30:00,2019-07-28 16:45:00,14,19,0:00:10,0:14:50,1,0,1
2062,2019-07-28 16:45:00,2019-07-28 17:00:00,13,28,0:00:13,0:14:47,1,0,1
2062,2019-07-28 17:00:00,2019-07-28 17:15:00,10,22,0:00:00,0:15:00,0,0,0
2062,2019-07-28 17:15:00,2019-07-28 17:30:00,7,17,0:00:00,0:15:00,0,0,0
2062,2019-07-28 17:30:00,2019-07-28 17:45:00,19,33,0:00:04,0:14:56,2,1,1
2062,2019-07-28 17:45:00,2019-07-28 18:00:00,17,39,0:00:00,0:15:00,0,0,0
2062,2019-07-28 18:00:00,2019-07-28 18:15:00,6,26,0:07:44,0:07:16,3,1,2
2062,2019-07-28 18:15:00,2019-07-28 18:30:00,13,30,0:00:00,0:15:00,0,0,0
2062,2019-07-28 18:30:00,2019-07-28 18:45:00,6,30,0:00:54,0:14:06,9,4,5
2062,2019-07-28 18:45:00,2019-07-28 19:00:00,11,33,0:00:01,0:14:59,1,0,1
2062,2019-07-28 19:00:00,2019-07-28 19:15:00,13,60,0:00:34,0:14:26,3,1,2
2062,2019-07-28 19:15:00,2019-07-28 19:30:00,0,0,0:15:00,0:00:00,0,0,0
2062,2019-07-28 19:30:00,2019-07-28 19:45:00,0,0,0:15:00,0:00:00,0,0,0
2062,2019-07-28 19:45:00,2019-07-28 20:00:00,3,24,0:09:58,0:05:02,1,0,1
2062,2019-07-28 20:00:00,2019-07-28 20:15:00,14,29,0:00:16,0:14:44,3,1,2
2062,2019-07-28 20:15:00,2019-07-28 20:30:00,15,32,0:00:12,0:14:48,2,1,1
2062,2019-07-28 20:30:00,2019-07-28 20:45:00,19,60,0:00:00,0:15:00,0,0,0
2062,2019-07-28 20:45:00,2019-07-28 21:00:00,12,20,0:00:02,0:14:58,2,1,1
2062,2019-07-28 21:00:00,2019-07-28 21:15:00,16,32,0:00:00,0:15:00,0,0,0
2062,2019-07-28 21:15:00,2019-07-28 21:30:00,14,37,0:04:20,0:10:40,3,1,2
2062,2019-07-28 21:30:00,2019-07-28 21:45:00,10,23,0:00:00,0:15:00,0,0,0
2062,2019-07-28 21:45:00,2019-07-28 22:00:00,15,38,0:00:00,0:15:00,0,0,0
2062,2019-07-28 22:00:00,2019-07-28 22:15:00,9,31,0:01:47,0:13:13,2,1,1
2062,2019-07-28 22:15:00,2019-07-28 22:30:00,0,0,0:15:00,0:00:00,0,0,0
2062,2019-07-28 22:30:00,2019-07-28 22:45:00,0,0,0:15:00,0:00:00,0,0,0
2062,2019-07-28 22:45:00,2019-07-28 23:00:00,0,0,0:15:00,0:00:00,0,0,0
2062,2019-07-28 23:00:00,2019-07-28 23:15:00,12,32,0:00:23,0:14:37,0,0,0
2062,2019-07-28 23:15:00,2019-07-28 23:30:00,16,37,0:02:25,0:12:35,1,0,1
2062,2019-07-28 23:30:00,2019-07-28 23:45:00,0,0,0:15:00,0:00:00,0,0,0
2062,2019-07-28 23:45:00,2019-07-29 00:00:00,0,2,0:15:00,0:00:00,0,0,0
2062,2019-07-29 00:00:00,2019-07-29 00:15:00,0,0,0:15:00,0:00:00,0,0,0
2062,2019-07-29 00:15:00,2019-07-29 00:30:00,5,22,0:02:04,0:12:56,1,0,1
2062,2019-07-29 00:30:00,2019-07-29 00:45:00,19,25,0:00:00,0:15:00,0,0,0
2062,2019-07-29 00:45:00,2019-07-29 01:00:00,8,34,0:08:00,0:07:00,1,0,1
2062,2019-07-29 01:00:00,2019-07-29 01:15:00,1,5,0:12:38,0:02:22,1,0,1
2062,2019-07-29 01:15:00,2019-07-29 01:30:00,10,27,0:01:20,0:13:40,1,0,1
2062,2019-07-29 01:30:00,2019-07-29 01:45:00,0,0,0:15:00,0:00:00,0,0,0
2062,2019-07-29 01:45:00,2019-07-29 02:00:00,0,0,0:15:00,0:00:00,0,0,0
2062,2019-07-29 02:00:00,2019-07-29 02:15:00,0,3,0:15:00,0:00:00,0,0,0
2062,2019-07-29 02:15:00,2019-07-29 02:30:00,9,33,0:03:56,0:11:04,1,0,1
2062,2019-07-29 02:30:00,2019-07-29 02:45:00,16,24,0:00:00,0:15:00,0,0,0
2062,2019-07-29 02:45:00,2019-07-29 03:00:00,14,34,0:02:15,0:12:45,1,0,1
2062,2019-07-29 03:00:00,2019-07-29 03:15:00,0,0,0:15:00,0:00:00,0,0,0
2062,2019-07-29 03:15:00,2019-07-29 03:30:00,0,3,0:15:00,0:00:00,0,0,0
2062,2019-07-29 03:30:00,2019-07-29 03:45:00,0,1,0:15:00,0:00:00,0,0,0
2062,2019-07-29 03:45:00,2019-07-29 04:00:00,6,8,0:07:04,0:07:56,0,0,0
2062,2019-07-29 04:00:00,2019-07-29 04:15:00,3,13,0:11:08,0:03:52,1,0,1
2062,2019-07-29 04:15:00,2019-07-29 04:30:00,0,0,0:15:00,0:00:00,0,0,0
2062,2019-07-29 04:30:00,2019-07-29 04:45:00,0,0,0:15:00,0:00:00,0,0,0
2062,2019-07-29 04:45:00,2019-07-29 05:00:00,10,26,0:00:23,0:14:37,0,0,0
2062,2019-07-29 05:00:00,2019-07-29 05:15:00,9,18,0:00:00,0:15:00,0,0,0
2062,2019-07-29 05:15:00,2019-07-29 05:30:00,12,24,0:00:00,0:15:00,0,0,0
2062,2019-07-29 05:30:00,2019-07-29 05:45:00,9,26,0:00:00,0:15:00,0,0,0
2062,2019-07-29 05:45:00,2019-07-29 06:00:00,9,23,0:00:00,0:15:00,0,0,0
2062,2019-07-29 06:00:00,2019-07-29 06:15:00,12,28,0:00:00,0:15:00,0,0,0
2062,2019-07-29 06:15:00,2019-07-29 06:30:00,7,15,0:00:03,0:14:57,1,0,1
2062,2019-07-29 06:30:00,2019-07-29 06:45:00,10,21,0:00:05,0:14:55,3,1,2
2062,2019-07-29 06:45:00,2019-07-29 07:00:00,12,34,0:00:52,0:14:08,4,2,2
2062,2019-07-29 07:00:00,2019-07-29 07:15:00,1,4,0:13:08,0:01:52,0,0,0
2062,2019-07-29 07:15:00,2019-07-29 07:30:00,1,18,0:08:14,0:06:46,2,1,1
2062,2019-07-29 07:30:00,2019-07-29 07:45:00,0,2,0:15:00,0:00:00,0,0,0
2062,2019-07-29 07:45:00,2019-07-29 08:00:00,0,0,0:15:00,0:00:00,0,0,0
2062,2019-07-29 08:00:00,2019-07-29 08:15:00,6,19,0:01:38,0:13:22,0,0,0
2062,2019-07-29 08:15:00,2019-07-29 08:30:00,5,17,0:00:03,0:14:57,1,0,1
2062,2019-07-29 08:30:00,2019-07-29 08:45:00,11,19,0:00:00,0:15:00,0,0,0
2062,2019-07-29 08:45:00,2019-07-29 09:00:00,11,28,0:03:30,0:11:30,2,1,1
2062,2019-07-29 09:00:00,2019-07-29 09:15:00,0,3,0:14:40,0:00:20,0,0,0
2062,2019-07-29 09:15:00,2019-07-29 09:30:00,17,38,0:00:00,0:15:00,0,0,0
2062,2019-07-29 09:30:00,2019-07-29 09:45:00,10,28,0:00:01,0:14:59,1,0,1
2062,2019-07-29 09:45:00,2019-07-29 10:00:00,4,11,0:00:01,0:14:59,1,0,1
2062,2019-07-29 10:00:00,2019-07-29 10:15:00,11,27,0:00:01,0:14:59,1,0,1
2062,2019-07-29 10:15:00,2019-07-29 10:30:00,22,38,0:00:00,0:15:00,0,0,0
2062,2019-07-29 10:30:00,2019-07-29 10:45:00,7,20,0:09:42,0:05:18,3,1,2
2062,2019-07-29 10:45:00,2019-07-29 11:00:00,0,7,0:11:45,0:03:15,0,0,0
2062,2019-07-29 11:00:00,2019-07-29 11:15:00,12,35,0:00:02,0:14:58,2,1,1
2062,2019-07-29 11:15:00,2019-07-29 11:30:00,5,16,0:00:00,0:15:00,0,0,0
2062,2019-07-29 11:30:00,2019-07-29 11:45:00,10,26,0:00:00,0:15:00,0,0,0
2062,2019-07-29 11:45:00,2019-07-29 12:00:00,11,36,0:02:01,0:12:59,2,1,1
2062,2019-07-29 12:00:00,2019-07-29 12:15:00,14,32,0:01:39,0:13:21,0,0,0
2062,2019-07-29 12:15:00,2019-07-29 12:30:00,8,20,0:08:12,0:06:48,1,0,1
2062,2019-07-29 12:30:00,2019-07-29 12:45:00,16,60,0:01:02,0:13:58,0,0,0
2062,2019-07-29 12:45:00,2019-07-29 13:00:00,10,30,0:00:01,0:14:59,1,0,1
2062,2019-07-29 13:00:00,2019-07-29 13:15:00,2,21,0:12:50,0:02:10,1,0,1
2062,2019-07-29 13:15:00,2019-07-29 13:30:00,0,0,0:15:00,0:00:00,0,0,0
2062,2019-07-29 13:30:00,2019-07-29 13:45:00,0,0,0:15:00,0:00:00,0,0,0
2062,2019-07-29 13:45:00,2019-07-29 14:00:00,3,17,0:11:35,0:03:25,1,0,1
2062,2019-07-29 14:00:00,2019-07-29 14:15:00,13,38,0:00:00,0:15:00,0,0,0
2062,2019-07-29 14:15:00,2019-07-29 14:30:00,4,16,0:14:14,0:00:46,1,0,1
2062,2019-07-29 14:30:00,2019-07-29 14:45:00,0,1,0:15:00,0:00:00,0,0,0
2062,2019-07-29 14:45:00,2019-07-29 15:00:00,0,5,0:15:00,0:00:00,0,0,0
2062,2019-07-29 15:00:00,2019-07-29 15:15:00,5,15,0:09:38,0:05:22,0,0,0
2062,2019-07-29 15:15:00,2019-07-29 15:30:00,8,17,0:00:00,0:15:00,0,0,0
2062,2019-07-29 15:30:00,2019-07-29 15:45:00,5,8,0:00:00,0:15:00,0,0,0
2062,2019-07-29 15:45:00,2019-07-29 16:00:00,10,16,0:00:00,0:15:00,0,0,0
2062,2019-07-29 16:00:00,2019-07-29 16:15:00,9,34,0:02:43,0:12:17,1,0,1
2062,2019-07-29 16:15:00,2019-07-29 16:30:00,0,1,0:15:00,0:00:00,0,0,0
2062,2019-07-29 16:30:00,2019-07-29 16:45:00,4,18,0:12:01,0:02:59,0,0,0
2062,2019-07-29 16:45:00,2019-07-29 17:00:00,12,30,0:00:00,0:15:00,0,0,0
2062,2019-07-29 17:00:00,2019-07-29 17:15:00,10,22,0:00:00,0:15:00,0,0,0
2062,2019-07-29 17:15:00,2019-07-29 17:30:00,15,33,0:00:00,0:15:00,0,0,0
2062,2019-07-29 17:30:00,2019-07-29 17:45:00,15,31,0:00:00,0:15:00,0,0,0
2062,2019-07-29 17:45:00,2019-07-29 18:00:00,13,37,0:02:42,0:12:18,1,0,1
2062,2019-07-29 18:00:00,2019-07-29 18:15:00,3,5,0:10:05,0:04:55,0,0,0
2062,2019-07-29 18:15:00,2019-07-29 18:30:00,23,47,0:00:00,0:15:00,0,0,0
2062,2019-07-29 18:30:00,2019-07-29 18:45:00,13,27,0:00:38,0:14:22,2,1,1
2062,2019-07-29 18:45:00,2019-07-29 19:00:00,8,17,0:00:00,0:15:00,0,0,0
2062,2019-07-29 19:00:00,2019-07-29 19:15:00,14,43,0:00:02,0:14:58,2,1,1
2062,2019-07-29 19:15:00,2019-07-29 19:30:00,13,27,0:00:00,0:15:00,0,0,0
2062,2019-07-29 19:30:00,2019-07-29 19:45:00,1,14,0:13:00,0:02:00,1,0,1
2062,2019-07-29 19:45:00,2019-07-29 20:00:00,6,33,0:04:06,0:10:54,2,1,1
2062,2019-07-29 20:00:00,2019-07-29 20:15:00,12,33,0:00:03,0:14:57,3,1,2
2062,2019-07-29 20:15:00,2019-07-29 20:30:00,10,24,0:00:02,0:14:58,2,1,1
2062,2019-07-29 20:30:00,2019-07-29 20:45:00,19,54,0:00:17,0:14:43,3,1,2
2062,2019-07-29 20:45:00,2019-07-29 21:00:00,17,38,0:00:08,0:14:52,3,1,2
2062,2019-07-29 21:00:00,2019-07-29 21:15:00,21,56,0:01:06,0:13:54,2,1,1
2062,2019-07-29 21:15:00,2019-07-29 21:30:00,16,37,0:00:00,0:15:00,0,0,0
2062,2019-07-29 21:30:00,2019-07-29 21:45:00,23,62,0:00:08,0:14:52,1,0,1
2062,2019-07-29 21:45:00,2019-07-29 22:00:00,8,18,0:06:29,0:08:31,1,0,1
2062,2019-07-29 22:00:00,2019-07-29 22:15:00,7,17,0:00:09,0:14:51,1,0,1
2062,2019-07-29 22:15:00,2019-07-29 22:30:00,16,35,0:04:39,0:10:21,5,2,3
2062,2019-07-29 22:30:00,2019-07-29 22:45:00,1,13,0:13:12,0:01:48,1,0,1
2062,2019-07-29 22:45:00,2019-07-29 23:00:00,14,37,0:03:00,0:12:00,2,1,1
2062,2019-07-29 23:00:00,2019-07-29 23:15:00,0,0,0:15:00,0:00:00,0,0,0
2062,2019-07-29 23:15:00,2019-07-29 23:30:00,0,1,0:15:00,0:00:00,0,0,0
2062,2019-07-29 23:30:00,2019-07-29 23:45:00,0,4,0:15:00,0:00:00,0,0,0
2062,2019-07-29 23:45:00,2019-07-30 00:00:00,0,10,0:15:00,0:00:00,0,0,0
2062,2019-07-30 00:00:00,2019-07-30 00:15:00,9,31,0:00:06,0:14:54,0,0,0
2062,2019-07-30 00:15:00,2019-07-30 00:30:00,12,27,0:00:00,0:15:00,0,0,0
2062,2019-07-30 00:30:00,2019-07-30 00:45:00,8,16,0:00:00,0:15:00,0,0,0
2062,2019-07-30 00:45:00,2019-07-30 01:00:00,11,38,0:02:18,0:12:42,2,1,1
2062,2019-07-30 01:00:00,2019-07-30 01:15:00,0,0,0:15:00,0:00:00,0,0,0
2062,2019-07-30 01:15:00,2019-07-30 01:30:00,0,2,0:15:00,0:00:00,0,0,0
2062,2019-07-30 01:30:00,2019-07-30 01:45:00,1,15,0:11:23,0:03:37,0,0,0
2062,2019-07-30 01:45:00,2019-07-30 02:00:00,10,29,0:00:00,0:15:00,0,0,0
2062,2019-07-30 02:00:00,2019-07-30 02:15:00,15,29,0:00:00,0:15:00,0,0,0
2062,2019-07-30 02:15:00,2019-07-30 02:30:00,15,45,0:02:01,0:12:59,2,1,1
2062,2019-07-30 02:30:00,2019-07-30 02:45:00,0,0,0:15:00,0:00:00,0,0,0
2062,2019-07-30 02:45:00,2019-07-30 03:00:00,0,1,0:15:00,0:00:00,0,0,0
2062,2019-07-30 03:00:00,2019-07-30 03:15:00,0,4,0:15:00,0:00:00,0,0,0
2062,2019-07-30 03:15:00,2019-07-30 03:30:00,0,0,0:15:00,0:00:00,0,0,0
2062,2019-07-30 03:30:00,2019-07-30 03:45:00,0,0,0:15:00,0:00:00,0,0,0
2062,2019-07-30 03:45:00,2019-07-30 04:00:00,1,26,0:08:52,0:06:08,2,1,1
2062,2019-07-30 04:00:00,2019-07-30 04:15:00,0,0,0:15:00,0:00:00,0,0,0
2062,2019-07-30 04:15:00,2019-07-30 04:30:00,3,15,0:06:53,0:08:07,0,0,0
2062,2019-07-30 04:30:00,2019-07-30 04:45:00,11,30,0:00:00,0:15:00,0,0,0
2062,2019-07-30 04:45:00,2019-07-30 05:00:00,9,35,0:02:21,0:12:39,3,1,2
2062,2019-07-30 05:00:00,2019-07-30 05:15:00,2,4,0:07:31,0:07:29,0,0,0
2062,2019-07-30 05:15:00,2019-07-30 05:30:00,10,23,0:00:00,0:15:00,0,0,0
2062,2019-07-30 05:30:00,2019-07-30 05:45:00,19,50,0:00:00,0:15:00,0,0,0
2062,2019-07-30 05:45:00,2019-07-30 06:00:00,7,11,0:00:00,0:15:00,0,0,0
2062,2019-07-30 06:00:00,2019-07-30 06:15:00,1,7,0:00:00,0:15:00,0,0,0
2062,2019-07-30 06:15:00,2019-07-30 06:30:00,15,38,0:00:04,0:14:56,4,2,2
2062,2019-07-30 06:30:00,2019-07-30 06:45:00,7,14,0:00:08,0:14:52,2,1,1
2062,2019-07-30 06:45:00,2019-07-30 07:00:00,2,13,0:09:53,0:05:07,2,1,1
2062,2019-07-30 07:00:00,2019-07-30 07:15:00,0,6,0:14:22,0:00:38,1,0,1
2062,2019-07-30 07:15:00,2019-07-30 07:30:00,8,23,0:00:00,0:15:00,0,0,0
2062,2019-07-30 07:30:00,2019-07-30 07:45:00,8,19,0:00:00,0:15:00,0,0,0
2062,2019-07-30 07:45:00,2019-07-30 08:00:00,13,32,0:00:08,0:14:52,2,1,1
2062,2019-07-30 08:00:00,2019-07-30 08:15:00,6,26,0:04:47,0:10:13,1,0,1
2062,2019-07-30 08:15:00,2019-07-30 08:30:00,0,0,0:15:00,0:00:00,0,0,0
2062,2019-07-30 08:30:00,2019-07-30 08:45:00,0,0,0:15:00,0:00:00,0,0,0
2062,2019-07-30 08:45:00,2019-07-30 09:00:00,5,18,0:05:08,0:09:52,1,0,1
2062,2019-07-30 09:00:00,2019-07-30 09:15:00,16,36,0:00:00,0:15:00,0,0,0
2062,2019-07-30 09:15:00,2019-07-30 09:30:00,13,29,0:00:00,0:15:00,0,0,0
2062,2019-07-30 09:30:00,2019-07-30 09:45:00,11,20,0:00:04,0:14:56,2,1,1
2062,2019-07-30 09:45:00,2019-07-30 10:00:00,14,33,0:00:00,0:15:00,0,0,0
2062,2019-07-30 10:00:00,2019-07-30 10:15:00,12,36,0:00:01,0:14:59,1,0,1
2062,2019-07-30 10:15:00,2019-07-30 10:30:00,7,16,0:07:52,0:07:08,1,0,1
2062,2019-07-30 10:30:00,2019-07-30 10:45:00,0,0,0:15:00,0:00:00,0,0,0
2062,2019-07-30 10:45:00,2019-07-30 11:00:00,0,0,0:15:00,0:00:00,0,0,0
2062,2019-07-30 11:00:00,2019-07-30 11:15:00,0,17,0:13:48,0:01:12,0,0,0
2062,2019-07-30 11:15:00,2019-07-30 11:30:00,11,24,0:00:01,0:14:59,1,0,1
2062,2019-07-30 11:30:00,2019-07-30 11:45:00,13,24,0:00:00,0:15:00,0,0,0
2062,2019-07-30 11:45:00,2019-07-30 12:00:00,6,38,0:05:21,0:09:39,2,1,1
2062,2019-07-30 12:00:00,2019-07-30 12:15:00,9,19,0:00:00,0:15:00,0,0,0
2062,2019-07-30 12:15:00,2019-07-30 12:30:00,7,19,0:00:00,0:15:00,0,0,0
2062,2019-07-30 12:30:00,2019-07-30 12:45:00,13,31,0:00:01,0:14:59,1,0,1
2062,2019-07-30 12:45:00,2019-07-30 13:00:00,9,32,0:08:13,0:06:47,2,1,1
2062,2019-07-30 13:00:00,2019-07-30 13:15:00,0,0,0:15:00,0:00:00,0,0,0
2062,2019-07-30 13:15:00,2019-07-30 13:30:00,0,0,0:15:00,0:00:00,0,0,0
2062,2019-07-30 13:30:00,2019-07-30 13:45:00,11,41,0:03:33,0:11:27,1,0,1
2062,2019-07-30 13:45:00,2019-07-30 14:00:00,7,13,0:00:00,0:15:00,0,0,0
2062,2019-07-30 14:00:00,2019-07-30 14:15:00,8,16,0:00:02,0:14:58,2,1,1
2062,2019-07-30 14:15:00,2019-07-30 14:30:00,6,18,0:06:42,0:08:18,2,1,1
2062,2019-07-30 14:30:00,2019-07-30 14:45:00,0,0,0:15:00,0:00:00,0,0,0
2062,2019-07-30 14:45:00,2019-07-30 15:00:00,0,0,0:15:00,0:00:00,0,0,0
2062,2019-07-30 15:00:00,2019-07-30 15:15:00,0,3,0:15:00,0:00:00,0,0,0
2062,2019-07-30 15:15:00,2019-07-30 15:30:00,0,3,0:15:00,0:00:00,0,0,0
2062,2019-07-30 15:30:00,2019-07-30 15:45:00,0,6,0:10:39,0:04:21,0,0,0
2062,2019-07-30 15:45:00,2019-07-30 16:00:00,18,42,0:00:17,0:14:43,1,0,1
2062,2019-07-30 16:00:00,2019-07-30 16:15:00,10,33,0:00:00,0:15:00,0,0,0
2062,2019-07-30 16:15:00,2019-07-30 16:30:00,14,22,0:00:00,0:15:00,0,0,0
2062,2019-07-30 16:30:00,2019-07-30 16:45:00,7,19,0:00:00,0:15:00,0,0,0
2062,2019-07-30 16:45:00,2019-07-30 17:00:00,9,28,0:07:39,0:07:21,1,0,1
2062,2019-07-30 17:00:00,2019-07-30 17:15:00,9,34,0:01:38,0:13:22,0,0,0
2062,2019-07-30 17:15:00,2019-07-30 17:30:00,15,27,0:00:00,0:15:00,0,0,0
2062,2019-07-30 17:30:00,2019-07-30 17:45:00,10,21,0:00:01,0:14:59,1,0,1
2062,2019-07-30 17:45:00,2019-07-30 18:00:00,17,38,0:00:03,0:14:57,1,0,1
2062,2019-07-30 18:00:00,2019-07-30 18:15:00,10,33,0:05:19,0:09:41,2,1,1
2062,2019-07-30 18:15:00,2019-07-30 18:30:00,0,0,0:15:00,0:00:00,0,0,0
2062,2019-07-30 18:30:00,2019-07-30 18:45:00,6,30,0:04:42,0:10:18,0,0,0
2062,2019-07-30 18:45:00,2019-07-30 19:00:00,12,25,0:00:00,0:15:00,0,0,0
2062,2019-07-30 19:00:00,2019-07-30 19:15:00,15,29,0:00:00,0:15:00,0,0,0
2062,2019-07-30 19:15:00,2019-07-30 19:30:00,13,25,0:00:00,0:15:00,0,0,0
2062,2019-07-30 19:30:00,2019-07-30 19:45:00,11,24,0:00:00,0:15:00,0,0,0
2062,2019-07-30 19:45:00,2019-07-30 20:00:00,20,52,0:00:00,0:15:00,0,0,0
2062,2019-07-30 20:00:00,2019-07-30 20:15:00,12,32,0:08:46,0:06:14,1,0,1
2062,2019-07-30 20:15:00,2019-07-30 20:30:00,7,32,0:07:41,0:07:19,1,0,1
2062,2019-07-30 20:30:00,2019-07-30 20:45:00,19,54,0:00:01,0:14:59,1,0,1
2062,2019-07-30 20:45:00,2019-07-30 21:00:00,22,50,0:00:01,0:14:59,1,0,1
2062,2019-07-30 21:00:00,2019-07-30 21:15:00,8,34,0:08:56,0:06:04,2,1,1
2062,2019-07-30 21:15:00,2019-07-30 21:30:00,0,0,0:15:00,0:00:00,0,0,0
2062,2019-07-30 21:30:00,2019-07-30 21:45:00,10,28,0:01:16,0:13:44,1,0,1
2062,2019-07-30 21:45:00,2019-07-30 22:00:00,15,32,0:00:00,0:15:00,0,0,0
2062,2019-07-30 22:00:00,2019-07-30 22:15:00,15,50,0:02:45,0:12:15,1,0,1
2062,2019-07-30 22:15:00,2019-07-30 22:30:00,7,21,0:06:05,0:08:55,0,0,0
2062,2019-07-30 22:30:00,2019-07-30 22:45:00,15,29,0:00:01,0:14:59,1,0,1
2062,2019-07-30 22:45:00,2019-07-30 23:00:00,5,32,0:10:22,0:04:38,1,0,1
2062,2019-07-30 23:00:00,2019-07-30 23:15:00,0,0,0:15:00,0:00:00,0,0,0
2062,2019-07-30 23:15:00,2019-07-30 23:30:00,0,1,0:15:00,0:00:00,0,0,0
2062,2019-07-30 23:30:00,2019-07-30 23:45:00,6,14,0:05:57,0:09:03,1,0,1
2062,2019-07-30 23:45:00,2019-07-31 00:00:00,18,48,0:00:00,0:15:00,0,0,0
2062,2019-07-31 00:00:00,2019-07-31 00:15:00,13,28,0:00:00,0:15:00,0,0,0
2062,2019-07-31 00:15:00,2019-07-31 00:30:00,0,12,0:14:59,0:00:01,1,0,1
2062,2019-07-31 00:30:00,2019-07-31 00:45:00,0,0,0:15:00,0:00:00,0,0,0
2062,2019-07-31 00:45:00,2019-07-31 01:00:00,0,2,0:15:00,0:00:00,0,0,0
2062,2019-07-31 01:00:00,2019-07-31 01:15:00,0,4,0:15:00,0:00:00,0,0,0
2062,2019-07-31 01:15:00,2019-07-31 01:30:00,0,11,0:11:40,0:03:20,1,0,1
2062,2019-07-31 01:30:00,2019-07-31 01:45:00,12,37,0:00:00,0:15:00,0,0,0
2062,2019-07-31 01:45:00,2019-07-31 02:00:00,10,42,0:02:41,0:12:19,3,1,2
2062,2019-07-31 02:00:00,2019-07-31 02:15:00,10,19,0:00:00,0:15:00,0,0,0
2062,2019-07-31 02:15:00,2019-07-31 02:30:00,2,10,0:12:58,0:02:02,1,0,1
2062,2019-07-31 02:30:00,2019-07-31 02:45:00,0,0,0:15:00,0:00:00,0,0,0
2062,2019-07-31 02:45:00,2019-07-31 03:00:00,0,2,0:15:00,0:00:00,0,0,0
2062,2019-07-31 03:00:00,2019-07-31 03:15:00,0,3,0:15:00,0:00:00,0,0,0
2062,2019-07-31 03:15:00,2019-07-31 03:30:00,0,2,0:15:00,0:00:00,0,0,0
2062,2019-07-31 03:30:00,2019-07-31 03:45:00,3,6,0:09:59,0:05:01,0,0,0
2062,2019-07-31 03:45:00,2019-07-31 04:00:00,13,34,0:02:34,0:12:26,1,0,1
2062,2019-07-31 04:00:00,2019-07-31 04:15:00,0,11,0:13:46,0:01:14,1,0,1
2062,2019-07-31 04:15:00,2019-07-31 04:30:00,13,33,0:00:00,0:15:00,0,0,0
2062,2019-07-31 04:30:00,2019-07-31 04:45:00,14,32,0:00:00,0:15:00,0,0,0
2062,2019-07-31 04:45:00,2019-07-31 05:00:00,11,25,0:00:00,0:15:00,0,0,0
2062,2019-07-31 05:00:00,2019-07-31 05:15:00,4,21,0:09:41,0:05:19,1,0,1
2062,2019-07-31 05:15:00,2019-07-31 05:30:00,2,10,0:11:41,0:03:19,0,0,0
2062,2019-07-31 05:30:00,2019-07-31 05:45:00,14,33,0:00:00,0:15:00,0,0,0
2062,2019-07-31 05:45:00,2019-07-31 06:00:00,9,27,0:00:00,0:15:00,0,0,0
2062,2019-07-31 06:00:00,2019-07-31 06:15:00,8,17,0:00:00,0:15:00,0,0,0
2062,2019-07-31 06:15:00,2019-07-31 06:30:00,6,8,0:00:00,0:15:00,0,0,0
2062,2019-07-31 06:30:00,2019-07-31 06:45:00,7,11,0:00:00,0:15:00,0,0,0
2062,2019-07-31 06:45:00,2019-07-31 07:00:00,12,25,0:00:16,0:14:44,2,1,1
2062,2019-07-31 07:00:00,2019-07-31 07:15:00,3,8,0:00:01,0:14:59,1,0,1
2062,2019-07-31 07:15:00,2019-07-31 07:30:00,9,33,0:04:33,0:10:27,1,0,1
2062,2019-07-31 07:30:00,2019-07-31 07:45:00,0,0,0:15:00,0:00:00,0,0,0
2062,2019-07-31 07:45:00,2019-07-31 08:00:00,0,0,0:15:00,0:00:00,0,0,0
2062,2019-07-31 08:00:00,2019-07-31 08:15:00,0,0,0:15:00,0:00:00,0,0,0
2062,2019-07-31 08:15:00,2019-07-31 08:30:00,0,2,0:15:00,0:00:00,0,0,0
2062,2019-07-31 08:30:00,2019-07-31 08:45:00,6,31,0:07:09,0:07:51,1,0,1
2062,2019-07-31 08:45:00,2019-07-31 09:00:00,11,30,0:06:08,0:08:52,2,1,1
2062,2019-07-31 09:00:00,2019-07-31 09:15:00,0,3,0:15:00,0:00:00,0,0,0
2062,2019-07-31 09:15:00,2019-07-31 09:30:00,9,23,0:03:10,0:11:50,1,0,1
2062,2019-07-31 09:30:00,2019-07-31 09:45:00,11,32,0:00:16,0:14:44,4,2,2
2062,2019-07-31 09:45:00,2019-07-31 10:00:00,8,15,0:00:16,0:14:44,1,0,1
2062,2019-07-31 10:00:00,2019-07-31 10:15:00,12,35,0:00:00,0:15:00,0,0,0
2062,2019-07-31 10:15:00,2019-07-31 10:30:00,14,31,0:02:38,0:12:22,2,1,1
2062,2019-07-31 10:30:00,2019-07-31 10:45:00,0,0,0:15:00,0:00:00,0,0,0
2062,2019-07-31 10:45:00,2019-07-31 11:00:00,0,0,0:15:00,0:00:00,0,0,0
2062,2019-07-31 11:00:00,2019-07-31 11:15:00,5,23,0:08:41,0:06:19,0,0,0
2062,2019-07-31 11:15:00,2019-07-31 11:30:00,16,35,0:00:18,0:14:42,3,1,2
2062,2019-07-31 11:30:00,2019-07-31 11:45:00,2,4,0:00:00,0:15:00,0,0,0
2062,2019-07-31 11:45:00,2019-07-31 12:00:00,15,30,0:00:00,0:15:00,0,0,0
2062,2019-07-31 12:00:00,2019-07-31 12:15:00,18,36,0:00:00,0:15:00,0,0,0
2062,2019-07-31 12:15:00,2019-07-31 12:30:00,16,27,0:00:00,0:15:00,0,0,0
2062,2019-07-31 12:30:00,2019-07-31 12:45:00,9,17,0:06:31,0:08:29,1,0,1
2062,2019-07-31 12:45:00,2019-07-31 13:00:00,0,1,0:15:00,0:00:00,0,0,0
2062,2019-07-31 13:00:00,2019-07-31 13:15:00,0,5,0:15:00,0:00:00,0,0,0
2062,2019-07-31 13:15:00,2019-07-31 13:30:00,12,40,0:01:22,0:13:38,2,1,1
2062,2019-07-31 13:30:00,2019-07-31 13:45:00,12,33,0:00:04,0:14:56,2,1,1
2062,2019-07-31 13:45:00,2019-07-31 14:00:00,9,24,0:10:08,0:04:52,1,0,1
2062,2019-07-31 14:00:00,2019-07-31 14:15:00,3,13,0:07:13,0:07:47,0,0,0
2062,2019-07-31 14:15:00,2019-07-31 14:30:00,9,21,0:00:00,0:15:00,0,0,0
2062,2019-07-31 14:30:00,2019-07-31 14:45:00,5,23,0:04:27,0:10:33,2,1,1
2062,2019-07-31 14:45:00,2019-07-31 15:00:00,0,0,0:15:00,0:00:00,0,0,0
2062,2019-07-31 15:00:00,2019-07-31 15:15:00,0,2,0:15:00,0:00:00,0,0,0
2062,2019-07-31 15:15:00,2019-07-31 15:30:00,0,0,0:15:00,0:00:00,0,0,0
2062,2019-07-31 15:30:00,2019-07-31 15:45:00,0,4,0:15:00,0:00:00,0,0,0
2062,2019-07-31 15:45:00,2019-07-31 16:00:00,2,5,0:10:21,0:04:39,0,0,0
2062,2019-07-31 16:00:00,2019-07-31 16:15:00,14,32,0:00:00,0:15:00,0,0,0
2062,2019-07-31 16:15:00,2019-07-31 16:30:00,11,34,0:00:00,0:15:00,0,0,0
2062,2019-07-31 16:30:00,2019-07-31 16:45:00,2,14,0:14:27,0:00:33,1,0,1
2062,2019-07-31 16:45:00,2019-07-31 17:00:00,0,0,0:15:00,0:00:00,0,0,0
2062,2019-07-31 17:00:00,2019-07-31 17:15:00,5,27,0:05:03,0:09:57,0,0,0
2062,2019-07-31 17:15:00,2019-07-31 17:30:00,14,41,0:00:00,0:15:00,0,0,0
2062,2019-07-31 17:30:00,2019-07-31 17:45:00,11,53,0:00:46,0:14:14,7,3,4
2062,2019-07-31 17:45:00,2019-07-31 18:00:00,13,27,0:00:01,0:14:59,1,0,1
2062,2019-07-31 18:00:00,2019-07-31 18:15:00,4,23,0:11:15,0:03:45,2,1,1
2062,2019-07-31 18:15:00,2019-07-31 18:30:00,0,2,0:15:00,0:00:00,0,0,0
2062,2019-07-31 18:30:00,2019-07-31 18:45:00,2,10,0:07:38,0:07:22,0,0,0
2062,2019-07-31 18:45:00,2019-07-31 19:00:00,7,17,0:00:00,0:15:00,0,0,0
2062,2019-07-31 19:00:00,2019-07-31 19:15:00,7,19,0:00:02,0:14:58,2,1,1
2062,2019-07-31 19:15:00,2019-07-31 19:30:00,15,31,0:00:04,0:14:56,2,1,1
2062,2019-07-31 19:30:00,2019-07-31 19:45:00,5,21,0:09:31,0:05:29,4,2,2
2062,2019-07-31 19:45:00,2019-07-31 20:00:00,0,1,0:15:00,0:00:00,0,0,0
2062,2019-07-31 20:00:00,2019-07-31 20:15:00,8,28,0:06:46,0:08:14,0,0,0
2062,2019-07-31 20:15:00,2019-07-31 20:30:00,11,28,0:00:28,0:14:32,3,1,2
2062,2019-07-31 20:30:00,2019-07-31 20:45:00,9,30,0:00:03,0:14:57,3,1,2
2062,2019-07-31 20:45:00,2019-07-31 21:00:00,13,23,0:00:06,0:14:54,2,1,1
2062,2019-07-31 21:00:00,2019-07-31 21:15:00,4,24,0:14:25,0:00:35,3,1,2
2062,2019-07-31 21:15:00,2019-07-31 21:30:00,0,1,0:15:00,0:00:00,0,0,0
2062,2019-07-31 21:30:00,2019-07-31 21:45:00,7,29,0:05:44,0:09:16,0,0,0
2062,2019-07-31 21:45:00,2019-07-31 22:00:00,17,23,0:00:00,0:15:00,0,0,0
2062,2019-07-31 22:00:00,2019-07-31 22:15:00,16,39,0:00:00,0:15:00,0,0,0
2062,2019-07-31 22:15:00,2019-07-31 22:30:00,9,53,0:05:38,0:09:22,2,1,1
2062,2019-07-31 22:30:00,2019-07-31 22:45:00,0,2,0:15:00,0:00:00,0,0,0
2062,2019-07-31 22:45:00,2019-07-31 23:00:00,0,0,0:15:00,0:00:00,0,0,0
2062,2019-07-31 23:00:00,2019-07-31 23:15:00,10,32,0:05:32,0:09:28,0,0,0
2062,2019-07-31 23:15:00,2019-07-31 23:30:00,15,22,0:00:03,0:14:57,1,0,1
2062,2019-07-31 23:30:00,2019-07-31 23:45:00,14,32,0:00:00,0:15:00,0,0,0
2062,2019-07-31 23:45:00,2019-08-01 00:00:00,1,5,0:14:54,0:00:06,1,0,1
2062,2019-08-01 00:00:00,2019-08-01 00:15:00,0,0,0:15:00,0:00:00,0,0,0
2062,2019-08-01 00:15:00,2019-08-01 00:30:00,0,4,0:15:00,0:00:00,0,0,0
2062,2019-08-01 00:30:00,2019-08-01 00:45:00,0,1,0:15:00,0:00:00,0,0,0
2062,2019-08-01 00:45:00,2019-08-01 01:00:00,0,1,0:15:00,0:00:00,0,0,0
2062,2019-08-01 01:00:00,2019-08-01 01:15:00,0,0,0:15:00,0:00:00,0,0,0
2062,2019-08-01 01:15:00,2019-08-01 01:30:00,0,20,0:13:55,0:01:05,0,0,0
2062,2019-08-01 01:30:00,2019-08-01 01:45:00,14,38,0:00:00,0:15:00,0,0,0
2062,2019-08-01 01:45:00,2019-08-01 02:00:00,10,36,0:00:00,0:15:00,0,0,0
2062,2019-08-01 02:00:00,2019-08-01 02:15:00,10,22,0:10:22,0:04:38,1,0,1
2062,2019-08-01 02:15:00,2019-08-01 02:30:00,0,0,0:15:00,0:00:00,0,0,0
2062,2019-08-01 02:30:00,2019-08-01 02:45:00,0,0,0:15:00,0:00:00,0,0,0
2062,2019-08-01 02:45:00,2019-08-01 03:00:00,0,0,0:15:00,0:00:00,0,0,0
2062,2019-08-01 03:00:00,2019-08-01 03:15:00,0,1,0:15:00,0:00:00,0,0,0
2062,2019-08-01 03:15:00,2019-08-01 03:30:00,0,1,0:15:00,0:00:00,0,0,0
2062,2019-08-01 03:30:00,2019-08-01 03:45:00,17,56,0:00:34,0:14:26,2,1,1
2062,2019-08-01 03:45:00,2019-08-01 04:00:00,2,16,0:12:51,0:02:09,2,1,1
2062,2019-08-01 04:00:00,2019-08-01 04:15:00,0,0,0:15:00,0:00:00,0,0,0
2062,2019-08-01 04:15:00,2019-08-01 04:30:00,0,3,0:15:00,0:00:00,0,0,0
2062,2019-08-01 04:30:00,2019-08-01 04:45:00,0,0,0:15:00,0:00:00,0,0,0
2062,2019-08-01 04:45:00,2019-08-01 05:00:00,0,0,0:15:00,0:00:00,0,0,0
2062,2019-08-01 05:00:00,2019-08-01 05:15:00,5,35,0:10:52,0:04:08,1,0,1
2062,2019-08-01 05:15:00,2019-08-01 05:30:00,18,37,0:00:00,0:15:00,0,0,0
2062,2019-08-01 05:30:00,2019-08-01 05:45:00,15,33,0:00:00,0:15:00,0,0,0
2062,2019-08-01 05:45:00,2019-08-01 06:00:00,7,16,0:00:00,0:15:00,0,0,0
2062,2019-08-01 06:00:00,2019-08-01 06:15:00,11,24,0:00:00,0:15:00,0,0,0
2062,2019-08-01 06:15:00,2019-08-01 06:30:00,7,11,0:00:05,0:14:55,3,1,2
2062,2019-08-01 06:30:00,2019-08-01 06:45:00,12,27,0:00:32,0:14:28,7,3,4
2062,2019-08-01 06:45:00,2019-08-01 07:00:00,13,38,0:00:28,0:14:32,5,2,3
2062,2019-08-01 07:00:00,2019-08-01 07:15:00,11,19,0:00:19,0:14:41,3,1,2
2062,2019-08-01 07:15:00,2019-08-01 07:30:00,4,16,0:11:00,0:04:00,1,0,1
2062,2019-08-01 07:30:00,2019-08-01 07:45:00,0,0,0:15:00,0:00:00,0,0,0
2062,2019-08-01 07:45:00,2019-08-01 08:00:00,0,0,0:15:00,0:00:00,0,0,0
2062,2019-08-01 08:00:00,2019-08-01 08:15:00,0,0,0:15:00,0:00:00,0,0,0
2062,2019-08-01 08:15:00,2019-08-01 08:30:00,0,0,0:15:00,0:00:00,0,0,0
2062,2019-08-01 08:30:00,2019-08-01 08:45:00,0,0,0:15:00,0:00:00,0,0,0
2062,2019-08-01 08:45:00,2019-08-01 09:00:00,11,47,0:01:20,0:13:40,2,1,1
2062,2019-08-01 09:00:00,2019-08-01 09:15:00,13,28,0:00:01,0:14:59,1,0,1
2062,2019-08-01 09:15:00,2019-08-01 09:30:00,11,30,0:00:21,0:14:39,2,1,1
2062,2019-08-01 09:30:00,2019-08-01 09:45:00,14,27,0:00:03,0:14:57,1,0,1
2062,2019-08-01 09:45:00,2019-08-01 10:00:00,15,38,0:00:00,0:15:00,0,0,0
2062,2019-08-01 10:00:00,2019-08-01 10:15:00,14,41,0:04:14,0:10:46,2,1,1
2062,2019-08-01 10:15:00,2019-08-01 10:30:00,0,0,0:15:00,0:00:00,0,0,0
2062,2019-08-01 10:30:00,2019-08-01 10:45:00,0,0,0:15:00,0:00:00,0,0,0
2062,2019-08-01 10:45:00,2019-08-01 11:00:00,0,2,0:15:00,0:00:00,0,0,0
2062,2019-08-01 11:00:00,2019-08-01 11:15:00,11,37,0:05:45,0:09:15,1,0,1
2062,2019-08-01 11:15:00,2019-08-01 11:30:00,20,56,0:00:02,0:14:58,2,1,1
2062,2019-08-01 11:30:00,2019-08-01 11:45:00,13,27,0:00:10,0:14:50,1,0,1
2062,2019-08-01 11:45:00,2019-08-01 12:00:00,8,17,0:11:04,0:03:56,1,0,1
2062,2019-08-01 12:00:00,2019-08-01 12:15:00,0,0,0:15:00,0:00:00,0,0,0
2062,2019-08-01 12:15:00,2019-08-01 12:30:00,17,46,0:00:41,0:14:19,1,0,1
2062,2019-08-01 12:30:00,2019-08-01 12:45:00,7,29,0:12:37,0:02:23,1,0,1
2062,2019-08-01 12:45:00,2019-08-01 13:00:00,0,19,0:16:21,0:00:00,0,0,0
2062,2019-08-01 13:00:00,2019-08-01 13:15:00,18,64,0:14:00,0:13:23,2,1,1
2062,2019-08-01 13:15:00,2019-08-01 13:30:00,9,16,0:00:00,0:15:00,0,0,0
2062,2019-08-01 13:30:00,2019-08-01 13:45:00,6,30,0:08:39,0:06:21,3,1,2
2062,2019-08-01 13:45:00,2019-08-01 14:00:00,0,1,0:15:00,0:00:00,0,0,0
2062,2019-08-01 14:00:00,2019-08-01 14:15:00,0,3,0:15:00,0:00:00,0,0,0
2062,2019-08-01 14:15:00,2019-08-01 14:30:00,0,20,0:12:37,0:02:23,0,0,0
2062,2019-08-01 14:30:00,2019-08-01 14:45:00,8,20,0:10:45,0:04:15,2,1,1
2062,2019-08-01 14:45:00,2019-08-01 15:00:00,0,0,0:15:00,0:00:00,0,0,0
2062,2019-08-01 15:00:00,2019-08-01 15:15:00,0,3,0:15:00,0:00:00,0,0,0
2062,2019-08-01 15:15:00,2019-08-01 15:30:00,0,0,0:15:00,0:00:00,0,0,0
2062,2019-08-01 15:30:00,2019-08-01 15:45:00,0,1,0:15:00,0:00:00,0,0,0
2062,2019-08-01 15:45:00,2019-08-01 16:00:00,16,35,0:00:22,0:14:38,1,0,1
2062,2019-08-01 16:00:00,2019-08-01 16:15:00,14,30,0:00:38,0:14:22,4,2,2
2062,2019-08-01 16:15:00,2019-08-01 16:30:00,14,32,0:00:00,0:15:00,0,0,0
2062,2019-08-01 16:30:00,2019-08-01 16:45:00,23,39,0:00:00,0:15:00,0,0,0
2062,2019-08-01 16:45:00,2019-08-01 17:00:00,12,23,0:04:15,0:10:45,2,1,1
2062,2019-08-01 17:00:00,2019-08-01 17:15:00,11,32,0:00:29,0:14:31,0,0,0
2062,2019-08-01 17:15:00,2019-08-01 17:30:00,26,46,0:00:00,0:15:00,0,0,0
2062,2019-08-01 17:30:00,2019-08-01 17:45:00,18,30,0:00:01,0:14:59,1,0,1
2062,2019-08-01 17:45:00,2019-08-01 18:00:00,8,24,0:05:42,0:09:18,2,1,1
2062,2019-08-01 18:00:00,2019-08-01 18:15:00,0,0,0:15:00,0:00:00,0,0,0
2062,2019-08-01 18:15:00,2019-08-01 18:30:00,0,1,0:15:00,0:00:00,0,0,0
2062,2019-08-01 18:30:00,2019-08-01 18:45:00,0,2,0:15:00,0:00:00,0,0,0
2062,2019-08-01 18:45:00,2019-08-01 19:00:00,2,20,0:09:20,0:05:40,0,0,0
2062,2019-08-01 19:00:00,2019-08-01 19:15:00,18,52,0:01:28,0:13:32,10,5,5
2062,2019-08-01 19:15:00,2019-08-01 19:30:00,21,38,0:00:10,0:14:50,1,0,1
2062,2019-08-01 19:30:00,2019-08-01 19:45:00,20,35,0:03:25,0:11:35,1,0,1
2062,2019-08-01 19:45:00,2019-08-01 20:00:00,0,0,0:15:00,0:00:00,0,0,0
2062,2019-08-01 20:00:00,2019-08-01 20:15:00,1,24,0:13:05,0:01:55,2,1,1
2062,2019-08-01 20:15:00,2019-08-01 20:30:00,20,27,0:00:02,0:14:58,2,1,1
2062,2019-08-01 20:30:00,2019-08-01 20:45:00,15,30,0:00:00,0:15:00,0,0,0
2062,2019-08-01 20:45:00,2019-08-01 21:00:00,3,14,0:11:05,0:03:55,2,1,1
2062,2019-08-01 21:00:00,2019-08-01 21:15:00,0,0,0:15:00,0:00:00,0,0,0
2062,2019-08-01 21:15:00,2019-08-01 21:30:00,10,25,0:05:12,0:09:48,0,0,0
2062,2019-08-01 21:30:00,2019-08-01 21:45:00,21,25,0:00:00,0:15:00,0,0,0
2062,2019-08-01 21:45:00,2019-08-01 22:00:00,13,32,0:04:35,0:10:25,1,0,1
2062,2019-08-01 22:00:00,2019-08-01 22:15:00,0,11,0:15:00,0:00:00,0,0,0
2062,2019-08-01 22:15:00,2019-08-01 22:30:00,8,31,0:10:11,0:04:49,0,0,0
2062,2019-08-01 22:30:00,2019-08-01 22:45:00,3,18,0:11:26,0:03:34,2,1,1
2062,2019-08-01 22:45:00,2019-08-01 23:00:00,0,1,0:15:00,0:00:00,0,0,0
2062,2019-08-01 23:00:00,2019-08-01 23:15:00,0,3,0:15:00,0:00:00,0,0,0
2062,2019-08-01 23:15:00,2019-08-01 23:30:00,0,0,0:15:00,0:00:00,0,0,0
2062,2019-08-01 23:30:00,2019-08-01 23:45:00,0,1,0:15:00,0:00:00,0,0,0
2062,2019-08-01 23:45:00,2019-08-02 00:00:00,0,2,0:15:00,0:00:00,0,0,0
2062,2019-08-02 00:00:00,2019-08-02 00:15:00,8,23,0:05:19,0:09:41,0,0,0
2062,2019-08-02 00:15:00,2019-08-02 00:30:00,1,16,0:13:23,0:01:37,2,1,1
2062,2019-08-02 00:30:00,2019-08-02 00:45:00,0,0,0:15:00,0:00:00,0,0,0
2062,2019-08-02 00:45:00,2019-08-02 01:00:00,0,1,0:15:00,0:00:00,0,0,0
2062,2019-08-02 01:00:00,2019-08-02 01:15:00,0,0,0:15:00,0:00:00,0,0,0
2062,2019-08-02 01:15:00,2019-08-02 01:30:00,0,1,0:15:00,0:00:00,0,0,0
2062,2019-08-02 01:30:00,2019-08-02 01:45:00,14,49,0:03:45,0:11:15,1,0,1
2062,2019-08-02 01:45:00,2019-08-02 02:00:00,0,0,0:15:00,0:00:00,0,0,0
2062,2019-08-02 02:00:00,2019-08-02 02:15:00,0,0,0:15:00,0:00:00,0,0,0
2062,2019-08-02 02:15:00,2019-08-02 02:30:00,0,1,0:15:00,0:00:00,0,0,0
2062,2019-08-02 02:30:00,2019-08-02 02:45:00,0,0,0:15:00,0:00:00,0,0,0
2062,2019-08-02 02:45:00,2019-08-02 03:00:00,3,21,0:11:40,0:03:20,0,0,0
2062,2019-08-02 03:00:00,2019-08-02 03:15:00,22,41,0:00:00,0:15:00,0,0,0
2062,2019-08-02 03:15:00,2019-08-02 03:30:00,11,35,0:04:08,0:10:52,1,0,1
2062,2019-08-02 03:30:00,2019-08-02 03:45:00,0,11,0:15:00,0:00:00,0,0,0
2062,2019-08-02 03:45:00,2019-08-02 04:00:00,0,0,0:15:00,0:00:00,0,0,0
2062,2019-08-02 04:00:00,2019-08-02 04:15:00,0,1,0:15:00,0:00:00,0,0,0
2062,2019-08-02 04:15:00,2019-08-02 04:30:00,0,0,0:15:00,0:00:00,0,0,0
2062,2019-08-02 04:30:00,2019-08-02 04:45:00,0,8,0:15:00,0:00:00,0,0,0
2062,2019-08-02 04:45:00,2019-08-02 05:00:00,0,24,0:14:19,0:00:41,0,0,0
2062,2019-08-02 05:00:00,2019-08-02 05:15:00,13,30,0:05:31,0:09:29,1,0,1
2062,2019-08-02 05:15:00,2019-08-02 05:30:00,13,22,0:00:25,0:14:35,1,0,1
2062,2019-08-02 05:30:00,2019-08-02 05:45:00,11,17,0:00:01,0:14:59,1,0,1
2062,2019-08-02 05:45:00,2019-08-02 06:00:00,11,15,0:00:00,0:15:00,0,0,0
2062,2019-08-02 06:00:00,2019-08-02 06:15:00,10,19,0:00:09,0:14:51,3,1,2
2062,2019-08-02 06:15:00,2019-08-02 06:30:00,10,16,0:00:15,0:14:45,3,1,2
2062,2019-08-02 06:30:00,2019-08-02 06:45:00,13,18,0:00:04,0:14:56,2,1,1
2062,2019-08-02 06:45:00,2019-08-02 07:00:00,14,27,0:00:07,0:14:53,1,0,1
2062,2019-08-02 07:00:00,2019-08-02 07:15:00,17,42,0:00:24,0:14:36,3,1,2
2062,2019-08-02 07:15:00,2019-08-02 07:30:00,4,17,0:12:46,0:02:14,1,0,1
2062,2019-08-02 07:30:00,2019-08-02 07:45:00,0,0,0:15:00,0:00:00,0,0,0
2062,2019-08-02 07:45:00,2019-08-02 08:00:00,0,0,0:15:00,0:00:00,0,0,0
2062,2019-08-02 08:00:00,2019-08-02 08:15:00,0,3,0:15:00,0:00:00,0,0,0
2062,2019-08-02 08:15:00,2019-08-02 08:30:00,0,6,0:15:00,0:00:00,0,0,0
2062,2019-08-02 08:30:00,2019-08-02 08:45:00,0,0,0:15:00,0:00:00,0,0,0
2062,2019-08-02 08:45:00,2019-08-02 09:00:00,0,3,0:15:00,0:00:00,0,0,0
2062,2019-08-02 09:00:00,2019-08-02 09:15:00,0,3,0:15:00,0:00:00,0,0,0
2062,2019-08-02 09:15:00,2019-08-02 09:30:00,12,39,0:03:35,0:11:25,1,0,1
2062,2019-08-02 09:30:00,2019-08-02 09:45:00,13,28,0:00:51,0:14:09,5,2,3
2062,2019-08-02 09:45:00,2019-08-02 10:00:00,9,27,0:00:16,0:14:44,5,2,3
2062,2019-08-02 10:00:00,2019-08-02 10:15:00,11,18,0:00:20,0:14:40,1,0,1
2062,2019-08-02 10:15:00,2019-08-02 10:30:00,13,20,0:00:00,0:15:00,0,0,0
2062,2019-08-02 10:30:00,2019-08-02 10:45:00,12,29,0:10:55,0:04:05,2,1,1
2062,2019-08-02 10:45:00,2019-08-02 11:00:00,0,0,0:15:00,0:00:00,0,0,0
2062,2019-08-02 11:00:00,2019-08-02 11:15:00,0,6,0:12:53,0:02:07,2,1,1
2062,2019-08-02 11:15:00,2019-08-02 11:30:00,20,33,0:00:55,0:14:05,5,2,3
2062,2019-08-02 11:30:00,2019-08-02 11:45:00,9,11,0:00:05,0:14:55,2,1,1
2062,2019-08-02 11:45:00,2019-08-02 12:00:00,23,40,0:03:19,0:11:41,4,2,2
2062,2019-08-02 12:00:00,2019-08-02 12:15:00,0,1,0:15:00,0:00:00,0,0,0
2062,2019-08-02 12:15:00,2019-08-02 12:30:00,2,15,0:13:40,0:01:20,0,0,0
2062,2019-08-02 12:30:00,2019-08-02 12:45:00,14,17,0:00:00,0:15:00,0,0,0
2062,2019-08-02 12:45:00,2019-08-02 13:00:00,18,31,0:00:07,0:14:53,1,0,1
2062,2019-08-02 13:00:00,2019-08-02 13:15:00,16,24,0:00:00,0:15:00,0,0,0
2062,2019-08-02 13:15:00,2019-08-02 13:30:00,8,35,0:07:20,0:07:40,1,0,1
2062,2019-08-02 13:30:00,2019-08-02 13:45:00,10,13,0:08:03,0:06:57,1,0,1
2062,2019-08-02 13:45:00,2019-08-02 14:00:00,0,0,0:15:00,0:00:00,0,0,0
2062,2019-08-02 14:00:00,2019-08-02 14:15:00,0,2,0:15:00,0:00:00,0,0,0
2062,2019-08-02 14:15:00,2019-08-02 14:30:00,0,2,0:15:00,0:00:00,0,0,0
2062,2019-08-02 14:30:00,2019-08-02 14:45:00,0,5,0:15:00,0:00:00,0,0,0
2062,2019-08-02 14:45:00,2019-08-02 15:00:00,5,18,0:09:54,0:05:06,0,0,0
2062,2019-08-02 15:00:00,2019-08-02 15:15:00,15,36,0:00:25,0:14:35,8,4,4
2062,2019-08-02 15:15:00,2019-08-02 15:30:00,29,64,0:00:03,0:14:57,1,0,1
2062,2019-08-02 15:30:00,2019-08-02 15:45:00,21,25,0:00:00,0:15:00,0,0,0
2062,2019-08-02 15:45:00,2019-08-02 16:00:00,14,31,0:06:34,0:08:26,2,1,1
2062,2019-08-02 16:00:00,2019-08-02 16:15:00,0,0,0:15:00,0:00:00,0,0,0
2062,2019-08-02 16:15:00,2019-08-02 16:30:00,0,1,0:15:00,0:00:00,0,0,0
2062,2019-08-02 16:30:00,2019-08-02 16:45:00,0,0,0:15:00,0:00:00,0,0,0
2062,2019-08-02 16:45:00,2019-08-02 17:00:00,7,31,0:10:07,0:04:53,1,0,1
2062,2019-08-02 17:00:00,2019-08-02 17:15:00,22,32,0:00:01,0:14:59,1,0,1
2062,2019-08-02 17:15:00,2019-08-02 17:30:00,15,34,0:00:00,0:15:00,0,0,0
2062,2019-08-02 17:30:00,2019-08-02 17:45:00,8,19,0:01:30,0:13:30,7,3,4
2062,2019-08-02 17:45:00,2019-08-02 18:00:00,12,11,0:00:00,0:15:00,0,0,0
2062,2019-08-02 18:00:00,2019-08-02 18:15:00,22,27,0:00:00,0:15:00,0,0,0
2062,2019-08-02 18:15:00,2019-08-02 18:30:00,2,11,0:14:51,0:00:09,1,0,1
2062,2019-08-02 18:30:00,2019-08-02 18:45:00,0,0,0:15:00,0:00:00,0,0,0
2062,2019-08-02 18:45:00,2019-08-02 19:00:00,0,8,0:15:00,0:00:00,0,0,0
2062,2019-08-02 19:00:00,2019-08-02 19:15:00,1,9,0:13:28,0:01:32,1,0,1
2062,2019-08-02 19:15:00,2019-08-02 19:30:00,21,31,0:00:29,0:14:31,4,2,2
2062,2019-08-02 19:30:00,2019-08-02 19:45:00,20,32,0:00:11,0:14:49,7,3,4
2062,2019-08-02 19:45:00,2019-08-02 20:00:00,19,36,0:00:56,0:14:04,11,5,6
2062,2019-08-02 20:00:00,2019-08-02 20:15:00,15,18,0:00:00,0:15:00,0,0,0
2062,2019-08-02 20:15:00,2019-08-02 20:30:00,10,36,0:06:36,0:08:24,2,1,1
2062,2019-08-02 20:30:00,2019-08-02 20:45:00,3,20,0:11:17,0:03:43,1,0,1
2062,2019-08-02 20:45:00,2019-08-02 21:00:00,17,25,0:00:00,0:15:00,0,0,0
2062,2019-08-02 21:00:00,2019-08-02 21:15:00,21,28,0:00:00,0:15:00,0,0,0
2062,2019-08-02 21:15:00,2019-08-02 21:30:00,6,25,0:08:02,0:06:58,1,0,1
2062,2019-08-02 21:30:00,2019-08-02 21:45:00,0,0,0:15:00,0:00:00,0,0,0
2062,2019-08-02 21:45:00,2019-08-02 22:00:00,0,7,0:15:00,0:00:00,0,0,0
2062,2019-08-02 22:00:00,2019-08-02 22:15:00,0,2,0:15:00,0:00:00,0,0,0
2062,2019-08-02 22:15:00,2019-08-02 22:30:00,17,44,0:03:44,0:11:16,1,0,1
2062,2019-08-02 22:30:00,2019-08-02 22:45:00,16,39,0:01:26,0:13:34,2,1,1
2062,2019-08-02 22:45:00,2019-08-02 23:00:00,0,0,0:15:00,0:00:00,0,0,0
2062,2019-08-02 23:00:00,2019-08-02 23:15:00,0,8,0:15:00,0:00:00,0,0,0
2062,2019-08-02 23:15:00,2019-08-02 23:30:00,0,0,0:15:00,0:00:00,0,0,0
2062,2019-08-02 23:30:00,2019-08-02 23:45:00,0,0,0:15:00,0:00:00,0,0,0
2062,2019-08-02 23:45:00,2019-08-03 00:00:00,0,0,0:15:00,0:00:00,0,0,0
2062,2019-08-03 00:00:00,2019-08-03 00:15:00,5,28,0:08:32,0:06:28,2,1,1
2062,2019-08-03 00:15:00,2019-08-03 00:30:00,0,4,0:15:00,0:00:00,0,0,0
2062,2019-08-03 00:30:00,2019-08-03 00:45:00,0,0,0:15:00,0:00:00,0,0,0
2062,2019-08-03 00:45:00,2019-08-03 01:00:00,0,0,0:15:00,0:00:00,0,0,0
2062,2019-08-03 01:00:00,2019-08-03 01:15:00,0,0,0:15:00,0:00:00,0,0,0
2062,2019-08-03 01:15:00,2019-08-03 01:30:00,0,0,0:15:00,0:00:00,0,0,0
2062,2019-08-03 01:30:00,2019-08-03 01:45:00,0,5,0:15:00,0:00:00,0,0,0
2062,2019-08-03 01:45:00,2019-08-03 02:00:00,18,60,0:00:44,0:14:16,0,0,0
2062,2019-08-03 02:00:00,2019-08-03 02:15:00,13,34,0:09:30,0:05:30,1,0,1
2062,2019-08-03 02:15:00,2019-08-03 02:30:00,6,22,0:10:33,0:04:27,0,0,0
2062,2019-08-03 02:30:00,2019-08-03 02:45:00,15,27,0:00:00,0:15:00,0,0,0
2062,2019-08-03 02:45:00,2019-08-03 03:00:00,1,8,0:14:37,0:00:23,1,0,1
2062,2019-08-03 03:00:00,2019-08-03 03:15:00,0,1,0:15:00,0:00:00,0,0,0
2062,2019-08-03 03:15:00,2019-08-03 03:30:00,0,0,0:15:00,0:00:00,0,0,0
2062,2019-08-03 03:30:00,2019-08-03 03:45:00,0,8,0:15:00,0:00:00,0,0,0
2062,2019-08-03 03:45:00,2019-08-03 04:00:00,0,7,0:15:00,0:00:00,0,0,0
2062,2019-08-03 04:00:00,2019-08-03 04:15:00,5,22,0:10:10,0:04:50,1,0,1
2062,2019-08-03 04:15:00,2019-08-03 04:30:00,17,27,0:05:36,0:09:24,1,0,1
2062,2019-08-03 04:30:00,2019-08-03 04:45:00,0,0,0:15:00,0:00:00,0,0,0
2062,2019-08-03 04:45:00,2019-08-03 05:00:00,0,0,0:15:00,0:00:00,0,0,0
2062,2019-08-03 05:00:00,2019-08-03 05:15:00,20,34,0:01:04,0:13:56,1,0,1
2062,2019-08-03 05:15:00,2019-08-03 05:30:00,17,23,0:00:00,0:15:00,0,0,0
2062,2019-08-03 05:30:00,2019-08-03 05:45:00,10,43,0:03:29,0:11:31,1,0,1
2062,2019-08-03 05:45:00,2019-08-03 06:00:00,9,16,0:00:00,0:15:00,0,0,0
2062,2019-08-03 06:00:00,2019-08-03 06:15:00,8,12,0:00:25,0:14:35,3,1,2
2062,2019-08-03 06:15:00,2019-08-03 06:30:00,7,7,0:00:01,0:14:59,1,0,1
2062,2019-08-03 06:30:00,2019-08-03 06:45:00,11,14,0:00:17,0:14:43,1,0,1
2062,2019-08-03 06:45:00,2019-08-03 07:00:00,16,31,0:00:32,0:14:28,7,3,4
2062,2019-08-03 07:00:00,2019-08-03 07:15:00,10,41,0:07:16,0:07:44,6,3,3
2062,2019-08-03 07:15:00,2019-08-03 07:30:00,0,0,0:15:00,0:00:00,0,0,0
2062,2019-08-03 07:30:00,2019-08-03 07:45:00,0,0,0:15:00,0:00:00,0,0,0
2062,2019-08-03 07:45:00,2019-08-03 08:00:00,0,1,0:15:00,0:00:00,0,0,0
2062,2019-08-03 08:00:00,2019-08-03 08:15:00,0,12,0:15:00,0:00:00,0,0,0
2062,2019-08-03 08:15:00,2019-08-03 08:30:00,0,0,0:15:00,0:00:00,0,0,0
2062,2019-08-03 08:30:00,2019-08-03 08:45:00,0,1,0:15:00,0:00:00,0,0,0
2062,2019-08-03 08:45:00,2019-08-03 09:00:00,9,27,0:05:21,0:09:39,4,2,2
2062,2019-08-03 09:00:00,2019-08-03 09:15:00,21,44,0:01:18,0:13:42,5,2,3
2062,2019-08-03 09:15:00,2019-08-03 09:30:00,8,28,0:01:26,0:13:34,1,0,1
2062,2019-08-03 09:30:00,2019-08-03 09:45:00,0,0,0:15:00,0:00:00,0,0,0
2062,2019-08-03 09:45:00,2019-08-03 10:00:00,0,0,0:15:00,0:00:00,0,0,0
2062,2019-08-03 10:00:00,2019-08-03 10:15:00,0,0,0:15:00,0:00:00,0,0,0
2062,2019-08-03 10:15:00,2019-08-03 10:30:00,0,5,0:15:00,0:00:00,0,0,0
2062,2019-08-03 10:30:00,2019-08-03 10:45:00,0,4,0:15:00,0:00:00,0,0,0
2062,2019-08-03 10:45:00,2019-08-03 11:00:00,0,2,0:15:00,0:00:00,0,0,0
2062,2019-08-03 11:00:00,2019-08-03 11:15:00,0,0,0:15:00,0:00:00,0,0,0
2062,2019-08-03 11:15:00,2019-08-03 11:30:00,0,1,0:15:00,0:00:00,0,0,0
2062,2019-08-03 11:30:00,2019-08-03 11:45:00,2,12,0:10:51,0:04:09,1,0,1
2062,2019-08-03 11:45:00,2019-08-03 12:00:00,23,173,0:00:17,0:14:43,7,3,4
2062,2019-08-03 12:00:00,2019-08-03 12:15:00,12,25,0:00:02,0:14:58,2,1,1
2062,2019-08-03 12:15:00,2019-08-03 12:30:00,12,17,0:00:13,0:14:47,4,2,2
2062,2019-08-03 12:30:00,2019-08-03 12:45:00,14,59,0:00:14,0:14:46,1,0,1
2062,2019-08-03 12:45:00,2019-08-03 13:00:00,8,39,0:10:47,0:04:13,1,0,1
2062,2019-08-03 13:00:00,2019-08-03 13:15:00,7,18,0:03:10,0:11:50,2,1,1
2062,2019-08-03 13:15:00,2019-08-03 13:30:00,0,0,0:15:00,0:00:00,0,0,0
2062,2019-08-03 13:30:00,2019-08-03 13:45:00,0,0,0:15:00,0:00:00,0,0,0
2062,2019-08-03 13:45:00,2019-08-03 14:00:00,0,1,0:15:00,0:00:00,0,0,0
2062,2019-08-03 14:00:00,2019-08-03 14:15:00,7,22,0:04:13,0:10:47,0,0,0
2062,2019-08-03 14:15:00,2019-08-03 14:30:00,8,13,0:00:37,0:14:23,8,4,4
2062,2019-08-03 14:30:00,2019-08-03 14:45:00,20,39,0:00:29,0:14:31,5,2,3
2062,2019-08-03 14:45:00,2019-08-03 15:00:00,2,17,0:13:52,0:01:08,1,0,1
2062,2019-08-03 15:00:00,2019-08-03 15:15:00,0,9,0:15:00,0:00:00,0,0,0
2062,2019-08-03 15:15:00,2019-08-03 15:30:00,6,24,0:09:05,0:05:55,0,0,0
2062,2019-08-03 15:30:00,2019-08-03 15:45:00,15,17,0:00:00,0:15:00,0,0,0
2062,2019-08-03 15:45:00,2019-08-03 16:00:00,13,26,0:00:00,0:15:00,0,0,0
2062,2019-08-03 16:00:00,2019-08-03 16:15:00,15,45,0:00:06,0:14:54,1,0,1
2062,2019-08-03 16:15:00,2019-08-03 16:30:00,0,0,0:15:00,0:00:00,0,0,0
2062,2019-08-03 16:30:00,2019-08-03 16:45:00,0,0,0:15:00,0:00:00,0,0,0
2062,2019-08-03 16:45:00,2019-08-03 17:00:00,0,5,0:15:00,0:00:00,0,0,0
2062,2019-08-03 17:00:00,2019-08-03 17:15:00,12,40,0:03:06,0:11:54,1,0,1
2062,2019-08-03 17:15:00,2019-08-03 17:30:00,10,21,0:00:00,0:15:00,0,0,0
2062,2019-08-03 17:30:00,2019-08-03 17:45:00,21,38,0:00:00,0:15:00,0,0,0
2062,2019-08-03 17:45:00,2019-08-03 18:00:00,15,23,0:00:00,0:15:00,0,0,0
2062,2019-08-03 18:00:00,2019-08-03 18:15:00,4,30,0:08:55,0:06:05,1,0,1
2062,2019-08-03 18:15:00,2019-08-03 18:30:00,0,4,0:15:00,0:00:00,0,0,0
2062,2019-08-03 18:30:00,2019-08-03 18:45:00,0,8,0:14:57,0:00:03,1,0,1
2062,2019-08-03 18:45:00,2019-08-03 19:00:00,25,33,0:00:03,0:14:57,0,0,0
2062,2019-08-03 19:00:00,2019-08-03 19:15:00,13,18,0:00:00,0:15:00,0,0,0
2062,2019-08-03 19:15:00,2019-08-03 19:30:00,15,21,0:00:00,0:15:00,0,0,0
2062,2019-08-03 19:30:00,2019-08-03 19:45:00,25,49,0:00:00,0:15:00,0,0,0
2062,2019-08-03 19:45:00,2019-08-03 20:00:00,2,15,0:11:08,0:03:52,1,0,1
2062,2019-08-03 20:00:00,2019-08-03 20:15:00,8,32,0:05:29,0:09:31,0,0,0
2062,2019-08-03 20:15:00,2019-08-03 20:30:00,19,29,0:00:01,0:14:59,1,0,1
2062,2019-08-03 20:30:00,2019-08-03 20:45:00,20,28,0:00:00,0:15:00,0,0,0
2062,2019-08-03 20:45:00,2019-08-03 21:00:00,9,87,0:08:55,0:06:05,1,0,1
2062,2019-08-03 21:00:00,2019-08-03 21:15:00,0,0,0:15:00,0:00:00,0,0,0
2062,2019-08-03 21:15:00,2019-08-03 21:30:00,0,1,0:15:00,0:00:00,0,0,0
2062,2019-08-03 21:30:00,2019-08-03 21:45:00,0,1,0:15:00,0:00:00,0,0,0
2062,2019-08-03 21:45:00,2019-08-03 22:00:00,0,1,0:15:00,0:00:00,0,0,0
2062,2019-08-03 22:00:00,2019-08-03 22:15:00,10,38,0:05:21,0:09:39,0,0,0
2062,2019-08-03 22:15:00,2019-08-03 22:30:00,19,29,0:00:02,0:14:58,2,1,1
2062,2019-08-03 22:30:00,2019-08-03 22:45:00,15,31,0:02:40,0:12:20,2,1,1
2062,2019-08-03 22:45:00,2019-08-03 23:00:00,0,5,0:15:00,0:00:00,0,0,0
2062,2019-08-03 23:00:00,2019-08-03 23:15:00,0,0,0:15:00,0:00:00,0,0,0
2062,2019-08-03 23:15:00,2019-08-03 23:30:00,0,4,0:15:00,0:00:00,0,0,0
2062,2019-08-03 23:30:00,2019-08-03 23:45:00,2,13,0:14:27,0:00:33,0,0,0
2062,2019-08-03 23:45:00,2019-08-04 00:00:00,13,28,0:01:08,0:13:52,1,0,1
2062,2019-08-04 00:00:00,2019-08-04 00:15:00,0,0,0:15:00,0:00:00,0,0,0
2062,2019-08-04 00:15:00,2019-08-04 00:30:00,0,16,0:13:56,0:01:04,1,0,1
2062,2019-08-04 00:30:00,2019-08-04 00:45:00,12,32,0:01:16,0:13:44,2,1,1
2062,2019-08-04 00:45:00,2019-08-04 01:00:00,0,4,0:15:00,0:00:00,0,0,0
2062,2019-08-04 01:00:00,2019-08-04 01:15:00,0,0,0:15:00,0:00:00,0,0,0
2062,2019-08-04 01:15:00,2019-08-04 01:30:00,0,0,0:15:00,0:00:00,0,0,0
2062,2019-08-04 01:30:00,2019-08-04 01:45:00,0,0,0:15:00,0:00:00,0,0,0
2062,2019-08-04 01:45:00,2019-08-04 02:00:00,8,27,0:05:10,0:09:50,1,0,1
2062,2019-08-04 02:00:00,2019-08-04 02:15:00,0,0,0:15:00,0:00:00,0,0,0
2062,2019-08-04 02:15:00,2019-08-04 02:30:00,0,0,0:15:00,0:00:00,0,0,0
2062,2019-08-04 02:30:00,2019-08-04 02:45:00,0,1,0:15:00,0:00:00,0,0,0
2062,2019-08-04 02:45:00,2019-08-04 03:00:00,1,12,0:11:12,0:03:48,1,0,1
2062,2019-08-04 03:00:00,2019-08-04 03:15:00,3,15,0:14:02,0:00:58,1,0,1
2062,2019-08-04 03:15:00,2019-08-04 03:30:00,0,0,0:15:00,0:00:00,0,0,0
2062,2019-08-04 03:30:00,2019-08-04 03:45:00,0,1,0:15:00,0:00:00,0,0,0
2062,2019-08-04 03:45:00,2019-08-04 04:00:00,0,0,0:15:00,0:00:00,0,0,0
2062,2019-08-04 04:00:00,2019-08-04 04:15:00,0,0,0:15:00,0:00:00,0,0,0
2062,2019-08-04 04:15:00,2019-08-04 04:30:00,0,0,0:15:00,0:00:00,0,0,0
2062,2019-08-04 04:30:00,2019-08-04 04:45:00,8,31,0:06:14,0:08:46,1,0,1
2062,2019-08-04 04:45:00,2019-08-04 05:00:00,0,0,0:15:00,0:00:00,0,0,0
2062,2019-08-04 05:00:00,2019-08-04 05:15:00,0,1,0:15:00,0:00:00,0,0,0
2062,2019-08-04 05:15:00,2019-08-04 05:30:00,12,26,0:00:49,0:14:11,1,0,1
2062,2019-08-04 05:30:00,2019-08-04 05:45:00,14,20,0:00:00,0:15:00,0,0,0
2062,2019-08-04 05:45:00,2019-08-04 06:00:00,14,30,0:00:00,0:15:00,0,0,0
2062,2019-08-04 06:00:00,2019-08-04 06:15:00,14,26,0:00:47,0:14:13,6,3,3
2062,2019-08-04 06:15:00,2019-08-04 06:30:00,11,19,0:00:21,0:14:39,3,1,2
2062,2019-08-04 06:30:00,2019-08-04 06:45:00,11,27,0:00:27,0:14:33,6,3,3
2062,2019-08-04 06:45:00,2019-08-04 07:00:00,8,35,0:09:28,0:05:32,4,2,2
2062,2019-08-04 07:00:00,2019-08-04 07:15:00,0,0,0:15:00,0:00:00,0,0,0
2062,2019-08-04 07:15:00,2019-08-04 07:30:00,0,1,0:15:00,0:00:00,0,0,0
2062,2019-08-04 07:30:00,2019-08-04 07:45:00,0,2,0:15:00,0:00:00,0,0,0
2062,2019-08-04 07:45:00,2019-08-04 08:00:00,0,6,0:15:00,0:00:00,0,0,0
2062,2019-08-04 08:00:00,2019-08-04 08:15:00,0,0,0:15:00,0:00:00,0,0,0
2062,2019-08-04 08:15:00,2019-08-04 08:30:00,0,1,0:15:00,0:00:00,0,0,0
2062,2019-08-04 08:30:00,2019-08-04 08:45:00,0,6,0:15:00,0:00:00,0,0,0
2062,2019-08-04 08:45:00,2019-08-04 09:00:00,13,32,0:04:52,0:10:08,1,0,1
2062,2019-08-04 09:00:00,2019-08-04 09:15:00,11,21,0:01:22,0:13:38,7,3,4
2062,2019-08-04 09:15:00,2019-08-04 09:30:00,13,20,0:00:03,0:14:57,3,1,2
2062,2019-08-04 09:30:00,2019-08-04 09:45:00,8,26,0:13:52,0:01:08,1,0,1
2062,2019-08-04 09:45:00,2019-08-04 10:00:00,0,0,0:15:00,0:00:00,0,0,0
2062,2019-08-04 10:00:00,2019-08-04 10:15:00,0,0,0:15:00,0:00:00,0,0,0
2062,2019-08-04 10:15:00,2019-08-04 10:30:00,0,5,0:15:00,0:00:00,0,0,0
2062,2019-08-04 10:30:00,2019-08-04 10:45:00,0,0,0:15:00,0:00:00,0,0,0
2062,2019-08-04 10:45:00,2019-08-04 11:00:00,0,4,0:15:00,0:00:00,0,0,0
2062,2019-08-04 11:00:00,2019-08-04 11:15:00,0,7,0:15:00,0:00:00,0,0,0
2062,2019-08-04 11:15:00,2019-08-04 11:30:00,6,21,0:05:21,0:09:39,2,1,1
2062,2019-08-04 11:30:00,2019-08-04 11:45:00,22,43,0:00:48,0:14:12,9,4,5
2062,2019-08-04 11:45:00,2019-08-04 12:00:00,17,26,0:00:01,0:14:59,1,0,1
2062,2019-08-04 12:00:00,2019-08-04 12:15:00,1,8,0:13:22,0:01:38,1,0,1
2062,2019-08-04 12:15:00,2019-08-04 12:30:00,0,0,0:15:00,0:00:00,0,0,0
2062,2019-08-04 12:30:00,2019-08-04 12:45:00,0,12,0:15:00,0:00:00,0,0,0
2062,2019-08-04 12:45:00,2019-08-04 13:00:00,0,5,0:15:00,0:00:00,0,0,0
2062,2019-08-04 13:00:00,2019-08-04 13:15:00,0,17,0:15:00,0:00:00,0,0,0
2062,2019-08-04 13:15:00,2019-08-04 13:30:00,9,32,0:03:49,0:11:11,9,4,5
2062,2019-08-04 13:30:00,2019-08-04 13:45:00,22,33,0:00:04,0:14:56,2,1,1
2062,2019-08-04 13:45:00,2019-08-04 14:00:00,16,25,0:00:00,0:15:00,0,0,0
2062,2019-08-04 14:00:00,2019-08-04 14:15:00,17,17,0:00:00,0:15:00,0,0,0
2062,2019-08-04 14:15:00,2019-08-04 14:30:00,10,29,0:05:59,0:09:01,1,0,1
2062,2019-08-04 14:30:00,2019-08-04 14:45:00,0,0,0:15:00,0:00:00,0,0,0
2062,2019-08-04 14:45:00,2019-08-04 15:00:00,0,0,0:15:00,0:00:00,0,0,0
2062,2019-08-04 15:00:00,2019-08-04 15:15:00,0,6,0:15:00,0:00:00,0,0,0
2062,2019-08-04 15:15:00,2019-08-04 15:30:00,0,0,0:15:00,0:00:00,0,0,0
2062,2019-08-04 15:30:00,2019-08-04 15:45:00,4,18,0:13:04,0:01:56,0,0,0
2062,2019-08-04 15:45:00,2019-08-04 16:00:00,13,19,0:00:00,0:15:00,0,0,0
2062,2019-08-04 16:00:00,2019-08-04 16:15:00,19,40,0:00:05,0:14:55,2,1,1
2062,2019-08-04 16:15:00,2019-08-04 16:30:00,17,32,0:03:35,0:11:25,1,0,1
2062,2019-08-04 16:30:00,2019-08-04 16:45:00,0,1,0:15:00,0:00:00,0,0,0
2062,2019-08-04 16:45:00,2019-08-04 17:00:00,0,2,0:15:00,0:00:00,0,0,0
2062,2019-08-04 17:00:00,2019-08-04 17:15:00,16,34,0:00:57,0:14:03,0,0,0
2062,2019-08-04 17:15:00,2019-08-04 17:30:00,24,41,0:00:01,0:14:59,1,0,1
2062,2019-08-04 17:30:00,2019-08-04 17:45:00,16,31,0:00:00,0:15:00,0,0,0
2062,2019-08-04 17:45:00,2019-08-04 18:00:00,9,34,0:03:49,0:11:11,2,1,1
2062,2019-08-04 18:00:00,2019-08-04 18:15:00,0,0,0:15:00,0:00:00,0,0,0
2062,2019-08-04 18:15:00,2019-08-04 18:30:00,0,0,0:15:00,0:00:00,0,0,0
2062,2019-08-04 18:30:00,2019-08-04 18:45:00,0,0,0:15:00,0:00:00,0,0,0
2062,2019-08-04 18:45:00,2019-08-04 19:00:00,15,35,0:04:55,0:10:05,5,2,3
2062,2019-08-04 19:00:00,2019-08-04 19:15:00,21,53,0:00:24,0:14:36,4,2,2
2062,2019-08-04 19:15:00,2019-08-04 19:30:00,17,48,0:00:14,0:14:46,1,0,1
2062,2019-08-04 19:30:00,2019-08-04 19:45:00,24,47,0:01:53,0:13:07,7,3,4
2062,2019-08-04 19:45:00,2019-08-04 20:00:00,20,48,0:00:14,0:14:46,3,1,2
2062,2019-08-04 20:00:00,2019-08-04 20:15:00,24,50,0:00:17,0:14:43,5,2,3
2062,2019-08-04 20:15:00,2019-08-04 20:30:00,22,63,0:04:59,0:10:01,2,1,1
2062,2019-08-04 20:30:00,2019-08-04 20:45:00,3,19,0:11:04,0:03:56,0,0,0
2062,2019-08-04 20:45:00,2019-08-04 21:00:00,19,42,0:00:18,0:14:42,6,3,3
2062,2019-08-04 21:00:00,2019-08-04 21:15:00,25,58,0:00:37,0:14:23,5,2,3
2062,2019-08-04 21:15:00,2019-08-04 21:30:00,11,35,0:08:58,0:06:02,2,1,1
2062,2019-08-04 21:30:00,2019-08-04 21:45:00,0,0,0:15:00,0:00:00,0,0,0
2062,2019-08-04 21:45:00,2019-08-04 22:00:00,0,0,0:15:00,0:00:00,0,0,0
2062,2019-08-04 22:00:00,2019-08-04 22:15:00,0,7,0:15:00,0:00:00,0,0,0
2062,2019-08-04 22:15:00,2019-08-04 22:30:00,15,33,0:05:52,0:09:08,0,0,0
2062,2019-08-04 22:30:00,2019-08-04 22:45:00,9,28,0:04:23,0:10:37,2,1,1
2062,2019-08-04 22:45:00,2019-08-04 23:00:00,0,0,0:15:00,0:00:00,0,0,0
2062,2019-08-04 23:00:00,2019-08-04 23:15:00,0,4,0:15:00,0:00:00,0,0,0
2062,2019-08-04 23:15:00,2019-08-04 23:30:00,0,0,0:15:00,0:00:00,0,0,0
2062,2019-08-04 23:30:00,2019-08-04 23:45:00,0,0,0:15:00,0:00:00,0,0,0
2062,2019-08-04 23:45:00,2019-08-05 00:00:00,0,0,0:15:00,0:00:00,0,0,0
2062,2019-08-05 00:00:00,2019-08-05 00:15:00,11,30,0:08:19,0:06:41,0,0,0
2062,2019-08-05 00:15:00,2019-08-05 00:30:00,3,10,0:13:57,0:01:03,1,0,1
2062,2019-08-05 00:30:00,2019-08-05 00:45:00,0,0,0:15:00,0:00:00,0,0,0
2062,2019-08-05 00:45:00,2019-08-05 01:00:00,0,0,0:15:00,0:00:00,0,0,0
2062,2019-08-05 01:00:00,2019-08-05 01:15:00,0,0,0:15:00,0:00:00,0,0,0
2062,2019-08-05 01:15:00,2019-08-05 01:30:00,0,2,0:15:00,0:00:00,0,0,0
2062,2019-08-05 01:30:00,2019-08-05 01:45:00,6,32,0:07:50,0:07:10,2,1,1
2062,2019-08-05 01:45:00,2019-08-05 02:00:00,0,0,0:15:00,0:00:00,0,0,0
2062,2019-08-05 02:00:00,2019-08-05 02:15:00,0,1,0:15:00,0:00:00,0,0,0
2062,2019-08-05 02:15:00,2019-08-05 02:30:00,0,4,0:15:00,0:00:00,0,0,0
2062,2019-08-05 02:30:00,2019-08-05 02:45:00,0,0,0:15:00,0:00:00,0,0,0
2062,2019-08-05 02:45:00,2019-08-05 03:00:00,0,3,0:15:00,0:00:00,0,0,0
2062,2019-08-05 03:00:00,2019-08-05 03:15:00,1,16,0:14:29,0:00:31,0,0,0
2062,2019-08-05 03:15:00,2019-08-05 03:30:00,3,25,0:11:56,0:03:04,2,1,1
2062,2019-08-05 03:30:00,2019-08-05 03:45:00,0,0,0:15:00,0:00:00,0,0,0
2062,2019-08-05 03:45:00,2019-08-05 04:00:00,0,2,0:15:00,0:00:00,0,0,0
2062,2019-08-05 04:00:00,2019-08-05 04:15:00,0,1,0:15:00,0:00:00,0,0,0
2062,2019-08-05 04:15:00,2019-08-05 04:30:00,0,0,0:15:00,0:00:00,0,0,0
2062,2019-08-05 04:30:00,2019-08-05 04:45:00,2,20,0:12:37,0:02:23,0,0,0
2062,2019-08-05 04:45:00,2019-08-05 05:00:00,1,6,0:13:02,0:01:58,1,0,1
2062,2019-08-05 05:00:00,2019-08-05 05:15:00,3,14,0:11:46,0:03:14,0,0,0
2062,2019-08-05 05:15:00,2019-08-05 05:30:00,17,23,0:00:00,0:15:00,0,0,0
2062,2019-08-05 05:30:00,2019-08-05 05:45:00,21,24,0:00:00,0:15:00,0,0,0
2062,2019-08-05 05:45:00,2019-08-05 06:00:00,12,15,0:00:00,0:15:00,0,0,0
2062,2019-08-05 06:00:00,2019-08-05 06:15:00,10,20,0:00:39,0:14:21,3,1,2
2062,2019-08-05 06:15:00,2019-08-05 06:30:00,14,42,0:01:04,0:13:56,9,4,5
2062,2019-08-05 06:30:00,2019-08-05 06:45:00,13,20,0:01:19,0:13:41,4,2,2
2062,2019-08-05 06:45:00,2019-08-05 07:00:00,13,21,0:00:26,0:14:34,7,3,4
2062,2019-08-05 07:00:00,2019-08-05 07:15:00,13,35,0:05:31,0:09:29,1,0,1
2062,2019-08-05 07:15:00,2019-08-05 07:30:00,0,0,0:15:00,0:00:00,0,0,0
2062,2019-08-05 07:30:00,2019-08-05 07:45:00,0,0,0:15:00,0:00:00,0,0,0
2062,2019-08-05 07:45:00,2019-08-05 08:00:00,0,1,0:15:00,0:00:00,0,0,0
2062,2019-08-05 08:00:00,2019-08-05 08:15:00,11,41,0:02:06,0:12:54,16,8,8
2062,2019-08-05 08:15:00,2019-08-05 08:30:00,17,43,0:01:50,0:13:10,8,4,4
2062,2019-08-05 08:30:00,2019-08-05 08:45:00,0,0,0:15:00,0:00:00,0,0,0
2062,2019-08-05 08:45:00,2019-08-05 09:00:00,0,0,0:15:00,0:00:00,0,0,0
2062,2019-08-05 09:00:00,2019-08-05 09:15:00,0,0,0:15:00,0:00:00,0,0,0
2062,2019-08-05 09:15:00,2019-08-05 09:30:00,0,13,0:11:33,0:03:27,0,0,0
2062,2019-08-05 09:30:00,2019-08-05 09:45:00,11,34,0:00:07,0:14:53,3,1,2
2062,2019-08-05 09:45:00,2019-08-05 10:00:00,18,90,0:00:20,0:14:40,4,2,2
2062,2019-08-05 10:00:00,2019-08-05 10:15:00,22,111,0:00:06,0:14:54,2,1,1
2062,2019-08-05 10:15:00,2019-08-05 10:30:00,7,26,0:03:12,0:11:48,1,0,1
2062,2019-08-05 10:30:00,2019-08-05 10:45:00,0,0,0:15:00,0:00:00,0,0,0
2062,2019-08-05 10:45:00,2019-08-05 11:00:00,0,8,0:15:00,0:00:00,0,0,0
2062,2019-08-05 11:00:00,2019-08-05 11:15:00,9,26,0:05:40,0:09:20,2,1,1
2062,2019-08-05 11:15:00,2019-08-05 11:30:00,15,40,0:00:02,0:14:58,2,1,1
2062,2019-08-05 11:30:00,2019-08-05 11:45:00,28,69,0:00:31,0:14:29,4,2,2
2062,2019-08-05 11:45:00,2019-08-05 12:00:00,9,24,0:08:42,0:06:18,4,2,2
2062,2019-08-05 12:00:00,2019-08-05 12:15:00,0,0,0:15:00,0:00:00,0,0,0
2062,2019-08-05 12:15:00,2019-08-05 12:30:00,12,20,0:06:09,0:08:51,0,0,0
2062,2019-08-05 12:30:00,2019-08-05 12:45:00,10,27,0:08:30,0:06:30,1,0,1
2062,2019-08-05 12:45:00,2019-08-05 13:00:00,0,1,0:15:00,0:00:00,0,0,0
2062,2019-08-05 13:00:00,2019-08-05 13:15:00,0,1,0:15:00,0:00:00,0,0,0
2062,2019-08-05 13:15:00,2019-08-05 13:30:00,0,0,0:15:00,0:00:00,0,0,0
2062,2019-08-05 13:30:00,2019-08-05 13:45:00,0,0,0:15:00,0:00:00,0,0,0
2062,2019-08-05 13:45:00,2019-08-05 14:00:00,1,10,0:14:49,0:00:11,1,0,1
2062,2019-08-05 14:00:00,2019-08-05 14:15:00,8,20,0:00:03,0:14:57,3,1,2
2062,2019-08-05 14:15:00,2019-08-05 14:30:00,12,19,0:00:49,0:14:11,1,0,1
2062,2019-08-05 14:30:00,2019-08-05 14:45:00,0,0,0:15:00,0:00:00,0,0,0
2062,2019-08-05 14:45:00,2019-08-05 15:00:00,0,0,0:15:00,0:00:00,0,0,0
2062,2019-08-05 15:00:00,2019-08-05 15:15:00,0,14,0:15:00,0:00:00,0,0,0
2062,2019-08-05 15:15:00,2019-08-05 15:30:00,4,13,0:13:48,0:01:12,0,0,0
2062,2019-08-05 15:30:00,2019-08-05 15:45:00,18,36,0:00:01,0:14:59,1,0,1
2062,2019-08-05 15:45:00,2019-08-05 16:00:00,22,31,0:00:01,0:14:59,1,0,1
2062,2019-08-05 16:00:00,2019-08-05 16:15:00,13,22,0:00:02,0:14:58,2,1,1
2062,2019-08-05 16:15:00,2019-08-05 16:30:00,20,35,0:00:04,0:14:56,2,1,1
2062,2019-08-05 16:30:00,2019-08-05 16:45:00,17,43,0:05:26,0:09:34,3,1,2
2062,2019-08-05 16:45:00,2019-08-05 17:00:00,5,21,0:08:07,0:06:53,1,0,1
2062,2019-08-05 17:00:00,2019-08-05 17:15:00,16,37,0:00:00,0:15:00,0,0,0
2062,2019-08-05 17:15:00,2019-08-05 17:30:00,30,34,0:00:00,0:15:00,0,0,0
2062,2019-08-05 17:30:00,2019-08-05 17:45:00,13,26,0:00:00,0:15:00,0,0,0
2062,2019-08-05 17:45:00,2019-08-05 18:00:00,29,47,0:00:05,0:14:55,1,0,1
2062,2019-08-05 18:00:00,2019-08-05 18:15:00,8,23,0:08:20,0:06:40,3,1,2
2062,2019-08-05 18:15:00,2019-08-05 18:30:00,0,0,0:15:00,0:00:00,0,0,0
2062,2019-08-05 18:30:00,2019-08-05 18:45:00,0,3,0:15:00,0:00:00,0,0,0
2062,2019-08-05 18:45:00,2019-08-05 19:00:00,9,26,0:07:21,0:07:39,0,0,0
2062,2019-08-05 19:00:00,2019-08-05 19:15:00,15,22,0:00:00,0:15:00,0,0,0
2062,2019-08-05 19:15:00,2019-08-05 19:30:00,22,41,0:00:08,0:14:52,1,0,1
2062,2019-08-05 19:30:00,2019-08-05 19:45:00,25,63,0:00:21,0:14:39,9,4,5
2062,2019-08-05 19:45:00,2019-08-05 20:00:00,12,28,0:05:59,0:09:01,1,0,1
2062,2019-08-05 20:00:00,2019-08-05 20:15:00,9,26,0:06:36,0:08:24,1,0,1
2062,2019-08-05 20:15:00,2019-08-05 20:30:00,0,2,0:15:00,0:00:00,0,0,0
2062,2019-08-05 20:30:00,2019-08-05 20:45:00,26,81,0:02:44,0:12:16,6,3,3
2062,2019-08-05 20:45:00,2019-08-05 21:00:00,26,47,0:00:46,0:14:14,8,4,4
2062,2019-08-05 21:00:00,2019-08-05 21:15:00,20,36,0:00:00,0:15:00,0,0,0
2062,2019-08-05 21:15:00,2019-08-05 21:30:00,17,38,0:00:02,0:14:58,2,1,1
2062,2019-08-05 21:30:00,2019-08-05 21:45:00,11,121,0:00:54,0:14:06,3,1,2
2062,2019-08-05 21:45:00,2019-08-05 22:00:00,8,29,0:06:41,0:08:19,2,1,1
2062,2019-08-05 22:00:00,2019-08-05 22:15:00,0,2,0:15:00,0:00:00,0,0,0
2062,2019-08-05 22:15:00,2019-08-05 22:30:00,0,0,0:15:00,0:00:00,0,0,0
2062,2019-08-05 22:30:00,2019-08-05 22:45:00,0,2,0:15:00,0:00:00,0,0,0
2062,2019-08-05 22:45:00,2019-08-05 23:00:00,0,2,0:15:00,0:00:00,0,0,0
2062,2019-08-05 23:00:00,2019-08-05 23:15:00,6,30,0:11:05,0:03:55,0,0,0
2062,2019-08-05 23:15:00,2019-08-05 23:30:00,10,17,0:00:00,0:15:00,0,0,0
2062,2019-08-05 23:30:00,2019-08-05 23:45:00,7,26,0:04:16,0:10:44,1,0,1
2062,2019-08-05 23:45:00,2019-08-06 00:00:00,0,0,0:15:00,0:00:00,0,0,0
2062,2019-08-06 00:00:00,2019-08-06 00:15:00,0,4,0:15:00,0:00:00,0,0,0
2062,2019-08-06 00:15:00,2019-08-06 00:30:00,0,0,0:15:00,0:00:00,0,0,0
2062,2019-08-06 00:30:00,2019-08-06 00:45:00,5,22,0:08:34,0:06:26,1,0,1
2062,2019-08-06 00:45:00,2019-08-06 01:00:00,0,7,0:15:00,0:00:00,0,0,0
2062,2019-08-06 01:00:00,2019-08-06 01:15:00,7,26,0:07:29,0:07:31,0,0,0
2062,2019-08-06 01:15:00,2019-08-06 01:30:00,8,51,0:02:56,0:12:04,2,1,1
2062,2019-08-06 01:30:00,2019-08-06 01:45:00,0,0,0:15:00,0:00:00,0,0,0
2062,2019-08-06 01:45:00,2019-08-06 02:00:00,3,21,0:13:58,0:01:02,0,0,0
2062,2019-08-06 02:00:00,2019-08-06 02:15:00,6,26,0:08:24,0:06:36,2,1,1
2062,2019-08-06 02:15:00,2019-08-06 02:30:00,0,4,0:15:00,0:00:00,0,0,0
2062,2019-08-06 02:30:00,2019-08-06 02:45:00,0,0,0:15:00,0:00:00,0,0,0
2062,2019-08-06 02:45:00,2019-08-06 03:00:00,0,7,0:15:00,0:00:00,0,0,0
2062,2019-08-06 03:00:00,2019-08-06 03:15:00,0,0,0:15:00,0:00:00,0,0,0
2062,2019-08-06 03:15:00,2019-08-06 03:30:00,3,27,0:10:25,0:04:35,1,0,1
2062,2019-08-06 03:30:00,2019-08-06 03:45:00,0,0,0:15:00,0:00:00,0,0,0
2062,2019-08-06 03:45:00,2019-08-06 04:00:00,0,0,0:15:00,0:00:00,0,0,0
2062,2019-08-06 04:00:00,2019-08-06 04:15:00,0,0,0:15:00,0:00:00,0,0,0
2062,2019-08-06 04:15:00,2019-08-06 04:30:00,0,0,0:15:00,0:00:00,0,0,0
2062,2019-08-06 04:30:00,2019-08-06 04:45:00,0,2,0:15:00,0:00:00,0,0,0
2062,2019-08-06 04:45:00,2019-08-06 05:00:00,0,0,0:15:00,0:00:00,0,0,0
2062,2019-08-06 05:00:00,2019-08-06 05:15:00,2,12,0:13:37,0:01:23,0,0,0
2062,2019-08-06 05:15:00,2019-08-06 05:30:00,17,40,0:03:06,0:11:54,2,1,1
2062,2019-08-06 05:30:00,2019-08-06 05:45:00,14,19,0:00:01,0:14:59,1,0,1
2062,2019-08-06 05:45:00,2019-08-06 06:00:00,11,20,0:00:00,0:15:00,0,0,0
2062,2019-08-06 06:00:00,2019-08-06 06:15:00,16,23,0:00:32,0:14:28,5,2,3
2062,2019-08-06 06:15:00,2019-08-06 06:30:00,9,28,0:01:03,0:13:57,10,5,5
2062,2019-08-06 06:30:00,2019-08-06 06:45:00,23,37,0:00:16,0:14:44,5,2,3
2062,2019-08-06 06:45:00,2019-08-06 07:00:00,13,29,0:02:04,0:12:56,10,5,5
2062,2019-08-06 07:00:00,2019-08-06 07:15:00,11,35,0:04:55,0:10:05,2,1,1
2062,2019-08-06 07:15:00,2019-08-06 07:30:00,0,0,0:15:00,0:00:00,0,0,0
2062,2019-08-06 07:30:00,2019-08-06 07:45:00,0,2,0:15:00,0:00:00,0,0,0
2062,2019-08-06 07:45:00,2019-08-06 08:00:00,0,1,0:15:00,0:00:00,0,0,0
2062,2019-08-06 08:00:00,2019-08-06 08:15:00,0,0,0:15:00,0:00:00,0,0,0
2062,2019-08-06 08:15:00,2019-08-06 08:30:00,1,14,0:12:30,0:02:30,0,0,0
2062,2019-08-06 08:30:00,2019-08-06 08:45:00,5,19,0:00:03,0:14:57,1,0,1
2062,2019-08-06 08:45:00,2019-08-06 09:00:00,14,33,0:00:00,0:15:00,0,0,0
2062,2019-08-06 09:00:00,2019-08-06 09:15:00,16,41,0:02:55,0:12:05,2,1,1
2062,2019-08-06 09:15:00,2019-08-06 09:30:00,10,30,0:05:54,0:09:06,0,0,0
2062,2019-08-06 09:30:00,2019-08-06 09:45:00,11,22,0:00:01,0:14:59,1,0,1
2062,2019-08-06 09:45:00,2019-08-06 10:00:00,16,28,0:00:11,0:14:49,2,1,1
2062,2019-08-06 10:00:00,2019-08-06 10:15:00,22,169,0:00:05,0:14:55,3,1,2
2062,2019-08-06 10:15:00,2019-08-06 10:30:00,8,25,0:07:00,0:08:00,1,0,1
2062,2019-08-06 10:30:00,2019-08-06 10:45:00,9,23,0:01:02,0:13:58,0,0,0
2062,2019-08-06 10:45:00,2019-08-06 11:00:00,10,21,0:07:43,0:07:17,1,0,1
2062,2019-08-06 11:00:00,2019-08-06 11:15:00,13,36,0:08:56,0:06:04,0,0,0
2062,2019-08-06 11:15:00,2019-08-06 11:30:00,22,45,0:00:04,0:14:56,2,1,1
2062,2019-08-06 11:30:00,2019-08-06 11:45:00,18,21,0:00:01,0:14:59,1,0,1
2062,2019-08-06 11:45:00,2019-08-06 12:00:00,18,35,0:01:50,0:13:10,2,1,1
2062,2019-08-06 12:00:00,2019-08-06 12:15:00,2,36,0:10:50,0:04:10,2,1,1
2062,2019-08-06 12:15:00,2019-08-06 12:30:00,0,0,0:15:00,0:00:00,0,0,0
2062,2019-08-06 12:30:00,2019-08-06 12:45:00,0,0,0:15:00,0:00:00,0,0,0
2062,2019-08-06 12:45:00,2019-08-06 13:00:00,0,5,0:15:00,0:00:00,0,0,0
2062,2019-08-06 13:00:00,2019-08-06 13:15:00,0,1,0:15:00,0:00:00,0,0,0
2062,2019-08-06 13:15:00,2019-08-06 13:30:00,0,0,0:15:00,0:00:00,0,0,0
2062,2019-08-06 13:30:00,2019-08-06 13:45:00,0,4,0:15:00,0:00:00,0,0,0
2062,2019-08-06 13:45:00,2019-08-06 14:00:00,4,19,0:13:34,0:01:26,0,0,0
2062,2019-08-06 14:00:00,2019-08-06 14:15:00,19,32,0:00:00,0:15:00,0,0,0
2062,2019-08-06 14:15:00,2019-08-06 14:30:00,14,30,0:00:09,0:14:51,1,0,1
2062,2019-08-06 14:30:00,2019-08-06 14:45:00,11,19,0:00:08,0:14:52,2,1,1
2062,2019-08-06 14:45:00,2019-08-06 15:00:00,10,20,0:00:00,0:15:00,0,0,0
2062,2019-08-06 15:00:00,2019-08-06 15:15:00,17,33,0:00:00,0:15:00,0,0,0
2062,2019-08-06 15:15:00,2019-08-06 15:30:00,15,23,0:00:06,0:14:54,2,1,1
2062,2019-08-06 15:30:00,2019-08-06 15:45:00,22,37,0:00:00,0:15:00,0,0,0
2062,2019-08-06 15:45:00,2019-08-06 16:00:00,8,21,0:08:24,0:06:36,1,0,1
2062,2019-08-06 16:00:00,2019-08-06 16:15:00,0,9,0:15:00,0:00:00,0,0,0
2062,2019-08-06 16:15:00,2019-08-06 16:30:00,0,3,0:15:00,0:00:00,0,0,0
2062,2019-08-06 16:30:00,2019-08-06 16:45:00,0,0,0:15:00,0:00:00,0,0,0
2062,2019-08-06 16:45:00,2019-08-06 17:00:00,6,30,0:10:40,0:04:20,0,0,0
2062,2019-08-06 17:00:00,2019-08-06 17:15:00,16,28,0:00:01,0:14:59,1,0,1
2062,2019-08-06 17:15:00,2019-08-06 17:30:00,29,54,0:00:00,0:15:00,0,0,0
2062,2019-08-06 17:30:00,2019-08-06 17:45:00,19,38,0:00:02,0:14:58,2,1,1
2062,2019-08-06 17:45:00,2019-08-06 18:00:00,17,43,0:00:04,0:14:56,1,0,1
2062,2019-08-06 18:00:00,2019-08-06 18:15:00,0,0,0:15:00,0:00:00,0,0,0
2062,2019-08-06 18:15:00,2019-08-06 18:30:00,0,1,0:15:00,0:00:00,0,0,0
2062,2019-08-06 18:30:00,2019-08-06 18:45:00,4,23,0:08:07,0:06:53,0,0,0
2062,2019-08-06 18:45:00,2019-08-06 19:00:00,20,41,0:01:19,0:13:41,4,2,2
2062,2019-08-06 19:00:00,2019-08-06 19:15:00,1,8,0:12:13,0:02:47,1,0,1
2062,2019-08-06 19:15:00,2019-08-06 19:30:00,13,30,0:02:13,0:12:47,0,0,0
2062,2019-08-06 19:30:00,2019-08-06 19:45:00,37,73,0:00:20,0:14:40,5,2,3
2062,2019-08-06 19:45:00,2019-08-06 20:00:00,12,21,0:00:00,0:15:00,0,0,0
2062,2019-08-06 20:00:00,2019-08-06 20:15:00,21,38,0:00:01,0:14:59,1,0,1
2062,2019-08-06 20:15:00,2019-08-06 20:30:00,4,19,0:10:56,0:04:04,2,1,1
2062,2019-08-06 20:30:00,2019-08-06 20:45:00,10,40,0:03:18,0:11:42,2,1,1
2062,2019-08-06 20:45:00,2019-08-06 21:00:00,19,38,0:00:00,0:15:00,0,0,0
2062,2019-08-06 21:00:00,2019-08-06 21:15:00,19,40,0:00:01,0:14:59,1,0,1
2062,2019-08-06 21:15:00,2019-08-06 21:30:00,3,20,0:14:21,0:00:39,1,0,1
2062,2019-08-06 21:30:00,2019-08-06 21:45:00,0,5,0:15:00,0:00:00,0,0,0
2062,2019-08-06 21:45:00,2019-08-06 22:00:00,0,2,0:15:00,0:00:00,0,0,0
2062,2019-08-06 22:00:00,2019-08-06 22:15:00,4,18,0:09:41,0:05:19,0,0,0
2062,2019-08-06 22:15:00,2019-08-06 22:30:00,21,29,0:00:00,0:15:00,0,0,0
2062,2019-08-06 22:30:00,2019-08-06 22:45:00,10,22,0:06:54,0:08:06,1,0,1
2062,2019-08-06 22:45:00,2019-08-06 23:00:00,0,0,0:15:00,0:00:00,0,0,0
2062,2019-08-06 23:00:00,2019-08-06 23:15:00,19,37,0:02:20,0:12:40,0,0,0
2062,2019-08-06 23:15:00,2019-08-06 23:30:00,6,28,0:11:25,0:03:35,1,0,1
2062,2019-08-06 23:30:00,2019-08-06 23:45:00,6,11,0:09:28,0:05:32,1,0,1
2062,2019-08-06 23:45:00,2019-08-07 00:00:00,2,13,0:14:45,0:00:15,1,0,1
2062,2019-08-07 00:00:00,2019-08-07 00:15:00,0,0,0:15:00,0:00:00,0,0,0
2062,2019-08-07 00:15:00,2019-08-07 00:30:00,5,15,0:07:35,0:07:25,0,0,0
2062,2019-08-07 00:30:00,2019-08-07 00:45:00,12,27,0:00:39,0:14:21,1,0,1
2062,2019-08-07 00:45:00,2019-08-07 01:00:00,0,0,0:15:00,0:00:00,0,0,0
2062,2019-08-07 01:00:00,2019-08-07 01:15:00,0,0,0:15:00,0:00:00,0,0,0
2062,2019-08-07 01:15:00,2019-08-07 01:30:00,0,0,0:15:00,0:00:00,0,0,0
2062,2019-08-07 01:30:00,2019-08-07 01:45:00,0,0,0:15:00,0:00:00,0,0,0
2062,2019-08-07 01:45:00,2019-08-07 02:00:00,3,16,0:14:04,0:00:56,0,0,0
2062,2019-08-07 02:00:00,2019-08-07 02:15:00,8,27,0:04:15,0:10:45,2,1,1
2062,2019-08-07 02:15:00,2019-08-07 02:30:00,0,3,0:15:00,0:00:00,0,0,0
2062,2019-08-07 02:30:00,2019-08-07 02:45:00,0,1,0:15:00,0:00:00,0,0,0
2062,2019-08-07 02:45:00,2019-08-07 03:00:00,0,1,0:15:00,0:00:00,0,0,0
2062,2019-08-07 03:00:00,2019-08-07 03:15:00,0,0,0:15:00,0:00:00,0,0,0
2062,2019-08-07 03:15:00,2019-08-07 03:30:00,1,20,0:14:43,0:00:17,0,0,0
2062,2019-08-07 03:30:00,2019-08-07 03:45:00,11,20,0:03:43,0:11:17,1,0,1
2062,2019-08-07 03:45:00,2019-08-07 04:00:00,0,0,0:15:00,0:00:00,0,0,0
2062,2019-08-07 04:00:00,2019-08-07 04:15:00,0,0,0:15:00,0:00:00,0,0,0
2062,2019-08-07 04:15:00,2019-08-07 04:30:00,0,0,0:15:00,0:00:00,0,0,0
2062,2019-08-07 04:30:00,2019-08-07 04:45:00,0,2,0:15:00,0:00:00,0,0,0
2062,2019-08-07 04:45:00,2019-08-07 05:00:00,0,3,0:15:00,0:00:00,0,0,0
2062,2019-08-07 05:00:00,2019-08-07 05:15:00,7,20,0:11:28,0:03:32,0,0,0
2062,2019-08-07 05:15:00,2019-08-07 05:30:00,23,31,0:00:00,0:15:00,0,0,0
2062,2019-08-07 05:30:00,2019-08-07 05:45:00,19,29,0:00:00,0:15:00,0,0,0
2062,2019-08-07 05:45:00,2019-08-07 06:00:00,12,17,0:00:00,0:15:00,0,0,0
2062,2019-08-07 06:00:00,2019-08-07 06:15:00,8,15,0:00:00,0:15:00,0,0,0
2062,2019-08-07 06:15:00,2019-08-07 06:30:00,16,32,0:00:04,0:14:56,2,1,1
2062,2019-08-07 06:30:00,2019-08-07 06:45:00,15,29,0:00:04,0:14:56,1,0,1
2062,2019-08-07 06:45:00,2019-08-07 07:00:00,13,21,0:00:01,0:14:59,1,0,1
2062,2019-08-07 07:00:00,2019-08-07 07:15:00,19,38,0:00:04,0:14:56,2,1,1
2062,2019-08-07 07:15:00,2019-08-07 07:30:00,10,28,0:04:06,0:10:54,2,1,1
2062,2019-08-07 07:30:00,2019-08-07 07:45:00,11,21,0:00:08,0:14:52,4,2,2
2062,2019-08-07 07:45:00,2019-08-07 08:00:00,13,35,0:00:12,0:14:48,4,2,2
2062,2019-08-07 08:00:00,2019-08-07 08:15:00,0,9,0:15:00,0:00:00,1,0,1
2062,2019-08-07 08:15:00,2019-08-07 08:30:00,0,2,0:15:00,0:00:00,0,0,0
2062,2019-08-07 08:30:00,2019-08-07 08:45:00,0,11,0:15:00,0:00:00,0,0,0
2062,2019-08-07 08:45:00,2019-08-07 09:00:00,0,4,0:15:00,0:00:00,0,0,0
2062,2019-08-07 09:00:00,2019-08-07 09:15:00,0,16,0:11:58,0:03:02,0,0,0
2062,2019-08-07 09:15:00,2019-08-07 09:30:00,18,37,0:00:01,0:14:59,1,0,1
2062,2019-08-07 09:30:00,2019-08-07 09:45:00,20,28,0:00:00,0:15:00,0,0,0
2062,2019-08-07 09:45:00,2019-08-07 10:00:00,17,57,0:00:08,0:14:52,1,0,1
2062,2019-08-07 10:00:00,2019-08-07 10:15:00,13,14,0:00:00,0:15:00,0,0,0
2062,2019-08-07 10:15:00,2019-08-07 10:30:00,5,16,0:13:38,0:01:22,1,0,1
2062,2019-08-07 10:30:00,2019-08-07 10:45:00,5,11,0:14:03,0:00:57,0,0,0
2062,2019-08-07 10:45:00,2019-08-07 11:00:00,18,29,0:00:00,0:15:00,0,0,0
2062,2019-08-07 11:00:00,2019-08-07 11:15:00,22,52,0:00:58,0:14:02,7,3,4
2062,2019-08-07 11:15:00,2019-08-07 11:30:00,13,30,0:00:00,0:15:00,0,0,0
2062,2019-08-07 11:30:00,2019-08-07 11:45:00,1,13,0:14:47,0:00:13,3,1,2
2062,2019-08-07 11:45:00,2019-08-07 12:00:00,0,0,0:15:00,0:00:00,0,0,0
2062,2019-08-07 12:00:00,2019-08-07 12:15:00,0,2,0:15:00,0:00:00,0,0,0
2062,2019-08-07 12:15:00,2019-08-07 12:30:00,8,31,0:05:40,0:09:20,0,0,0
2062,2019-08-07 12:30:00,2019-08-07 12:45:00,10,20,0:00:01,0:14:59,1,0,1
2062,2019-08-07 12:45:00,2019-08-07 13:00:00,20,25,0:00:00,0:15:00,0,0,0
2062,2019-08-07 13:00:00,2019-08-07 13:15:00,2,16,0:14:03,0:00:57,2,1,1
2062,2019-08-07 13:15:00,2019-08-07 13:30:00,8,25,0:09:45,0:05:15,0,0,0
2062,2019-08-07 13:30:00,2019-08-07 13:45:00,12,24,0:06:28,0:08:32,2,1,1
2062,2019-08-07 13:45:00,2019-08-07 14:00:00,0,2,0:15:00,0:00:00,0,0,0
2062,2019-08-07 14:00:00,2019-08-07 14:15:00,0,2,0:15:00,0:00:00,0,0,0
2062,2019-08-07 14:15:00,2019-08-07 14:30:00,12,25,0:07:54,0:07:06,0,0,0
2062,2019-08-07 14:30:00,2019-08-07 14:45:00,15,35,0:00:22,0:14:38,6,3,3
2062,2019-08-07 14:45:00,2019-08-07 15:00:00,17,30,0:00:06,0:14:54,1,0,1
2062,2019-08-07 15:00:00,2019-08-07 15:15:00,17,48,0:06:20,0:08:40,2,1,1
2062,2019-08-07 15:15:00,2019-08-07 15:30:00,0,3,0:15:00,0:00:00,0,0,0
2062,2019-08-07 15:30:00,2019-08-07 15:45:00,0,3,0:15:00,0:00:00,0,0,0
2062,2019-08-07 15:45:00,2019-08-07 16:00:00,3,18,0:11:08,0:03:52,0,0,0
2062,2019-08-07 16:00:00,2019-08-07 16:15:00,15,27,0:00:00,0:15:00,0,0,0
2062,2019-08-07 16:15:00,2019-08-07 16:30:00,22,30,0:00:12,0:14:48,1,0,1
2062,2019-08-07 16:30:00,2019-08-07 16:45:00,13,25,0:03:42,0:11:18,1,0,1
2062,2019-08-07 16:45:00,2019-08-07 17:00:00,9,20,0:08:34,0:06:26,0,0,0
2062,2019-08-07 17:00:00,2019-08-07 17:15:00,11,18,0:00:12,0:14:48,1,0,1
2062,2019-08-07 17:15:00,2019-08-07 17:30:00,13,39,0:00:25,0:14:35,1,0,1
2062,2019-08-07 17:30:00,2019-08-07 17:45:00,22,68,0:00:04,0:14:56,1,0,1
2062,2019-08-07 17:45:00,2019-08-07 18:00:00,12,31,0:02:55,0:12:05,2,1,1
2062,2019-08-07 18:00:00,2019-08-07 18:15:00,0,0,0:15:00,0:00:00,0,0,0
2062,2019-08-07 18:15:00,2019-08-07 18:30:00,0,0,0:15:00,0:00:00,0,0,0
2062,2019-08-07 18:30:00,2019-08-07 18:45:00,10,26,0:01:21,0:13:39,1,0,1
2062,2019-08-07 18:45:00,2019-08-07 19:00:00,14,35,0:00:46,0:14:14,6,3,3
2062,2019-08-07 19:00:00,2019-08-07 19:15:00,19,36,0:00:06,0:14:54,1,0,1
2062,2019-08-07 19:15:00,2019-08-07 19:30:00,6,19,0:07:49,0:07:11,1,0,1
2062,2019-08-07 19:30:00,2019-08-07 19:45:00,0,0,0:15:00,0:00:00,0,0,0
2062,2019-08-07 19:45:00,2019-08-07 20:00:00,2,10,0:12:54,0:02:06,0,0,0
2062,2019-08-07 20:00:00,2019-08-07 20:15:00,9,19,0:00:00,0:15:00,0,0,0
2062,2019-08-07 20:15:00,2019-08-07 20:30:00,13,21,0:00:00,0:15:00,0,0,0
2062,2019-08-07 20:30:00,2019-08-07 20:45:00,17,48,0:00:01,0:14:59,1,0,1
2062,2019-08-07 20:45:00,2019-08-07 21:00:00,19,61,0:00:10,0:14:50,3,1,2
2062,2019-08-07 21:00:00,2019-08-07 21:15:00,16,33,0:00:07,0:14:53,4,2,2
2062,2019-08-07 21:15:00,2019-08-07 21:30:00,8,35,0:10:26,0:04:34,2,1,1
2062,2019-08-07 21:30:00,2019-08-07 21:45:00,12,19,0:00:00,0:15:00,0,0,0
2062,2019-08-07 21:45:00,2019-08-07 22:00:00,4,13,0:08:10,0:06:50,2,1,1
2062,2019-08-07 22:00:00,2019-08-07 22:15:00,0,1,0:15:00,0:00:00,0,0,0
2062,2019-08-07 22:15:00,2019-08-07 22:30:00,0,1,0:15:00,0:00:00,0,0,0
2062,2019-08-07 22:30:00,2019-08-07 22:45:00,0,1,0:15:00,0:00:00,0,0,0
2062,2019-08-07 22:45:00,2019-08-07 23:00:00,6,23,0:07:50,0:07:10,0,0,0
2062,2019-08-07 23:00:00,2019-08-07 23:15:00,16,41,0:00:00,0:15:00,0,0,0
2062,2019-08-07 23:15:00,2019-08-07 23:30:00,6,35,0:12:23,0:02:37,4,2,2
2062,2019-08-07 23:30:00,2019-08-07 23:45:00,9,34,0:05:56,0:09:04,2,1,1
2062,2019-08-07 23:45:00,2019-08-08 00:00:00,0,1,0:15:00,0:00:00,0,0,0
2062,2019-08-08 00:00:00,2019-08-08 00:15:00,6,30,0:06:54,0:08:06,0,0,0
2062,2019-08-08 00:15:00,2019-08-08 00:30:00,10,15,0:00:01,0:14:59,1,0,1
2062,2019-08-08 00:30:00,2019-08-08 00:45:00,6,25,0:07:32,0:07:28,1,0,1
2062,2019-08-08 00:45:00,2019-08-08 01:00:00,0,4,0:15:00,0:00:00,0,0,0
2062,2019-08-08 01:00:00,2019-08-08 01:15:00,9,25,0:05:46,0:09:14,0,0,0
2062,2019-08-08 01:15:00,2019-08-08 01:30:00,13,25,0:00:00,0:15:00,0,0,0
2062,2019-08-08 01:30:00,2019-08-08 01:45:00,3,16,0:13:56,0:01:04,1,0,1
2062,2019-08-08 01:45:00,2019-08-08 02:00:00,0,11,0:10:53,0:04:07,0,0,0
2062,2019-08-08 02:00:00,2019-08-08 02:15:00,8,178,0:02:20,0:12:40,1,0,1
2062,2019-08-08 02:15:00,2019-08-08 02:30:00,0,0,0:15:00,0:00:00,0,0,0
2062,2019-08-08 02:30:00,2019-08-08 02:45:00,0,4,0:15:00,0:00:00,0,0,0
2062,2019-08-08 02:45:00,2019-08-08 03:00:00,21,51,0:01:17,0:13:43,1,0,1
2062,2019-08-08 03:00:00,2019-08-08 03:15:00,4,32,0:10:13,0:04:47,1,0,1
2062,2019-08-08 03:15:00,2019-08-08 03:30:00,0,0,0:15:00,0:00:00,0,0,0
2062,2019-08-08 03:30:00,2019-08-08 03:45:00,2,14,0:14:40,0:00:20,0,0,0
2062,2019-08-08 03:45:00,2019-08-08 04:00:00,7,30,0:02:06,0:12:54,3,1,2
2062,2019-08-08 04:00:00,2019-08-08 04:15:00,0,0,0:15:00,0:00:00,0,0,0
2062,2019-08-08 04:15:00,2019-08-08 04:30:00,3,31,0:09:17,0:05:43,1,0,1
2062,2019-08-08 04:30:00,2019-08-08 04:45:00,0,0,0:15:00,0:00:00,0,0,0
2062,2019-08-08 04:45:00,2019-08-08 05:00:00,0,0,0:15:00,0:00:00,0,0,0
2062,2019-08-08 05:00:00,2019-08-08 05:15:00,0,0,0:15:00,0:00:00,0,0,0
2062,2019-08-08 05:15:00,2019-08-08 05:30:00,13,32,0:00:25,0:14:35,1,0,1
2062,2019-08-08 05:30:00,2019-08-08 05:45:00,10,25,0:00:07,0:14:53,1,0,1
2062,2019-08-08 05:45:00,2019-08-08 06:00:00,12,20,0:00:03,0:14:57,1,0,1
2062,2019-08-08 06:00:00,2019-08-08 06:15:00,12,33,0:00:26,0:14:34,6,3,3
2062,2019-08-08 06:15:00,2019-08-08 06:30:00,11,20,0:00:09,0:14:51,2,1,1
2062,2019-08-08 06:30:00,2019-08-08 06:45:00,14,41,0:00:38,0:14:22,4,2,2
2062,2019-08-08 06:45:00,2019-08-08 07:00:00,14,28,0:04:31,0:10:29,1,0,1
2062,2019-08-08 07:00:00,2019-08-08 07:15:00,1,8,0:13:44,0:01:16,0,0,0
2062,2019-08-08 07:15:00,2019-08-08 07:30:00,8,24,0:00:06,0:14:54,4,2,2
2062,2019-08-08 07:30:00,2019-08-08 07:45:00,12,32,0:01:06,0:13:54,5,2,3
2062,2019-08-08 07:45:00,2019-08-08 08:00:00,6,22,0:08:55,0:06:05,2,1,1
2062,2019-08-08 08:00:00,2019-08-08 08:15:00,0,4,0:15:00,0:00:00,0,0,0
2062,2019-08-08 08:15:00,2019-08-08 08:30:00,10,38,0:05:42,0:09:18,1,0,1
2062,2019-08-08 08:30:00,2019-08-08 08:45:00,0,0,0:15:00,0:00:00,0,0,0
2062,2019-08-08 08:45:00,2019-08-08 09:00:00,0,0,0:15:00,0:00:00,0,0,0
2062,2019-08-08 09:00:00,2019-08-08 09:15:00,11,40,0:02:30,0:12:30,0,0,0
2062,2019-08-08 09:15:00,2019-08-08 09:30:00,8,16,0:00:00,0:15:00,0,0,0
2062,2019-08-08 09:30:00,2019-08-08 09:45:00,15,27,0:00:00,0:15:00,0,0,0
2062,2019-08-08 09:45:00,2019-08-08 10:00:00,20,30,0:00:00,0:15:00,0,0,0
2062,2019-08-08 10:00:00,2019-08-08 10:15:00,9,21,0:00:00,0:15:00,0,0,0
2062,2019-08-08 10:15:00,2019-08-08 10:30:00,11,34,0:06:25,0:08:35,1,0,1
2062,2019-08-08 10:30:00,2019-08-08 10:45:00,0,0,0:15:00,0:00:00,0,0,0
2062,2019-08-08 10:45:00,2019-08-08 11:00:00,0,3,0:15:00,0:00:00,0,0,0
2062,2019-08-08 11:00:00,2019-08-08 11:15:00,16,44,0:04:55,0:10:05,0,0,0
2062,2019-08-08 11:15:00,2019-08-08 11:30:00,15,22,0:00:00,0:15:00,0,0,0
2062,2019-08-08 11:30:00,2019-08-08 11:45:00,19,38,0:00:00,0:15:00,0,0,0
2062,2019-08-08 11:45:00,2019-08-08 12:00:00,17,51,0:02:36,0:12:24,1,0,1
2062,2019-08-08 12:00:00,2019-08-08 12:15:00,0,0,0:15:00,0:00:00,0,0,0
2062,2019-08-08 12:15:00,2019-08-08 12:30:00,14,43,0:06:10,0:08:50,1,0,1
2062,2019-08-08 12:30:00,2019-08-08 12:45:00,8,14,0:00:49,0:15:00,0,0,0
2062,2019-08-08 12:45:00,2019-08-08 13:00:00,15,30,0:22:11,0:07:49,1,0,1
2062,2019-08-08 13:00:00,2019-08-08 13:15:00,13,57,0:22:05,0:07:55,1,0,1
2062,2019-08-08 13:15:00,2019-08-08 13:30:00,1,6,0:14:58,0:00:26,1,0,1
2062,2019-08-08 13:30:00,2019-08-08 13:45:00,0,4,0:15:00,0:00:00,0,0,0
2062,2019-08-08 13:45:00,2019-08-08 14:00:00,0,3,0:15:00,0:00:00,0,0,0
2062,2019-08-08 14:00:00,2019-08-08 14:15:00,0,9,0:15:00,0:00:00,0,0,0
2062,2019-08-08 14:15:00,2019-08-08 14:30:00,0,8,0:15:00,0:00:00,0,0,0
2062,2019-08-08 14:30:00,2019-08-08 14:45:00,0,2,0:15:00,0:00:00,0,0,0
2062,2019-08-08 14:45:00,2019-08-08 15:00:00,1,6,0:14:38,0:00:22,0,0,0
2062,2019-08-08 15:00:00,2019-08-08 15:15:00,19,27,0:00:00,0:15:00,0,0,0
2062,2019-08-08 15:15:00,2019-08-08 15:30:00,10,17,0:00:00,0:15:00,0,0,0
2062,2019-08-08 15:30:00,2019-08-08 15:45:00,6,9,0:00:00,0:15:00,0,0,0
2062,2019-08-08 15:45:00,2019-08-08 16:00:00,14,29,0:00:00,0:15:00,0,0,0
2062,2019-08-08 16:00:00,2019-08-08 16:15:00,5,10,0:12:05,0:02:55,1,0,1
2062,2019-08-08 16:15:00,2019-08-08 16:30:00,12,41,0:05:11,0:09:49,0,0,0
2062,2019-08-08 16:30:00,2019-08-08 16:45:00,15,23,0:00:01,0:14:59,1,0,1
2062,2019-08-08 16:45:00,2019-08-08 17:00:00,10,13,0:00:00,0:15:00,0,0,0
2062,2019-08-08 17:00:00,2019-08-08 17:15:00,23,34,0:00:00,0:15:00,0,0,0
2062,2019-08-08 17:15:00,2019-08-08 17:30:00,20,41,0:00:00,0:15:00,0,0,0
2062,2019-08-08 17:30:00,2019-08-08 17:45:00,17,35,0:00:00,0:15:00,0,0,0
2062,2019-08-08 17:45:00,2019-08-08 18:00:00,13,30,0:02:49,0:12:11,2,1,1
2062,2019-08-08 18:00:00,2019-08-08 18:15:00,11,22,0:00:00,0:15:00,0,0,0
2062,2019-08-08 18:15:00,2019-08-08 18:30:00,15,22,0:00:00,0:15:00,0,0,0
2062,2019-08-08 18:30:00,2019-08-08 18:45:00,7,20,0:11:28,0:03:32,1,0,1
2062,2019-08-08 18:45:00,2019-08-08 19:00:00,0,0,0:15:00,0:00:00,0,0,0
2062,2019-08-08 19:00:00,2019-08-08 19:15:00,0,0,0:15:00,0:00:00,0,0,0
2062,2019-08-08 19:15:00,2019-08-08 19:30:00,14,28,0:04:49,0:10:11,2,1,1
2062,2019-08-08 19:30:00,2019-08-08 19:45:00,11,20,0:00:01,0:14:59,1,0,1
2062,2019-08-08 19:45:00,2019-08-08 20:00:00,14,24,0:00:19,0:14:41,1,0,1
2062,2019-08-08 20:00:00,2019-08-08 20:15:00,15,25,0:00:00,0:15:00,0,0,0
2062,2019-08-08 20:15:00,2019-08-08 20:30:00,17,26,0:00:00,0:15:00,0,0,0
2062,2019-08-08 20:30:00,2019-08-08 20:45:00,10,33,0:02:21,0:12:39,3,1,2
2062,2019-08-08 20:45:00,2019-08-08 21:00:00,12,25,0:00:00,0:15:00,0,0,0
2062,2019-08-08 21:00:00,2019-08-08 21:15:00,10,22,0:00:01,0:14:59,1,0,1
2062,2019-08-08 21:15:00,2019-08-08 21:30:00,6,24,0:11:22,0:03:38,1,0,1
2062,2019-08-08 21:30:00,2019-08-08 21:45:00,0,0,0:15:00,0:00:00,0,0,0
2062,2019-08-08 21:45:00,2019-08-08 22:00:00,0,2,0:15:00,0:00:00,0,0,0
2062,2019-08-08 22:00:00,2019-08-08 22:15:00,0,1,0:15:00,0:00:00,0,0,0
2062,2019-08-08 22:15:00,2019-08-08 22:30:00,3,8,0:09:52,0:05:08,1,0,1
2062,2019-08-08 22:30:00,2019-08-08 22:45:00,2,13,0:14:10,0:00:50,2,1,1
2062,2019-08-08 22:45:00,2019-08-08 23:00:00,0,1,0:15:00,0:00:00,0,0,0
2062,2019-08-08 23:00:00,2019-08-08 23:15:00,4,14,0:10:25,0:04:35,1,0,1
2062,2019-08-08 23:15:00,2019-08-08 23:30:00,12,14,0:00:00,0:15:00,0,0,0
2062,2019-08-08 23:30:00,2019-08-08 23:45:00,8,19,0:06:24,0:08:36,2,1,1
2062,2019-08-08 23:45:00,2019-08-09 00:00:00,0,0,0:15:00,0:00:00,0,0,0
2062,2019-08-09 00:00:00,2019-08-09 00:15:00,0,0,0:15:00,0:00:00,0,0,0
2062,2019-08-09 00:15:00,2019-08-09 00:30:00,0,0,0:15:00,0:00:00,0,0,0
2062,2019-08-09 00:30:00,2019-08-09 00:45:00,2,15,0:09:26,0:05:34,1,0,1
2062,2019-08-09 00:45:00,2019-08-09 01:00:00,7,15,0:08:31,0:06:29,1,0,1
2062,2019-08-09 01:00:00,2019-08-09 01:15:00,0,2,0:15:00,0:00:00,0,0,0
2062,2019-08-09 01:15:00,2019-08-09 01:30:00,1,7,0:12:56,0:02:04,0,0,0
2062,2019-08-09 01:30:00,2019-08-09 01:45:00,18,34,0:03:43,0:11:17,1,0,1
2062,2019-08-09 01:45:00,2019-08-09 02:00:00,0,2,0:15:00,0:00:00,0,0,0
2062,2019-08-09 02:00:00,2019-08-09 02:15:00,2,21,0:13:22,0:01:38,0,0,0
2062,2019-08-09 02:15:00,2019-08-09 02:30:00,9,11,0:06:43,0:08:17,1,0,1
2062,2019-08-09 02:30:00,2019-08-09 02:45:00,0,0,0:15:00,0:00:00,0,0,0
2062,2019-08-09 02:45:00,2019-08-09 03:00:00,0,0,0:15:00,0:00:00,0,0,0
2062,2019-08-09 03:00:00,2019-08-09 03:15:00,0,0,0:15:00,0:00:00,0,0,0
2062,2019-08-09 03:15:00,2019-08-09 03:30:00,0,10,0:14:12,0:00:48,0,0,0
2062,2019-08-09 03:30:00,2019-08-09 03:45:00,11,21,0:03:49,0:11:11,1,0,1
2062,2019-08-09 03:45:00,2019-08-09 04:00:00,0,5,0:15:00,0:00:00,0,0,0
2062,2019-08-09 04:00:00,2019-08-09 04:15:00,0,0,0:15:00,0:00:00,0,0,0
2062,2019-08-09 04:15:00,2019-08-09 04:30:00,0,1,0:15:00,0:00:00,0,0,0
2062,2019-08-09 04:30:00,2019-08-09 04:45:00,0,1,0:15:00,0:00:00,0,0,0
2062,2019-08-09 04:45:00,2019-08-09 05:00:00,0,3,0:15:00,0:00:00,0,0,0
2062,2019-08-09 05:00:00,2019-08-09 05:15:00,0,3,0:15:00,0:00:00,0,0,0
2062,2019-08-09 05:15:00,2019-08-09 05:30:00,18,33,0:01:17,0:13:43,0,0,0
2062,2019-08-09 05:30:00,2019-08-09 05:45:00,13,17,0:00:00,0:15:00,0,0,0
2062,2019-08-09 05:45:00,2019-08-09 06:00:00,12,21,0:00:00,0:15:00,0,0,0
2062,2019-08-09 06:00:00,2019-08-09 06:15:00,8,11,0:00:00,0:15:00,0,0,0
2062,2019-08-09 06:15:00,2019-08-09 06:30:00,11,23,0:00:00,0:15:00,0,0,0
2062,2019-08-09 06:30:00,2019-08-09 06:45:00,4,7,0:00:00,0:15:00,0,0,0
2062,2019-08-09 06:45:00,2019-08-09 07:00:00,6,11,0:00:04,0:14:56,2,1,1
2062,2019-08-09 07:00:00,2019-08-09 07:15:00,6,7,0:00:00,0:15:00,0,0,0
2062,2019-08-09 07:15:00,2019-08-09 07:30:00,6,22,0:05:06,0:09:54,1,0,1
2062,2019-08-09 07:30:00,2019-08-09 07:45:00,0,0,0:15:00,0:00:00,0,0,0
2062,2019-08-09 07:45:00,2019-08-09 08:00:00,0,0,0:15:00,0:00:00,0,0,0
2062,2019-08-09 08:00:00,2019-08-09 08:15:00,0,1,0:15:00,0:00:00,0,0,0
2062,2019-08-09 08:15:00,2019-08-09 08:30:00,3,17,0:09:52,0:05:08,1,0,1
2062,2019-08-09 08:30:00,2019-08-09 08:45:00,9,13,0:00:00,0:15:00,0,0,0
2062,2019-08-09 08:45:00,2019-08-09 09:00:00,7,21,0:03:17,0:11:43,1,0,1
2062,2019-08-09 09:00:00,2019-08-09 09:15:00,7,27,0:03:31,0:11:29,5,2,3
2062,2019-08-09 09:15:00,2019-08-09 09:30:00,10,23,0:00:27,0:14:33,2,1,1
2062,2019-08-09 09:30:00,2019-08-09 09:45:00,15,26,0:00:18,0:14:42,2,1,1
2062,2019-08-09 09:45:00,2019-08-09 10:00:00,12,22,0:00:11,0:14:49,1,0,1
2062,2019-08-09 10:00:00,2019-08-09 10:15:00,14,20,0:00:03,0:14:57,1,0,1
2062,2019-08-09 10:15:00,2019-08-09 10:30:00,8,25,0:08:01,0:06:59,3,1,2
2062,2019-08-09 10:30:00,2019-08-09 10:45:00,0,0,0:15:00,0:00:00,0,0,0
2062,2019-08-09 10:45:00,2019-08-09 11:00:00,0,0,0:15:00,0:00:00,0,0,0
2062,2019-08-09 11:00:00,2019-08-09 11:15:00,14,34,0:01:01,0:13:59,1,0,1
2062,2019-08-09 11:15:00,2019-08-09 11:30:00,19,31,0:00:01,0:14:59,1,0,1
2062,2019-08-09 11:30:00,2019-08-09 11:45:00,16,21,0:00:01,0:14:59,1,0,1
2062,2019-08-09 11:45:00,2019-08-09 12:00:00,8,23,0:05:15,0:09:45,4,2,2
2062,2019-08-09 12:00:00,2019-08-09 12:15:00,0,1,0:15:00,0:00:00,0,0,0
2062,2019-08-09 12:15:00,2019-08-09 12:30:00,16,43,0:03:37,0:11:23,2,1,1
2062,2019-08-09 12:30:00,2019-08-09 12:45:00,10,26,0:05:42,0:09:18,4,2,2
2062,2019-08-09 12:45:00,2019-08-09 13:00:00,0,0,0:15:00,0:00:00,0,0,0
2062,2019-08-09 13:00:00,2019-08-09 13:15:00,0,0,0:15:00,0:00:00,0,0,0
2062,2019-08-09 13:15:00,2019-08-09 13:30:00,0,0,0:15:00,0:00:00,0,0,0
2062,2019-08-09 13:30:00,2019-08-09 13:45:00,0,0,0:15:00,0:00:00,0,0,0
2062,2019-08-09 13:45:00,2019-08-09 14:00:00,0,0,0:15:00,0:00:00,0,0,0
2062,2019-08-09 14:00:00,2019-08-09 14:15:00,14,30,0:03:19,0:11:41,0,0,0
2062,2019-08-09 14:15:00,2019-08-09 14:30:00,6,10,0:00:00,0:15:00,0,0,0
2062,2019-08-09 14:30:00,2019-08-09 14:45:00,12,22,0:00:01,0:14:59,1,0,1
2062,2019-08-09 14:45:00,2019-08-09 15:00:00,12,26,0:00:31,0:14:29,1,0,1
2062,2019-08-09 15:00:00,2019-08-09 15:15:00,15,33,0:00:00,0:15:00,0,0,0
2062,2019-08-09 15:15:00,2019-08-09 15:30:00,0,8,0:14:08,0:00:52,1,0,1
2062,2019-08-09 15:30:00,2019-08-09 15:45:00,0,10,0:15:00,0:00:00,0,0,0
2062,2019-08-09 15:45:00,2019-08-09 16:00:00,0,1,0:15:00,0:00:00,0,0,0
2062,2019-08-09 16:00:00,2019-08-09 16:15:00,0,0,0:15:00,0:00:00,0,0,0
2062,2019-08-09 16:15:00,2019-08-09 16:30:00,6,22,0:08:34,0:06:26,0,0,0
2062,2019-08-09 16:30:00,2019-08-09 16:45:00,13,16,0:00:01,0:14:59,1,0,1
2062,2019-08-09 16:45:00,2019-08-09 17:00:00,12,26,0:00:01,0:14:59,1,0,1
2062,2019-08-09 17:00:00,2019-08-09 17:15:00,10,20,0:00:00,0:15:00,0,0,0
2062,2019-08-09 17:15:00,2019-08-09 17:30:00,8,66,0:05:31,0:09:29,3,1,2
2062,2019-08-09 17:30:00,2019-08-09 17:45:00,15,21,0:00:00,0:15:00,0,0,0
2062,2019-08-09 17:45:00,2019-08-09 18:00:00,5,17,0:09:32,0:05:28,1,0,1
2062,2019-08-09 18:00:00,2019-08-09 18:15:00,0,5,0:15:00,0:00:00,0,0,0
2062,2019-08-09 18:15:00,2019-08-09 18:30:00,0,4,0:15:00,0:00:00,0,0,0
2062,2019-08-09 18:30:00,2019-08-09 18:45:00,3,18,0:10:37,0:04:23,1,0,1
2062,2019-08-09 18:45:00,2019-08-09 19:00:00,5,11,0:00:00,0:15:00,0,0,0
2062,2019-08-09 19:00:00,2019-08-09 19:15:00,18,35,0:00:01,0:14:59,1,0,1
2062,2019-08-09 19:15:00,2019-08-09 19:30:00,12,21,0:05:39,0:09:21,1,0,1
2062,2019-08-09 19:30:00,2019-08-09 19:45:00,0,0,0:15:00,0:00:00,0,0,0
2062,2019-08-09 19:45:00,2019-08-09 20:00:00,3,19,0:13:04,0:01:56,0,0,0
2062,2019-08-09 20:00:00,2019-08-09 20:15:00,17,27,0:00:00,0:15:00,0,0,0
2062,2019-08-09 20:15:00,2019-08-09 20:30:00,9,16,0:00:00,0:15:00,0,0,0
2062,2019-08-09 20:30:00,2019-08-09 20:45:00,17,31,0:00:02,0:14:58,2,1,1
2062,2019-08-09 20:45:00,2019-08-09 21:00:00,14,27,0:00:35,0:14:25,1,0,1
2062,2019-08-09 21:00:00,2019-08-09 21:15:00,3,10,0:09:59,0:05:01,2,1,1
2062,2019-08-09 21:15:00,2019-08-09 21:30:00,0,0,0:15:00,0:00:00,0,0,0
2062,2019-08-09 21:30:00,2019-08-09 21:45:00,0,0,0:15:00,0:00:00,0,0,0
2062,2019-08-09 21:45:00,2019-08-09 22:00:00,2,14,0:13:14,0:01:46,0,0,0
2062,2019-08-09 22:00:00,2019-08-09 22:15:00,7,26,0:06:16,0:08:44,2,1,1
2062,2019-08-09 22:15:00,2019-08-09 22:30:00,0,1,0:15:00,0:00:00,0,0,0
2062,2019-08-09 22:30:00,2019-08-09 22:45:00,0,6,0:15:00,0:00:00,0,0,0
2062,2019-08-09 22:45:00,2019-08-09 23:00:00,0,0,0:15:00,0:00:00,0,0,0
2062,2019-08-09 23:00:00,2019-08-09 23:15:00,2,11,0:08:29,0:06:31,1,0,1
2062,2019-08-09 23:15:00,2019-08-09 23:30:00,7,21,0:09:11,0:05:49,1,0,1
2062,2019-08-09 23:30:00,2019-08-09 23:45:00,0,0,0:15:00,0:00:00,0,0,0
2062,2019-08-09 23:45:00,2019-08-10 00:00:00,0,0,0:15:00,0:00:00,0,0,0
2062,2019-08-10 00:00:00,2019-08-10 00:15:00,0,0,0:15:00,0:00:00,0,0,0
2062,2019-08-10 00:15:00,2019-08-10 00:30:00,0,0,0:15:00,0:00:00,0,0,0
2062,2019-08-10 00:30:00,2019-08-10 00:45:00,11,39,0:06:56,0:08:04,1,0,1
2062,2019-08-10 00:45:00,2019-08-10 01:00:00,0,0,0:15:00,0:00:00,0,0,0
2062,2019-08-10 01:00:00,2019-08-10 01:15:00,0,2,0:15:00,0:00:00,0,0,0
2062,2019-08-10 01:15:00,2019-08-10 01:30:00,0,0,0:15:00,0:00:00,0,0,0
2062,2019-08-10 01:30:00,2019-08-10 01:45:00,0,9,0:15:00,0:00:00,0,0,0
2062,2019-08-10 01:45:00,2019-08-10 02:00:00,0,0,0:15:00,0:00:00,0,0,0
2062,2019-08-10 02:00:00,2019-08-10 02:15:00,3,17,0:09:39,0:05:21,1,0,1
2062,2019-08-10 02:15:00,2019-08-10 02:30:00,0,0,0:15:00,0:00:00,0,0,0
2062,2019-08-10 02:30:00,2019-08-10 02:45:00,0,0,0:15:00,0:00:00,0,0,0
2062,2019-08-10 02:45:00,2019-08-10 03:00:00,13,35,0:06:18,0:08:42,0,0,0
2062,2019-08-10 03:00:00,2019-08-10 03:15:00,5,16,0:12:02,0:02:58,1,0,1
2062,2019-08-10 03:15:00,2019-08-10 03:30:00,0,0,0:15:00,0:00:00,0,0,0
2062,2019-08-10 03:30:00,2019-08-10 03:45:00,0,1,0:15:00,0:00:00,0,0,0
2062,2019-08-10 03:45:00,2019-08-10 04:00:00,0,6,0:15:00,0:00:00,0,0,0
2062,2019-08-10 04:00:00,2019-08-10 04:15:00,0,14,0:15:00,0:00:00,0,0,0
2062,2019-08-10 04:15:00,2019-08-10 04:30:00,0,3,0:15:00,0:00:00,0,0,0
2062,2019-08-10 04:30:00,2019-08-10 04:45:00,0,2,0:15:00,0:00:00,0,0,0
2062,2019-08-10 04:45:00,2019-08-10 05:00:00,0,2,0:15:00,0:00:00,0,0,0
2062,2019-08-10 05:00:00,2019-08-10 05:15:00,15,45,0:04:24,0:10:36,1,0,1
2062,2019-08-10 05:15:00,2019-08-10 05:30:00,12,14,0:00:00,0:15:00,0,0,0
2062,2019-08-10 05:30:00,2019-08-10 05:45:00,11,43,0:00:00,0:15:00,0,0,0
2062,2019-08-10 05:45:00,2019-08-10 06:00:00,4,9,0:00:00,0:15:00,0,0,0
2062,2019-08-10 06:00:00,2019-08-10 06:15:00,13,24,0:00:08,0:14:52,2,1,1
2062,2019-08-10 06:15:00,2019-08-10 06:30:00,10,14,0:00:00,0:15:00,0,0,0
2062,2019-08-10 06:30:00,2019-08-10 06:45:00,10,21,0:00:08,0:14:52,2,1,1
2062,2019-08-10 06:45:00,2019-08-10 07:00:00,12,35,0:00:03,0:14:57,1,0,1
2062,2019-08-10 07:00:00,2019-08-10 07:15:00,5,15,0:09:45,0:05:15,1,0,1
2062,2019-08-10 07:15:00,2019-08-10 07:30:00,0,0,0:15:00,0:00:00,0,0,0
2062,2019-08-10 07:30:00,2019-08-10 07:45:00,0,0,0:15:00,0:00:00,0,0,0
2062,2019-08-10 07:45:00,2019-08-10 08:00:00,0,0,0:15:00,0:00:00,0,0,0
2062,2019-08-10 08:00:00,2019-08-10 08:15:00,2,13,0:10:20,0:04:40,0,0,0
2062,2019-08-10 08:15:00,2019-08-10 08:30:00,13,34,0:00:01,0:14:59,1,0,1
2062,2019-08-10 08:30:00,2019-08-10 08:45:00,11,29,0:00:17,0:14:43,2,1,1
2062,2019-08-10 08:45:00,2019-08-10 09:00:00,8,30,0:00:08,0:14:52,1,0,1
2062,2019-08-10 09:00:00,2019-08-10 09:15:00,6,11,0:06:13,0:08:47,1,0,1
2062,2019-08-10 09:15:00,2019-08-10 09:30:00,0,1,0:15:00,0:00:00,0,0,0
2062,2019-08-10 09:30:00,2019-08-10 09:45:00,0,1,0:15:00,0:00:00,0,0,0
2062,2019-08-10 09:45:00,2019-08-10 10:00:00,0,2,0:15:00,0:00:00,0,0,0
2062,2019-08-10 10:00:00,2019-08-10 10:15:00,0,2,0:15:00,0:00:00,0,0,0
2062,2019-08-10 10:15:00,2019-08-10 10:30:00,0,6,0:15:00,0:00:00,0,0,0
2062,2019-08-10 10:30:00,2019-08-10 10:45:00,2,12,0:12:03,0:02:57,0,0,0
2062,2019-08-10 10:45:00,2019-08-10 11:00:00,11,17,0:00:01,0:14:59,1,0,1
2062,2019-08-10 11:00:00,2019-08-10 11:15:00,10,17,0:00:13,0:14:47,3,1,2
2062,2019-08-10 11:15:00,2019-08-10 11:30:00,15,45,0:00:06,0:14:54,2,1,1
2062,2019-08-10 11:30:00,2019-08-10 11:45:00,0,0,0:15:00,0:00:00,0,0,0
2062,2019-08-10 11:45:00,2019-08-10 12:00:00,0,0,0:15:00,0:00:00,0,0,0
2062,2019-08-10 12:00:00,2019-08-10 12:15:00,7,21,0:09:10,0:05:50,1,0,1
2062,2019-08-10 12:15:00,2019-08-10 12:30:00,10,16,0:00:02,0:14:58,2,1,1
2062,2019-08-10 12:30:00,2019-08-10 12:45:00,11,16,0:00:01,0:14:59,1,0,1
2062,2019-08-10 12:45:00,2019-08-10 13:00:00,12,27,0:01:06,0:13:54,2,1,1
2062,2019-08-10 13:00:00,2019-08-10 13:15:00,0,1,0:15:00,0:00:00,0,0,0
2062,2019-08-10 13:15:00,2019-08-10 13:30:00,7,18,0:10:14,0:04:46,1,0,1
2062,2019-08-10 13:30:00,2019-08-10 13:45:00,0,0,0:15:00,0:00:00,0,0,0
2062,2019-08-10 13:45:00,2019-08-10 14:00:00,0,0,0:15:00,0:00:00,0,0,0
2062,2019-08-10 14:00:00,2019-08-10 14:15:00,0,0,0:15:00,0:00:00,0,0,0
2062,2019-08-10 14:15:00,2019-08-10 14:30:00,0,0,0:15:00,0:00:00,0,0,0
2062,2019-08-10 14:30:00,2019-08-10 14:45:00,0,9,0:12:58,0:02:02,0,0,0
2062,2019-08-10 14:45:00,2019-08-10 15:00:00,10,18,0:00:00,0:15:00,0,0,0
2062,2019-08-10 15:00:00,2019-08-10 15:15:00,10,17,0:00:00,0:15:00,0,0,0
2062,2019-08-10 15:15:00,2019-08-10 15:30:00,15,27,0:00:09,0:14:51,2,1,1
2062,2019-08-10 15:30:00,2019-08-10 15:45:00,14,18,0:00:00,0:15:00,0,0,0
2062,2019-08-10 15:45:00,2019-08-10 16:00:00,10,25,0:03:08,0:11:52,2,1,1
2062,2019-08-10 16:00:00,2019-08-10 16:15:00,0,0,0:15:00,0:00:00,0,0,0
2062,2019-08-10 16:15:00,2019-08-10 16:30:00,0,0,0:15:00,0:00:00,0,0,0
2062,2019-08-10 16:30:00,2019-08-10 16:45:00,1,8,0:08:27,0:06:33,0,0,0
2062,2019-08-10 16:45:00,2019-08-10 17:00:00,5,4,0:00:00,0:15:00,0,0,0
2062,2019-08-10 17:00:00,2019-08-10 17:15:00,15,20,0:00:00,0:15:00,0,0,0
2062,2019-08-10 17:15:00,2019-08-10 17:30:00,14,26,0:00:00,0:15:00,0,0,0
2062,2019-08-10 17:30:00,2019-08-10 17:45:00,12,23,0:00:00,0:15:00,0,0,0
2062,2019-08-10 17:45:00,2019-08-10 18:00:00,8,23,0:07:02,0:07:58,1,0,1
2062,2019-08-10 18:00:00,2019-08-10 18:15:00,0,0,0:15:00,0:00:00,0,0,0
2062,2019-08-10 18:15:00,2019-08-10 18:30:00,6,35,0:08:47,0:06:13,0,0,0
2062,2019-08-10 18:30:00,2019-08-10 18:45:00,13,34,0:00:17,0:14:43,6,3,3
2062,2019-08-10 18:45:00,2019-08-10 19:00:00,9,37,0:01:00,0:14:00,3,1,2
2062,2019-08-10 19:00:00,2019-08-10 19:15:00,11,14,0:00:00,0:15:00,0,0,0
2062,2019-08-10 19:15:00,2019-08-10 19:30:00,3,10,0:14:06,0:00:54,1,0,1
2062,2019-08-10 19:30:00,2019-08-10 19:45:00,0,0,0:15:00,0:00:00,0,0,0
2062,2019-08-10 19:45:00,2019-08-10 20:00:00,10,20,0:08:33,0:06:27,1,0,1
2062,2019-08-10 20:00:00,2019-08-10 20:15:00,18,32,0:00:35,0:14:25,3,1,2
2062,2019-08-10 20:15:00,2019-08-10 20:30:00,14,29,0:00:20,0:14:40,6,3,3
2062,2019-08-10 20:30:00,2019-08-10 20:45:00,17,27,0:00:00,0:15:00,0,0,0
2062,2019-08-10 20:45:00,2019-08-10 21:00:00,23,44,0:00:01,0:14:59,1,0,1
2062,2019-08-10 21:00:00,2019-08-10 21:15:00,11,42,0:06:43,0:08:17,2,1,1
2062,2019-08-10 21:15:00,2019-08-10 21:30:00,0,6,0:15:00,0:00:00,0,0,0
2062,2019-08-10 21:30:00,2019-08-10 21:45:00,0,0,0:15:00,0:00:00,0,0,0
2062,2019-08-10 21:45:00,2019-08-10 22:00:00,4,16,0:08:28,0:06:32,0,0,0
2062,2019-08-10 22:00:00,2019-08-10 22:15:00,13,29,0:01:36,0:13:24,3,1,2
2062,2019-08-10 22:15:00,2019-08-10 22:30:00,0,0,0:15:00,0:00:00,0,0,0
2062,2019-08-10 22:30:00,2019-08-10 22:45:00,0,0,0:15:00,0:00:00,0,0,0
2062,2019-08-10 22:45:00,2019-08-10 23:00:00,0,0,0:15:00,0:00:00,0,0,0
2062,2019-08-10 23:00:00,2019-08-10 23:15:00,13,39,0:02:56,0:12:04,0,0,0
2062,2019-08-10 23:15:00,2019-08-10 23:30:00,5,29,0:13:22,0:01:38,1,0,1
2062,2019-08-10 23:30:00,2019-08-10 23:45:00,0,11,0:15:00,0:00:00,0,0,0
2062,2019-08-10 23:45:00,2019-08-11 00:00:00,0,1,0:15:00,0:00:00,0,0,0
2062,2019-08-11 00:00:00,2019-08-11 00:15:00,0,13,0:15:00,0:00:00,0,0,0
2062,2019-08-11 00:15:00,2019-08-11 00:30:00,0,1,0:15:00,0:00:00,0,0,0
2062,2019-08-11 00:30:00,2019-08-11 00:45:00,0,12,0:15:00,0:00:00,0,0,0
2062,2019-08-11 00:45:00,2019-08-11 01:00:00,7,14,0:00:13,0:14:47,2,1,1
2062,2019-08-11 01:00:00,2019-08-11 01:15:00,1,9,0:14:23,0:00:37,2,1,1
2062,2019-08-11 01:15:00,2019-08-11 01:30:00,0,0,0:15:00,0:00:00,0,0,0
2062,2019-08-11 01:30:00,2019-08-11 01:45:00,0,0,0:15:00,0:00:00,0,0,0
2062,2019-08-11 01:45:00,2019-08-11 02:00:00,0,3,0:15:00,0:00:00,0,0,0
2062,2019-08-11 02:00:00,2019-08-11 02:15:00,5,34,0:11:32,0:03:28,1,0,1
2062,2019-08-11 02:15:00,2019-08-11 02:30:00,0,2,0:15:00,0:00:00,0,0,0
2062,2019-08-11 02:30:00,2019-08-11 02:45:00,1,15,0:13:19,0:01:41,0,0,0
2062,2019-08-11 02:45:00,2019-08-11 03:00:00,3,11,0:12:05,0:02:55,3,1,2
2062,2019-08-11 03:00:00,2019-08-11 03:15:00,0,4,0:15:00,0:00:00,0,0,0
2062,2019-08-11 03:15:00,2019-08-11 03:30:00,0,2,0:15:00,0:00:00,0,0,0
2062,2019-08-11 03:30:00,2019-08-11 03:45:00,0,2,0:15:00,0:00:00,0,0,0
2062,2019-08-11 03:45:00,2019-08-11 04:00:00,0,4,0:15:00,0:00:00,0,0,0
2062,2019-08-11 04:00:00,2019-08-11 04:15:00,0,6,0:15:00,0:00:00,0,0,0
2062,2019-08-11 04:15:00,2019-08-11 04:30:00,0,0,0:15:00,0:00:00,0,0,0
2062,2019-08-11 04:30:00,2019-08-11 04:45:00,0,3,0:15:00,0:00:00,0,0,0
2062,2019-08-11 04:45:00,2019-08-11 05:00:00,3,19,0:11:46,0:03:14,2,1,1
2062,2019-08-11 05:00:00,2019-08-11 05:15:00,4,19,0:09:21,0:05:39,0,0,0
2062,2019-08-11 05:15:00,2019-08-11 05:30:00,19,22,0:00:00,0:15:00,0,0,0
2062,2019-08-11 05:30:00,2019-08-11 05:45:00,7,13,0:00:00,0:15:00,0,0,0
2062,2019-08-11 05:45:00,2019-08-11 06:00:00,6,15,0:00:01,0:14:59,1,0,1
2062,2019-08-11 06:00:00,2019-08-11 06:15:00,13,19,0:00:00,0:15:00,0,0,0
2062,2019-08-11 06:15:00,2019-08-11 06:30:00,10,17,0:00:00,0:15:00,0,0,0
2062,2019-08-11 06:30:00,2019-08-11 06:45:00,8,20,0:08:04,0:06:56,1,0,1
2062,2019-08-11 06:45:00,2019-08-11 07:00:00,0,0,0:15:00,0:00:00,0,0,0
2062,2019-08-11 07:00:00,2019-08-11 07:15:00,0,0,0:15:00,0:00:00,0,0,0
2062,2019-08-11 07:15:00,2019-08-11 07:30:00,0,0,0:15:00,0:00:00,0,0,0
2062,2019-08-11 07:30:00,2019-08-11 07:45:00,0,1,0:15:00,0:00:00,0,0,0
2062,2019-08-11 07:45:00,2019-08-11 08:00:00,2,14,0:09:14,0:05:46,1,0,1
2062,2019-08-11 08:00:00,2019-08-11 08:15:00,5,6,0:00:00,0:15:00,0,0,0
2062,2019-08-11 08:15:00,2019-08-11 08:30:00,7,17,0:00:22,0:14:38,3,1,2
2062,2019-08-11 08:30:00,2019-08-11 08:45:00,2,18,0:13:20,0:01:40,2,1,1
2062,2019-08-11 08:45:00,2019-08-11 09:00:00,0,0,0:15:00,0:00:00,0,0,0
2062,2019-08-11 09:00:00,2019-08-11 09:15:00,0,6,0:15:00,0:00:00,0,0,0
2062,2019-08-11 09:15:00,2019-08-11 09:30:00,0,0,0:15:00,0:00:00,0,0,0
2062,2019-08-11 09:30:00,2019-08-11 09:45:00,5,15,0:11:35,0:03:25,2,1,1
2062,2019-08-11 09:45:00,2019-08-11 10:00:00,0,0,0:15:00,0:00:00,0,0,0
2062,2019-08-11 10:00:00,2019-08-11 10:15:00,0,0,0:15:00,0:00:00,0,0,0
2062,2019-08-11 10:15:00,2019-08-11 10:30:00,0,0,0:15:00,0:00:00,0,0,0
2062,2019-08-11 10:30:00,2019-08-11 10:45:00,0,1,0:15:00,0:00:00,0,0,0
2062,2019-08-11 10:45:00,2019-08-11 11:00:00,1,15,0:12:27,0:02:33,0,0,0
2062,2019-08-11 11:00:00,2019-08-11 11:15:00,6,17,0:00:23,0:14:37,3,1,2
2062,2019-08-11 11:15:00,2019-08-11 11:30:00,7,11,0:00:05,0:14:55,2,1,1
2062,2019-08-11 11:30:00,2019-08-11 11:45:00,2,18,0:10:09,0:04:51,1,0,1
2062,2019-08-11 11:45:00,2019-08-11 12:00:00,0,0,0:15:00,0:00:00,0,0,0
2062,2019-08-11 12:00:00,2019-08-11 12:15:00,0,0,0:15:00,0:00:00,0,0,0
2062,2019-08-11 12:15:00,2019-08-11 12:30:00,6,17,0:11:12,0:03:48,0,0,0
2062,2019-08-11 12:30:00,2019-08-11 12:45:00,3,10,0:14:47,0:00:13,1,0,1
2062,2019-08-11 12:45:00,2019-08-11 13:00:00,0,0,0:15:00,0:00:00,0,0,0
2062,2019-08-11 13:00:00,2019-08-11 13:15:00,0,0,0:15:00,0:00:00,0,0,0
2062,2019-08-11 13:15:00,2019-08-11 13:30:00,0,0,0:15:00,0:00:00,0,0,0
2062,2019-08-11 13:30:00,2019-08-11 13:45:00,5,21,0:08:58,0:06:02,0,0,0
2062,2019-08-11 13:45:00,2019-08-11 14:00:00,7,17,0:00:00,0:15:00,0,0,0
2062,2019-08-11 14:00:00,2019-08-11 14:15:00,19,37,0:00:01,0:14:59,1,0,1
2062,2019-08-11 14:15:00,2019-08-11 14:30:00,13,21,0:00:01,0:14:59,1,0,1
2062,2019-08-11 14:30:00,2019-08-11 14:45:00,16,33,0:00:38,0:14:22,1,0,1
2062,2019-08-11 14:45:00,2019-08-11 15:00:00,0,0,0:15:00,0:00:00,0,0,0
2062,2019-08-11 15:00:00,2019-08-11 15:15:00,2,7,0:11:58,0:03:02,0,0,0
2062,2019-08-11 15:15:00,2019-08-11 15:30:00,16,35,0:00:15,0:14:45,4,2,2
2062,2019-08-11 15:30:00,2019-08-11 15:45:00,15,34,0:00:16,0:14:44,2,1,1
2062,2019-08-11 15:45:00,2019-08-11 16:00:00,7,17,0:00:00,0:15:00,0,0,0
2062,2019-08-11 16:00:00,2019-08-11 16:15:00,11,24,0:00:00,0:15:00,0,0,0
2062,2019-08-11 16:15:00,2019-08-11 16:30:00,4,18,0:09:16,0:05:44,2,1,1
2062,2019-08-11 16:30:00,2019-08-11 16:45:00,7,26,0:03:50,0:11:10,0,0,0
2062,2019-08-11 16:45:00,2019-08-11 17:00:00,15,33,0:04:40,0:10:20,1,0,1
2062,2019-08-11 17:00:00,2019-08-11 17:15:00,11,22,0:09:30,0:05:30,0,0,0
2062,2019-08-11 17:15:00,2019-08-11 17:30:00,20,43,0:00:00,0:15:00,0,0,0
2062,2019-08-11 17:30:00,2019-08-11 17:45:00,16,32,0:00:16,0:14:44,2,1,1
2062,2019-08-11 17:45:00,2019-08-11 18:00:00,23,39,0:00:02,0:14:58,2,1,1
2062,2019-08-11 18:00:00,2019-08-11 18:15:00,15,46,0:07:16,0:07:44,1,0,1
2062,2019-08-11 18:15:00,2019-08-11 18:30:00,0,0,0:15:00,0:00:00,0,0,0
2062,2019-08-11 18:30:00,2019-08-11 18:45:00,0,8,0:15:00,0:00:00,0,0,0
2062,2019-08-11 18:45:00,2019-08-11 19:00:00,0,0,0:15:00,0:00:00,0,0,0
2062,2019-08-11 19:00:00,2019-08-11 19:15:00,0,4,0:15:00,0:00:00,0,0,0
2062,2019-08-11 19:15:00,2019-08-11 19:30:00,2,12,0:10:53,0:04:07,0,0,0
2062,2019-08-11 19:30:00,2019-08-11 19:45:00,15,27,0:00:00,0:15:00,0,0,0
2062,2019-08-11 19:45:00,2019-08-11 20:00:00,19,30,0:00:00,0:15:00,0,0,0
2062,2019-08-11 20:00:00,2019-08-11 20:15:00,16,30,0:00:00,0:15:00,0,0,0
2062,2019-08-11 20:15:00,2019-08-11 20:30:00,23,33,0:00:00,0:15:00,0,0,0
2062,2019-08-11 20:30:00,2019-08-11 20:45:00,32,78,0:00:05,0:14:55,3,1,2
2062,2019-08-11 20:45:00,2019-08-11 21:00:00,43,148,0:00:00,0:15:00,0,0,0
2062,2019-08-11 21:00:00,2019-08-11 21:15:00,35,127,0:00:08,0:14:52,1,0,1
2062,2019-08-11 21:15:00,2019-08-11 21:30:00,0,13,0:14:57,0:00:03,1,0,1
2062,2019-08-11 21:30:00,2019-08-11 21:45:00,0,0,0:15:00,0:00:00,0,0,0
2062,2019-08-11 21:45:00,2019-08-11 22:00:00,7,22,0:06:34,0:08:26,4,2,2
2062,2019-08-11 22:00:00,2019-08-11 22:15:00,6,11,0:00:00,0:15:00,0,0,0
2062,2019-08-11 22:15:00,2019-08-11 22:30:00,11,23,0:09:34,0:05:26,1,0,1
2062,2019-08-11 22:30:00,2019-08-11 22:45:00,0,11,0:15:00,0:00:00,0,0,0
2062,2019-08-11 22:45:00,2019-08-11 23:00:00,0,1,0:15:00,0:00:00,0,0,0
2062,2019-08-11 23:00:00,2019-08-11 23:15:00,0,6,0:15:00,0:00:00,0,0,0
2062,2019-08-11 23:15:00,2019-08-11 23:30:00,10,14,0:05:59,0:09:01,0,0,0
2062,2019-08-11 23:30:00,2019-08-11 23:45:00,3,9,0:13:01,0:01:59,1,0,1
2062,2019-08-11 23:45:00,2019-08-12 00:00:00,0,0,0:15:00,0:00:00,0,0,0
2062,2019-08-12 00:00:00,2019-08-12 00:15:00,0,0,0:15:00,0:00:00,0,0,0
2062,2019-08-12 00:15:00,2019-08-12 00:30:00,0,1,0:15:00,0:00:00,0,0,0
2062,2019-08-12 00:30:00,2019-08-12 00:45:00,13,28,0:03:00,0:12:00,0,0,0
2062,2019-08-12 00:45:00,2019-08-12 01:00:00,8,15,0:08:51,0:06:09,1,0,1
2062,2019-08-12 01:00:00,2019-08-12 01:15:00,0,9,0:15:00,0:00:00,0,0,0
2062,2019-08-12 01:15:00,2019-08-12 01:30:00,1,25,0:10:01,0:04:59,1,0,1
2062,2019-08-12 01:30:00,2019-08-12 01:45:00,0,0,0:15:00,0:00:00,0,0,0
2062,2019-08-12 01:45:00,2019-08-12 02:00:00,6,18,0:10:17,0:04:43,1,0,1
2062,2019-08-12 02:00:00,2019-08-12 02:15:00,8,21,0:08:01,0:06:59,2,1,1
2062,2019-08-12 02:15:00,2019-08-12 02:30:00,0,0,0:15:00,0:00:00,0,0,0
2062,2019-08-12 02:30:00,2019-08-12 02:45:00,0,2,0:15:00,0:00:00,0,0,0
2062,2019-08-12 02:45:00,2019-08-12 03:00:00,1,0,0:12:45,0:02:15,0,0,0
2062,2019-08-12 03:00:00,2019-08-12 03:15:00,3,10,0:12:25,0:02:35,1,0,1
2062,2019-08-12 03:15:00,2019-08-12 03:30:00,0,0,0:15:00,0:00:00,0,0,0
2062,2019-08-12 03:30:00,2019-08-12 03:45:00,0,0,0:15:00,0:00:00,0,0,0
2062,2019-08-12 03:45:00,2019-08-12 04:00:00,0,0,0:15:00,0:00:00,0,0,0
2062,2019-08-12 04:00:00,2019-08-12 04:15:00,0,0,0:15:00,0:00:00,0,0,0
2062,2019-08-12 04:15:00,2019-08-12 04:30:00,8,26,0:09:40,0:05:20,1,0,1
2062,2019-08-12 04:30:00,2019-08-12 04:45:00,0,5,0:15:00,0:00:00,0,0,0
2062,2019-08-12 04:45:00,2019-08-12 05:00:00,0,0,0:15:00,0:00:00,0,0,0
2062,2019-08-12 05:00:00,2019-08-12 05:15:00,0,1,0:15:00,0:00:00,0,0,0
2062,2019-08-12 05:15:00,2019-08-12 05:30:00,18,31,0:00:53,0:14:07,0,0,0
2062,2019-08-12 05:30:00,2019-08-12 05:45:00,19,31,0:00:00,0:15:00,0,0,0
2062,2019-08-12 05:45:00,2019-08-12 06:00:00,14,25,0:00:00,0:15:00,0,0,0
2062,2019-08-12 06:00:00,2019-08-12 06:15:00,7,78,0:00:00,0:15:00,0,0,0
2062,2019-08-12 06:15:00,2019-08-12 06:30:00,3,6,0:00:00,0:15:00,0,0,0
2062,2019-08-12 06:30:00,2019-08-12 06:45:00,15,35,0:00:01,0:14:59,1,0,1
2062,2019-08-12 06:45:00,2019-08-12 07:00:00,21,44,0:00:24,0:14:36,3,1,2
2062,2019-08-12 07:00:00,2019-08-12 07:15:00,16,32,0:00:00,0:15:00,0,0,0
2062,2019-08-12 07:15:00,2019-08-12 07:30:00,6,13,0:08:30,0:06:30,1,0,1
2062,2019-08-12 07:30:00,2019-08-12 07:45:00,0,0,0:15:00,0:00:00,0,0,0
2062,2019-08-12 07:45:00,2019-08-12 08:00:00,0,0,0:15:00,0:00:00,0,0,0
2062,2019-08-12 08:00:00,2019-08-12 08:15:00,0,0,0:15:00,0:00:00,0,0,0
2062,2019-08-12 08:15:00,2019-08-12 08:30:00,0,0,0:15:00,0:00:00,0,0,0
2062,2019-08-12 08:30:00,2019-08-12 08:45:00,0,0,0:15:00,0:00:00,0,0,0
2062,2019-08-12 08:45:00,2019-08-12 09:00:00,2,11,0:08:46,0:06:14,0,0,0
2062,2019-08-12 09:00:00,2019-08-12 09:15:00,9,26,0:00:02,0:14:58,2,1,1
2062,2019-08-12 09:15:00,2019-08-12 09:30:00,14,35,0:00:26,0:14:34,2,1,1
2062,2019-08-12 09:30:00,2019-08-12 09:45:00,10,23,0:00:00,0:15:00,0,0,0
2062,2019-08-12 09:45:00,2019-08-12 10:00:00,13,22,0:00:00,0:15:00,0,0,0
2062,2019-08-12 10:00:00,2019-08-12 10:15:00,9,11,0:00:00,0:15:00,0,0,0
2062,2019-08-12 10:15:00,2019-08-12 10:30:00,18,28,0:00:01,0:14:59,1,0,1
2062,2019-08-12 10:30:00,2019-08-12 10:45:00,22,46,0:00:07,0:14:53,2,1,1
2062,2019-08-12 10:45:00,2019-08-12 11:00:00,28,50,0:00:00,0:15:00,0,0,0
2062,2019-08-12 11:00:00,2019-08-12 11:15:00,24,49,0:00:00,0:15:00,0,0,0
2062,2019-08-12 11:15:00,2019-08-12 11:30:00,17,33,0:00:00,0:15:00,0,0,0
2062,2019-08-12 11:30:00,2019-08-12 11:45:00,23,40,0:00:15,0:14:45,3,1,2
2062,2019-08-12 11:45:00,2019-08-12 12:00:00,32,51,0:00:59,0:14:01,4,2,2
2062,2019-08-12 12:00:00,2019-08-12 12:15:00,15,32,0:00:50,0:14:10,3,1,2
2062,2019-08-12 12:15:00,2019-08-12 12:30:00,19,38,0:00:07,0:14:53,3,1,2
2062,2019-08-12 12:30:00,2019-08-12 12:45:00,8,24,0:07:15,0:07:45,2,1,1
2062,2019-08-12 12:45:00,2019-08-12 13:00:00,0,0,0:15:00,0:00:00,0,0,0
2062,2019-08-12 13:00:00,2019-08-12 13:15:00,6,16,0:08:23,0:06:37,0,0,0
2062,2019-08-12 13:15:00,2019-08-12 13:30:00,18,31,0:00:01,0:14:59,1,0,1
2062,2019-08-12 13:30:00,2019-08-12 13:45:00,15,21,0:00:03,0:14:57,1,0,1
2062,2019-08-12 13:45:00,2019-08-12 14:00:00,11,29,0:08:23,0:06:37,1,0,1
2062,2019-08-12 14:00:00,2019-08-12 14:15:00,0,0,0:15:00,0:00:00,0,0,0
2062,2019-08-12 14:15:00,2019-08-12 14:30:00,0,0,0:15:00,0:00:00,0,0,0
2062,2019-08-12 14:30:00,2019-08-12 14:45:00,24,59,0:03:57,0:11:03,3,1,2
2062,2019-08-12 14:45:00,2019-08-12 15:00:00,15,43,0:03:21,0:11:39,3,1,2
2062,2019-08-12 15:00:00,2019-08-12 15:15:00,0,3,0:15:00,0:00:00,0,0,0
2062,2019-08-12 15:15:00,2019-08-12 15:30:00,12,24,0:01:56,0:13:04,0,0,0
2062,2019-08-12 15:30:00,2019-08-12 15:45:00,9,27,0:00:13,0:14:47,3,1,2
2062,2019-08-12 15:45:00,2019-08-12 16:00:00,16,36,0:00:02,0:14:58,1,0,1
2062,2019-08-12 16:00:00,2019-08-12 16:15:00,0,3,0:15:00,0:00:00,0,0,0
2062,2019-08-12 16:15:00,2019-08-12 16:30:00,0,13,0:15:00,0:00:00,0,0,0
2062,2019-08-12 16:30:00,2019-08-12 16:45:00,0,1,0:15:00,0:00:00,0,0,0
2062,2019-08-12 16:45:00,2019-08-12 17:00:00,11,33,0:05:59,0:09:01,1,0,1
2062,2019-08-12 17:00:00,2019-08-12 17:15:00,14,22,0:00:01,0:14:59,1,0,1
2062,2019-08-12 17:15:00,2019-08-12 17:30:00,20,47,0:00:10,0:14:50,1,0,1
2062,2019-08-12 17:30:00,2019-08-12 17:45:00,11,15,0:00:00,0:15:00,0,0,0
2062,2019-08-12 17:45:00,2019-08-12 18:00:00,9,24,0:08:07,0:06:53,2,1,1
2062,2019-08-12 18:00:00,2019-08-12 18:15:00,0,0,0:15:00,0:00:00,0,0,0
2062,2019-08-12 18:15:00,2019-08-12 18:30:00,0,0,0:15:00,0:00:00,0,0,0
2062,2019-08-12 18:30:00,2019-08-12 18:45:00,0,0,0:15:00,0:00:00,0,0,0
2062,2019-08-12 18:45:00,2019-08-12 19:00:00,2,17,0:10:44,0:04:16,0,0,0
2062,2019-08-12 19:00:00,2019-08-12 19:15:00,20,44,0:00:19,0:14:41,3,1,2
2062,2019-08-12 19:15:00,2019-08-12 19:30:00,18,35,0:00:19,0:14:41,2,1,1
2062,2019-08-12 19:30:00,2019-08-12 19:45:00,16,39,0:00:12,0:14:48,3,1,2
2062,2019-08-12 19:45:00,2019-08-12 20:00:00,15,44,0:03:11,0:11:49,4,2,2
2062,2019-08-12 20:00:00,2019-08-12 20:15:00,13,30,0:00:03,0:14:57,1,0,1
2062,2019-08-12 20:15:00,2019-08-12 20:30:00,13,42,0:07:18,0:07:42,2,1,1
2062,2019-08-12 20:30:00,2019-08-12 20:45:00,4,8,0:09:18,0:05:42,0,0,0
2062,2019-08-12 20:45:00,2019-08-12 21:00:00,19,27,0:00:06,0:14:54,1,0,1
2062,2019-08-12 21:00:00,2019-08-12 21:15:00,6,24,0:09:20,0:05:40,3,1,2
2062,2019-08-12 21:15:00,2019-08-12 21:30:00,0,5,0:15:00,0:00:00,0,0,0
2062,2019-08-12 21:30:00,2019-08-12 21:45:00,0,0,0:15:00,0:00:00,0,0,0
2062,2019-08-12 21:45:00,2019-08-12 22:00:00,0,8,0:15:00,0:00:00,0,0,0
2062,2019-08-12 22:00:00,2019-08-12 22:15:00,14,44,0:06:29,0:08:31,1,0,1
2062,2019-08-12 22:15:00,2019-08-12 22:30:00,0,4,0:15:00,0:00:00,0,0,0
2062,2019-08-12 22:30:00,2019-08-12 22:45:00,0,0,0:15:00,0:00:00,0,0,0
2062,2019-08-12 22:45:00,2019-08-12 23:00:00,0,0,0:15:00,0:00:00,0,0,0
2062,2019-08-12 23:00:00,2019-08-12 23:15:00,9,24,0:02:35,0:12:25,1,0,1
2062,2019-08-12 23:15:00,2019-08-12 23:30:00,1,12,0:14:39,0:00:21,1,0,1
2062,2019-08-12 23:30:00,2019-08-12 23:45:00,0,7,0:15:00,0:00:00,0,0,0
2062,2019-08-12 23:45:00,2019-08-13 00:00:00,0,0,0:15:00,0:00:00,0,0,0
2062,2019-08-13 00:00:00,2019-08-13 00:15:00,0,0,0:15:00,0:00:00,0,0,0
2062,2019-08-13 00:15:00,2019-08-13 00:30:00,16,107,0:06:32,0:08:28,0,0,0
2062,2019-08-13 00:30:00,2019-08-13 00:45:00,13,23,0:05:23,0:09:37,1,0,1
2062,2019-08-13 00:45:00,2019-08-13 01:00:00,0,0,0:15:00,0:00:00,0,0,0
2062,2019-08-13 01:00:00,2019-08-13 01:15:00,0,0,0:15:00,0:00:00,0,0,0
2062,2019-08-13 01:15:00,2019-08-13 01:30:00,0,0,0:15:00,0:00:00,0,0,0
2062,2019-08-13 01:30:00,2019-08-13 01:45:00,0,0,0:15:00,0:00:00,0,0,0
2062,2019-08-13 01:45:00,2019-08-13 02:00:00,1,10,0:14:00,0:01:00,0,0,0
2062,2019-08-13 02:00:00,2019-08-13 02:15:00,23,61,0:02:33,0:12:27,1,0,1
2062,2019-08-13 02:15:00,2019-08-13 02:30:00,0,0,0:15:00,0:00:00,0,0,0
2062,2019-08-13 02:30:00,2019-08-13 02:45:00,0,5,0:15:00,0:00:00,0,0,0
2062,2019-08-13 02:45:00,2019-08-13 03:00:00,0,0,0:15:00,0:00:00,0,0,0
2062,2019-08-13 03:00:00,2019-08-13 03:15:00,0,1,0:15:00,0:00:00,0,0,0
2062,2019-08-13 03:15:00,2019-08-13 03:30:00,0,2,0:15:00,0:00:00,0,0,0
2062,2019-08-13 03:30:00,2019-08-13 03:45:00,0,1,0:15:00,0:00:00,0,0,0
2062,2019-08-13 03:45:00,2019-08-13 04:00:00,0,1,0:15:00,0:00:00,0,0,0
2062,2019-08-13 04:00:00,2019-08-13 04:15:00,0,0,0:15:00,0:00:00,0,0,0
2062,2019-08-13 04:15:00,2019-08-13 04:30:00,6,21,0:11:10,0:03:50,1,0,1
2062,2019-08-13 04:30:00,2019-08-13 04:45:00,0,0,0:15:00,0:00:00,0,0,0
2062,2019-08-13 04:45:00,2019-08-13 05:00:00,9,31,0:08:24,0:06:36,0,0,0
2062,2019-08-13 05:00:00,2019-08-13 05:15:00,24,43,0:00:00,0:15:00,0,0,0
2062,2019-08-13 05:15:00,2019-08-13 05:30:00,11,24,0:05:22,0:09:38,1,0,1
2062,2019-08-13 05:30:00,2019-08-13 05:45:00,9,12,0:00:00,0:15:00,0,0,0
2062,2019-08-13 05:45:00,2019-08-13 06:00:00,12,15,0:00:00,0:15:00,0,0,0
2062,2019-08-13 06:00:00,2019-08-13 06:15:00,1,2,0:00:00,0:15:00,0,0,0
2062,2019-08-13 06:15:00,2019-08-13 06:30:00,3,9,0:00:00,0:15:00,0,0,0
2062,2019-08-13 06:30:00,2019-08-13 06:45:00,12,19,0:00:00,0:15:00,0,0,0
2062,2019-08-13 06:45:00,2019-08-13 07:00:00,14,22,0:00:08,0:14:52,1,0,1
2062,2019-08-13 07:00:00,2019-08-13 07:15:00,16,44,0:02:45,0:12:15,1,0,1
2062,2019-08-13 07:15:00,2019-08-13 07:30:00,0,0,0:15:00,0:00:00,0,0,0
2062,2019-08-13 07:30:00,2019-08-13 07:45:00,0,0,0:15:00,0:00:00,0,0,0
2062,2019-08-13 07:45:00,2019-08-13 08:00:00,0,0,0:15:00,0:00:00,0,0,0
2062,2019-08-13 08:00:00,2019-08-13 08:15:00,0,0,0:15:00,0:00:00,0,0,0
2062,2019-08-13 08:15:00,2019-08-13 08:30:00,0,0,0:15:00,0:00:00,0,0,0
2062,2019-08-13 08:30:00,2019-08-13 08:45:00,2,16,0:02:05,0:12:55,2,1,1
2062,2019-08-13 08:45:00,2019-08-13 09:00:00,13,15,0:00:01,0:14:59,1,0,1
2062,2019-08-13 09:00:00,2019-08-13 09:15:00,6,16,0:10:19,0:04:41,2,1,1
2062,2019-08-13 09:15:00,2019-08-13 09:30:00,22,102,0:00:00,0:15:00,0,0,0
2062,2019-08-13 09:30:00,2019-08-13 09:45:00,6,6,0:00:00,0:15:00,0,0,0
2062,2019-08-13 09:45:00,2019-08-13 10:00:00,16,31,0:00:00,0:15:00,0,0,0
2062,2019-08-13 10:00:00,2019-08-13 10:15:00,7,20,0:05:34,0:09:26,1,0,1
2062,2019-08-13 10:15:00,2019-08-13 10:30:00,0,0,0:15:00,0:00:00,0,0,0
2062,2019-08-13 10:30:00,2019-08-13 10:45:00,0,0,0:15:00,0:00:00,0,0,0
2062,2019-08-13 10:45:00,2019-08-13 11:00:00,6,23,0:03:53,0:11:07,0,0,0
2062,2019-08-13 11:00:00,2019-08-13 11:15:00,14,51,0:00:00,0:15:00,0,0,0
2062,2019-08-13 11:15:00,2019-08-13 11:30:00,5,11,0:00:00,0:15:00,0,0,0
2062,2019-08-13 11:30:00,2019-08-13 11:45:00,6,13,0:09:33,0:05:27,1,0,1
2062,2019-08-13 11:45:00,2019-08-13 12:00:00,5,20,0:05:52,0:09:08,2,1,1
2062,2019-08-13 12:00:00,2019-08-13 12:15:00,3,6,0:11:31,0:03:29,0,0,0
2062,2019-08-13 12:15:00,2019-08-13 12:30:00,3,23,0:10:51,0:04:09,2,1,1
2062,2019-08-13 12:30:00,2019-08-13 12:45:00,3,2,0:00:00,0:15:00,0,0,0
2062,2019-08-13 12:45:00,2019-08-13 13:00:00,17,25,0:00:17,0:14:43,3,1,2
2062,2019-08-13 13:00:00,2019-08-13 13:15:00,0,0,0:15:00,0:00:00,0,0,0
2062,2019-08-13 13:15:00,2019-08-13 13:30:00,0,0,0:15:00,0:00:00,0,0,0
2062,2019-08-13 13:30:00,2019-08-13 13:45:00,1,7,0:10:10,0:04:50,0,0,0
2062,2019-08-13 13:45:00,2019-08-13 14:00:00,10,14,0:04:09,0:10:51,1,0,1
2062,2019-08-13 14:00:00,2019-08-13 14:15:00,6,12,0:00:00,0:15:00,0,0,0
2062,2019-08-13 14:15:00,2019-08-13 14:30:00,7,7,0:00:00,0:15:00,0,0,0
2062,2019-08-13 14:30:00,2019-08-13 14:45:00,4,14,0:10:24,0:04:36,1,0,1
2062,2019-08-13 14:45:00,2019-08-13 15:00:00,0,0,0:15:00,0:00:00,0,0,0
2062,2019-08-13 15:00:00,2019-08-13 15:15:00,7,17,0:07:31,0:07:29,1,0,1
2062,2019-08-13 15:15:00,2019-08-13 15:30:00,0,1,0:15:00,0:00:00,0,0,0
2062,2019-08-13 15:30:00,2019-08-13 15:45:00,0,0,0:15:00,0:00:00,0,0,0
2062,2019-08-13 15:45:00,2019-08-13 16:00:00,0,0,0:15:00,0:00:00,0,0,0
2062,2019-08-13 16:00:00,2019-08-13 16:15:00,0,0,0:15:00,0:00:00,0,0,0
2062,2019-08-13 16:15:00,2019-08-13 16:30:00,0,0,0:15:00,0:00:00,0,0,0
2062,2019-08-13 16:30:00,2019-08-13 16:45:00,4,22,0:04:55,0:10:05,0,0,0
2062,2019-08-13 16:45:00,2019-08-13 17:00:00,7,11,0:00:10,0:14:50,1,0,1
2062,2019-08-13 17:00:00,2019-08-13 17:15:00,10,14,0:00:00,0:15:00,0,0,0
2062,2019-08-13 17:15:00,2019-08-13 17:30:00,8,11,0:00:00,0:15:00,0,0,0
2062,2019-08-13 17:30:00,2019-08-13 17:45:00,15,26,0:00:00,0:15:00,0,0,0
2062,2019-08-13 17:45:00,2019-08-13 18:00:00,7,7,0:00:00,0:15:00,0,0,0
2062,2019-08-13 18:00:00,2019-08-13 18:15:00,7,27,0:06:04,0:08:56,1,0,1
2062,2019-08-13 18:15:00,2019-08-13 18:30:00,0,1,0:15:00,0:00:00,0,0,0
2062,2019-08-13 18:30:00,2019-08-13 18:45:00,0,5,0:15:00,0:00:00,0,0,0
2062,2019-08-13 18:45:00,2019-08-13 19:00:00,0,0,0:15:00,0:00:00,0,0,0
2062,2019-08-13 19:00:00,2019-08-13 19:15:00,3,10,0:13:47,0:01:13,0,0,0
2062,2019-08-13 19:15:00,2019-08-13 19:30:00,8,14,0:00:00,0:15:00,0,0,0
2062,2019-08-13 19:30:00,2019-08-13 19:45:00,12,23,0:00:00,0:15:00,0,0,0
2062,2019-08-13 19:45:00,2019-08-13 20:00:00,16,22,0:00:03,0:14:57,3,1,2
2062,2019-08-13 20:00:00,2019-08-13 20:15:00,16,30,0:00:00,0:15:00,0,0,0
2062,2019-08-13 20:15:00,2019-08-13 20:30:00,11,17,0:00:03,0:14:57,1,0,1
2062,2019-08-13 20:30:00,2019-08-13 20:45:00,15,23,0:00:00,0:15:00,0,0,0
2062,2019-08-13 20:45:00,2019-08-13 21:00:00,17,28,0:00:00,0:15:00,0,0,0
2062,2019-08-13 21:00:00,2019-08-13 21:15:00,10,18,0:07:12,0:07:48,1,0,1
2062,2019-08-13 21:15:00,2019-08-13 21:30:00,0,1,0:15:00,0:00:00,0,0,0
2062,2019-08-13 21:30:00,2019-08-13 21:45:00,0,0,0:15:00,0:00:00,0,0,0
2062,2019-08-13 21:45:00,2019-08-13 22:00:00,7,21,0:11:03,0:03:57,0,0,0
2062,2019-08-13 22:00:00,2019-08-13 22:15:00,11,29,0:01:27,0:13:33,1,0,1
2062,2019-08-13 22:15:00,2019-08-13 22:30:00,0,0,0:15:00,0:00:00,0,0,0
2062,2019-08-13 22:30:00,2019-08-13 22:45:00,0,0,0:15:00,0:00:00,0,0,0
2062,2019-08-13 22:45:00,2019-08-13 23:00:00,9,21,0:02:57,0:12:03,0,0,0
2062,2019-08-13 23:00:00,2019-08-13 23:15:00,3,14,0:13:45,0:01:15,1,0,1
2062,2019-08-13 23:15:00,2019-08-13 23:30:00,0,15,0:13:47,0:01:13,1,0,1
2062,2019-08-13 23:30:00,2019-08-13 23:45:00,22,29,0:00:00,0:15:00,0,0,0
2062,2019-08-13 23:45:00,2019-08-14 00:00:00,5,14,0:12:43,0:02:17,1,0,1
2062,2019-08-14 00:00:00,2019-08-14 00:15:00,0,0,0:15:00,0:00:00,0,0,0
2062,2019-08-14 00:15:00,2019-08-14 00:30:00,0,0,0:15:00,0:00:00,0,0,0
2062,2019-08-14 00:30:00,2019-08-14 00:45:00,0,0,0:15:00,0:00:00,0,0,0
2062,2019-08-14 00:45:00,2019-08-14 01:00:00,0,11,0:13:42,0:01:18,0,0,0
2062,2019-08-14 01:00:00,2019-08-14 01:15:00,7,14,0:04:29,0:10:31,1,0,1
2062,2019-08-14 01:15:00,2019-08-14 01:30:00,0,0,0:15:00,0:00:00,0,0,0
2062,2019-08-14 01:30:00,2019-08-14 01:45:00,0,5,0:15:00,0:00:00,0,0,0
2062,2019-08-14 01:45:00,2019-08-14 02:00:00,3,9,0:11:10,0:03:50,1,0,1
2062,2019-08-14 02:00:00,2019-08-14 02:15:00,0,0,0:15:00,0:00:00,0,0,0
2062,2019-08-14 02:15:00,2019-08-14 02:30:00,0,0,0:15:00,0:00:00,0,0,0
2062,2019-08-14 02:30:00,2019-08-14 02:45:00,0,0,0:15:00,0:00:00,0,0,0
2062,2019-08-14 02:45:00,2019-08-14 03:00:00,0,0,0:15:00,0:00:00,0,0,0
2062,2019-08-14 03:00:00,2019-08-14 03:15:00,4,27,0:12:22,0:02:38,1,0,1
2062,2019-08-14 03:15:00,2019-08-14 03:30:00,0,2,0:15:00,0:00:00,0,0,0
2062,2019-08-14 03:30:00,2019-08-14 03:45:00,0,2,0:15:00,0:00:00,0,0,0
2062,2019-08-14 03:45:00,2019-08-14 04:00:00,0,5,0:15:00,0:00:00,0,0,0
2062,2019-08-14 04:00:00,2019-08-14 04:15:00,0,12,0:15:00,0:00:00,0,0,0
2062,2019-08-14 04:15:00,2019-08-14 04:30:00,0,6,0:15:00,0:00:00,0,0,0
2062,2019-08-14 04:30:00,2019-08-14 04:45:00,0,4,0:15:00,0:00:00,0,0,0
2062,2019-08-14 04:45:00,2019-08-14 05:00:00,0,0,0:15:00,0:00:00,0,0,0
2062,2019-08-14 05:00:00,2019-08-14 05:15:00,7,18,0:08:46,0:06:14,0,0,0
2062,2019-08-14 05:15:00,2019-08-14 05:30:00,16,25,0:00:00,0:15:00,0,0,0
2062,2019-08-14 05:30:00,2019-08-14 05:45:00,15,27,0:03:13,0:11:47,1,0,1
2062,2019-08-14 05:45:00,2019-08-14 06:00:00,7,23,0:01:09,0:13:51,0,0,0
2062,2019-08-14 06:00:00,2019-08-14 06:15:00,8,9,0:00:00,0:15:00,0,0,0
2062,2019-08-14 06:15:00,2019-08-14 06:30:00,8,10,0:00:00,0:15:00,0,0,0
2062,2019-08-14 06:30:00,2019-08-14 06:45:00,11,18,0:00:05,0:14:55,1,0,1
2062,2019-08-14 06:45:00,2019-08-14 07:00:00,6,19,0:12:31,0:02:29,1,0,1
2062,2019-08-14 07:00:00,2019-08-14 07:15:00,0,0,0:15:00,0:00:00,0,0,0
2062,2019-08-14 07:15:00,2019-08-14 07:30:00,0,0,0:15:00,0:00:00,0,0,0
2062,2019-08-14 07:30:00,2019-08-14 07:45:00,0,0,0:15:00,0:00:00,0,0,0
2062,2019-08-14 07:45:00,2019-08-14 08:00:00,7,22,0:01:23,0:13:37,0,0,0
2062,2019-08-14 08:00:00,2019-08-14 08:15:00,14,26,0:00:09,0:14:51,1,0,1
2062,2019-08-14 08:15:00,2019-08-14 08:30:00,8,19,0:06:33,0:08:27,3,1,2
2062,2019-08-14 08:30:00,2019-08-14 08:45:00,2,8,0:14:53,0:00:07,1,0,1
2062,2019-08-14 08:45:00,2019-08-14 09:00:00,0,0,0:15:00,0:00:00,0,0,0
2062,2019-08-14 09:00:00,2019-08-14 09:15:00,4,17,0:08:55,0:06:05,0,0,0
2062,2019-08-14 09:15:00,2019-08-14 09:30:00,18,19,0:00:04,0:14:56,1,0,1
2062,2019-08-14 09:30:00,2019-08-14 09:45:00,9,21,0:00:00,0:15:00,0,0,0
2062,2019-08-14 09:45:00,2019-08-14 10:00:00,18,25,0:00:00,0:15:00,0,0,0
2062,2019-08-14 10:00:00,2019-08-14 10:15:00,13,26,0:00:30,0:14:30,1,0,1
2062,2019-08-14 10:15:00,2019-08-14 10:30:00,0,0,0:15:00,0:00:00,0,0,0
2062,2019-08-14 10:30:00,2019-08-14 10:45:00,0,0,0:15:00,0:00:00,0,0,0
2062,2019-08-14 10:45:00,2019-08-14 11:00:00,3,5,0:06:43,0:08:17,1,0,1
2062,2019-08-14 11:00:00,2019-08-14 11:15:00,11,22,0:00:00,0:15:00,0,0,0
2062,2019-08-14 11:15:00,2019-08-14 11:30:00,12,23,0:00:00,0:15:00,0,0,0
2062,2019-08-14 11:30:00,2019-08-14 11:45:00,8,10,0:04:32,0:10:28,1,0,1
2062,2019-08-14 11:45:00,2019-08-14 12:00:00,0,0,0:15:00,0:00:00,0,0,0
2062,2019-08-14 12:00:00,2019-08-14 12:15:00,0,0,0:15:00,0:00:00,0,0,0
2062,2019-08-14 12:15:00,2019-08-14 12:30:00,10,25,0:00:14,0:14:46,1,0,1
2062,2019-08-14 12:30:00,2019-08-14 12:45:00,11,22,0:03:23,0:11:37,1,0,1
2062,2019-08-14 12:45:00,2019-08-14 13:00:00,0,1,0:15:00,0:00:00,0,0,0
2062,2019-08-14 13:00:00,2019-08-14 13:15:00,0,0,0:15:00,0:00:00,0,0,0
2062,2019-08-14 13:15:00,2019-08-14 13:30:00,0,7,0:15:00,0:00:00,0,0,0
2062,2019-08-14 13:30:00,2019-08-14 13:45:00,0,0,0:15:00,0:00:00,0,0,0
2062,2019-08-14 13:45:00,2019-08-14 14:00:00,0,4,0:15:00,0:00:00,0,0,0
2062,2019-08-14 14:00:00,2019-08-14 14:15:00,0,1,0:15:00,0:00:00,0,0,0
2062,2019-08-14 14:15:00,2019-08-14 14:30:00,0,8,0:12:35,0:02:25,1,0,1
2062,2019-08-14 14:30:00,2019-08-14 14:45:00,10,16,0:00:13,0:14:47,2,1,1
2062,2019-08-14 14:45:00,2019-08-14 15:00:00,12,15,0:00:03,0:14:57,1,0,1
2062,2019-08-14 15:00:00,2019-08-14 15:15:00,10,16,0:00:00,0:15:00,0,0,0
2062,2019-08-14 15:15:00,2019-08-14 15:30:00,6,20,0:10:32,0:04:28,1,0,1
2062,2019-08-14 15:30:00,2019-08-14 15:45:00,0,0,0:15:00,0:00:00,0,0,0
2062,2019-08-14 15:45:00,2019-08-14 16:00:00,0,0,0:15:00,0:00:00,0,0,0
2062,2019-08-14 16:00:00,2019-08-14 16:15:00,0,0,0:15:00,0:00:00,0,0,0
2062,2019-08-14 16:15:00,2019-08-14 16:30:00,1,8,0:12:25,0:02:35,1,0,1
2062,2019-08-14 16:30:00,2019-08-14 16:45:00,10,12,0:00:00,0:15:00,0,0,0
2062,2019-08-14 16:45:00,2019-08-14 17:00:00,17,17,0:00:00,0:15:00,0,0,0
2062,2019-08-14 17:00:00,2019-08-14 17:15:00,15,26,0:00:01,0:14:59,1,0,1
2062,2019-08-14 17:15:00,2019-08-14 17:30:00,24,35,0:00:00,0:15:00,0,0,0
2062,2019-08-14 17:30:00,2019-08-14 17:45:00,5,9,0:07:40,0:07:20,1,0,1
2062,2019-08-14 17:45:00,2019-08-14 18:00:00,0,0,0:15:00,0:00:00,0,0,0
2062,2019-08-14 18:00:00,2019-08-14 18:15:00,0,0,0:15:00,0:00:00,0,0,0
2062,2019-08-14 18:15:00,2019-08-14 18:30:00,0,0,0:15:00,0:00:00,0,0,0
2062,2019-08-14 18:30:00,2019-08-14 18:45:00,9,30,0:07:25,0:07:35,0,0,0
2062,2019-08-14 18:45:00,2019-08-14 19:00:00,18,24,0:00:17,0:14:43,2,1,1
2062,2019-08-14 19:00:00,2019-08-14 19:15:00,13,22,0:00:15,0:14:45,2,1,1
2062,2019-08-14 19:15:00,2019-08-14 19:30:00,12,15,0:00:00,0:15:00,0,0,0
2062,2019-08-14 19:30:00,2019-08-14 19:45:00,11,12,0:00:00,0:15:00,0,0,0
2062,2019-08-14 19:45:00,2019-08-14 20:00:00,16,21,0:00:00,0:15:00,0,0,0
2062,2019-08-14 20:00:00,2019-08-14 20:15:00,15,18,0:00:00,0:15:00,0,0,0
2062,2019-08-14 20:15:00,2019-08-14 20:30:00,29,65,0:01:24,0:13:36,2,1,1
2062,2019-08-14 20:30:00,2019-08-14 20:45:00,8,17,0:06:45,0:08:15,0,0,0
2062,2019-08-14 20:45:00,2019-08-14 21:00:00,25,38,0:00:00,0:15:00,0,0,0
2062,2019-08-14 21:00:00,2019-08-14 21:15:00,19,32,0:00:07,0:14:53,1,0,1
2062,2019-08-14 21:15:00,2019-08-14 21:30:00,0,0,0:15:00,0:00:00,0,0,0
2062,2019-08-14 21:30:00,2019-08-14 21:45:00,0,7,0:15:00,0:00:00,0,0,0
2062,2019-08-14 21:45:00,2019-08-14 22:00:00,0,3,0:15:00,0:00:00,0,0,0
2062,2019-08-14 22:00:00,2019-08-14 22:15:00,0,1,0:15:00,0:00:00,0,0,0
2062,2019-08-14 22:15:00,2019-08-14 22:30:00,0,5,0:15:00,0:00:00,0,0,0
2062,2019-08-14 22:30:00,2019-08-14 22:45:00,2,6,0:08:59,0:06:01,0,0,0
2062,2019-08-14 22:45:00,2019-08-14 23:00:00,21,29,0:04:16,0:10:44,1,0,1
2062,2019-08-14 23:00:00,2019-08-14 23:15:00,0,1,0:15:00,0:00:00,0,0,0
2062,2019-08-14 23:15:00,2019-08-14 23:30:00,0,0,0:15:00,0:00:00,0,0,0
2062,2019-08-14 23:30:00,2019-08-14 23:45:00,0,0,0:15:00,0:00:00,0,0,0
2062,2019-08-14 23:45:00,2019-08-15 00:00:00,0,0,0:15:00,0:00:00,0,0,0
2062,2019-08-15 00:00:00,2019-08-15 00:15:00,0,0,0:15:00,0:00:00,0,0,0
2062,2019-08-15 00:15:00,2019-08-15 00:30:00,0,10,0:14:50,0:00:10,0,0,0
2062,2019-08-15 00:30:00,2019-08-15 00:45:00,4,14,0:11:18,0:03:42,3,1,2
2062,2019-08-15 00:45:00,2019-08-15 01:00:00,0,0,0:15:00,0:00:00,0,0,0
2062,2019-08-15 01:00:00,2019-08-15 01:15:00,0,4,0:15:00,0:00:00,0,0,0
2062,2019-08-15 01:15:00,2019-08-15 01:30:00,0,1,0:15:00,0:00:00,0,0,0
2062,2019-08-15 01:30:00,2019-08-15 01:45:00,0,0,0:15:00,0:00:00,0,0,0
2062,2019-08-15 01:45:00,2019-08-15 02:00:00,0,12,0:15:00,0:00:00,0,0,0
2062,2019-08-15 02:00:00,2019-08-15 02:15:00,1,21,0:11:36,0:03:24,0,0,0
2062,2019-08-15 02:15:00,2019-08-15 02:30:00,8,11,0:09:26,0:05:34,1,0,1
2062,2019-08-15 02:30:00,2019-08-15 02:45:00,0,0,0:15:00,0:00:00,0,0,0
2062,2019-08-15 02:45:00,2019-08-15 03:00:00,0,0,0:15:00,0:00:00,0,0,0
2062,2019-08-15 03:00:00,2019-08-15 03:15:00,0,0,0:15:00,0:00:00,0,0,0
2062,2019-08-15 03:15:00,2019-08-15 03:30:00,0,0,0:15:00,0:00:00,0,0,0
2062,2019-08-15 03:30:00,2019-08-15 03:45:00,8,19,0:10:21,0:04:39,1,0,1
2062,2019-08-15 03:45:00,2019-08-15 04:00:00,0,0,0:15:00,0:00:00,0,0,0
2062,2019-08-15 04:00:00,2019-08-15 04:15:00,0,7,0:15:00,0:00:00,0,0,0
2062,2019-08-15 04:15:00,2019-08-15 04:30:00,0,0,0:15:00,0:00:00,0,0,0
2062,2019-08-15 04:30:00,2019-08-15 04:45:00,0,5,0:15:00,0:00:00,0,0,0
2062,2019-08-15 04:45:00,2019-08-15 05:00:00,0,0,0:15:00,0:00:00,0,0,0
2062,2019-08-15 05:00:00,2019-08-15 05:15:00,4,11,0:11:41,0:03:19,0,0,0
2062,2019-08-15 05:15:00,2019-08-15 05:30:00,23,44,0:00:00,0:15:00,0,0,0
2062,2019-08-15 05:30:00,2019-08-15 05:45:00,8,23,0:07:44,0:07:16,1,0,1
2062,2019-08-15 05:45:00,2019-08-15 06:00:00,0,8,0:01:23,0:13:37,0,0,0
2062,2019-08-15 06:00:00,2019-08-15 06:15:00,10,17,0:00:09,0:14:51,1,0,1
2062,2019-08-15 06:15:00,2019-08-15 06:30:00,16,25,0:00:10,0:14:50,1,0,1
2062,2019-08-15 06:30:00,2019-08-15 06:45:00,8,16,0:00:08,0:14:52,3,1,2
2062,2019-08-15 06:45:00,2019-08-15 07:00:00,16,16,0:00:09,0:14:51,1,0,1
2062,2019-08-15 07:00:00,2019-08-15 07:15:00,23,45,0:00:05,0:14:55,1,0,1
2062,2019-08-15 07:15:00,2019-08-15 07:30:00,4,15,0:12:51,0:02:09,1,0,1
2062,2019-08-15 07:30:00,2019-08-15 07:45:00,0,0,0:15:00,0:00:00,0,0,0
2062,2019-08-15 07:45:00,2019-08-15 08:00:00,0,0,0:15:00,0:00:00,0,0,0
2062,2019-08-15 08:00:00,2019-08-15 08:15:00,0,0,0:15:00,0:00:00,0,0,0
2062,2019-08-15 08:15:00,2019-08-15 08:30:00,0,0,0:15:00,0:00:00,0,0,0
2062,2019-08-15 08:30:00,2019-08-15 08:45:00,0,0,0:15:00,0:00:00,0,0,0
2062,2019-08-15 08:45:00,2019-08-15 09:00:00,9,23,0:02:54,0:12:06,0,0,0
2062,2019-08-15 09:00:00,2019-08-15 09:15:00,13,19,0:00:00,0:15:00,0,0,0
2062,2019-08-15 09:15:00,2019-08-15 09:30:00,8,15,0:00:00,0:15:00,0,0,0
2062,2019-08-15 09:30:00,2019-08-15 09:45:00,19,63,0:00:01,0:14:59,1,0,1
2062,2019-08-15 09:45:00,2019-08-15 10:00:00,5,13,0:00:15,0:14:45,2,1,1
2062,2019-08-15 10:00:00,2019-08-15 10:15:00,11,30,0:03:05,0:11:55,1,0,1
2062,2019-08-15 10:15:00,2019-08-15 10:30:00,0,1,0:15:00,0:00:00,0,0,0
2062,2019-08-15 10:30:00,2019-08-15 10:45:00,0,18,0:15:00,0:00:00,0,0,0
2062,2019-08-15 10:45:00,2019-08-15 11:00:00,7,19,0:08:19,0:06:41,1,0,1
2062,2019-08-15 11:00:00,2019-08-15 11:15:00,17,34,0:00:00,0:15:00,0,0,0
2062,2019-08-15 11:15:00,2019-08-15 11:30:00,7,14,0:00:00,0:15:00,0,0,0
2062,2019-08-15 11:30:00,2019-08-15 11:45:00,6,29,0:01:09,0:13:51,2,1,1
2062,2019-08-15 11:45:00,2019-08-15 12:00:00,0,0,0:15:00,0:00:00,0,0,0
2062,2019-08-15 12:00:00,2019-08-15 12:15:00,0,0,0:15:00,0:00:00,0,0,0
2062,2019-08-15 12:15:00,2019-08-15 12:30:00,14,35,0:02:17,0:12:43,0,0,0
2062,2019-08-15 12:30:00,2019-08-15 12:45:00,9,14,0:00:00,0:15:00,0,0,0
2062,2019-08-15 12:45:00,2019-08-15 13:00:00,11,29,0:03:31,0:11:29,1,0,1
2062,2019-08-15 13:00:00,2019-08-15 13:15:00,0,1,0:15:00,0:00:00,0,0,0
2062,2019-08-15 13:15:00,2019-08-15 13:30:00,0,0,0:15:00,0:00:00,0,0,0
2062,2019-08-15 13:30:00,2019-08-15 13:45:00,0,2,0:15:00,0:00:00,0,0,0
2062,2019-08-15 13:45:00,2019-08-15 14:00:00,0,9,0:15:00,0:00:00,0,0,0
2062,2019-08-15 14:00:00,2019-08-15 14:15:00,2,14,0:11:46,0:03:14,1,0,1
2062,2019-08-15 14:15:00,2019-08-15 14:30:00,5,9,0:12:50,0:02:10,1,0,1
2062,2019-08-15 14:30:00,2019-08-15 14:45:00,0,0,0:15:00,0:00:00,0,0,0
2062,2019-08-15 14:45:00,2019-08-15 15:00:00,1,11,0:12:29,0:02:31,0,0,0
2062,2019-08-15 15:00:00,2019-08-15 15:15:00,10,11,0:00:00,0:15:00,0,0,0
2062,2019-08-15 15:15:00,2019-08-15 15:30:00,12,16,0:00:00,0:15:00,0,0,0
2062,2019-08-15 15:30:00,2019-08-15 15:45:00,26,62,0:00:06,0:14:54,1,0,1
2062,2019-08-15 15:45:00,2019-08-15 16:00:00,0,4,0:15:00,0:00:00,0,0,0
2062,2019-08-15 16:00:00,2019-08-15 16:15:00,3,15,0:04:56,0:10:04,1,0,1
2062,2019-08-15 16:15:00,2019-08-15 16:30:00,15,26,0:00:00,0:15:00,0,0,0
2062,2019-08-15 16:30:00,2019-08-15 16:45:00,12,23,0:03:41,0:11:19,1,0,1
2062,2019-08-15 16:45:00,2019-08-15 17:00:00,4,15,0:06:18,0:08:42,0,0,0
2062,2019-08-15 17:00:00,2019-08-15 17:15:00,20,43,0:00:27,0:14:33,2,1,1
2062,2019-08-15 17:15:00,2019-08-15 17:30:00,15,34,0:00:00,0:15:00,0,0,0
2062,2019-08-15 17:30:00,2019-08-15 17:45:00,13,18,0:00:04,0:14:56,1,0,1
2062,2019-08-15 17:45:00,2019-08-15 18:00:00,16,23,0:00:15,0:14:45,1,0,1
2062,2019-08-15 18:00:00,2019-08-15 18:15:00,7,20,0:07:51,0:07:09,2,1,1
2062,2019-08-15 18:15:00,2019-08-15 18:30:00,0,0,0:15:00,0:00:00,0,0,0
2062,2019-08-15 18:30:00,2019-08-15 18:45:00,0,0,0:15:00,0:00:00,0,0,0
2062,2019-08-15 18:45:00,2019-08-15 19:00:00,0,0,0:15:00,0:00:00,0,0,0
2062,2019-08-15 19:00:00,2019-08-15 19:15:00,0,0,0:15:00,0:00:00,0,0,0
2062,2019-08-15 19:15:00,2019-08-15 19:30:00,2,13,0:11:03,0:03:57,0,0,0
2062,2019-08-15 19:30:00,2019-08-15 19:45:00,23,38,0:00:01,0:14:59,1,0,1
2062,2019-08-15 19:45:00,2019-08-15 20:00:00,21,38,0:00:00,0:15:00,0,0,0
2062,2019-08-15 20:00:00,2019-08-15 20:15:00,11,15,0:00:00,0:15:00,0,0,0
2062,2019-08-15 20:15:00,2019-08-15 20:30:00,15,37,0:00:00,0:15:00,0,0,0
2062,2019-08-15 20:30:00,2019-08-15 20:45:00,16,27,0:00:00,0:15:00,0,0,0
2062,2019-08-15 20:45:00,2019-08-15 21:00:00,9,13,0:00:00,0:15:00,0,0,0
2062,2019-08-15 21:00:00,2019-08-15 21:15:00,16,22,0:00:00,0:15:00,0,0,0
2062,2019-08-15 21:15:00,2019-08-15 21:30:00,4,12,0:13:43,0:01:17,1,0,1
2062,2019-08-15 21:30:00,2019-08-15 21:45:00,0,0,0:15:00,0:00:00,0,0,0
2062,2019-08-15 21:45:00,2019-08-15 22:00:00,0,0,0:15:00,0:00:00,0,0,0
2062,2019-08-15 22:00:00,2019-08-15 22:15:00,1,11,0:12:04,0:02:56,0,0,0
2062,2019-08-15 22:15:00,2019-08-15 22:30:00,3,14,0:13:55,0:01:05,2,1,1
2062,2019-08-15 22:30:00,2019-08-15 22:45:00,0,0,0:15:00,0:00:00,0,0,0
2062,2019-08-15 22:45:00,2019-08-15 23:00:00,0,8,0:15:00,0:00:00,0,0,0
2062,2019-08-15 23:00:00,2019-08-15 23:15:00,0,4,0:15:00,0:00:00,0,0,0
2062,2019-08-15 23:15:00,2019-08-15 23:30:00,0,0,0:15:00,0:00:00,0,0,0
2062,2019-08-15 23:30:00,2019-08-15 23:45:00,0,2,0:15:00,0:00:00,0,0,0
2062,2019-08-15 23:45:00,2019-08-16 00:00:00,14,33,0:03:47,0:11:13,0,0,0
2062,2019-08-16 00:00:00,2019-08-16 00:15:00,3,9,0:12:17,0:02:43,1,0,1
2062,2019-08-16 00:15:00,2019-08-16 00:30:00,0,1,0:15:00,0:00:00,0,0,0
2062,2019-08-16 00:30:00,2019-08-16 00:45:00,0,0,0:15:00,0:00:00,0,0,0
2062,2019-08-16 00:45:00,2019-08-16 01:00:00,0,0,0:15:00,0:00:00,0,0,0
2062,2019-08-16 01:00:00,2019-08-16 01:15:00,2,15,0:14:43,0:00:17,0,0,0
2062,2019-08-16 01:15:00,2019-08-16 01:30:00,6,18,0:08:46,0:06:14,1,0,1
2062,2019-08-16 01:30:00,2019-08-16 01:45:00,0,9,0:15:00,0:00:00,0,0,0
2062,2019-08-16 01:45:00,2019-08-16 02:00:00,0,2,0:15:00,0:00:00,0,0,0
2062,2019-08-16 02:00:00,2019-08-16 02:15:00,0,10,0:15:00,0:00:00,0,0,0
2062,2019-08-16 02:15:00,2019-08-16 02:30:00,0,2,0:15:00,0:00:00,0,0,0
2062,2019-08-16 02:30:00,2019-08-16 02:45:00,0,2,0:15:00,0:00:00,0,0,0
2062,2019-08-16 02:45:00,2019-08-16 03:00:00,0,10,0:15:00,0:00:00,0,0,0
2062,2019-08-16 03:00:00,2019-08-16 03:15:00,0,0,0:15:00,0:00:00,0,0,0
2062,2019-08-16 03:15:00,2019-08-16 03:30:00,0,0,0:15:00,0:00:00,0,0,0
2062,2019-08-16 03:30:00,2019-08-16 03:45:00,0,4,0:15:00,0:00:00,0,0,0
2062,2019-08-16 03:45:00,2019-08-16 04:00:00,0,0,0:15:00,0:00:00,0,0,0
2062,2019-08-16 04:00:00,2019-08-16 04:15:00,0,0,0:14:15,0:00:45,0,0,0
2062,2019-08-16 04:15:00,2019-08-16 04:30:00,5,15,0:13:09,0:01:51,1,0,1
2062,2019-08-16 04:30:00,2019-08-16 04:45:00,0,0,0:15:00,0:00:00,0,0,0
2062,2019-08-16 04:45:00,2019-08-16 05:00:00,0,0,0:15:00,0:00:00,0,0,0
2062,2019-08-16 05:00:00,2019-08-16 05:15:00,0,0,0:15:00,0:00:00,0,0,0
2062,2019-08-16 05:15:00,2019-08-16 05:30:00,10,26,0:03:44,0:11:16,0,0,0
2062,2019-08-16 05:30:00,2019-08-16 05:45:00,13,15,0:00:00,0:15:00,0,0,0
2062,2019-08-16 05:45:00,2019-08-16 06:00:00,16,21,0:00:00,0:15:00,0,0,0
2062,2019-08-16 06:00:00,2019-08-16 06:15:00,9,14,0:00:00,0:15:00,0,0,0
2062,2019-08-16 06:15:00,2019-08-16 06:30:00,9,16,0:00:00,0:15:00,0,0,0
2062,2019-08-16 06:30:00,2019-08-16 06:45:00,12,14,0:00:01,0:14:59,1,0,1
2062,2019-08-16 06:45:00,2019-08-16 07:00:00,15,29,0:00:00,0:15:00,0,0,0
2062,2019-08-16 07:00:00,2019-08-16 07:15:00,10,27,0:05:37,0:09:23,1,0,1
2062,2019-08-16 07:15:00,2019-08-16 07:30:00,0,0,0:15:00,0:00:00,0,0,0
2062,2019-08-16 07:30:00,2019-08-16 07:45:00,0,0,0:15:00,0:00:00,0,0,0
2062,2019-08-16 07:45:00,2019-08-16 08:00:00,0,0,0:15:00,0:00:00,0,0,0
2062,2019-08-16 08:00:00,2019-08-16 08:15:00,1,13,0:07:46,0:07:14,0,0,0
2062,2019-08-16 08:15:00,2019-08-16 08:30:00,16,27,0:03:24,0:11:36,1,0,1
2062,2019-08-16 08:30:00,2019-08-16 08:45:00,0,3,0:15:00,0:00:00,0,0,0
2062,2019-08-16 08:45:00,2019-08-16 09:00:00,0,3,0:15:00,0:00:00,0,0,0
2062,2019-08-16 09:00:00,2019-08-16 09:15:00,0,6,0:15:00,0:00:00,0,0,0
2062,2019-08-16 09:15:00,2019-08-16 09:30:00,15,24,0:03:13,0:11:47,0,0,0
2062,2019-08-16 09:30:00,2019-08-16 09:45:00,20,34,0:00:05,0:14:55,2,1,1
2062,2019-08-16 09:45:00,2019-08-16 10:00:00,11,27,0:00:19,0:14:41,2,1,1
2062,2019-08-16 10:00:00,2019-08-16 10:15:00,18,25,0:00:00,0:15:00,0,0,0
2062,2019-08-16 10:15:00,2019-08-16 10:30:00,15,22,0:00:09,0:14:51,2,1,1
2062,2019-08-16 10:30:00,2019-08-16 10:45:00,12,22,0:00:02,0:14:58,2,1,1
2062,2019-08-16 10:45:00,2019-08-16 11:00:00,23,36,0:00:00,0:15:00,0,0,0
2062,2019-08-16 11:00:00,2019-08-16 11:15:00,4,17,0:08:42,0:06:18,1,0,1
2062,2019-08-16 11:15:00,2019-08-16 11:30:00,16,61,0:00:41,0:14:19,0,0,0
2062,2019-08-16 11:30:00,2019-08-16 11:45:00,16,29,0:00:28,0:14:32,4,2,2
2062,2019-08-16 11:45:00,2019-08-16 12:00:00,7,23,0:10:33,0:04:27,1,0,1
2062,2019-08-16 12:00:00,2019-08-16 12:15:00,0,1,0:15:00,0:00:00,0,0,0
2062,2019-08-16 12:15:00,2019-08-16 12:30:00,1,2,0:14:15,0:00:45,1,0,1
2062,2019-08-16 12:30:00,2019-08-16 12:45:00,18,36,0:00:00,0:15:00,0,0,0
2062,2019-08-16 12:45:00,2019-08-16 13:00:00,2,9,0:14:40,0:00:20,1,0,1
2062,2019-08-16 13:00:00,2019-08-16 13:15:00,9,54,0:15:00,0:08:20,5,2,3
2062,2019-08-16 13:15:00,2019-08-16 13:30:00,12,24,0:07:27,0:14:14,11,5,6
2062,2019-08-16 13:30:00,2019-08-16 13:45:00,16,25,0:00:24,0:14:36,4,2,2
2062,2019-08-16 13:45:00,2019-08-16 14:00:00,11,17,0:00:00,0:15:00,0,0,0
2062,2019-08-16 14:00:00,2019-08-16 14:15:00,7,12,0:08:25,0:06:35,1,0,1
2062,2019-08-16 14:15:00,2019-08-16 14:30:00,0,0,0:15:00,0:00:00,0,0,0
2062,2019-08-16 14:30:00,2019-08-16 14:45:00,0,0,0:15:00,0:00:00,0,0,0
2062,2019-08-16 14:45:00,2019-08-16 15:00:00,0,0,0:15:00,0:00:00,0,0,0
2062,2019-08-16 15:00:00,2019-08-16 15:15:00,0,0,0:15:00,0:00:00,0,0,0
2062,2019-08-16 15:15:00,2019-08-16 15:30:00,0,2,0:15:00,0:00:00,0,0,0
2062,2019-08-16 15:30:00,2019-08-16 15:45:00,1,13,0:12:46,0:02:14,0,0,0
2062,2019-08-16 15:45:00,2019-08-16 16:00:00,14,28,0:00:04,0:14:56,2,1,1
2062,2019-08-16 16:00:00,2019-08-16 16:15:00,19,29,0:00:04,0:14:56,4,2,2
2062,2019-08-16 16:15:00,2019-08-16 16:30:00,17,22,0:00:00,0:15:00,0,0,0
2062,2019-08-16 16:30:00,2019-08-16 16:45:00,8,19,0:00:00,0:15:00,0,0,0
2062,2019-08-16 16:45:00,2019-08-16 17:00:00,15,31,0:04:54,0:10:06,3,1,2
2062,2019-08-16 17:00:00,2019-08-16 17:15:00,4,8,0:07:42,0:07:18,1,0,1
2062,2019-08-16 17:15:00,2019-08-16 17:30:00,16,29,0:00:01,0:14:59,1,0,1
2062,2019-08-16 17:30:00,2019-08-16 17:45:00,19,36,0:00:29,0:14:31,4,2,2
2062,2019-08-16 17:45:00,2019-08-16 18:00:00,10,19,0:01:35,0:13:25,4,2,2
2062,2019-08-16 18:00:00,2019-08-16 18:15:00,9,22,0:08:39,0:06:21,2,1,1
2062,2019-08-16 18:15:00,2019-08-16 18:30:00,0,0,0:15:00,0:00:00,0,0,0
2062,2019-08-16 18:30:00,2019-08-16 18:45:00,0,0,0:15:00,0:00:00,0,0,0
2062,2019-08-16 18:45:00,2019-08-16 19:00:00,8,23,0:03:57,0:11:03,6,3,3
2062,2019-08-16 19:00:00,2019-08-16 19:15:00,13,22,0:00:32,0:14:28,2,1,1
2062,2019-08-16 19:15:00,2019-08-16 19:30:00,24,40,0:00:01,0:14:59,1,0,1
2062,2019-08-16 19:30:00,2019-08-16 19:45:00,26,57,0:00:23,0:14:37,5,2,3
2062,2019-08-16 19:45:00,2019-08-16 20:00:00,11,26,0:00:20,0:14:40,6,3,3
2062,2019-08-16 20:00:00,2019-08-16 20:15:00,6,28,0:09:12,0:05:48,2,1,1
2062,2019-08-16 20:15:00,2019-08-16 20:30:00,3,15,0:09:39,0:05:21,1,0,1
2062,2019-08-16 20:30:00,2019-08-16 20:45:00,8,22,0:00:01,0:14:59,1,0,1
2062,2019-08-16 20:45:00,2019-08-16 21:00:00,15,25,0:00:09,0:14:51,1,0,1
2062,2019-08-16 21:00:00,2019-08-16 21:15:00,3,14,0:11:37,0:03:23,2,1,1
2062,2019-08-16 21:15:00,2019-08-16 21:30:00,0,0,0:15:00,0:00:00,0,0,0
2062,2019-08-16 21:30:00,2019-08-16 21:45:00,0,1,0:15:00,0:00:00,0,0,0
2062,2019-08-16 21:45:00,2019-08-16 22:00:00,12,56,0:03:40,0:11:20,3,1,2
2062,2019-08-16 22:00:00,2019-08-16 22:15:00,7,12,0:07:26,0:07:34,1,0,1
2062,2019-08-16 22:15:00,2019-08-16 22:30:00,1,14,0:13:38,0:01:22,0,0,0
2062,2019-08-16 22:30:00,2019-08-16 22:45:00,12,21,0:00:00,0:15:00,0,0,0
2062,2019-08-16 22:45:00,2019-08-16 23:00:00,4,9,0:00:00,0:15:00,0,0,0
2062,2019-08-16 23:00:00,2019-08-16 23:15:00,6,22,0:05:33,0:09:27,2,1,1
2062,2019-08-16 23:15:00,2019-08-16 23:30:00,0,0,0:15:00,0:00:00,0,0,0
2062,2019-08-16 23:30:00,2019-08-16 23:45:00,0,1,0:15:00,0:00:00,0,0,0
2062,2019-08-16 23:45:00,2019-08-17 00:00:00,0,1,0:15:00,0:00:00,0,0,0
2062,2019-08-17 00:00:00,2019-08-17 00:15:00,0,1,0:15:00,0:00:00,0,0,0
2062,2019-08-17 00:15:00,2019-08-17 00:30:00,0,5,0:15:00,0:00:00,0,0,0
2062,2019-08-17 00:30:00,2019-08-17 00:45:00,1,27,0:11:34,0:03:26,2,1,1
2062,2019-08-17 00:45:00,2019-08-17 01:00:00,0,1,0:15:00,0:00:00,0,0,0
2062,2019-08-17 01:00:00,2019-08-17 01:15:00,0,5,0:15:00,0:00:00,0,0,0
2062,2019-08-17 01:15:00,2019-08-17 01:30:00,7,19,0:06:10,0:08:50,2,1,1
2062,2019-08-17 01:30:00,2019-08-17 01:45:00,0,3,0:15:00,0:00:00,0,0,0
2062,2019-08-17 01:45:00,2019-08-17 02:00:00,0,2,0:15:00,0:00:00,0,0,0
2062,2019-08-17 02:00:00,2019-08-17 02:15:00,0,0,0:15:00,0:00:00,0,0,0
2062,2019-08-17 02:15:00,2019-08-17 02:30:00,0,0,0:15:00,0:00:00,0,0,0
2062,2019-08-17 02:30:00,2019-08-17 02:45:00,0,33,0:09:52,0:05:08,2,1,1
2062,2019-08-17 02:45:00,2019-08-17 03:00:00,0,0,0:15:00,0:00:00,0,0,0
2062,2019-08-17 03:00:00,2019-08-17 03:15:00,0,1,0:15:00,0:00:00,0,0,0
2062,2019-08-17 03:15:00,2019-08-17 03:30:00,0,0,0:15:00,0:00:00,0,0,0
2062,2019-08-17 03:30:00,2019-08-17 03:45:00,0,0,0:15:00,0:00:00,0,0,0
2062,2019-08-17 03:45:00,2019-08-17 04:00:00,0,0,0:15:00,0:00:00,0,0,0
2062,2019-08-17 04:00:00,2019-08-17 04:15:00,3,30,0:11:10,0:03:50,2,1,1
2062,2019-08-17 04:15:00,2019-08-17 04:30:00,0,0,0:15:00,0:00:00,0,0,0
2062,2019-08-17 04:30:00,2019-08-17 04:45:00,0,2,0:15:00,0:00:00,0,0,0
2062,2019-08-17 04:45:00,2019-08-17 05:00:00,0,0,0:15:00,0:00:00,0,0,0
2062,2019-08-17 05:00:00,2019-08-17 05:15:00,1,11,0:12:40,0:02:20,0,0,0
2062,2019-08-17 05:15:00,2019-08-17 05:30:00,14,25,0:00:05,0:14:55,1,0,1
2062,2019-08-17 05:30:00,2019-08-17 05:45:00,13,24,0:00:00,0:15:00,0,0,0
2062,2019-08-17 05:45:00,2019-08-17 06:00:00,8,10,0:00:00,0:15:00,0,0,0
2062,2019-08-17 06:00:00,2019-08-17 06:15:00,7,13,0:00:00,0:15:00,0,0,0
2062,2019-08-17 06:15:00,2019-08-17 06:30:00,20,121,0:00:32,0:14:28,2,1,1
2062,2019-08-17 06:30:00,2019-08-17 06:45:00,15,30,0:00:05,0:14:55,2,1,1
2062,2019-08-17 06:45:00,2019-08-17 07:00:00,16,20,0:00:02,0:14:58,2,1,1
2062,2019-08-17 07:00:00,2019-08-17 07:15:00,13,26,0:07:23,0:07:37,5,2,3
2062,2019-08-17 07:15:00,2019-08-17 07:30:00,0,0,0:15:00,0:00:00,0,0,0
2062,2019-08-17 07:30:00,2019-08-17 07:45:00,0,1,0:15:00,0:00:00,0,0,0
2062,2019-08-17 07:45:00,2019-08-17 08:00:00,0,1,0:15:00,0:00:00,0,0,0
2062,2019-08-17 08:00:00,2019-08-17 08:15:00,4,18,0:09:19,0:05:41,0,0,0
2062,2019-08-17 08:15:00,2019-08-17 08:30:00,15,38,0:01:01,0:13:59,9,4,5
2062,2019-08-17 08:30:00,2019-08-17 08:45:00,23,41,0:01:10,0:13:50,8,4,4
2062,2019-08-17 08:45:00,2019-08-17 09:00:00,8,18,0:01:10,0:13:50,9,4,5
2062,2019-08-17 09:00:00,2019-08-17 09:15:00,12,28,0:00:45,0:14:15,11,5,6
2062,2019-08-17 09:15:00,2019-08-17 09:30:00,15,30,0:00:56,0:14:04,7,3,4
2062,2019-08-17 09:30:00,2019-08-17 09:45:00,10,24,0:06:26,0:08:34,3,1,2
2062,2019-08-17 09:45:00,2019-08-17 10:00:00,0,2,0:15:00,0:00:00,0,0,0
2062,2019-08-17 10:00:00,2019-08-17 10:15:00,0,1,0:15:00,0:00:00,0,0,0
2062,2019-08-17 10:15:00,2019-08-17 10:30:00,0,3,0:15:00,0:00:00,0,0,0
2062,2019-08-17 10:30:00,2019-08-17 10:45:00,0,0,0:15:00,0:00:00,0,0,0
2062,2019-08-17 10:45:00,2019-08-17 11:00:00,0,1,0:15:00,0:00:00,0,0,0
2062,2019-08-17 11:00:00,2019-08-17 11:15:00,7,22,0:06:15,0:08:45,2,1,1
2062,2019-08-17 11:15:00,2019-08-17 11:30:00,12,21,0:00:00,0:15:00,0,0,0
2062,2019-08-17 11:30:00,2019-08-17 11:45:00,8,14,0:00:00,0:15:00,0,0,0
2062,2019-08-17 11:45:00,2019-08-17 12:00:00,15,44,0:00:21,0:14:39,1,0,1
2062,2019-08-17 12:00:00,2019-08-17 12:15:00,15,37,0:00:33,0:14:27,1,0,1
2062,2019-08-17 12:15:00,2019-08-17 12:30:00,0,0,0:15:00,0:00:00,0,0,0
2062,2019-08-17 12:30:00,2019-08-17 12:45:00,0,10,0:15:00,0:00:00,0,0,0
2062,2019-08-17 12:45:00,2019-08-17 13:00:00,0,0,0:15:00,0:00:00,0,0,0
2062,2019-08-17 13:00:00,2019-08-17 13:15:00,4,23,0:13:09,0:01:51,0,0,0
2062,2019-08-17 13:15:00,2019-08-17 13:30:00,11,21,0:00:00,0:15:00,0,0,0
2062,2019-08-17 13:30:00,2019-08-17 13:45:00,8,24,0:01:16,0:13:44,5,2,3
2062,2019-08-17 13:45:00,2019-08-17 14:00:00,0,0,0:15:00,0:00:00,0,0,0
2062,2019-08-17 14:00:00,2019-08-17 14:15:00,0,0,0:15:00,0:00:00,0,0,0
2062,2019-08-17 14:15:00,2019-08-17 14:30:00,0,3,0:15:00,0:00:00,0,0,0
2062,2019-08-17 14:30:00,2019-08-17 14:45:00,0,0,0:15:00,0:00:00,0,0,0
2062,2019-08-17 14:45:00,2019-08-17 15:00:00,0,0,0:15:00,0:00:00,0,0,0
2062,2019-08-17 15:00:00,2019-08-17 15:15:00,0,1,0:15:00,0:00:00,0,0,0
2062,2019-08-17 15:15:00,2019-08-17 15:30:00,0,6,0:14:34,0:00:26,0,0,0
2062,2019-08-17 15:30:00,2019-08-17 15:45:00,13,23,0:00:34,0:14:26,2,1,1
2062,2019-08-17 15:45:00,2019-08-17 16:00:00,9,13,0:00:00,0:15:00,0,0,0
2062,2019-08-17 16:00:00,2019-08-17 16:15:00,18,18,0:00:01,0:14:59,1,0,1
2062,2019-08-17 16:15:00,2019-08-17 16:30:00,18,28,0:00:27,0:14:33,7,3,4
2062,2019-08-17 16:30:00,2019-08-17 16:45:00,11,28,0:04:25,0:10:35,1,0,1
2062,2019-08-17 16:45:00,2019-08-17 17:00:00,0,3,0:15:00,0:00:00,0,0,0
2062,2019-08-17 17:00:00,2019-08-17 17:15:00,5,18,0:07:20,0:07:40,1,0,1
2062,2019-08-17 17:15:00,2019-08-17 17:30:00,24,49,0:00:13,0:14:47,3,1,2
2062,2019-08-17 17:30:00,2019-08-17 17:45:00,15,24,0:00:01,0:14:59,1,0,1
2062,2019-08-17 17:45:00,2019-08-17 18:00:00,16,30,0:00:05,0:14:55,2,1,1
2062,2019-08-17 18:00:00,2019-08-17 18:15:00,12,23,0:00:17,0:14:43,6,3,3
2062,2019-08-17 18:15:00,2019-08-17 18:30:00,4,17,0:10:45,0:04:15,5,2,3
2062,2019-08-17 18:30:00,2019-08-17 18:45:00,0,0,0:15:00,0:00:00,0,0,0
2062,2019-08-17 18:45:00,2019-08-17 19:00:00,0,0,0:15:00,0:00:00,0,0,0
2062,2019-08-17 19:00:00,2019-08-17 19:15:00,0,1,0:15:00,0:00:00,0,0,0
2062,2019-08-17 19:15:00,2019-08-17 19:30:00,0,3,0:15:00,0:00:00,0,0,0
2062,2019-08-17 19:30:00,2019-08-17 19:45:00,5,40,0:05:34,0:09:26,9,4,5
2062,2019-08-17 19:45:00,2019-08-17 20:00:00,14,21,0:00:05,0:14:55,2,1,1
2062,2019-08-17 20:00:00,2019-08-17 20:15:00,18,30,0:01:24,0:13:36,5,2,3
2062,2019-08-17 20:15:00,2019-08-17 20:30:00,12,21,0:00:00,0:15:00,0,0,0
2062,2019-08-17 20:30:00,2019-08-17 20:45:00,16,38,0:01:01,0:13:59,1,0,1
2062,2019-08-17 20:45:00,2019-08-17 21:00:00,1,18,0:12:39,0:02:21,0,0,0
2062,2019-08-17 21:00:00,2019-08-17 21:15:00,8,10,0:00:00,0:15:00,0,0,0
2062,2019-08-17 21:15:00,2019-08-17 21:30:00,5,18,0:01:48,0:13:12,3,1,2
2062,2019-08-17 21:30:00,2019-08-17 21:45:00,0,5,0:15:00,0:00:00,0,0,0
2062,2019-08-17 21:45:00,2019-08-17 22:00:00,3,13,0:12:51,0:02:09,1,0,1
2062,2019-08-17 22:00:00,2019-08-17 22:15:00,14,30,0:03:40,0:11:20,1,0,1
2062,2019-08-17 22:15:00,2019-08-17 22:30:00,0,0,0:15:00,0:00:00,0,0,0
2062,2019-08-17 22:30:00,2019-08-17 22:45:00,0,1,0:15:00,0:00:00,0,0,0
2062,2019-08-17 22:45:00,2019-08-17 23:00:00,0,1,0:15:00,0:00:00,0,0,0
2062,2019-08-17 23:00:00,2019-08-17 23:15:00,0,9,0:14:50,0:00:10,0,0,0
2062,2019-08-17 23:15:00,2019-08-17 23:30:00,9,27,0:03:37,0:11:23,4,2,2
2062,2019-08-17 23:30:00,2019-08-17 23:45:00,0,2,0:15:00,0:00:00,0,0,0
2062,2019-08-17 23:45:00,2019-08-18 00:00:00,0,1,0:15:00,0:00:00,0,0,0
2062,2019-08-18 00:00:00,2019-08-18 00:15:00,0,3,0:15:00,0:00:00,0,0,0
2062,2019-08-18 00:15:00,2019-08-18 00:30:00,0,4,0:15:00,0:00:00,0,0,0
2062,2019-08-18 00:30:00,2019-08-18 00:45:00,0,6,0:15:00,0:00:00,0,0,0
2062,2019-08-18 00:45:00,2019-08-18 01:00:00,6,25,0:11:39,0:03:21,1,0,1
2062,2019-08-18 01:00:00,2019-08-18 01:15:00,0,0,0:15:00,0:00:00,0,0,0
2062,2019-08-18 01:15:00,2019-08-18 01:30:00,0,0,0:15:00,0:00:00,0,0,0
2062,2019-08-18 01:30:00,2019-08-18 01:45:00,7,38,0:09:58,0:05:02,1,0,1
2062,2019-08-18 01:45:00,2019-08-18 02:00:00,10,23,0:04:36,0:10:24,3,1,2
2062,2019-08-18 02:00:00,2019-08-18 02:15:00,0,0,0:15:00,0:00:00,0,0,0
2062,2019-08-18 02:15:00,2019-08-18 02:30:00,0,1,0:15:00,0:00:00,0,0,0
2062,2019-08-18 02:30:00,2019-08-18 02:45:00,0,0,0:15:00,0:00:00,0,0,0
2062,2019-08-18 02:45:00,2019-08-18 03:00:00,0,0,0:15:00,0:00:00,0,0,0
2062,2019-08-18 03:00:00,2019-08-18 03:15:00,0,2,0:15:00,0:00:00,0,0,0
2062,2019-08-18 03:15:00,2019-08-18 03:30:00,0,1,0:15:00,0:00:00,0,0,0
2062,2019-08-18 03:30:00,2019-08-18 03:45:00,0,0,0:15:00,0:00:00,0,0,0
2062,2019-08-18 03:45:00,2019-08-18 04:00:00,0,2,0:15:00,0:00:00,0,0,0
2062,2019-08-18 04:00:00,2019-08-18 04:15:00,3,28,0:12:06,0:02:54,2,1,1
2062,2019-08-18 04:15:00,2019-08-18 04:30:00,0,1,0:15:00,0:00:00,0,0,0
2062,2019-08-18 04:30:00,2019-08-18 04:45:00,0,0,0:15:00,0:00:00,0,0,0
2062,2019-08-18 04:45:00,2019-08-18 05:00:00,0,0,0:15:00,0:00:00,0,0,0
2062,2019-08-18 05:00:00,2019-08-18 05:15:00,4,14,0:03:56,0:11:04,0,0,0
2062,2019-08-18 05:15:00,2019-08-18 05:30:00,8,12,0:00:00,0:15:00,0,0,0
2062,2019-08-18 05:30:00,2019-08-18 05:45:00,4,13,0:00:00,0:15:00,0,0,0
2062,2019-08-18 05:45:00,2019-08-18 06:00:00,8,18,0:00:00,0:15:00,0,0,0
2062,2019-08-18 06:00:00,2019-08-18 06:15:00,9,15,0:00:19,0:14:41,2,1,1
2062,2019-08-18 06:15:00,2019-08-18 06:30:00,13,19,0:00:33,0:14:27,5,2,3
2062,2019-08-18 06:30:00,2019-08-18 06:45:00,15,23,0:00:06,0:14:54,2,1,1
2062,2019-08-18 06:45:00,2019-08-18 07:00:00,5,19,0:13:33,0:01:27,1,0,1
2062,2019-08-18 07:00:00,2019-08-18 07:15:00,0,2,0:15:00,0:00:00,0,0,0
2062,2019-08-18 07:15:00,2019-08-18 07:30:00,0,2,0:15:00,0:00:00,0,0,0
2062,2019-08-18 07:30:00,2019-08-18 07:45:00,0,1,0:15:00,0:00:00,0,0,0
2062,2019-08-18 07:45:00,2019-08-18 08:00:00,6,15,0:08:14,0:06:46,2,1,1
2062,2019-08-18 08:00:00,2019-08-18 08:15:00,19,38,0:02:03,0:12:57,7,3,4
2062,2019-08-18 08:15:00,2019-08-18 08:30:00,12,17,0:00:31,0:14:29,6,3,3
2062,2019-08-18 08:30:00,2019-08-18 08:45:00,13,27,0:00:06,0:14:54,1,0,1
2062,2019-08-18 08:45:00,2019-08-18 09:00:00,3,8,0:14:56,0:00:04,1,0,1
2062,2019-08-18 09:00:00,2019-08-18 09:15:00,0,0,0:15:00,0:00:00,0,0,0
2062,2019-08-18 09:15:00,2019-08-18 09:30:00,0,1,0:15:00,0:00:00,0,0,0
2062,2019-08-18 09:30:00,2019-08-18 09:45:00,0,2,0:15:00,0:00:00,0,0,0
2062,2019-08-18 09:45:00,2019-08-18 10:00:00,0,3,0:15:00,0:00:00,0,0,0
2062,2019-08-18 10:00:00,2019-08-18 10:15:00,1,12,0:11:30,0:03:30,1,0,1
2062,2019-08-18 10:15:00,2019-08-18 10:30:00,11,18,0:00:04,0:14:56,2,1,1
2062,2019-08-18 10:30:00,2019-08-18 10:45:00,9,9,0:00:18,0:14:42,2,1,1
2062,2019-08-18 10:45:00,2019-08-18 11:00:00,11,15,0:00:00,0:15:00,0,0,0
2062,2019-08-18 11:00:00,2019-08-18 11:15:00,6,18,0:05:31,0:09:29,2,1,1
2062,2019-08-18 11:15:00,2019-08-18 11:30:00,0,0,0:15:00,0:00:00,0,0,0
2062,2019-08-18 11:30:00,2019-08-18 11:45:00,0,0,0:15:00,0:00:00,0,0,0
2062,2019-08-18 11:45:00,2019-08-18 12:00:00,0,1,0:15:00,0:00:00,0,0,0
2062,2019-08-18 12:00:00,2019-08-18 12:15:00,0,1,0:15:00,0:00:00,0,0,0
2062,2019-08-18 12:15:00,2019-08-18 12:30:00,0,3,0:15:00,0:00:00,0,0,0
2062,2019-08-18 12:30:00,2019-08-18 12:45:00,0,1,0:15:00,0:00:00,0,0,0
2062,2019-08-18 12:45:00,2019-08-18 13:00:00,1,9,0:10:55,0:04:05,1,0,1
2062,2019-08-18 13:00:00,2019-08-18 13:15:00,13,20,0:00:00,0:15:00,0,0,0
2062,2019-08-18 13:15:00,2019-08-18 13:30:00,5,11,0:00:05,0:14:55,2,1,1
2062,2019-08-18 13:30:00,2019-08-18 13:45:00,12,15,0:00:01,0:14:59,1,0,1
2062,2019-08-18 13:45:00,2019-08-18 14:00:00,14,15,0:00:00,0:15:00,0,0,0
2062,2019-08-18 14:00:00,2019-08-18 14:15:00,8,15,0:07:03,0:07:57,1,0,1
2062,2019-08-18 14:15:00,2019-08-18 14:30:00,7,11,0:06:01,0:08:59,2,1,1
2062,2019-08-18 14:30:00,2019-08-18 14:45:00,11,39,0:05:00,0:10:00,2,1,1
2062,2019-08-18 14:45:00,2019-08-18 15:00:00,0,6,0:15:00,0:00:00,0,0,0
2062,2019-08-18 15:00:00,2019-08-18 15:15:00,0,2,0:15:00,0:00:00,0,0,0
2062,2019-08-18 15:15:00,2019-08-18 15:30:00,3,17,0:12:20,0:02:40,0,0,0
2062,2019-08-18 15:30:00,2019-08-18 15:45:00,13,29,0:00:09,0:14:51,2,1,1
2062,2019-08-18 15:45:00,2019-08-18 16:00:00,10,16,0:00:00,0:15:00,0,0,0
2062,2019-08-18 16:00:00,2019-08-18 16:15:00,11,25,0:00:00,0:15:00,0,0,0
2062,2019-08-18 16:15:00,2019-08-18 16:30:00,15,28,0:00:00,0:15:00,0,0,0
2062,2019-08-18 16:30:00,2019-08-18 16:45:00,4,25,0:10:48,0:04:12,2,1,1
2062,2019-08-18 16:45:00,2019-08-18 17:00:00,0,1,0:15:00,0:00:00,0,0,0
2062,2019-08-18 17:00:00,2019-08-18 17:15:00,3,15,0:07:30,0:07:30,0,0,0
2062,2019-08-18 17:15:00,2019-08-18 17:30:00,14,19,0:00:51,0:14:09,5,2,3
2062,2019-08-18 17:30:00,2019-08-18 17:45:00,14,24,0:00:06,0:14:54,1,0,1
2062,2019-08-18 17:45:00,2019-08-18 18:00:00,10,27,0:01:08,0:13:52,10,5,5
2062,2019-08-18 18:00:00,2019-08-18 18:15:00,15,31,0:00:13,0:14:47,1,0,1
2062,2019-08-18 18:15:00,2019-08-18 18:30:00,10,27,0:04:19,0:10:41,6,3,3
2062,2019-08-18 18:30:00,2019-08-18 18:45:00,0,0,0:15:00,0:00:00,0,0,0
2062,2019-08-18 18:45:00,2019-08-18 19:00:00,0,2,0:15:00,0:00:00,0,0,0
2062,2019-08-18 19:00:00,2019-08-18 19:15:00,0,1,0:15:00,0:00:00,0,0,0
2062,2019-08-18 19:15:00,2019-08-18 19:30:00,8,37,0:05:41,0:09:19,7,3,4
2062,2019-08-18 19:30:00,2019-08-18 19:45:00,12,30,0:00:27,0:14:33,5,2,3
2062,2019-08-18 19:45:00,2019-08-18 20:00:00,15,39,0:00:26,0:14:34,4,2,2
2062,2019-08-18 20:00:00,2019-08-18 20:15:00,10,19,0:00:00,0:15:00,0,0,0
2062,2019-08-18 20:15:00,2019-08-18 20:30:00,19,33,0:00:15,0:14:45,2,1,1
2062,2019-08-18 20:30:00,2019-08-18 20:45:00,12,15,0:00:00,0:15:00,0,0,0
2062,2019-08-18 20:45:00,2019-08-18 21:00:00,4,15,0:10:20,0:04:40,2,1,1
2062,2019-08-18 21:00:00,2019-08-18 21:15:00,0,2,0:15:00,0:00:00,0,0,0
2062,2019-08-18 21:15:00,2019-08-18 21:30:00,12,26,0:03:00,0:12:00,0,0,0
2062,2019-08-18 21:30:00,2019-08-18 21:45:00,14,24,0:00:00,0:15:00,0,0,0
2062,2019-08-18 21:45:00,2019-08-18 22:00:00,15,25,0:00:01,0:14:59,1,0,1
2062,2019-08-18 22:00:00,2019-08-18 22:15:00,1,10,0:14:40,0:00:20,2,1,1
2062,2019-08-18 22:15:00,2019-08-18 22:30:00,0,4,0:15:00,0:00:00,0,0,0
2062,2019-08-18 22:30:00,2019-08-18 22:45:00,4,20,0:09:52,0:05:08,0,0,0
2062,2019-08-18 22:45:00,2019-08-18 23:00:00,25,111,0:00:00,0:15:00,0,0,0
2062,2019-08-18 23:00:00,2019-08-18 23:15:00,3,12,0:14:51,0:00:09,1,0,1
2062,2019-08-18 23:15:00,2019-08-18 23:30:00,0,0,0:15:00,0:00:00,0,0,0
2062,2019-08-18 23:30:00,2019-08-18 23:45:00,0,0,0:15:00,0:00:00,0,0,0
2062,2019-08-18 23:45:00,2019-08-19 00:00:00,0,0,0:15:00,0:00:00,0,0,0
2062,2019-08-19 00:00:00,2019-08-19 00:15:00,0,0,0:15:00,0:00:00,0,0,0
2062,2019-08-19 00:15:00,2019-08-19 00:30:00,14,33,0:01:00,0:14:00,0,0,0
2062,2019-08-19 00:30:00,2019-08-19 00:45:00,9,8,0:00:00,0:15:00,0,0,0
2062,2019-08-19 00:45:00,2019-08-19 01:00:00,6,15,0:09:16,0:05:44,1,0,1
2062,2019-08-19 01:00:00,2019-08-19 01:15:00,0,2,0:15:00,0:00:00,0,0,0
2062,2019-08-19 01:15:00,2019-08-19 01:30:00,10,22,0:04:59,0:10:01,1,0,1
2062,2019-08-19 01:30:00,2019-08-19 01:45:00,2,17,0:14:23,0:00:37,1,0,1
2062,2019-08-19 01:45:00,2019-08-19 02:00:00,0,0,0:15:00,0:00:00,0,0,0
2062,2019-08-19 02:00:00,2019-08-19 02:15:00,0,1,0:15:00,0:00:00,0,0,0
2062,2019-08-19 02:15:00,2019-08-19 02:30:00,0,0,0:15:00,0:00:00,0,0,0
2062,2019-08-19 02:30:00,2019-08-19 02:45:00,8,31,0:07:17,0:07:43,1,0,1
2062,2019-08-19 02:45:00,2019-08-19 03:00:00,0,0,0:15:00,0:00:00,0,0,0
2062,2019-08-19 03:00:00,2019-08-19 03:15:00,0,0,0:15:00,0:00:00,0,0,0
2062,2019-08-19 03:15:00,2019-08-19 03:30:00,0,1,0:15:00,0:00:00,0,0,0
2062,2019-08-19 03:30:00,2019-08-19 03:45:00,0,0,0:15:00,0:00:00,0,0,0
2062,2019-08-19 03:45:00,2019-08-19 04:00:00,8,27,0:06:07,0:08:53,3,1,2
2062,2019-08-19 04:00:00,2019-08-19 04:15:00,0,0,0:15:00,0:00:00,0,0,0
2062,2019-08-19 04:15:00,2019-08-19 04:30:00,0,1,0:15:00,0:00:00,0,0,0
2062,2019-08-19 04:30:00,2019-08-19 04:45:00,0,0,0:15:00,0:00:00,0,0,0
2062,2019-08-19 04:45:00,2019-08-19 05:00:00,2,7,0:13:36,0:01:24,0,0,0
2062,2019-08-19 05:00:00,2019-08-19 05:15:00,9,12,0:00:01,0:14:59,1,0,1
2062,2019-08-19 05:15:00,2019-08-19 05:30:00,13,22,0:00:00,0:15:00,0,0,0
2062,2019-08-19 05:30:00,2019-08-19 05:45:00,7,14,0:00:00,0:15:00,0,0,0
2062,2019-08-19 05:45:00,2019-08-19 06:00:00,7,10,0:00:00,0:15:00,0,0,0
2062,2019-08-19 06:00:00,2019-08-19 06:15:00,8,7,0:00:00,0:15:00,0,0,0
2062,2019-08-19 06:15:00,2019-08-19 06:30:00,9,18,0:00:00,0:15:00,0,0,0
2062,2019-08-19 06:30:00,2019-08-19 06:45:00,9,8,0:00:00,0:15:00,0,0,0
2062,2019-08-19 06:45:00,2019-08-19 07:00:00,6,8,0:00:15,0:14:45,1,0,1
2062,2019-08-19 07:00:00,2019-08-19 07:15:00,19,40,0:00:07,0:14:53,3,1,2
2062,2019-08-19 07:15:00,2019-08-19 07:30:00,18,26,0:00:01,0:14:59,1,0,1
2062,2019-08-19 07:30:00,2019-08-19 07:45:00,3,14,0:12:53,0:02:07,1,0,1
2062,2019-08-19 07:45:00,2019-08-19 08:00:00,0,0,0:15:00,0:00:00,0,0,0
2062,2019-08-19 08:00:00,2019-08-19 08:15:00,0,1,0:15:00,0:00:00,0,0,0
2062,2019-08-19 08:15:00,2019-08-19 08:30:00,0,5,0:15:00,0:00:00,0,0,0
2062,2019-08-19 08:30:00,2019-08-19 08:45:00,0,1,0:15:00,0:00:00,0,0,0
2062,2019-08-19 08:45:00,2019-08-19 09:00:00,10,24,0:03:41,0:11:19,3,1,2
2062,2019-08-19 09:00:00,2019-08-19 09:15:00,9,19,0:00:00,0:15:00,0,0,0
2062,2019-08-19 09:15:00,2019-08-19 09:30:00,21,28,0:00:01,0:14:59,1,0,1
2062,2019-08-19 09:30:00,2019-08-19 09:45:00,6,10,0:00:00,0:15:00,0,0,0
2062,2019-08-19 09:45:00,2019-08-19 10:00:00,10,22,0:00:00,0:15:00,0,0,0
2062,2019-08-19 10:00:00,2019-08-19 10:15:00,16,30,0:00:01,0:14:59,1,0,1
2062,2019-08-19 10:15:00,2019-08-19 10:30:00,23,38,0:00:14,0:14:46,1,0,1
2062,2019-08-19 10:30:00,2019-08-19 10:45:00,14,27,0:00:03,0:14:57,1,0,1
2062,2019-08-19 10:45:00,2019-08-19 11:00:00,7,31,0:06:47,0:08:13,5,2,3
2062,2019-08-19 11:00:00,2019-08-19 11:15:00,16,27,0:00:00,0:15:00,0,0,0
2062,2019-08-19 11:15:00,2019-08-19 11:30:00,16,27,0:00:16,0:14:44,2,1,1
2062,2019-08-19 11:30:00,2019-08-19 11:45:00,9,14,0:00:01,0:14:59,1,0,1
2062,2019-08-19 11:45:00,2019-08-19 12:00:00,16,37,0:03:36,0:11:24,1,0,1
2062,2019-08-19 12:00:00,2019-08-19 12:15:00,5,20,0:06:22,0:08:38,0,0,0
2062,2019-08-19 12:15:00,2019-08-19 12:30:00,15,24,0:00:00,0:15:00,0,0,0
2062,2019-08-19 12:30:00,2019-08-19 12:45:00,24,50,0:00:01,0:14:59,1,0,1
2062,2019-08-19 12:45:00,2019-08-19 13:00:00,17,22,0:00:01,0:14:59,1,0,1
2062,2019-08-19 13:00:00,2019-08-19 13:15:00,9,27,0:07:16,0:07:44,2,1,1
2062,2019-08-19 13:15:00,2019-08-19 13:30:00,0,1,0:15:00,0:00:00,0,0,0
2062,2019-08-19 13:30:00,2019-08-19 13:45:00,0,0,0:15:00,0:00:00,0,0,0
2062,2019-08-19 13:45:00,2019-08-19 14:00:00,0,2,0:15:00,0:00:00,0,0,0
2062,2019-08-19 14:00:00,2019-08-19 14:15:00,8,26,0:10:24,0:04:36,1,0,1
2062,2019-08-19 14:15:00,2019-08-19 14:30:00,19,27,0:00:00,0:15:00,0,0,0
2062,2019-08-19 14:30:00,2019-08-19 14:45:00,14,26,0:00:00,0:15:00,0,0,0
2062,2019-08-19 14:45:00,2019-08-19 15:00:00,12,30,0:01:14,0:13:46,1,0,1
2062,2019-08-19 15:00:00,2019-08-19 15:15:00,0,0,0:15:00,0:00:00,0,0,0
2062,2019-08-19 15:15:00,2019-08-19 15:30:00,0,0,0:15:00,0:00:00,0,0,0
2062,2019-08-19 15:30:00,2019-08-19 15:45:00,0,4,0:15:00,0:00:00,0,0,0
2062,2019-08-19 15:45:00,2019-08-19 16:00:00,1,11,0:13:12,0:01:48,0,0,0
2062,2019-08-19 16:00:00,2019-08-19 16:15:00,12,15,0:00:00,0:15:00,0,0,0
2062,2019-08-19 16:15:00,2019-08-19 16:30:00,17,39,0:00:00,0:15:00,0,0,0
2062,2019-08-19 16:30:00,2019-08-19 16:45:00,16,25,0:00:08,0:14:52,1,0,1
2062,2019-08-19 16:45:00,2019-08-19 17:00:00,2,8,0:14:53,0:00:07,1,0,1
2062,2019-08-19 17:00:00,2019-08-19 17:15:00,7,27,0:07:13,0:07:47,1,0,1
2062,2019-08-19 17:15:00,2019-08-19 17:30:00,15,18,0:00:00,0:15:00,0,0,0
2062,2019-08-19 17:30:00,2019-08-19 17:45:00,19,26,0:00:09,0:14:51,3,1,2
2062,2019-08-19 17:45:00,2019-08-19 18:00:00,9,18,0:00:00,0:15:00,0,0,0
2062,2019-08-19 18:00:00,2019-08-19 18:15:00,19,39,0:00:09,0:14:51,3,1,2
2062,2019-08-19 18:15:00,2019-08-19 18:30:00,17,22,0:00:19,0:14:41,4,2,2
2062,2019-08-19 18:30:00,2019-08-19 18:45:00,10,26,0:11:34,0:03:26,4,2,2
2062,2019-08-19 18:45:00,2019-08-19 19:00:00,0,7,0:15:00,0:00:00,0,0,0
2062,2019-08-19 19:00:00,2019-08-19 19:15:00,0,7,0:15:00,0:00:00,0,0,0
2062,2019-08-19 19:15:00,2019-08-19 19:30:00,23,51,0:02:33,0:12:27,6,3,3
2062,2019-08-19 19:30:00,2019-08-19 19:45:00,18,28,0:00:45,0:14:15,6,3,3
2062,2019-08-19 19:45:00,2019-08-19 20:00:00,16,22,0:00:04,0:14:56,2,1,1
2062,2019-08-19 20:00:00,2019-08-19 20:15:00,21,37,0:00:07,0:14:53,2,1,1
2062,2019-08-19 20:15:00,2019-08-19 20:30:00,24,51,0:00:33,0:14:27,5,2,3
2062,2019-08-19 20:30:00,2019-08-19 20:45:00,4,17,0:12:42,0:02:18,1,0,1
2062,2019-08-19 20:45:00,2019-08-19 21:00:00,11,38,0:03:07,0:11:53,4,2,2
2062,2019-08-19 21:00:00,2019-08-19 21:15:00,19,35,0:00:43,0:14:17,5,2,3
2062,2019-08-19 21:15:00,2019-08-19 21:30:00,15,28,0:00:01,0:14:59,1,0,1
2062,2019-08-19 21:30:00,2019-08-19 21:45:00,6,24,0:13:08,0:01:52,2,1,1
2062,2019-08-19 21:45:00,2019-08-19 22:00:00,0,0,0:15:00,0:00:00,0,0,0
2062,2019-08-19 22:00:00,2019-08-19 22:15:00,1,11,0:10:57,0:04:03,1,0,1
2062,2019-08-19 22:15:00,2019-08-19 22:30:00,26,28,0:00:01,0:14:59,1,0,1
2062,2019-08-19 22:30:00,2019-08-19 22:45:00,12,40,0:02:43,0:12:17,2,1,1
2062,2019-08-19 22:45:00,2019-08-19 23:00:00,7,30,0:02:13,0:12:47,1,0,1
2062,2019-08-19 23:00:00,2019-08-19 23:15:00,0,2,0:15:00,0:00:00,0,0,0
2062,2019-08-19 23:15:00,2019-08-19 23:30:00,0,0,0:15:00,0:00:00,0,0,0
2062,2019-08-19 23:30:00,2019-08-19 23:45:00,3,16,0:11:38,0:03:22,0,0,0
2062,2019-08-19 23:45:00,2019-08-20 00:00:00,12,23,0:05:26,0:09:34,1,0,1
2062,2019-08-20 00:00:00,2019-08-20 00:15:00,0,0,0:15:00,0:00:00,0,0,0
2062,2019-08-20 00:15:00,2019-08-20 00:30:00,0,0,0:15:00,0:00:00,0,0,0
2062,2019-08-20 00:30:00,2019-08-20 00:45:00,0,3,0:15:00,0:00:00,0,0,0
2062,2019-08-20 00:45:00,2019-08-20 01:00:00,0,1,0:15:00,0:00:00,0,0,0
2062,2019-08-20 01:00:00,2019-08-20 01:15:00,13,39,0:01:56,0:13:04,1,0,1
2062,2019-08-20 01:15:00,2019-08-20 01:30:00,0,0,0:15:00,0:00:00,0,0,0
2062,2019-08-20 01:30:00,2019-08-20 01:45:00,0,2,0:15:00,0:00:00,0,0,0
2062,2019-08-20 01:45:00,2019-08-20 02:00:00,8,27,0:05:39,0:09:21,0,0,0
2062,2019-08-20 02:00:00,2019-08-20 02:15:00,2,7,0:14:57,0:00:03,1,0,1
2062,2019-08-20 02:15:00,2019-08-20 02:30:00,1,32,0:10:57,0:04:03,1,0,1
2062,2019-08-20 02:30:00,2019-08-20 02:45:00,0,1,0:15:00,0:00:00,0,0,0
2062,2019-08-20 02:45:00,2019-08-20 03:00:00,0,0,0:15:00,0:00:00,0,0,0
2062,2019-08-20 03:00:00,2019-08-20 03:15:00,0,0,0:15:00,0:00:00,0,0,0
2062,2019-08-20 03:15:00,2019-08-20 03:30:00,0,3,0:15:00,0:00:00,0,0,0
2062,2019-08-20 03:30:00,2019-08-20 03:45:00,2,25,0:10:17,0:04:43,1,0,1
2062,2019-08-20 03:45:00,2019-08-20 04:00:00,0,0,0:15:00,0:00:00,0,0,0
2062,2019-08-20 04:00:00,2019-08-20 04:15:00,4,13,0:10:12,0:04:48,0,0,0
2062,2019-08-20 04:15:00,2019-08-20 04:30:00,3,13,0:10:41,0:04:19,1,0,1
2062,2019-08-20 04:30:00,2019-08-20 04:45:00,0,0,0:15:00,0:00:00,0,0,0
2062,2019-08-20 04:45:00,2019-08-20 05:00:00,0,0,0:15:00,0:00:00,0,0,0
2062,2019-08-20 05:00:00,2019-08-20 05:15:00,0,13,0:14:54,0:00:06,0,0,0
2062,2019-08-20 05:15:00,2019-08-20 05:30:00,16,24,0:00:00,0:15:00,0,0,0
2062,2019-08-20 05:30:00,2019-08-20 05:45:00,9,27,0:03:18,0:11:42,1,0,1
2062,2019-08-20 05:45:00,2019-08-20 06:00:00,13,18,0:00:00,0:15:00,0,0,0
2062,2019-08-20 06:00:00,2019-08-20 06:15:00,9,11,0:00:52,0:14:08,12,6,6
2062,2019-08-20 06:15:00,2019-08-20 06:30:00,8,19,0:00:11,0:14:49,3,1,2
2062,2019-08-20 06:30:00,2019-08-20 06:45:00,17,30,0:00:16,0:14:44,3,1,2
2062,2019-08-20 06:45:00,2019-08-20 07:00:00,8,21,0:01:42,0:13:18,7,3,4
2062,2019-08-20 07:00:00,2019-08-20 07:15:00,16,24,0:00:06,0:14:54,2,1,1
2062,2019-08-20 07:15:00,2019-08-20 07:30:00,10,29,0:07:50,0:07:10,5,2,3
2062,2019-08-20 07:30:00,2019-08-20 07:45:00,0,0,0:15:00,0:00:00,0,0,0
2062,2019-08-20 07:45:00,2019-08-20 08:00:00,0,0,0:15:00,0:00:00,0,0,0
2062,2019-08-20 08:00:00,2019-08-20 08:15:00,0,1,0:15:00,0:00:00,0,0,0
2062,2019-08-20 08:15:00,2019-08-20 08:30:00,0,3,0:15:00,0:00:00,0,0,0
2062,2019-08-20 08:30:00,2019-08-20 08:45:00,0,5,0:15:00,0:00:00,0,0,0
2062,2019-08-20 08:45:00,2019-08-20 09:00:00,6,24,0:05:34,0:09:26,5,2,3
2062,2019-08-20 09:00:00,2019-08-20 09:15:00,12,20,0:00:38,0:14:22,5,2,3
2062,2019-08-20 09:15:00,2019-08-20 09:30:00,10,15,0:00:00,0:15:00,0,0,0
2062,2019-08-20 09:30:00,2019-08-20 09:45:00,3,12,0:01:32,0:13:28,4,2,2
2062,2019-08-20 09:45:00,2019-08-20 10:00:00,9,12,0:00:01,0:14:59,1,0,1
2062,2019-08-20 10:00:00,2019-08-20 10:15:00,15,29,0:00:13,0:14:47,3,1,2
2062,2019-08-20 10:15:00,2019-08-20 10:30:00,5,11,0:10:37,0:04:23,1,0,1
2062,2019-08-20 10:30:00,2019-08-20 10:45:00,0,0,0:15:00,0:00:00,0,0,0
2062,2019-08-20 10:45:00,2019-08-20 11:00:00,9,61,0:07:55,0:07:05,4,2,2
2062,2019-08-20 11:00:00,2019-08-20 11:15:00,21,36,0:00:05,0:14:55,1,0,1
2062,2019-08-20 11:15:00,2019-08-20 11:30:00,14,31,0:01:06,0:13:54,2,1,1
2062,2019-08-20 11:30:00,2019-08-20 11:45:00,0,0,0:15:00,0:00:00,0,0,0
2062,2019-08-20 11:45:00,2019-08-20 12:00:00,0,0,0:15:00,0:00:00,0,0,0
2062,2019-08-20 12:00:00,2019-08-20 12:15:00,6,40,0:07:38,0:07:22,1,0,1
2062,2019-08-20 12:15:00,2019-08-20 12:30:00,12,14,0:00:01,0:14:59,1,0,1
2062,2019-08-20 12:30:00,2019-08-20 12:45:00,2,8,0:14:44,0:00:16,1,0,1
2062,2019-08-20 12:45:00,2019-08-20 13:00:00,0,0,0:15:00,0:00:00,0,0,0
2062,2019-08-20 13:00:00,2019-08-20 13:15:00,0,0,0:15:00,0:00:00,0,0,0
2062,2019-08-20 13:15:00,2019-08-20 13:30:00,0,2,0:15:00,0:00:00,0,0,0
2062,2019-08-20 13:30:00,2019-08-20 13:45:00,12,30,0:02:52,0:12:08,0,0,0
2062,2019-08-20 13:45:00,2019-08-20 14:00:00,22,36,0:00:06,0:14:54,2,1,1
2062,2019-08-20 14:00:00,2019-08-20 14:15:00,22,60,0:00:31,0:14:29,5,2,3
2062,2019-08-20 14:15:00,2019-08-20 14:30:00,18,28,0:00:38,0:14:22,7,3,4
2062,2019-08-20 14:30:00,2019-08-20 14:45:00,7,22,0:09:23,0:05:37,2,1,1
2062,2019-08-20 14:45:00,2019-08-20 15:00:00,4,13,0:04:23,0:10:37,2,1,1
2062,2019-08-20 15:00:00,2019-08-20 15:15:00,0,18,0:15:00,0:00:00,0,0,0
2062,2019-08-20 15:15:00,2019-08-20 15:30:00,0,0,0:15:00,0:00:00,0,0,0
2062,2019-08-20 15:30:00,2019-08-20 15:45:00,14,33,0:00:46,0:14:14,3,1,2
2062,2019-08-20 15:45:00,2019-08-20 16:00:00,11,28,0:00:10,0:14:50,4,2,2
2062,2019-08-20 16:00:00,2019-08-20 16:15:00,8,12,0:00:22,0:14:38,2,1,1
2062,2019-08-20 16:15:00,2019-08-20 16:30:00,7,26,0:07:40,0:07:20,3,1,2
2062,2019-08-20 16:30:00,2019-08-20 16:45:00,0,2,0:15:00,0:00:00,0,0,0
2062,2019-08-20 16:45:00,2019-08-20 17:00:00,0,0,0:15:00,0:00:00,0,0,0
2062,2019-08-20 17:00:00,2019-08-20 17:15:00,2,11,0:11:29,0:03:31,0,0,0
2062,2019-08-20 17:15:00,2019-08-20 17:30:00,30,58,0:01:24,0:13:36,12,6,6
2062,2019-08-20 17:30:00,2019-08-20 17:45:00,16,15,0:00:05,0:14:55,2,1,1
2062,2019-08-20 17:45:00,2019-08-20 18:00:00,13,14,0:00:04,0:14:56,2,1,1
2062,2019-08-20 18:00:00,2019-08-20 18:15:00,14,34,0:00:52,0:14:08,5,2,3
2062,2019-08-20 18:15:00,2019-08-20 18:30:00,4,11,0:14:02,0:00:58,1,0,1
2062,2019-08-20 18:30:00,2019-08-20 18:45:00,0,3,0:15:00,0:00:00,0,0,0
2062,2019-08-20 18:45:00,2019-08-20 19:00:00,0,9,0:15:00,0:00:00,0,0,0
2062,2019-08-20 19:00:00,2019-08-20 19:15:00,19,33,0:00:06,0:14:54,2,1,1
2062,2019-08-20 19:15:00,2019-08-20 19:30:00,17,25,0:00:43,0:14:17,4,2,2
2062,2019-08-20 19:30:00,2019-08-20 19:45:00,19,45,0:00:29,0:14:31,5,2,3
2062,2019-08-20 19:45:00,2019-08-20 20:00:00,24,42,0:00:23,0:14:37,3,1,2
2062,2019-08-20 20:00:00,2019-08-20 20:15:00,14,30,0:00:15,0:14:45,3,1,2
2062,2019-08-20 20:15:00,2019-08-20 20:30:00,13,29,0:00:06,0:14:54,1,0,1
2062,2019-08-20 20:30:00,2019-08-20 20:45:00,6,21,0:09:37,0:05:23,1,0,1
2062,2019-08-20 20:45:00,2019-08-20 21:00:00,15,30,0:04:03,0:10:57,2,1,1
2062,2019-08-20 21:00:00,2019-08-20 21:15:00,22,46,0:00:10,0:14:50,2,1,1
2062,2019-08-20 21:15:00,2019-08-20 21:30:00,16,39,0:03:15,0:11:45,1,0,1
2062,2019-08-20 21:30:00,2019-08-20 21:45:00,0,4,0:15:00,0:00:00,0,0,0
2062,2019-08-20 21:45:00,2019-08-20 22:00:00,0,0,0:15:00,0:00:00,0,0,0
2062,2019-08-20 22:00:00,2019-08-20 22:15:00,0,0,0:15:00,0:00:00,0,0,0
2062,2019-08-20 22:15:00,2019-08-20 22:30:00,8,36,0:09:49,0:05:11,1,0,1
2062,2019-08-20 22:30:00,2019-08-20 22:45:00,0,3,0:15:00,0:00:00,0,0,0
2062,2019-08-20 22:45:00,2019-08-20 23:00:00,0,0,0:15:00,0:00:00,0,0,0
2062,2019-08-20 23:00:00,2019-08-20 23:15:00,0,0,0:15:00,0:00:00,0,0,0
2062,2019-08-20 23:15:00,2019-08-20 23:30:00,0,1,0:15:00,0:00:00,0,0,0
2062,2019-08-20 23:30:00,2019-08-20 23:45:00,0,0,0:15:00,0:00:00,0,0,0
2062,2019-08-20 23:45:00,2019-08-21 00:00:00,11,17,0:06:12,0:08:48,0,0,0
2062,2019-08-21 00:00:00,2019-08-21 00:15:00,5,20,0:13:54,0:01:06,2,1,1
2062,2019-08-21 00:15:00,2019-08-21 00:30:00,0,2,0:15:00,0:00:00,0,0,0
2062,2019-08-21 00:30:00,2019-08-21 00:45:00,0,7,0:15:00,0:00:00,0,0,0
2062,2019-08-21 00:45:00,2019-08-21 01:00:00,6,31,0:08:50,0:06:10,2,1,1
2062,2019-08-21 01:00:00,2019-08-21 01:15:00,0,0,0:15:00,0:00:00,0,0,0
2062,2019-08-21 01:15:00,2019-08-21 01:30:00,0,1,0:15:00,0:00:00,0,0,0
2062,2019-08-21 01:30:00,2019-08-21 01:45:00,0,0,0:15:00,0:00:00,0,0,0
2062,2019-08-21 01:45:00,2019-08-21 02:00:00,0,0,0:15:00,0:00:00,0,0,0
2062,2019-08-21 02:00:00,2019-08-21 02:15:00,0,0,0:15:00,0:00:00,0,0,0
2062,2019-08-21 02:15:00,2019-08-21 02:30:00,5,18,0:12:40,0:02:20,0,0,0
2062,2019-08-21 02:30:00,2019-08-21 02:45:00,9,62,0:03:57,0:11:03,2,1,1
2062,2019-08-21 02:45:00,2019-08-21 03:00:00,0,0,0:15:00,0:00:00,0,0,0
2062,2019-08-21 03:00:00,2019-08-21 03:15:00,0,4,0:15:00,0:00:00,0,0,0
2062,2019-08-21 03:15:00,2019-08-21 03:30:00,0,0,0:15:00,0:00:00,0,0,0
2062,2019-08-21 03:30:00,2019-08-21 03:45:00,0,0,0:15:00,0:00:00,0,0,0
2062,2019-08-21 03:45:00,2019-08-21 04:00:00,0,0,0:15:00,0:00:00,0,0,0
2062,2019-08-21 04:00:00,2019-08-21 04:15:00,0,0,0:15:00,0:00:00,0,0,0
2062,2019-08-21 04:15:00,2019-08-21 04:30:00,0,1,0:15:00,0:00:00,0,0,0
2062,2019-08-21 04:30:00,2019-08-21 04:45:00,1,10,0:14:29,0:00:31,0,0,0
2062,2019-08-21 04:45:00,2019-08-21 05:00:00,5,20,0:11:38,0:03:22,1,0,1
2062,2019-08-21 05:00:00,2019-08-21 05:15:00,0,1,0:15:00,0:00:00,0,0,0
2062,2019-08-21 05:15:00,2019-08-21 05:30:00,20,31,0:00:47,0:14:13,0,0,0
2062,2019-08-21 05:30:00,2019-08-21 05:45:00,10,24,0:00:00,0:15:00,0,0,0
2062,2019-08-21 05:45:00,2019-08-21 06:00:00,9,17,0:00:00,0:15:00,0,0,0
2062,2019-08-21 06:00:00,2019-08-21 06:15:00,9,9,0:01:53,0:13:07,20,10,10
2062,2019-08-21 06:15:00,2019-08-21 06:30:00,11,13,0:00:14,0:14:46,4,2,2
2062,2019-08-21 06:30:00,2019-08-21 06:45:00,10,16,0:00:00,0:15:00,0,0,0
2062,2019-08-21 06:45:00,2019-08-21 07:00:00,4,13,0:09:12,0:05:48,7,3,4
2062,2019-08-21 07:00:00,2019-08-21 07:15:00,0,0,0:15:00,0:00:00,0,0,0
2062,2019-08-21 07:15:00,2019-08-21 07:30:00,0,6,0:15:00,0:00:00,0,0,0
2062,2019-08-21 07:30:00,2019-08-21 07:45:00,0,30,0:15:00,0:00:00,0,0,0
2062,2019-08-21 07:45:00,2019-08-21 08:00:00,0,0,0:15:00,0:00:00,0,0,0
2062,2019-08-21 08:00:00,2019-08-21 08:15:00,0,1,0:15:00,0:00:00,0,0,0
2062,2019-08-21 08:15:00,2019-08-21 08:30:00,0,1,0:15:00,0:00:00,0,0,0
2062,2019-08-21 08:30:00,2019-08-21 08:45:00,10,33,0:01:44,0:13:16,4,2,2
2062,2019-08-21 08:45:00,2019-08-21 09:00:00,14,30,0:01:01,0:13:59,5,2,3
2062,2019-08-21 09:00:00,2019-08-21 09:15:00,13,33,0:05:36,0:09:24,12,6,6
2062,2019-08-21 09:15:00,2019-08-21 09:30:00,2,9,0:13:06,0:01:54,0,0,0
2062,2019-08-21 09:30:00,2019-08-21 09:45:00,13,17,0:00:16,0:14:44,6,3,3
2062,2019-08-21 09:45:00,2019-08-21 10:00:00,15,34,0:01:09,0:13:51,6,3,3
2062,2019-08-21 10:00:00,2019-08-21 10:15:00,9,18,0:01:36,0:13:24,13,6,7
2062,2019-08-21 10:15:00,2019-08-21 10:30:00,3,14,0:10:49,0:04:11,1,0,1
2062,2019-08-21 10:30:00,2019-08-21 10:45:00,0,3,0:15:00,0:00:00,0,0,0
2062,2019-08-21 10:45:00,2019-08-21 11:00:00,0,0,0:15:00,0:00:00,0,0,0
2062,2019-08-21 11:00:00,2019-08-21 11:15:00,8,33,0:03:39,0:11:21,4,2,2
2062,2019-08-21 11:15:00,2019-08-21 11:30:00,9,23,0:00:10,0:14:50,3,1,2
2062,2019-08-21 11:30:00,2019-08-21 11:45:00,12,19,0:00:00,0:15:00,0,0,0
2062,2019-08-21 11:45:00,2019-08-21 12:00:00,3,16,0:14:41,0:00:19,1,0,1
2062,2019-08-21 12:00:00,2019-08-21 12:15:00,0,3,0:15:00,0:00:00,0,0,0
2062,2019-08-21 12:15:00,2019-08-21 12:30:00,5,21,0:07:26,0:07:34,2,1,1
2062,2019-08-21 12:30:00,2019-08-21 12:45:00,13,32,0:00:02,0:14:58,2,1,1
2062,2019-08-21 12:45:00,2019-08-21 13:00:00,22,40,0:01:01,0:13:59,2,1,1
2062,2019-08-21 13:00:00,2019-08-21 13:15:00,0,0,0:15:00,0:00:00,0,0,0
2062,2019-08-21 13:15:00,2019-08-21 13:30:00,0,0,0:15:00,0:00:00,0,0,0
2062,2019-08-21 13:30:00,2019-08-21 13:45:00,0,0,0:15:00,0:00:00,0,0,0
2062,2019-08-21 13:45:00,2019-08-21 14:00:00,0,0,0:15:00,0:00:00,0,0,0
2062,2019-08-21 14:00:00,2019-08-21 14:15:00,10,30,0:06:07,0:08:53,2,1,1
2062,2019-08-21 14:15:00,2019-08-21 14:30:00,15,36,0:00:17,0:14:43,4,2,2
2062,2019-08-21 14:30:00,2019-08-21 14:45:00,17,28,0:00:03,0:14:57,1,0,1
2062,2019-08-21 14:45:00,2019-08-21 15:00:00,14,39,0:00:42,0:14:18,1,0,1
2062,2019-08-21 15:00:00,2019-08-21 15:15:00,0,0,0:15:00,0:00:00,0,0,0
2062,2019-08-21 15:15:00,2019-08-21 15:30:00,0,7,0:15:00,0:00:00,0,0,0
2062,2019-08-21 15:30:00,2019-08-21 15:45:00,9,25,0:02:03,0:12:57,1,0,1
2062,2019-08-21 15:45:00,2019-08-21 16:00:00,8,16,0:00:04,0:14:56,2,1,1
2062,2019-08-21 16:00:00,2019-08-21 16:15:00,17,31,0:00:02,0:14:58,2,1,1
2062,2019-08-21 16:15:00,2019-08-21 16:30:00,10,24,0:05:13,0:09:47,1,0,1
2062,2019-08-21 16:30:00,2019-08-21 16:45:00,0,0,0:15:00,0:00:00,0,0,0
2062,2019-08-21 16:45:00,2019-08-21 17:00:00,0,1,0:15:00,0:00:00,0,0,0
2062,2019-08-21 17:00:00,2019-08-21 17:15:00,8,26,0:01:11,0:13:49,0,0,0
2062,2019-08-21 17:15:00,2019-08-21 17:30:00,16,29,0:00:05,0:14:55,1,0,1
2062,2019-08-21 17:30:00,2019-08-21 17:45:00,9,15,0:00:01,0:14:59,1,0,1
2062,2019-08-21 17:45:00,2019-08-21 18:00:00,13,18,0:00:00,0:15:00,0,0,0
2062,2019-08-21 18:00:00,2019-08-21 18:15:00,10,32,0:08:38,0:06:22,4,2,2
2062,2019-08-21 18:15:00,2019-08-21 18:30:00,0,4,0:15:00,0:00:00,0,0,0
2062,2019-08-21 18:30:00,2019-08-21 18:45:00,0,0,0:15:00,0:00:00,0,0,0
2062,2019-08-21 18:45:00,2019-08-21 19:00:00,0,4,0:15:00,0:00:00,0,0,0
2062,2019-08-21 19:00:00,2019-08-21 19:15:00,9,31,0:05:16,0:09:44,2,1,1
2062,2019-08-21 19:15:00,2019-08-21 19:30:00,24,43,0:00:44,0:14:16,4,2,2
2062,2019-08-21 19:30:00,2019-08-21 19:45:00,22,42,0:00:48,0:14:12,8,4,4
2062,2019-08-21 19:45:00,2019-08-21 20:00:00,15,36,0:00:45,0:14:15,4,2,2
2062,2019-08-21 20:00:00,2019-08-21 20:15:00,13,28,0:00:16,0:14:44,4,2,2
2062,2019-08-21 20:15:00,2019-08-21 20:30:00,12,15,0:00:10,0:14:50,3,1,2
2062,2019-08-21 20:30:00,2019-08-21 20:45:00,2,7,0:13:08,0:01:52,1,0,1
2062,2019-08-21 20:45:00,2019-08-21 21:00:00,2,13,0:11:59,0:03:01,0,0,0
2062,2019-08-21 21:00:00,2019-08-21 21:15:00,22,56,0:00:13,0:14:47,4,2,2
2062,2019-08-21 21:15:00,2019-08-21 21:30:00,12,18,0:00:00,0:15:00,0,0,0
2062,2019-08-21 21:30:00,2019-08-21 21:45:00,12,37,0:01:27,0:13:33,1,0,1
2062,2019-08-21 21:45:00,2019-08-21 22:00:00,1,20,0:13:00,0:02:00,0,0,0
2062,2019-08-21 22:00:00,2019-08-21 22:15:00,13,27,0:00:00,0:15:00,0,0,0
2062,2019-08-21 22:15:00,2019-08-21 22:30:00,1,15,0:10:48,0:04:12,2,1,1
2062,2019-08-21 22:30:00,2019-08-21 22:45:00,0,5,0:15:00,0:00:00,0,0,0
2062,2019-08-21 22:45:00,2019-08-21 23:00:00,0,0,0:15:00,0:00:00,0,0,0
2062,2019-08-21 23:00:00,2019-08-21 23:15:00,0,0,0:15:00,0:00:00,0,0,0
2062,2019-08-21 23:15:00,2019-08-21 23:30:00,14,32,0:00:55,0:14:05,0,0,0
2062,2019-08-21 23:30:00,2019-08-21 23:45:00,12,19,0:00:00,0:15:00,0,0,0
2062,2019-08-21 23:45:00,2019-08-22 00:00:00,8,22,0:05:06,0:09:54,2,1,1
2062,2019-08-22 00:00:00,2019-08-22 00:15:00,0,1,0:15:00,0:00:00,0,0,0
2062,2019-08-22 00:15:00,2019-08-22 00:30:00,0,10,0:15:00,0:00:00,0,0,0
2062,2019-08-22 00:30:00,2019-08-22 00:45:00,19,43,0:00:19,0:14:41,1,0,1
2062,2019-08-22 00:45:00,2019-08-22 01:00:00,9,34,0:03:43,0:11:17,2,1,1
2062,2019-08-22 01:00:00,2019-08-22 01:15:00,0,0,0:15:00,0:00:00,0,0,0
2062,2019-08-22 01:15:00,2019-08-22 01:30:00,0,0,0:15:00,0:00:00,0,0,0
2062,2019-08-22 01:30:00,2019-08-22 01:45:00,1,27,0:10:58,0:04:02,1,0,1
2062,2019-08-22 01:45:00,2019-08-22 02:00:00,0,1,0:15:00,0:00:00,0,0,0
2062,2019-08-22 02:00:00,2019-08-22 02:15:00,0,0,0:15:00,0:00:00,0,0,0
2062,2019-08-22 02:15:00,2019-08-22 02:30:00,0,7,0:15:00,0:00:00,0,0,0
2062,2019-08-22 02:30:00,2019-08-22 02:45:00,0,0,0:15:00,0:00:00,0,0,0
2062,2019-08-22 02:45:00,2019-08-22 03:00:00,9,24,0:01:45,0:13:15,1,0,1
2062,2019-08-22 03:00:00,2019-08-22 03:15:00,3,12,0:12:31,0:02:29,2,1,1
2062,2019-08-22 03:15:00,2019-08-22 03:30:00,0,5,0:15:00,0:00:00,0,0,0
2062,2019-08-22 03:30:00,2019-08-22 03:45:00,0,1,0:15:00,0:00:00,0,0,0
2062,2019-08-22 03:45:00,2019-08-22 04:00:00,0,0,0:15:00,0:00:00,0,0,0
2062,2019-08-22 04:00:00,2019-08-22 04:15:00,0,1,0:15:00,0:00:00,0,0,0
2062,2019-08-22 04:15:00,2019-08-22 04:30:00,10,31,0:02:33,0:12:27,0,0,0
2062,2019-08-22 04:30:00,2019-08-22 04:45:00,9,17,0:01:49,0:13:11,1,0,1
2062,2019-08-22 04:45:00,2019-08-22 05:00:00,0,24,0:15:00,0:00:00,0,0,0
2062,2019-08-22 05:00:00,2019-08-22 05:15:00,3,13,0:12:33,0:02:27,0,0,0
2062,2019-08-22 05:15:00,2019-08-22 05:30:00,13,28,0:00:01,0:14:59,1,0,1
2062,2019-08-22 05:30:00,2019-08-22 05:45:00,12,14,0:00:00,0:15:00,0,0,0
2062,2019-08-22 05:45:00,2019-08-22 06:00:00,15,18,0:00:00,0:15:00,0,0,0
2062,2019-08-22 06:00:00,2019-08-22 06:15:00,12,22,0:00:00,0:15:00,0,0,0
2062,2019-08-22 06:15:00,2019-08-22 06:30:00,9,16,0:00:05,0:14:55,2,1,1
2062,2019-08-22 06:30:00,2019-08-22 06:45:00,5,17,0:00:05,0:14:55,3,1,2
2062,2019-08-22 06:45:00,2019-08-22 07:00:00,15,29,0:00:01,0:14:59,1,0,1
2062,2019-08-22 07:00:00,2019-08-22 07:15:00,8,32,0:07:47,0:07:13,1,0,1
2062,2019-08-22 07:15:00,2019-08-22 07:30:00,0,0,0:15:00,0:00:00,0,0,0
2062,2019-08-22 07:30:00,2019-08-22 07:45:00,0,3,0:15:00,0:00:00,0,0,0
2062,2019-08-22 07:45:00,2019-08-22 08:00:00,0,0,0:15:00,0:00:00,0,0,0
2062,2019-08-22 08:00:00,2019-08-22 08:15:00,0,0,0:15:00,0:00:00,0,0,0
2062,2019-08-22 08:15:00,2019-08-22 08:30:00,0,0,0:15:00,0:00:00,0,0,0
2062,2019-08-22 08:30:00,2019-08-22 08:45:00,11,26,0:04:53,0:10:07,1,0,1
2062,2019-08-22 08:45:00,2019-08-22 09:00:00,14,31,0:00:36,0:14:24,7,3,4
2062,2019-08-22 09:00:00,2019-08-22 09:15:00,15,32,0:00:47,0:14:13,4,2,2
2062,2019-08-22 09:15:00,2019-08-22 09:30:00,6,31,0:01:48,0:13:12,1,0,1
2062,2019-08-22 09:30:00,2019-08-22 09:45:00,8,11,0:00:01,0:14:59,1,0,1
2062,2019-08-22 09:45:00,2019-08-22 10:00:00,5,7,0:00:00,0:15:00,0,0,0
2062,2019-08-22 10:00:00,2019-08-22 10:15:00,12,26,0:01:18,0:13:42,9,4,5
2062,2019-08-22 10:15:00,2019-08-22 10:30:00,12,22,0:00:00,0:15:00,0,0,0
2062,2019-08-22 10:30:00,2019-08-22 10:45:00,9,25,0:05:06,0:09:54,1,0,1
2062,2019-08-22 10:45:00,2019-08-22 11:00:00,2,21,0:10:19,0:04:41,1,0,1
2062,2019-08-22 11:00:00,2019-08-22 11:15:00,11,18,0:00:00,0:15:00,0,0,0
2062,2019-08-22 11:15:00,2019-08-22 11:30:00,20,44,0:01:13,0:13:47,11,5,6
2062,2019-08-22 11:30:00,2019-08-22 11:45:00,12,34,0:07:40,0:07:20,3,1,2
2062,2019-08-22 11:45:00,2019-08-22 12:00:00,0,1,0:15:00,0:00:00,0,0,0
2062,2019-08-22 12:00:00,2019-08-22 12:15:00,0,0,0:15:00,0:00:00,0,0,0
2062,2019-08-22 12:15:00,2019-08-22 12:30:00,6,16,0:05:20,0:09:40,0,0,0
2062,2019-08-22 12:30:00,2019-08-22 12:45:00,14,23,0:00:00,0:15:00,0,0,0
2062,2019-08-22 12:45:00,2019-08-22 13:00:00,15,61,0:03:19,0:11:41,4,2,2
2062,2019-08-22 13:00:00,2019-08-22 13:15:00,8,50,0:09:05,0:11:08,4,2,2
2062,2019-08-22 13:15:00,2019-08-22 13:30:00,0,0,0:15:00,0:00:00,0,0,0
2062,2019-08-22 13:30:00,2019-08-22 13:45:00,6,23,0:09:06,0:05:54,2,1,1
2062,2019-08-22 13:45:00,2019-08-22 14:00:00,0,0,0:15:00,0:00:00,0,0,0
2062,2019-08-22 14:00:00,2019-08-22 14:15:00,1,7,0:10:46,0:04:14,0,0,0
2062,2019-08-22 14:15:00,2019-08-22 14:30:00,22,35,0:00:00,0:15:00,0,0,0
2062,2019-08-22 14:30:00,2019-08-22 14:45:00,2,10,0:13:57,0:01:03,1,0,1
2062,2019-08-22 14:45:00,2019-08-22 15:00:00,0,0,0:15:00,0:00:00,0,0,0
2062,2019-08-22 15:00:00,2019-08-22 15:15:00,0,0,0:15:00,0:00:00,0,0,0
2062,2019-08-22 15:15:00,2019-08-22 15:30:00,0,0,0:15:00,0:00:00,0,0,0
2062,2019-08-22 15:30:00,2019-08-22 15:45:00,6,25,0:05:06,0:09:54,1,0,1
2062,2019-08-22 15:45:00,2019-08-22 16:00:00,10,24,0:00:00,0:15:00,0,0,0
2062,2019-08-22 16:00:00,2019-08-22 16:15:00,8,13,0:00:00,0:15:00,0,0,0
2062,2019-08-22 16:15:00,2019-08-22 16:30:00,8,45,0:01:04,0:13:56,2,1,1
2062,2019-08-22 16:30:00,2019-08-22 16:45:00,4,15,0:09:16,0:05:44,1,0,1
2062,2019-08-22 16:45:00,2019-08-22 17:00:00,12,29,0:00:00,0:15:00,0,0,0
2062,2019-08-22 17:00:00,2019-08-22 17:15:00,3,13,0:00:01,0:14:59,1,0,1
2062,2019-08-22 17:15:00,2019-08-22 17:30:00,16,39,0:00:00,0:15:00,0,0,0
2062,2019-08-22 17:30:00,2019-08-22 17:45:00,18,38,0:03:04,0:11:56,1,0,1
2062,2019-08-22 17:45:00,2019-08-22 18:00:00,0,0,0:15:00,0:00:00,0,0,0
2062,2019-08-22 18:00:00,2019-08-22 18:15:00,0,1,0:15:00,0:00:00,0,0,0
2062,2019-08-22 18:15:00,2019-08-22 18:30:00,0,0,0:15:00,0:00:00,0,0,0
2062,2019-08-22 18:30:00,2019-08-22 18:45:00,6,19,0:08:47,0:06:13,0,0,0
2062,2019-08-22 18:45:00,2019-08-22 19:00:00,20,41,0:00:19,0:14:41,2,1,1
2062,2019-08-22 19:00:00,2019-08-22 19:15:00,11,35,0:00:30,0:14:30,3,1,2
2062,2019-08-22 19:15:00,2019-08-22 19:30:00,10,37,0:05:34,0:09:26,2,1,1
2062,2019-08-22 19:30:00,2019-08-22 19:45:00,1,14,0:13:25,0:01:35,0,0,0
2062,2019-08-22 19:45:00,2019-08-22 20:00:00,14,12,0:00:00,0:15:00,0,0,0
2062,2019-08-22 20:00:00,2019-08-22 20:15:00,16,33,0:00:33,0:14:27,6,3,3
2062,2019-08-22 20:15:00,2019-08-22 20:30:00,22,39,0:00:02,0:14:58,2,1,1
2062,2019-08-22 20:30:00,2019-08-22 20:45:00,7,10,0:00:00,0:15:00,0,0,0
2062,2019-08-22 20:45:00,2019-08-22 21:00:00,5,17,0:11:55,0:03:05,1,0,1
2062,2019-08-22 21:00:00,2019-08-22 21:15:00,0,0,0:15:00,0:00:00,0,0,0
2062,2019-08-22 21:15:00,2019-08-22 21:30:00,0,0,0:15:00,0:00:00,0,0,0
2062,2019-08-22 21:30:00,2019-08-22 21:45:00,1,10,0:14:25,0:00:35,1,0,1
2062,2019-08-22 21:45:00,2019-08-22 22:00:00,5,6,0:00:00,0:15:00,0,0,0
2062,2019-08-22 22:00:00,2019-08-22 22:15:00,10,45,0:00:30,0:14:30,1,0,1
2062,2019-08-22 22:15:00,2019-08-22 22:30:00,1,10,0:14:42,0:00:18,2,1,1
2062,2019-08-22 22:30:00,2019-08-22 22:45:00,10,40,0:06:16,0:08:44,1,0,1
2062,2019-08-22 22:45:00,2019-08-22 23:00:00,0,1,0:15:00,0:00:00,0,0,0
2062,2019-08-22 23:00:00,2019-08-22 23:15:00,0,0,0:15:00,0:00:00,0,0,0
2062,2019-08-22 23:15:00,2019-08-22 23:30:00,0,0,0:15:00,0:00:00,0,0,0
2062,2019-08-22 23:30:00,2019-08-22 23:45:00,10,31,0:02:21,0:12:39,0,0,0
2062,2019-08-22 23:45:00,2019-08-23 00:00:00,5,20,0:10:42,0:04:18,1,0,1
2062,2019-08-23 00:00:00,2019-08-23 00:15:00,0,9,0:15:00,0:00:00,0,0,0
2062,2019-08-23 00:15:00,2019-08-23 00:30:00,0,3,0:15:00,0:00:00,0,0,0
2062,2019-08-23 00:30:00,2019-08-23 00:45:00,0,3,0:15:00,0:00:00,0,0,0
2062,2019-08-23 00:45:00,2019-08-23 01:00:00,2,24,0:14:22,0:00:38,0,0,0
2062,2019-08-23 01:00:00,2019-08-23 01:15:00,3,11,0:11:02,0:03:58,1,0,1
2062,2019-08-23 01:15:00,2019-08-23 01:30:00,0,0,0:15:00,0:00:00,0,0,0
2062,2019-08-23 01:30:00,2019-08-23 01:45:00,0,0,0:15:00,0:00:00,0,0,0
2062,2019-08-23 01:45:00,2019-08-23 02:00:00,0,2,0:15:00,0:00:00,0,0,0
2062,2019-08-23 02:00:00,2019-08-23 02:15:00,0,0,0:15:00,0:00:00,0,0,0
2062,2019-08-23 02:15:00,2019-08-23 02:30:00,9,39,0:09:10,0:05:50,1,0,1
2062,2019-08-23 02:30:00,2019-08-23 02:45:00,0,6,0:15:00,0:00:00,0,0,0
2062,2019-08-23 02:45:00,2019-08-23 03:00:00,0,0,0:15:00,0:00:00,0,0,0
2062,2019-08-23 03:00:00,2019-08-23 03:15:00,0,10,0:15:00,0:00:00,0,0,0
2062,2019-08-23 03:15:00,2019-08-23 03:30:00,0,0,0:15:00,0:00:00,0,0,0
2062,2019-08-23 03:30:00,2019-08-23 03:45:00,0,0,0:15:00,0:00:00,0,0,0
2062,2019-08-23 03:45:00,2019-08-23 04:00:00,0,0,0:15:00,0:00:00,0,0,0
2062,2019-08-23 04:00:00,2019-08-23 04:15:00,0,10,0:15:00,0:00:00,0,0,0
2062,2019-08-23 04:15:00,2019-08-23 04:30:00,1,16,0:12:51,0:02:09,0,0,0
2062,2019-08-23 04:30:00,2019-08-23 04:45:00,8,16,0:11:43,0:03:17,1,0,1
2062,2019-08-23 04:45:00,2019-08-23 05:00:00,0,0,0:15:00,0:00:00,0,0,0
2062,2019-08-23 05:00:00,2019-08-23 05:15:00,7,21,0:10:05,0:04:55,0,0,0
2062,2019-08-23 05:15:00,2019-08-23 05:30:00,17,31,0:00:00,0:15:00,0,0,0
2062,2019-08-23 05:30:00,2019-08-23 05:45:00,18,30,0:00:00,0:15:00,0,0,0
2062,2019-08-23 05:45:00,2019-08-23 06:00:00,15,25,0:00:18,0:14:42,2,1,1
2062,2019-08-23 06:00:00,2019-08-23 06:15:00,6,13,0:00:47,0:14:13,6,3,3
2062,2019-08-23 06:15:00,2019-08-23 06:30:00,12,49,0:00:37,0:14:23,4,2,2
2062,2019-08-23 06:30:00,2019-08-23 06:45:00,10,21,0:00:07,0:14:53,2,1,1
2062,2019-08-23 06:45:00,2019-08-23 07:00:00,2,10,0:14:56,0:00:04,1,0,1
2062,2019-08-23 07:00:00,2019-08-23 07:15:00,0,0,0:15:00,0:00:00,0,0,0
2062,2019-08-23 07:15:00,2019-08-23 07:30:00,0,0,0:15:00,0:00:00,0,0,0
2062,2019-08-23 07:30:00,2019-08-23 07:45:00,0,0,0:15:00,0:00:00,0,0,0
2062,2019-08-23 07:45:00,2019-08-23 08:00:00,0,1,0:15:00,0:00:00,0,0,0
2062,2019-08-23 08:00:00,2019-08-23 08:15:00,6,29,0:06:55,0:08:05,1,0,1
2062,2019-08-23 08:15:00,2019-08-23 08:30:00,19,34,0:00:17,0:14:43,5,2,3
2062,2019-08-23 08:30:00,2019-08-23 08:45:00,4,13,0:00:10,0:14:50,2,1,1
2062,2019-08-23 08:45:00,2019-08-23 09:00:00,11,26,0:01:48,0:13:12,2,1,1
2062,2019-08-23 09:00:00,2019-08-23 09:15:00,0,0,0:15:00,0:00:00,0,0,0
2062,2019-08-23 09:15:00,2019-08-23 09:30:00,7,20,0:06:47,0:08:13,1,0,1
2062,2019-08-23 09:30:00,2019-08-23 09:45:00,8,14,0:04:50,0:10:10,1,0,1
2062,2019-08-23 09:45:00,2019-08-23 10:00:00,14,24,0:00:01,0:14:59,1,0,1
2062,2019-08-23 10:00:00,2019-08-23 10:15:00,19,41,0:00:22,0:14:38,6,3,3
2062,2019-08-23 10:15:00,2019-08-23 10:30:00,11,25,0:01:39,0:13:21,7,3,4
2062,2019-08-23 10:30:00,2019-08-23 10:45:00,15,38,0:00:26,0:14:34,2,1,1
2062,2019-08-23 10:45:00,2019-08-23 11:00:00,15,28,0:00:02,0:14:58,2,1,1
2062,2019-08-23 11:00:00,2019-08-23 11:15:00,17,24,0:00:00,0:15:00,0,0,0
2062,2019-08-23 11:15:00,2019-08-23 11:30:00,5,14,0:13:54,0:01:06,1,0,1
2062,2019-08-23 11:30:00,2019-08-23 11:45:00,0,2,0:15:00,0:00:00,0,0,0
2062,2019-08-23 11:45:00,2019-08-23 12:00:00,0,19,0:15:00,0:00:00,0,0,0
2062,2019-08-23 12:00:00,2019-08-23 12:15:00,2,9,0:13:28,0:01:32,0,0,0
2062,2019-08-23 12:15:00,2019-08-23 12:30:00,14,28,0:00:01,0:14:59,1,0,1
2062,2019-08-23 12:30:00,2019-08-23 12:45:00,18,54,0:00:07,0:14:53,2,1,1
2062,2019-08-23 12:45:00,2019-08-23 13:00:00,7,20,0:12:31,0:02:29,1,0,1
2062,2019-08-23 13:00:00,2019-08-23 13:15:00,0,0,0:15:00,0:00:00,0,0,0
2062,2019-08-23 13:15:00,2019-08-23 13:30:00,10,37,0:02:20,0:12:40,0,0,0
2062,2019-08-23 13:30:00,2019-08-23 13:45:00,20,39,0:00:00,0:15:00,0,0,0
2062,2019-08-23 13:45:00,2019-08-23 14:00:00,13,20,0:00:01,0:14:59,1,0,1
2062,2019-08-23 14:00:00,2019-08-23 14:15:00,10,22,0:04:48,0:10:12,9,4,5
2062,2019-08-23 14:15:00,2019-08-23 14:30:00,0,0,0:15:00,0:00:00,0,0,0
2062,2019-08-23 14:30:00,2019-08-23 14:45:00,0,0,0:15:00,0:00:00,0,0,0
2062,2019-08-23 14:45:00,2019-08-23 15:00:00,0,0,0:15:00,0:00:00,0,0,0
2062,2019-08-23 15:00:00,2019-08-23 15:15:00,0,0,0:15:00,0:00:00,0,0,0
2062,2019-08-23 15:15:00,2019-08-23 15:30:00,11,41,0:07:49,0:07:11,0,0,0
2062,2019-08-23 15:30:00,2019-08-23 15:45:00,16,26,0:00:01,0:14:59,1,0,1
2062,2019-08-23 15:45:00,2019-08-23 16:00:00,18,30,0:00:00,0:15:00,0,0,0
2062,2019-08-23 16:00:00,2019-08-23 16:15:00,10,15,0:00:00,0:15:00,0,0,0
2062,2019-08-23 16:15:00,2019-08-23 16:30:00,10,17,0:00:12,0:14:48,2,1,1
2062,2019-08-23 16:30:00,2019-08-23 16:45:00,6,17,0:13:03,0:01:57,1,0,1
2062,2019-08-23 16:45:00,2019-08-23 17:00:00,0,0,0:15:00,0:00:00,0,0,0
2062,2019-08-23 17:00:00,2019-08-23 17:15:00,3,9,0:09:54,0:05:06,1,0,1
2062,2019-08-23 17:15:00,2019-08-23 17:30:00,12,32,0:00:00,0:15:00,0,0,0
2062,2019-08-23 17:30:00,2019-08-23 17:45:00,13,25,0:00:04,0:14:56,1,0,1
2062,2019-08-23 17:45:00,2019-08-23 18:00:00,7,13,0:08:14,0:06:46,1,0,1
2062,2019-08-23 18:00:00,2019-08-23 18:15:00,0,3,0:15:00,0:00:00,0,0,0
2062,2019-08-23 18:15:00,2019-08-23 18:30:00,0,7,0:15:00,0:00:00,0,0,0
2062,2019-08-23 18:30:00,2019-08-23 18:45:00,0,4,0:15:00,0:00:00,0,0,0
2062,2019-08-23 18:45:00,2019-08-23 19:00:00,0,2,0:15:00,0:00:00,0,0,0
2062,2019-08-23 19:00:00,2019-08-23 19:15:00,0,2,0:15:00,0:00:00,0,0,0
2062,2019-08-23 19:15:00,2019-08-23 19:30:00,13,28,0:02:08,0:12:52,2,1,1
2062,2019-08-23 19:30:00,2019-08-23 19:45:00,12,22,0:00:24,0:14:36,2,1,1
2062,2019-08-23 19:45:00,2019-08-23 20:00:00,10,12,0:00:00,0:15:00,0,0,0
2062,2019-08-23 20:00:00,2019-08-23 20:15:00,15,24,0:00:00,0:15:00,0,0,0
2062,2019-08-23 20:15:00,2019-08-23 20:30:00,7,8,0:00:00,0:15:00,0,0,0
2062,2019-08-23 20:30:00,2019-08-23 20:45:00,18,27,0:00:01,0:14:59,1,0,1
2062,2019-08-23 20:45:00,2019-08-23 21:00:00,25,71,0:07:10,0:07:50,2,1,1
2062,2019-08-23 21:00:00,2019-08-23 21:15:00,0,0,0:15:00,0:00:00,0,0,0
2062,2019-08-23 21:15:00,2019-08-23 21:30:00,0,1,0:15:00,0:00:00,0,0,0
2062,2019-08-23 21:30:00,2019-08-23 21:45:00,15,79,0:08:24,0:06:36,1,0,1
2062,2019-08-23 21:45:00,2019-08-23 22:00:00,15,36,0:03:51,0:11:09,3,1,2
2062,2019-08-23 22:00:00,2019-08-23 22:15:00,0,8,0:15:00,0:00:00,0,0,0
2062,2019-08-23 22:15:00,2019-08-23 22:30:00,0,2,0:15:00,0:00:00,0,0,0
2062,2019-08-23 22:30:00,2019-08-23 22:45:00,0,0,0:15:00,0:00:00,0,0,0
2062,2019-08-23 22:45:00,2019-08-23 23:00:00,0,9,0:15:00,0:00:00,0,0,0
2062,2019-08-23 23:00:00,2019-08-23 23:15:00,0,7,0:15:00,0:00:00,0,0,0
2062,2019-08-23 23:15:00,2019-08-23 23:30:00,0,2,0:15:00,0:00:00,0,0,0
2062,2019-08-23 23:30:00,2019-08-23 23:45:00,10,30,0:08:56,0:06:04,0,0,0
2062,2019-08-23 23:45:00,2019-08-24 00:00:00,6,7,0:13:45,0:01:15,1,0,1
2062,2019-08-24 00:00:00,2019-08-24 00:15:00,0,0,0:15:00,0:00:00,0,0,0
2062,2019-08-24 00:15:00,2019-08-24 00:30:00,0,0,0:15:00,0:00:00,0,0,0
2062,2019-08-24 00:30:00,2019-08-24 00:45:00,0,0,0:15:00,0:00:00,0,0,0
2062,2019-08-24 00:45:00,2019-08-24 01:00:00,0,0,0:15:00,0:00:00,0,0,0
2062,2019-08-24 01:00:00,2019-08-24 01:15:00,0,0,0:15:00,0:00:00,0,0,0
2062,2019-08-24 01:15:00,2019-08-24 01:30:00,0,13,0:14:15,0:00:45,0,0,0
2062,2019-08-24 01:30:00,2019-08-24 01:45:00,5,17,0:12:25,0:02:35,1,0,1
2062,2019-08-24 01:45:00,2019-08-24 02:00:00,0,6,0:15:00,0:00:00,0,0,0
2062,2019-08-24 02:00:00,2019-08-24 02:15:00,0,2,0:15:00,0:00:00,0,0,0
2062,2019-08-24 02:15:00,2019-08-24 02:30:00,0,7,0:15:00,0:00:00,0,0,0
2062,2019-08-24 02:30:00,2019-08-24 02:45:00,0,1,0:15:00,0:00:00,0,0,0
2062,2019-08-24 02:45:00,2019-08-24 03:00:00,0,3,0:15:00,0:00:00,0,0,0
2062,2019-08-24 03:00:00,2019-08-24 03:15:00,2,8,0:12:10,0:02:50,0,0,0
2062,2019-08-24 03:15:00,2019-08-24 03:30:00,0,12,0:14:49,0:00:11,1,0,1
2062,2019-08-24 03:30:00,2019-08-24 03:45:00,0,0,0:15:00,0:00:00,0,0,0
2062,2019-08-24 03:45:00,2019-08-24 04:00:00,0,0,0:15:00,0:00:00,0,0,0
2062,2019-08-24 04:00:00,2019-08-24 04:15:00,0,0,0:15:00,0:00:00,0,0,0
2062,2019-08-24 04:15:00,2019-08-24 04:30:00,0,0,0:15:00,0:00:00,0,0,0
2062,2019-08-24 04:30:00,2019-08-24 04:45:00,7,28,0:12:33,0:02:27,1,0,1
2062,2019-08-24 04:45:00,2019-08-24 05:00:00,0,0,0:15:00,0:00:00,0,0,0
2062,2019-08-24 05:00:00,2019-08-24 05:15:00,0,12,0:15:00,0:00:00,0,0,0
2062,2019-08-24 05:15:00,2019-08-24 05:30:00,26,51,0:01:30,0:13:30,0,0,0
2062,2019-08-24 05:30:00,2019-08-24 05:45:00,16,35,0:00:00,0:15:00,0,0,0
2062,2019-08-24 05:45:00,2019-08-24 06:00:00,15,18,0:00:00,0:15:00,0,0,0
2062,2019-08-24 06:00:00,2019-08-24 06:15:00,5,8,0:00:04,0:14:56,1,0,1
2062,2019-08-24 06:15:00,2019-08-24 06:30:00,16,26,0:00:21,0:14:39,7,3,4
2062,2019-08-24 06:30:00,2019-08-24 06:45:00,11,31,0:01:38,0:13:22,13,6,7
2062,2019-08-24 06:45:00,2019-08-24 07:00:00,19,48,0:01:18,0:13:42,11,5,6
2062,2019-08-24 07:00:00,2019-08-24 07:15:00,11,20,0:01:33,0:13:27,10,5,5
2062,2019-08-24 07:15:00,2019-08-24 07:30:00,7,27,0:05:47,0:09:13,2,1,1
2062,2019-08-24 07:30:00,2019-08-24 07:45:00,0,0,0:15:00,0:00:00,0,0,0
2062,2019-08-24 07:45:00,2019-08-24 08:00:00,0,0,0:15:00,0:00:00,0,0,0
2062,2019-08-24 08:00:00,2019-08-24 08:15:00,0,0,0:15:00,0:00:00,0,0,0
2062,2019-08-24 08:15:00,2019-08-24 08:30:00,0,0,0:15:00,0:00:00,0,0,0
2062,2019-08-24 08:30:00,2019-08-24 08:45:00,0,0,0:15:00,0:00:00,0,0,0
2062,2019-08-24 08:45:00,2019-08-24 09:00:00,0,0,0:15:00,0:00:00,0,0,0
2062,2019-08-24 09:00:00,2019-08-24 09:15:00,0,0,0:15:00,0:00:00,0,0,0
2062,2019-08-24 09:15:00,2019-08-24 09:30:00,0,10,0:14:54,0:00:06,2,1,1
2062,2019-08-24 09:30:00,2019-08-24 09:45:00,14,34,0:00:46,0:14:14,5,2,3
2062,2019-08-24 09:45:00,2019-08-24 10:00:00,18,35,0:00:23,0:14:37,10,5,5
2062,2019-08-24 10:00:00,2019-08-24 10:15:00,24,48,0:00:15,0:14:45,3,1,2
2062,2019-08-24 10:15:00,2019-08-24 10:30:00,16,27,0:00:01,0:14:59,1,0,1
2062,2019-08-24 10:30:00,2019-08-24 10:45:00,14,39,0:00:12,0:14:48,3,1,2
2062,2019-08-24 10:45:00,2019-08-24 11:00:00,10,17,0:00:15,0:14:45,2,1,1
2062,2019-08-24 11:00:00,2019-08-24 11:15:00,15,38,0:03:07,0:11:53,13,6,7
2062,2019-08-24 11:15:00,2019-08-24 11:30:00,18,41,0:03:33,0:11:27,3,1,2
2062,2019-08-24 11:30:00,2019-08-24 11:45:00,0,0,0:15:00,0:00:00,0,0,0
2062,2019-08-24 11:45:00,2019-08-24 12:00:00,0,0,0:15:00,0:00:00,0,0,0
2062,2019-08-24 12:00:00,2019-08-24 12:15:00,11,17,0:03:00,0:12:00,2,1,1
2062,2019-08-24 12:15:00,2019-08-24 12:30:00,8,18,0:00:31,0:14:29,5,2,3
2062,2019-08-24 12:30:00,2019-08-24 12:45:00,12,25,0:04:58,0:10:02,6,3,3
2062,2019-08-24 12:45:00,2019-08-24 13:00:00,0,0,0:15:00,0:00:00,0,0,0
2062,2019-08-24 13:00:00,2019-08-24 13:15:00,0,0,0:15:00,0:00:00,0,0,0
2062,2019-08-24 13:15:00,2019-08-24 13:30:00,0,0,0:15:00,0:00:00,0,0,0
2062,2019-08-24 13:30:00,2019-08-24 13:45:00,0,1,0:15:00,0:00:00,0,0,0
2062,2019-08-24 13:45:00,2019-08-24 14:00:00,0,0,0:15:00,0:00:00,0,0,0
2062,2019-08-24 14:00:00,2019-08-24 14:15:00,0,0,0:15:00,0:00:00,0,0,0
2062,2019-08-24 14:15:00,2019-08-24 14:30:00,15,44,0:04:43,0:10:17,2,1,1
2062,2019-08-24 14:30:00,2019-08-24 14:45:00,14,32,0:00:33,0:14:27,4,2,2
2062,2019-08-24 14:45:00,2019-08-24 15:00:00,12,28,0:04:43,0:10:17,3,1,2
2062,2019-08-24 15:00:00,2019-08-24 15:15:00,0,0,0:15:00,0:00:00,0,0,0
2062,2019-08-24 15:15:00,2019-08-24 15:30:00,0,1,0:15:00,0:00:00,0,0,0
2062,2019-08-24 15:30:00,2019-08-24 15:45:00,0,8,0:15:00,0:00:00,0,0,0
2062,2019-08-24 15:45:00,2019-08-24 16:00:00,6,20,0:13:38,0:01:22,2,1,1
2062,2019-08-24 16:00:00,2019-08-24 16:15:00,18,31,0:00:01,0:14:59,1,0,1
2062,2019-08-24 16:15:00,2019-08-24 16:30:00,24,99,0:00:36,0:14:24,3,1,2
2062,2019-08-24 16:30:00,2019-08-24 16:45:00,9,27,0:07:29,0:07:31,1,0,1
2062,2019-08-24 16:45:00,2019-08-24 17:00:00,0,0,0:15:00,0:00:00,0,0,0
2062,2019-08-24 17:00:00,2019-08-24 17:15:00,16,51,0:01:38,0:13:22,8,4,4
2062,2019-08-24 17:15:00,2019-08-24 17:30:00,18,57,0:01:50,0:13:10,10,5,5
2062,2019-08-24 17:30:00,2019-08-24 17:45:00,7,16,0:01:00,0:14:00,3,1,2
2062,2019-08-24 17:45:00,2019-08-24 18:00:00,15,35,0:04:57,0:10:03,2,1,1
2062,2019-08-24 18:00:00,2019-08-24 18:15:00,0,0,0:15:00,0:00:00,0,0,0
2062,2019-08-24 18:15:00,2019-08-24 18:30:00,0,0,0:15:00,0:00:00,0,0,0
2062,2019-08-24 18:30:00,2019-08-24 18:45:00,0,0,0:15:00,0:00:00,0,0,0
2062,2019-08-24 18:45:00,2019-08-24 19:00:00,0,0,0:15:00,0:00:00,0,0,0
2062,2019-08-24 19:00:00,2019-08-24 19:15:00,4,17,0:10:32,0:04:28,2,1,1
2062,2019-08-24 19:15:00,2019-08-24 19:30:00,22,36,0:00:00,0:15:00,0,0,0
2062,2019-08-24 19:30:00,2019-08-24 19:45:00,17,35,0:00:32,0:14:28,5,2,3
2062,2019-08-24 19:45:00,2019-08-24 20:00:00,11,20,0:00:01,0:14:59,1,0,1
2062,2019-08-24 20:00:00,2019-08-24 20:15:00,17,31,0:01:03,0:13:57,1,0,1
2062,2019-08-24 20:15:00,2019-08-24 20:30:00,9,20,0:00:05,0:14:55,1,0,1
2062,2019-08-24 20:30:00,2019-08-24 20:45:00,20,32,0:00:05,0:14:55,2,1,1
2062,2019-08-24 20:45:00,2019-08-24 21:00:00,19,69,0:00:00,0:15:00,0,0,0
2062,2019-08-24 21:00:00,2019-08-24 21:15:00,17,67,0:04:17,0:10:43,5,2,3
2062,2019-08-24 21:15:00,2019-08-24 21:30:00,0,0,0:15:00,0:00:00,0,0,0
2062,2019-08-24 21:30:00,2019-08-24 21:45:00,0,0,0:15:00,0:00:00,0,0,0
2062,2019-08-24 21:45:00,2019-08-24 22:00:00,0,2,0:15:00,0:00:00,0,0,0
2062,2019-08-24 22:00:00,2019-08-24 22:15:00,0,0,0:15:00,0:00:00,0,0,0
2062,2019-08-24 22:15:00,2019-08-24 22:30:00,7,46,0:10:58,0:04:02,4,2,2
2062,2019-08-24 22:30:00,2019-08-24 22:45:00,0,5,0:15:00,0:00:00,0,0,0
2062,2019-08-24 22:45:00,2019-08-24 23:00:00,0,2,0:15:00,0:00:00,0,0,0
2062,2019-08-24 23:00:00,2019-08-24 23:15:00,0,2,0:15:00,0:00:00,0,0,0
2062,2019-08-24 23:15:00,2019-08-24 23:30:00,0,0,0:15:00,0:00:00,0,0,0
2062,2019-08-24 23:30:00,2019-08-24 23:45:00,0,6,0:15:00,0:00:00,0,0,0
2062,2019-08-24 23:45:00,2019-08-25 00:00:00,15,55,0:07:38,0:07:22,5,2,3
2062,2019-08-25 00:00:00,2019-08-25 00:15:00,5,16,0:11:54,0:03:06,1,0,1
2062,2019-08-25 00:15:00,2019-08-25 00:30:00,0,0,0:15:00,0:00:00,0,0,0
2062,2019-08-25 00:30:00,2019-08-25 00:45:00,0,0,0:15:00,0:00:00,0,0,0
2062,2019-08-25 00:45:00,2019-08-25 01:00:00,0,0,0:15:00,0:00:00,0,0,0
2062,2019-08-25 01:00:00,2019-08-25 01:15:00,0,0,0:15:00,0:00:00,0,0,0
2062,2019-08-25 01:15:00,2019-08-25 01:30:00,6,26,0:12:00,0:03:00,2,1,1
2062,2019-08-25 01:30:00,2019-08-25 01:45:00,0,0,0:15:00,0:00:00,0,0,0
2062,2019-08-25 01:45:00,2019-08-25 02:00:00,0,1,0:15:00,0:00:00,0,0,0
2062,2019-08-25 02:00:00,2019-08-25 02:15:00,0,1,0:15:00,0:00:00,0,0,0
2062,2019-08-25 02:15:00,2019-08-25 02:30:00,0,0,0:15:00,0:00:00,0,0,0
2062,2019-08-25 02:30:00,2019-08-25 02:45:00,0,0,0:15:00,0:00:00,0,0,0
2062,2019-08-25 02:45:00,2019-08-25 03:00:00,0,11,0:15:00,0:00:00,0,0,0
2062,2019-08-25 03:00:00,2019-08-25 03:15:00,0,3,0:15:00,0:00:00,0,0,0
2062,2019-08-25 03:15:00,2019-08-25 03:30:00,0,6,0:15:00,0:00:00,0,0,0
2062,2019-08-25 03:30:00,2019-08-25 03:45:00,0,6,0:15:00,0:00:00,0,0,0
2062,2019-08-25 03:45:00,2019-08-25 04:00:00,0,2,0:15:00,0:00:00,0,0,0
2062,2019-08-25 04:00:00,2019-08-25 04:15:00,0,0,0:15:00,0:00:00,0,0,0
2062,2019-08-25 04:15:00,2019-08-25 04:30:00,0,18,0:14:00,0:01:00,0,0,0
2062,2019-08-25 04:30:00,2019-08-25 04:45:00,7,14,0:13:50,0:01:10,1,0,1
2062,2019-08-25 04:45:00,2019-08-25 05:00:00,0,0,0:15:00,0:00:00,0,0,0
2062,2019-08-25 05:00:00,2019-08-25 05:15:00,0,0,0:15:00,0:00:00,0,0,0
2062,2019-08-25 05:15:00,2019-08-25 05:30:00,23,46,0:01:22,0:13:38,0,0,0
2062,2019-08-25 05:30:00,2019-08-25 05:45:00,10,20,0:00:16,0:14:44,1,0,1
2062,2019-08-25 05:45:00,2019-08-25 06:00:00,5,11,0:00:11,0:14:49,2,1,1
2062,2019-08-25 06:00:00,2019-08-25 06:15:00,9,17,0:00:07,0:14:53,1,0,1
2062,2019-08-25 06:15:00,2019-08-25 06:30:00,11,32,0:02:49,0:12:11,20,10,10
2062,2019-08-25 06:30:00,2019-08-25 06:45:00,11,34,0:00:37,0:14:23,8,4,4
2062,2019-08-25 06:45:00,2019-08-25 07:00:00,17,31,0:01:24,0:13:36,16,8,8
2062,2019-08-25 07:00:00,2019-08-25 07:15:00,16,48,0:07:10,0:07:50,8,4,4
2062,2019-08-25 07:15:00,2019-08-25 07:30:00,0,2,0:15:00,0:00:00,0,0,0
2062,2019-08-25 07:30:00,2019-08-25 07:45:00,0,0,0:15:00,0:00:00,0,0,0
2062,2019-08-25 07:45:00,2019-08-25 08:00:00,0,0,0:15:00,0:00:00,0,0,0
2062,2019-08-25 08:00:00,2019-08-25 08:15:00,0,0,0:15:00,0:00:00,0,0,0
2062,2019-08-25 08:15:00,2019-08-25 08:30:00,0,0,0:15:00,0:00:00,0,0,0
2062,2019-08-25 08:30:00,2019-08-25 08:45:00,6,26,0:10:08,0:04:52,0,0,0
2062,2019-08-25 08:45:00,2019-08-25 09:00:00,22,49,0:00:24,0:14:36,8,4,4
2062,2019-08-25 09:00:00,2019-08-25 09:15:00,13,34,0:00:36,0:14:24,4,2,2
2062,2019-08-25 09:15:00,2019-08-25 09:30:00,4,17,0:13:29,0:01:31,2,1,1
2062,2019-08-25 09:30:00,2019-08-25 09:45:00,0,1,0:15:00,0:00:00,0,0,0
2062,2019-08-25 09:45:00,2019-08-25 10:00:00,0,6,0:15:00,0:00:00,0,0,0
2062,2019-08-25 10:00:00,2019-08-25 10:15:00,0,8,0:15:00,0:00:00,0,0,0
2062,2019-08-25 10:15:00,2019-08-25 10:30:00,0,10,0:15:00,0:00:00,0,0,0
2062,2019-08-25 10:30:00,2019-08-25 10:45:00,0,6,0:15:00,0:00:00,0,0,0
2062,2019-08-25 10:45:00,2019-08-25 11:00:00,15,31,0:02:14,0:12:46,2,1,1
2062,2019-08-25 11:00:00,2019-08-25 11:15:00,26,50,0:00:05,0:14:55,5,2,3
2062,2019-08-25 11:15:00,2019-08-25 11:30:00,10,23,0:00:47,0:14:13,2,1,1
2062,2019-08-25 11:30:00,2019-08-25 11:45:00,15,35,0:01:21,0:13:39,1,0,1
2062,2019-08-25 11:45:00,2019-08-25 12:00:00,0,0,0:15:00,0:00:00,0,0,0
2062,2019-08-25 12:00:00,2019-08-25 12:15:00,0,0,0:15:00,0:00:00,0,0,0
2062,2019-08-25 12:15:00,2019-08-25 12:30:00,0,0,0:15:00,0:00:00,0,0,0
2062,2019-08-25 12:30:00,2019-08-25 12:45:00,0,0,0:15:00,0:00:00,0,0,0
2062,2019-08-25 12:45:00,2019-08-25 13:00:00,7,32,0:07:33,0:07:27,1,0,1
2062,2019-08-25 13:00:00,2019-08-25 13:15:00,6,17,0:00:18,0:14:42,3,1,2
2062,2019-08-25 13:15:00,2019-08-25 13:30:00,16,32,0:00:23,0:14:37,7,3,4
2062,2019-08-25 13:30:00,2019-08-25 13:45:00,13,31,0:00:43,0:14:17,8,4,4
2062,2019-08-25 13:45:00,2019-08-25 14:00:00,11,19,0:00:45,0:14:15,2,1,1
2062,2019-08-25 14:00:00,2019-08-25 14:15:00,7,30,0:04:06,0:10:54,9,4,5
2062,2019-08-25 14:15:00,2019-08-25 14:30:00,0,0,0:15:00,0:00:00,0,0,0
2062,2019-08-25 14:30:00,2019-08-25 14:45:00,0,0,0:15:00,0:00:00,0,0,0
2062,2019-08-25 14:45:00,2019-08-25 15:00:00,0,2,0:15:00,0:00:00,0,0,0
2062,2019-08-25 15:00:00,2019-08-25 15:15:00,0,0,0:15:00,0:00:00,0,0,0
2062,2019-08-25 15:15:00,2019-08-25 15:30:00,5,18,0:08:14,0:06:46,1,0,1
2062,2019-08-25 15:30:00,2019-08-25 15:45:00,8,21,0:00:00,0:15:00,0,0,0
2062,2019-08-25 15:45:00,2019-08-25 16:00:00,17,41,0:01:00,0:14:00,8,4,4
2062,2019-08-25 16:00:00,2019-08-25 16:15:00,11,46,0:01:41,0:13:19,16,8,8
2062,2019-08-25 16:15:00,2019-08-25 16:30:00,11,19,0:05:52,0:09:08,3,1,2
2062,2019-08-25 16:30:00,2019-08-25 16:45:00,0,5,0:15:00,0:00:00,0,0,0
2062,2019-08-25 16:45:00,2019-08-25 17:00:00,0,6,0:15:00,0:00:00,0,0,0
2062,2019-08-25 17:00:00,2019-08-25 17:15:00,17,42,0:01:46,0:13:14,6,3,3
2062,2019-08-25 17:15:00,2019-08-25 17:30:00,11,31,0:01:09,0:13:51,5,2,3
2062,2019-08-25 17:30:00,2019-08-25 17:45:00,0,12,0:14:45,0:00:15,1,0,1
2062,2019-08-25 17:45:00,2019-08-25 18:00:00,0,0,0:15:00,0:00:00,0,0,0
2062,2019-08-25 18:00:00,2019-08-25 18:15:00,0,1,0:15:00,0:00:00,0,0,0
2062,2019-08-25 18:15:00,2019-08-25 18:30:00,0,4,0:15:00,0:00:00,0,0,0
2062,2019-08-25 18:30:00,2019-08-25 18:45:00,19,46,0:00:56,0:14:04,6,3,3
2062,2019-08-25 18:45:00,2019-08-25 19:00:00,14,32,0:00:54,0:14:06,8,4,4
2062,2019-08-25 19:00:00,2019-08-25 19:15:00,3,8,0:00:00,0:15:00,0,0,0
2062,2019-08-25 19:15:00,2019-08-25 19:30:00,7,11,0:00:00,0:15:00,0,0,0
2062,2019-08-25 19:30:00,2019-08-25 19:45:00,16,36,0:00:07,0:14:53,3,1,2
2062,2019-08-25 19:45:00,2019-08-25 20:00:00,19,51,0:05:00,0:10:00,12,6,6
2062,2019-08-25 20:00:00,2019-08-25 20:15:00,16,35,0:01:38,0:13:22,11,5,6
2062,2019-08-25 20:15:00,2019-08-25 20:30:00,16,29,0:01:14,0:13:46,4,2,2
2062,2019-08-25 20:30:00,2019-08-25 20:45:00,28,139,0:00:01,0:14:59,1,0,1
2062,2019-08-25 20:45:00,2019-08-25 21:00:00,33,126,0:00:02,0:14:58,2,1,1
2062,2019-08-25 21:00:00,2019-08-25 21:15:00,17,66,0:00:12,0:14:48,2,1,1
2062,2019-08-25 21:15:00,2019-08-25 21:30:00,13,29,0:05:11,0:09:49,1,0,1
2062,2019-08-25 21:30:00,2019-08-25 21:45:00,0,0,0:15:00,0:00:00,0,0,0
2062,2019-08-25 21:45:00,2019-08-25 22:00:00,0,0,0:15:00,0:00:00,0,0,0
2062,2019-08-25 22:00:00,2019-08-25 22:15:00,0,4,0:15:00,0:00:00,0,0,0
2062,2019-08-25 22:15:00,2019-08-25 22:30:00,0,0,0:15:00,0:00:00,0,0,0
2062,2019-08-25 22:30:00,2019-08-25 22:45:00,0,0,0:15:00,0:00:00,0,0,0
2062,2019-08-25 22:45:00,2019-08-25 23:00:00,1,12,0:14:40,0:00:20,0,0,0
2062,2019-08-25 23:00:00,2019-08-25 23:15:00,12,38,0:07:23,0:07:37,1,0,1
2062,2019-08-25 23:15:00,2019-08-25 23:30:00,0,0,0:15:00,0:00:00,0,0,0
2062,2019-08-25 23:30:00,2019-08-25 23:45:00,0,0,0:15:00,0:00:00,0,0,0
2062,2019-08-25 23:45:00,2019-08-26 00:00:00,0,21,0:15:00,0:00:00,0,0,0
2062,2019-08-26 00:00:00,2019-08-26 00:15:00,0,4,0:15:00,0:00:00,0,0,0
2062,2019-08-26 00:15:00,2019-08-26 00:30:00,0,3,0:15:00,0:00:00,0,0,0
2062,2019-08-26 00:30:00,2019-08-26 00:45:00,0,1,0:15:00,0:00:00,0,0,0
2062,2019-08-26 00:45:00,2019-08-26 01:00:00,0,0,0:15:00,0:00:00,0,0,0
2062,2019-08-26 01:00:00,2019-08-26 01:15:00,0,5,0:15:00,0:00:00,0,0,0
2062,2019-08-26 01:15:00,2019-08-26 01:30:00,0,2,0:15:00,0:00:00,0,0,0
2062,2019-08-26 01:30:00,2019-08-26 01:45:00,0,2,0:15:00,0:00:00,0,0,0
2062,2019-08-26 01:45:00,2019-08-26 02:00:00,8,23,0:12:02,0:02:58,1,0,1
2062,2019-08-26 02:00:00,2019-08-26 02:15:00,0,0,0:15:00,0:00:00,0,0,0
2062,2019-08-26 02:15:00,2019-08-26 02:30:00,0,0,0:15:00,0:00:00,0,0,0
2062,2019-08-26 02:30:00,2019-08-26 02:45:00,0,0,0:15:00,0:00:00,0,0,0
2062,2019-08-26 02:45:00,2019-08-26 03:00:00,0,0,0:15:00,0:00:00,0,0,0
2062,2019-08-26 03:00:00,2019-08-26 03:15:00,0,0,0:15:00,0:00:00,0,0,0
2062,2019-08-26 03:15:00,2019-08-26 03:30:00,0,0,0:15:00,0:00:00,0,0,0
2062,2019-08-26 03:30:00,2019-08-26 03:45:00,0,0,0:15:00,0:00:00,0,0,0
2062,2019-08-26 03:45:00,2019-08-26 04:00:00,0,0,0:15:00,0:00:00,0,0,0
2062,2019-08-26 04:00:00,2019-08-26 04:15:00,6,28,0:12:26,0:02:34,1,0,1
2062,2019-08-26 04:15:00,2019-08-26 04:30:00,0,0,0:15:00,0:00:00,0,0,0
2062,2019-08-26 04:30:00,2019-08-26 04:45:00,0,0,0:15:00,0:00:00,0,0,0
2062,2019-08-26 04:45:00,2019-08-26 05:00:00,0,1,0:15:00,0:00:00,0,0,0
2062,2019-08-26 05:00:00,2019-08-26 05:15:00,0,0,0:15:00,0:00:00,0,0,0
2062,2019-08-26 05:15:00,2019-08-26 05:30:00,16,31,0:02:36,0:12:24,0,0,0
2062,2019-08-26 05:30:00,2019-08-26 05:45:00,2,8,0:12:39,0:02:21,1,0,1
2062,2019-08-26 05:45:00,2019-08-26 06:00:00,11,20,0:01:19,0:13:41,0,0,0
2062,2019-08-26 06:00:00,2019-08-26 06:15:00,11,17,0:00:01,0:14:59,1,0,1
2062,2019-08-26 06:15:00,2019-08-26 06:30:00,20,38,0:00:40,0:14:20,9,4,5
2062,2019-08-26 06:30:00,2019-08-26 06:45:00,20,44,0:00:29,0:14:31,6,3,3
2062,2019-08-26 06:45:00,2019-08-26 07:00:00,26,55,0:00:49,0:14:11,10,5,5
2062,2019-08-26 07:00:00,2019-08-26 07:15:00,5,12,0:00:31,0:14:29,7,3,4
2062,2019-08-26 07:15:00,2019-08-26 07:30:00,10,23,0:00:05,0:14:55,3,1,2
2062,2019-08-26 07:30:00,2019-08-26 07:45:00,13,31,0:05:22,0:09:38,10,5,5
2062,2019-08-26 07:45:00,2019-08-26 08:00:00,0,0,0:15:00,0:00:00,0,0,0
2062,2019-08-26 08:00:00,2019-08-26 08:15:00,0,1,0:15:00,0:00:00,0,0,0
2062,2019-08-26 08:15:00,2019-08-26 08:30:00,0,2,0:15:00,0:00:00,0,0,0
2062,2019-08-26 08:30:00,2019-08-26 08:45:00,0,10,0:15:00,0:00:00,0,0,0
2062,2019-08-26 08:45:00,2019-08-26 09:00:00,7,27,0:08:23,0:06:37,2,1,1
2062,2019-08-26 09:00:00,2019-08-26 09:15:00,0,0,0:15:00,0:00:00,0,0,0
2062,2019-08-26 09:15:00,2019-08-26 09:30:00,0,0,0:15:00,0:00:00,0,0,0
2062,2019-08-26 09:30:00,2019-08-26 09:45:00,0,5,0:15:00,0:00:00,0,0,0
2062,2019-08-26 09:45:00,2019-08-26 10:00:00,26,51,0:00:18,0:14:42,2,1,1
2062,2019-08-26 10:00:00,2019-08-26 10:15:00,18,33,0:00:00,0:15:00,0,0,0
2062,2019-08-26 10:15:00,2019-08-26 10:30:00,12,29,0:01:31,0:13:29,1,0,1
2062,2019-08-26 10:30:00,2019-08-26 10:45:00,0,1,0:15:00,0:00:00,0,0,0
2062,2019-08-26 10:45:00,2019-08-26 11:00:00,4,8,0:04:30,0:10:30,2,1,1
2062,2019-08-26 11:00:00,2019-08-26 11:15:00,14,23,0:00:02,0:14:58,2,1,1
2062,2019-08-26 11:15:00,2019-08-26 11:30:00,18,40,0:00:00,0:15:00,0,0,0
2062,2019-08-26 11:30:00,2019-08-26 11:45:00,15,37,0:00:02,0:14:58,2,1,1
2062,2019-08-26 11:45:00,2019-08-26 12:00:00,8,19,0:10:02,0:04:58,2,1,1
2062,2019-08-26 12:00:00,2019-08-26 12:15:00,0,0,0:15:00,0:00:00,0,0,0
2062,2019-08-26 12:15:00,2019-08-26 12:30:00,14,37,0:06:20,0:08:40,6,3,3
2062,2019-08-26 12:30:00,2019-08-26 12:45:00,15,29,0:00:44,0:14:16,1,0,1
2062,2019-08-26 12:45:00,2019-08-26 13:00:00,17,33,0:06:23,0:08:37,1,0,1
2062,2019-08-26 13:00:00,2019-08-26 13:15:00,0,0,0:15:00,0:00:00,0,0,0
2062,2019-08-26 13:15:00,2019-08-26 13:30:00,0,0,0:15:00,0:00:00,0,0,0
2062,2019-08-26 13:30:00,2019-08-26 13:45:00,0,2,0:15:00,0:00:00,0,0,0
2062,2019-08-26 13:45:00,2019-08-26 14:00:00,0,0,0:15:00,0:00:00,0,0,0
2062,2019-08-26 14:00:00,2019-08-26 14:15:00,10,33,0:04:40,0:10:20,1,0,1
2062,2019-08-26 14:15:00,2019-08-26 14:30:00,17,47,0:00:43,0:14:17,8,4,4
2062,2019-08-26 14:30:00,2019-08-26 14:45:00,13,33,0:00:27,0:14:33,1,0,1
2062,2019-08-26 14:45:00,2019-08-26 15:00:00,11,18,0:00:00,0:15:00,0,0,0
2062,2019-08-26 15:00:00,2019-08-26 15:15:00,1,19,0:13:42,0:01:18,1,0,1
2062,2019-08-26 15:15:00,2019-08-26 15:30:00,0,10,0:14:04,0:00:56,1,0,1
2062,2019-08-26 15:30:00,2019-08-26 15:45:00,17,38,0:01:15,0:13:45,2,1,1
2062,2019-08-26 15:45:00,2019-08-26 16:00:00,0,0,0:15:00,0:00:00,0,0,0
2062,2019-08-26 16:00:00,2019-08-26 16:15:00,2,14,0:12:30,0:02:30,0,0,0
2062,2019-08-26 16:15:00,2019-08-26 16:30:00,19,29,0:00:00,0:15:00,0,0,0
2062,2019-08-26 16:30:00,2019-08-26 16:45:00,18,31,0:00:00,0:15:00,0,0,0
2062,2019-08-26 16:45:00,2019-08-26 17:00:00,13,29,0:04:42,0:10:18,1,0,1
2062,2019-08-26 17:00:00,2019-08-26 17:15:00,10,23,0:03:52,0:11:08,1,0,1
2062,2019-08-26 17:15:00,2019-08-26 17:30:00,26,60,0:00:27,0:14:33,4,2,2
2062,2019-08-26 17:30:00,2019-08-26 17:45:00,16,35,0:00:20,0:14:40,1,0,1
2062,2019-08-26 17:45:00,2019-08-26 18:00:00,4,19,0:09:28,0:05:32,2,1,1
2062,2019-08-26 18:00:00,2019-08-26 18:15:00,0,2,0:15:00,0:00:00,0,0,0
2062,2019-08-26 18:15:00,2019-08-26 18:30:00,0,0,0:15:00,0:00:00,0,0,0
2062,2019-08-26 18:30:00,2019-08-26 18:45:00,0,0,0:15:00,0:00:00,0,0,0
2062,2019-08-26 18:45:00,2019-08-26 19:00:00,5,17,0:07:05,0:07:55,0,0,0
2062,2019-08-26 19:00:00,2019-08-26 19:15:00,24,38,0:00:00,0:15:00,0,0,0
2062,2019-08-26 19:15:00,2019-08-26 19:30:00,4,14,0:00:46,0:14:14,2,1,1
2062,2019-08-26 19:30:00,2019-08-26 19:45:00,3,17,0:12:30,0:02:30,1,0,1
2062,2019-08-26 19:45:00,2019-08-26 20:00:00,0,1,0:15:00,0:00:00,0,0,0
2062,2019-08-26 20:00:00,2019-08-26 20:15:00,6,19,0:02:26,0:12:34,1,0,1
2062,2019-08-26 20:15:00,2019-08-26 20:30:00,18,34,0:00:01,0:14:59,1,0,1
2062,2019-08-26 20:30:00,2019-08-26 20:45:00,12,25,0:00:00,0:15:00,0,0,0
2062,2019-08-26 20:45:00,2019-08-26 21:00:00,25,48,0:00:01,0:14:59,1,0,1
2062,2019-08-26 21:00:00,2019-08-26 21:15:00,14,30,0:07:46,0:07:14,2,1,1
2062,2019-08-26 21:15:00,2019-08-26 21:30:00,0,2,0:15:00,0:00:00,0,0,0
2062,2019-08-26 21:30:00,2019-08-26 21:45:00,0,6,0:15:00,0:00:00,0,0,0
2062,2019-08-26 21:45:00,2019-08-26 22:00:00,0,1,0:15:00,0:00:00,0,0,0
2062,2019-08-26 22:00:00,2019-08-26 22:15:00,0,10,0:15:00,0:00:00,0,0,0
2062,2019-08-26 22:15:00,2019-08-26 22:30:00,10,30,0:10:58,0:04:02,3,1,2
2062,2019-08-26 22:30:00,2019-08-26 22:45:00,0,0,0:15:00,0:00:00,0,0,0
2062,2019-08-26 22:45:00,2019-08-26 23:00:00,0,3,0:15:00,0:00:00,0,0,0
2062,2019-08-26 23:00:00,2019-08-26 23:15:00,0,0,0:15:00,0:00:00,0,0,0
2062,2019-08-26 23:15:00,2019-08-26 23:30:00,0,0,0:15:00,0:00:00,0,0,0
2062,2019-08-26 23:30:00,2019-08-26 23:45:00,8,38,0:11:38,0:03:22,2,1,1
2062,2019-08-26 23:45:00,2019-08-27 00:00:00,0,5,0:15:00,0:00:00,0,0,0
2062,2019-08-27 00:00:00,2019-08-27 00:15:00,0,11,0:15:00,0:00:00,0,0,0
2062,2019-08-27 00:15:00,2019-08-27 00:30:00,0,0,0:15:00,0:00:00,0,0,0
2062,2019-08-27 00:30:00,2019-08-27 00:45:00,0,1,0:15:00,0:00:00,0,0,0
2062,2019-08-27 00:45:00,2019-08-27 01:00:00,0,17,0:15:00,0:00:00,0,0,0
2062,2019-08-27 01:00:00,2019-08-27 01:15:00,0,0,0:15:00,0:00:00,0,0,0
2062,2019-08-27 01:15:00,2019-08-27 01:30:00,0,8,0:15:00,0:00:00,0,0,0
2062,2019-08-27 01:30:00,2019-08-27 01:45:00,0,3,0:15:00,0:00:00,0,0,0
2062,2019-08-27 01:45:00,2019-08-27 02:00:00,8,24,0:11:41,0:03:19,2,1,1
2062,2019-08-27 02:00:00,2019-08-27 02:15:00,0,0,0:15:00,0:00:00,0,0,0
2062,2019-08-27 02:15:00,2019-08-27 02:30:00,0,0,0:15:00,0:00:00,0,0,0
2062,2019-08-27 02:30:00,2019-08-27 02:45:00,0,0,0:15:00,0:00:00,0,0,0
2062,2019-08-27 02:45:00,2019-08-27 03:00:00,0,0,0:15:00,0:00:00,0,0,0
2062,2019-08-27 03:00:00,2019-08-27 03:15:00,12,48,0:11:15,0:03:45,1,0,1
2062,2019-08-27 03:15:00,2019-08-27 03:30:00,0,0,0:15:00,0:00:00,0,0,0
2062,2019-08-27 03:30:00,2019-08-27 03:45:00,0,2,0:15:00,0:00:00,0,0,0
2062,2019-08-27 03:45:00,2019-08-27 04:00:00,0,0,0:15:00,0:00:00,0,0,0
2062,2019-08-27 04:00:00,2019-08-27 04:15:00,0,3,0:15:00,0:00:00,0,0,0
2062,2019-08-27 04:15:00,2019-08-27 04:30:00,0,1,0:15:00,0:00:00,0,0,0
2062,2019-08-27 04:30:00,2019-08-27 04:45:00,0,2,0:15:00,0:00:00,0,0,0
2062,2019-08-27 04:45:00,2019-08-27 05:00:00,0,1,0:15:00,0:00:00,0,0,0
2062,2019-08-27 05:00:00,2019-08-27 05:15:00,9,24,0:10:57,0:04:03,1,0,1
2062,2019-08-27 05:15:00,2019-08-27 05:30:00,4,10,0:10:37,0:04:23,1,0,1
2062,2019-08-27 05:30:00,2019-08-27 05:45:00,14,21,0:00:00,0:15:00,0,0,0
2062,2019-08-27 05:45:00,2019-08-27 06:00:00,16,60,0:00:00,0:15:00,0,0,0
2062,2019-08-27 06:00:00,2019-08-27 06:15:00,15,29,0:00:50,0:14:10,9,4,5
2062,2019-08-27 06:15:00,2019-08-27 06:30:00,16,32,0:00:04,0:14:56,2,1,1
2062,2019-08-27 06:30:00,2019-08-27 06:45:00,13,38,0:00:44,0:14:16,8,4,4
2062,2019-08-27 06:45:00,2019-08-27 07:00:00,14,13,0:00:01,0:14:59,1,0,1
2062,2019-08-27 07:00:00,2019-08-27 07:15:00,24,86,0:10:53,0:04:07,2,1,1
2062,2019-08-27 07:15:00,2019-08-27 07:30:00,0,0,0:15:00,0:00:00,0,0,0
2062,2019-08-27 07:30:00,2019-08-27 07:45:00,0,0,0:15:00,0:00:00,0,0,0
2062,2019-08-27 07:45:00,2019-08-27 08:00:00,0,4,0:15:00,0:00:00,0,0,0
2062,2019-08-27 08:00:00,2019-08-27 08:15:00,0,0,0:15:00,0:00:00,0,0,0
2062,2019-08-27 08:15:00,2019-08-27 08:30:00,0,0,0:15:00,0:00:00,0,0,0
2062,2019-08-27 08:30:00,2019-08-27 08:45:00,5,24,0:11:24,0:03:36,3,1,2
2062,2019-08-27 08:45:00,2019-08-27 09:00:00,16,29,0:00:33,0:14:27,6,3,3
2062,2019-08-27 09:00:00,2019-08-27 09:15:00,11,42,0:02:20,0:12:40,19,9,10
2062,2019-08-27 09:15:00,2019-08-27 09:30:00,12,24,0:04:19,0:10:41,2,1,1
2062,2019-08-27 09:30:00,2019-08-27 09:45:00,0,0,0:15:00,0:00:00,0,0,0
2062,2019-08-27 09:45:00,2019-08-27 10:00:00,0,0,0:15:00,0:00:00,0,0,0
2062,2019-08-27 10:00:00,2019-08-27 10:15:00,0,10,0:15:00,0:00:00,0,0,0
2062,2019-08-27 10:15:00,2019-08-27 10:30:00,0,10,0:15:00,0:00:00,0,0,0
2062,2019-08-27 10:30:00,2019-08-27 10:45:00,19,26,0:02:41,0:12:19,1,0,1
2062,2019-08-27 10:45:00,2019-08-27 11:00:00,7,14,0:00:18,0:14:42,4,2,2
2062,2019-08-27 11:00:00,2019-08-27 11:15:00,4,15,0:12:04,0:02:56,1,0,1
2062,2019-08-27 11:15:00,2019-08-27 11:30:00,4,28,0:06:14,0:08:46,0,0,0
2062,2019-08-27 11:30:00,2019-08-27 11:45:00,15,24,0:01:08,0:13:52,10,5,5
2062,2019-08-27 11:45:00,2019-08-27 12:00:00,13,22,0:00:06,0:14:54,4,2,2
2062,2019-08-27 12:00:00,2019-08-27 12:15:00,8,16,0:04:50,0:10:10,1,0,1
2062,2019-08-27 12:15:00,2019-08-27 12:30:00,0,0,0:15:00,0:00:00,0,0,0
2062,2019-08-27 12:30:00,2019-08-27 12:45:00,0,0,0:15:00,0:00:00,0,0,0
2062,2019-08-27 12:45:00,2019-08-27 13:00:00,0,4,0:15:00,0:00:00,0,0,0
2062,2019-08-27 13:00:00,2019-08-27 13:15:00,0,0,0:15:00,0:00:00,0,0,0
2062,2019-08-27 13:15:00,2019-08-27 13:30:00,0,0,0:15:00,0:00:00,0,0,0
2062,2019-08-27 13:30:00,2019-08-27 13:45:00,0,0,0:15:00,0:00:00,0,0,0
2062,2019-08-27 13:45:00,2019-08-27 14:00:00,16,35,0:02:11,0:12:49,2,1,1
2062,2019-08-27 14:00:00,2019-08-27 14:15:00,15,41,0:00:35,0:14:25,8,4,4
2062,2019-08-27 14:15:00,2019-08-27 14:30:00,10,20,0:00:03,0:14:57,3,1,2
2062,2019-08-27 14:30:00,2019-08-27 14:45:00,22,37,0:00:06,0:14:54,1,0,1
2062,2019-08-27 14:45:00,2019-08-27 15:00:00,13,121,0:07:39,0:07:21,1,0,1
2062,2019-08-27 15:00:00,2019-08-27 15:15:00,0,0,0:15:00,0:00:00,0,0,0
2062,2019-08-27 15:15:00,2019-08-27 15:30:00,4,28,0:10:33,0:04:27,2,1,1
2062,2019-08-27 15:30:00,2019-08-27 15:45:00,14,21,0:00:00,0:15:00,0,0,0
2062,2019-08-27 15:45:00,2019-08-27 16:00:00,16,24,0:00:03,0:14:57,3,1,2
2062,2019-08-27 16:00:00,2019-08-27 16:15:00,4,24,0:14:04,0:00:56,1,0,1
2062,2019-08-27 16:15:00,2019-08-27 16:30:00,0,0,0:15:00,0:00:00,0,0,0
2062,2019-08-27 16:30:00,2019-08-27 16:45:00,0,2,0:15:00,0:00:00,0,0,0
2062,2019-08-27 16:45:00,2019-08-27 17:00:00,0,0,0:15:00,0:00:00,0,0,0
2062,2019-08-27 17:00:00,2019-08-27 17:15:00,7,27,0:09:17,0:05:43,1,0,1
2062,2019-08-27 17:15:00,2019-08-27 17:30:00,14,33,0:00:01,0:14:59,1,0,1
2062,2019-08-27 17:30:00,2019-08-27 17:45:00,18,30,0:00:00,0:15:00,0,0,0
2062,2019-08-27 17:45:00,2019-08-27 18:00:00,20,39,0:01:21,0:13:39,1,0,1
2062,2019-08-27 18:00:00,2019-08-27 18:15:00,0,3,0:15:00,0:00:00,0,0,0
2062,2019-08-27 18:15:00,2019-08-27 18:30:00,0,3,0:15:00,0:00:00,0,0,0
2062,2019-08-27 18:30:00,2019-08-27 18:45:00,0,5,0:15:00,0:00:00,0,0,0
2062,2019-08-27 18:45:00,2019-08-27 19:00:00,0,4,0:15:00,0:00:00,0,0,0
2062,2019-08-27 19:00:00,2019-08-27 19:15:00,2,13,0:14:19,0:00:41,1,0,1
2062,2019-08-27 19:15:00,2019-08-27 19:30:00,21,35,0:00:01,0:14:59,1,0,1
2062,2019-08-27 19:30:00,2019-08-27 19:45:00,14,33,0:00:28,0:14:32,2,1,1
2062,2019-08-27 19:45:00,2019-08-27 20:00:00,7,11,0:00:00,0:15:00,0,0,0
2062,2019-08-27 20:00:00,2019-08-27 20:15:00,10,22,0:09:51,0:05:09,2,1,1
2062,2019-08-27 20:15:00,2019-08-27 20:30:00,25,110,0:00:03,0:14:57,1,0,1
2062,2019-08-27 20:30:00,2019-08-27 20:45:00,35,118,0:00:34,0:14:26,3,1,2
2062,2019-08-27 20:45:00,2019-08-27 21:00:00,11,54,0:05:37,0:09:23,1,0,1
2062,2019-08-27 21:00:00,2019-08-27 21:15:00,2,22,0:05:33,0:09:27,0,0,0
2062,2019-08-27 21:15:00,2019-08-27 21:30:00,16,21,0:00:00,0:15:00,0,0,0
2062,2019-08-27 21:30:00,2019-08-27 21:45:00,2,16,0:13:41,0:01:19,1,0,1
2062,2019-08-27 21:45:00,2019-08-27 22:00:00,0,0,0:15:00,0:00:00,0,0,0
2062,2019-08-27 22:00:00,2019-08-27 22:15:00,0,0,0:15:00,0:00:00,0,0,0
2062,2019-08-27 22:15:00,2019-08-27 22:30:00,0,0,0:15:00,0:00:00,0,0,0
2062,2019-08-27 22:30:00,2019-08-27 22:45:00,2,14,0:13:10,0:01:50,0,0,0
2062,2019-08-27 22:45:00,2019-08-27 23:00:00,16,44,0:08:21,0:06:39,1,0,1
2062,2019-08-27 23:00:00,2019-08-27 23:15:00,0,2,0:15:00,0:00:00,0,0,0
2062,2019-08-27 23:15:00,2019-08-27 23:30:00,0,15,0:15:00,0:00:00,0,0,0
2062,2019-08-27 23:30:00,2019-08-27 23:45:00,0,8,0:15:00,0:00:00,0,0,0
2062,2019-08-27 23:45:00,2019-08-28 00:00:00,0,3,0:15:00,0:00:00,0,0,0
2062,2019-08-28 00:00:00,2019-08-28 00:15:00,0,2,0:15:00,0:00:00,0,0,0
2062,2019-08-28 00:15:00,2019-08-28 00:30:00,0,2,0:15:00,0:00:00,0,0,0
2062,2019-08-28 00:30:00,2019-08-28 00:45:00,14,31,0:06:25,0:08:35,0,0,0
2062,2019-08-28 00:45:00,2019-08-28 01:00:00,4,13,0:13:26,0:01:34,1,0,1
2062,2019-08-28 01:00:00,2019-08-28 01:15:00,0,0,0:15:00,0:00:00,0,0,0
2062,2019-08-28 01:15:00,2019-08-28 01:30:00,0,0,0:15:00,0:00:00,0,0,0
2062,2019-08-28 01:30:00,2019-08-28 01:45:00,0,0,0:15:00,0:00:00,0,0,0
2062,2019-08-28 01:45:00,2019-08-28 02:00:00,0,0,0:15:00,0:00:00,0,0,0
2062,2019-08-28 02:00:00,2019-08-28 02:15:00,0,0,0:15:00,0:00:00,0,0,0
2062,2019-08-28 02:15:00,2019-08-28 02:30:00,6,40,0:11:04,0:03:56,1,0,1
2062,2019-08-28 02:30:00,2019-08-28 02:45:00,0,0,0:15:00,0:00:00,0,0,0
2062,2019-08-28 02:45:00,2019-08-28 03:00:00,0,3,0:15:00,0:00:00,0,0,0
2062,2019-08-28 03:00:00,2019-08-28 03:15:00,0,2,0:15:00,0:00:00,0,0,0
2062,2019-08-28 03:15:00,2019-08-28 03:30:00,0,1,0:15:00,0:00:00,0,0,0
2062,2019-08-28 03:30:00,2019-08-28 03:45:00,0,0,0:15:00,0:00:00,0,0,0
2062,2019-08-28 03:45:00,2019-08-28 04:00:00,0,0,0:15:00,0:00:00,0,0,0
2062,2019-08-28 04:00:00,2019-08-28 04:15:00,0,2,0:15:00,0:00:00,0,0,0
2062,2019-08-28 04:15:00,2019-08-28 04:30:00,0,0,0:15:00,0:00:00,0,0,0
2062,2019-08-28 04:30:00,2019-08-28 04:45:00,0,0,0:15:00,0:00:00,0,0,0
2062,2019-08-28 04:45:00,2019-08-28 05:00:00,0,4,0:15:00,0:00:00,0,0,0
2062,2019-08-28 05:00:00,2019-08-28 05:15:00,9,26,0:09:42,0:05:18,1,0,1
2062,2019-08-28 05:15:00,2019-08-28 05:30:00,26,35,0:00:00,0:15:00,0,0,0
2062,2019-08-28 05:30:00,2019-08-28 05:45:00,10,15,0:00:00,0:15:00,0,0,0
2062,2019-08-28 05:45:00,2019-08-28 06:00:00,8,11,0:00:00,0:15:00,0,0,0
2062,2019-08-28 06:00:00,2019-08-28 06:15:00,9,13,0:00:02,0:14:58,2,1,1
2062,2019-08-28 06:15:00,2019-08-28 06:30:00,11,33,0:00:36,0:14:24,6,3,3
2062,2019-08-28 06:30:00,2019-08-28 06:45:00,17,40,0:00:34,0:14:26,10,5,5
2062,2019-08-28 06:45:00,2019-08-28 07:00:00,12,42,0:00:00,0:15:00,0,0,0
2062,2019-08-28 07:00:00,2019-08-28 07:15:00,20,41,0:00:59,0:14:01,8,4,4
2062,2019-08-28 07:15:00,2019-08-28 07:30:00,28,82,0:03:25,0:11:35,7,3,4
2062,2019-08-28 07:30:00,2019-08-28 07:45:00,0,0,0:15:00,0:00:00,0,0,0
2062,2019-08-28 07:45:00,2019-08-28 08:00:00,4,14,0:10:03,0:04:57,1,0,1
2062,2019-08-28 08:00:00,2019-08-28 08:15:00,19,27,0:00:42,0:14:18,5,2,3
2062,2019-08-28 08:15:00,2019-08-28 08:30:00,19,44,0:08:59,0:06:01,3,1,2
2062,2019-08-28 08:30:00,2019-08-28 08:45:00,0,0,0:15:00,0:00:00,0,0,0
2062,2019-08-28 08:45:00,2019-08-28 09:00:00,0,1,0:15:00,0:00:00,0,0,0
2062,2019-08-28 09:00:00,2019-08-28 09:15:00,0,0,0:15:00,0:00:00,0,0,0
2062,2019-08-28 09:15:00,2019-08-28 09:30:00,0,0,0:15:00,0:00:00,0,0,0
2062,2019-08-28 09:30:00,2019-08-28 09:45:00,5,18,0:06:18,0:08:42,2,1,1
2062,2019-08-28 09:45:00,2019-08-28 10:00:00,20,39,0:00:45,0:14:15,2,1,1
2062,2019-08-28 10:00:00,2019-08-28 10:15:00,10,17,0:00:01,0:14:59,1,0,1
2062,2019-08-28 10:15:00,2019-08-28 10:30:00,10,24,0:00:01,0:14:59,1,0,1
2062,2019-08-28 10:30:00,2019-08-28 10:45:00,26,70,0:00:24,0:14:36,3,1,2
2062,2019-08-28 10:45:00,2019-08-28 11:00:00,18,40,0:00:27,0:14:33,1,0,1
2062,2019-08-28 11:00:00,2019-08-28 11:15:00,5,11,0:12:27,0:02:33,1,0,1
2062,2019-08-28 11:15:00,2019-08-28 11:30:00,2,8,0:12:33,0:02:27,0,0,0
2062,2019-08-28 11:30:00,2019-08-28 11:45:00,23,49,0:00:06,0:14:54,2,1,1
2062,2019-08-28 11:45:00,2019-08-28 12:00:00,39,77,0:00:09,0:14:51,2,1,1
2062,2019-08-28 12:00:00,2019-08-28 12:15:00,3,27,0:11:55,0:03:05,1,0,1
2062,2019-08-28 12:15:00,2019-08-28 12:30:00,21,57,0:00:00,0:15:00,0,0,0
2062,2019-08-28 12:30:00,2019-08-28 12:45:00,11,31,0:00:16,0:14:44,2,1,1
2062,2019-08-28 12:45:00,2019-08-28 13:00:00,21,59,0:00:32,0:14:28,8,4,4
2062,2019-08-28 13:00:00,2019-08-28 13:15:00,28,65,0:00:08,0:14:52,3,1,2
2062,2019-08-28 13:15:00,2019-08-28 13:30:00,13,26,0:00:00,0:15:00,0,0,0
2062,2019-08-28 13:30:00,2019-08-28 13:45:00,24,58,0:01:38,0:13:22,2,1,1
2062,2019-08-28 13:45:00,2019-08-28 14:00:00,0,0,0:15:00,0:00:00,0,0,0
2062,2019-08-28 14:00:00,2019-08-28 14:15:00,0,0,0:15:00,0:00:00,0,0,0
2062,2019-08-28 14:15:00,2019-08-28 14:30:00,0,0,0:15:00,0:00:00,0,0,0
2062,2019-08-28 14:30:00,2019-08-28 14:45:00,6,23,0:03:11,0:11:49,1,0,1
2062,2019-08-28 14:45:00,2019-08-28 15:00:00,14,18,0:00:00,0:15:00,0,0,0
2062,2019-08-28 15:00:00,2019-08-28 15:15:00,15,42,0:01:33,0:13:27,3,1,2
2062,2019-08-28 15:15:00,2019-08-28 15:30:00,0,0,0:15:00,0:00:00,0,0,0
2062,2019-08-28 15:30:00,2019-08-28 15:45:00,8,14,0:04:49,0:10:11,0,0,0
2062,2019-08-28 15:45:00,2019-08-28 16:00:00,12,32,0:00:00,0:15:00,0,0,0
2062,2019-08-28 16:00:00,2019-08-28 16:15:00,12,26,0:09:33,0:05:27,1,0,1
2062,2019-08-28 16:15:00,2019-08-28 16:30:00,6,26,0:07:30,0:07:30,1,0,1
2062,2019-08-28 16:30:00,2019-08-28 16:45:00,0,0,0:15:00,0:00:00,0,0,0
2062,2019-08-28 16:45:00,2019-08-28 17:00:00,0,3,0:15:00,0:00:00,0,0,0
2062,2019-08-28 17:00:00,2019-08-28 17:15:00,12,30,0:05:34,0:09:26,0,0,0
2062,2019-08-28 17:15:00,2019-08-28 17:30:00,12,16,0:00:00,0:15:00,0,0,0
2062,2019-08-28 17:30:00,2019-08-28 17:45:00,25,47,0:00:00,0:15:00,0,0,0
2062,2019-08-28 17:45:00,2019-08-28 18:00:00,20,51,0:00:18,0:14:42,3,1,2
2062,2019-08-28 18:00:00,2019-08-28 18:15:00,12,24,0:00:02,0:14:58,2,1,1
2062,2019-08-28 18:15:00,2019-08-28 18:30:00,11,29,0:08:44,0:06:16,3,1,2
2062,2019-08-28 18:30:00,2019-08-28 18:45:00,0,0,0:15:00,0:00:00,0,0,0
2062,2019-08-28 18:45:00,2019-08-28 19:00:00,0,0,0:15:00,0:00:00,0,0,0
2062,2019-08-28 19:00:00,2019-08-28 19:15:00,0,0,0:15:00,0:00:00,0,0,0
2062,2019-08-28 19:15:00,2019-08-28 19:30:00,18,39,0:03:05,0:11:55,3,1,2
2062,2019-08-28 19:30:00,2019-08-28 19:45:00,11,36,0:00:42,0:14:18,4,2,2
2062,2019-08-28 19:45:00,2019-08-28 20:00:00,20,43,0:01:00,0:14:00,3,1,2
2062,2019-08-28 20:00:00,2019-08-28 20:15:00,15,39,0:08:49,0:06:11,3,1,2
2062,2019-08-28 20:15:00,2019-08-28 20:30:00,2,10,0:05:16,0:09:44,1,0,1
2062,2019-08-28 20:30:00,2019-08-28 20:45:00,10,31,0:00:01,0:14:59,1,0,1
2062,2019-08-28 20:45:00,2019-08-28 21:00:00,26,81,0:06:52,0:08:08,1,0,1
2062,2019-08-28 21:00:00,2019-08-28 21:15:00,10,23,0:02:33,0:12:27,0,0,0
2062,2019-08-28 21:15:00,2019-08-28 21:30:00,18,53,0:03:27,0:11:33,5,2,3
2062,2019-08-28 21:30:00,2019-08-28 21:45:00,0,0,0:15:00,0:00:00,0,0,0
2062,2019-08-28 21:45:00,2019-08-28 22:00:00,0,1,0:15:00,0:00:00,0,0,0
2062,2019-08-28 22:00:00,2019-08-28 22:15:00,0,5,0:15:00,0:00:00,0,0,0
2062,2019-08-28 22:15:00,2019-08-28 22:30:00,0,10,0:15:00,0:00:00,0,0,0
2062,2019-08-28 22:30:00,2019-08-28 22:45:00,4,16,0:10:36,0:04:24,1,0,1
2062,2019-08-28 22:45:00,2019-08-28 23:00:00,21,45,0:04:38,0:10:22,1,0,1
2062,2019-08-28 23:00:00,2019-08-28 23:15:00,0,0,0:15:00,0:00:00,0,0,0
2062,2019-08-28 23:15:00,2019-08-28 23:30:00,0,0,0:15:00,0:00:00,0,0,0
2062,2019-08-28 23:30:00,2019-08-28 23:45:00,0,0,0:15:00,0:00:00,0,0,0
2062,2019-08-28 23:45:00,2019-08-29 00:00:00,0,0,0:15:00,0:00:00,0,0,0
2062,2019-08-29 00:00:00,2019-08-29 00:15:00,13,36,0:05:24,0:09:36,1,0,1
2062,2019-08-29 00:15:00,2019-08-29 00:30:00,0,0,0:15:00,0:00:00,0,0,0
2062,2019-08-29 00:30:00,2019-08-29 00:45:00,0,1,0:15:00,0:00:00,0,0,0
2062,2019-08-29 00:45:00,2019-08-29 01:00:00,0,5,0:15:00,0:00:00,0,0,0
2062,2019-08-29 01:00:00,2019-08-29 01:15:00,0,1,0:15:00,0:00:00,0,0,0
2062,2019-08-29 01:15:00,2019-08-29 01:30:00,0,6,0:15:00,0:00:00,0,0,0
2062,2019-08-29 01:30:00,2019-08-29 01:45:00,0,1,0:15:00,0:00:00,0,0,0
2062,2019-08-29 01:45:00,2019-08-29 02:00:00,0,8,0:15:00,0:00:00,0,0,0
2062,2019-08-29 02:00:00,2019-08-29 02:15:00,0,10,0:15:00,0:00:00,0,0,0
2062,2019-08-29 02:15:00,2019-08-29 02:30:00,11,23,0:06:26,0:08:34,0,0,0
2062,2019-08-29 02:30:00,2019-08-29 02:45:00,7,12,0:14:20,0:00:40,2,1,1
2062,2019-08-29 02:45:00,2019-08-29 03:00:00,0,3,0:15:00,0:00:00,0,0,0
2062,2019-08-29 03:00:00,2019-08-29 03:15:00,0,0,0:15:00,0:00:00,0,0,0
2062,2019-08-29 03:15:00,2019-08-29 03:30:00,9,43,0:10:31,0:04:29,1,0,1
2062,2019-08-29 03:30:00,2019-08-29 03:45:00,0,0,0:15:00,0:00:00,0,0,0
2062,2019-08-29 03:45:00,2019-08-29 04:00:00,0,18,0:15:00,0:00:00,0,0,0
2062,2019-08-29 04:00:00,2019-08-29 04:15:00,0,7,0:15:00,0:00:00,0,0,0
2062,2019-08-29 04:15:00,2019-08-29 04:30:00,0,6,0:15:00,0:00:00,0,0,0
2062,2019-08-29 04:30:00,2019-08-29 04:45:00,0,3,0:15:00,0:00:00,0,0,0
2062,2019-08-29 04:45:00,2019-08-29 05:00:00,0,10,0:15:00,0:00:00,0,0,0
2062,2019-08-29 05:00:00,2019-08-29 05:15:00,2,24,0:11:31,0:03:29,0,0,0
2062,2019-08-29 05:15:00,2019-08-29 05:30:00,29,54,0:00:00,0:15:00,0,0,0
2062,2019-08-29 05:30:00,2019-08-29 05:45:00,22,40,0:00:00,0:15:00,0,0,0
2062,2019-08-29 05:45:00,2019-08-29 06:00:00,10,18,0:00:00,0:15:00,0,0,0
2062,2019-08-29 06:00:00,2019-08-29 06:15:00,10,15,0:00:00,0:15:00,0,0,0
2062,2019-08-29 06:15:00,2019-08-29 06:30:00,18,24,0:00:06,0:14:54,1,0,1
2062,2019-08-29 06:30:00,2019-08-29 06:45:00,7,17,0:00:00,0:15:00,0,0,0
2062,2019-08-29 06:45:00,2019-08-29 07:00:00,15,29,0:00:09,0:14:51,1,0,1
2062,2019-08-29 07:00:00,2019-08-29 07:15:00,1,9,0:13:56,0:01:04,1,0,1
2062,2019-08-29 07:15:00,2019-08-29 07:30:00,0,0,0:15:00,0:00:00,0,0,0
2062,2019-08-29 07:30:00,2019-08-29 07:45:00,0,0,0:15:00,0:00:00,0,0,0
2062,2019-08-29 07:45:00,2019-08-29 08:00:00,0,0,0:15:00,0:00:00,0,0,0
2062,2019-08-29 08:00:00,2019-08-29 08:15:00,3,17,0:07:09,0:07:51,1,0,1
2062,2019-08-29 08:15:00,2019-08-29 08:30:00,15,24,0:00:03,0:14:57,1,0,1
2062,2019-08-29 08:30:00,2019-08-29 08:45:00,3,13,0:12:21,0:02:39,2,1,1
2062,2019-08-29 08:45:00,2019-08-29 09:00:00,0,0,0:15:00,0:00:00,0,0,0
2062,2019-08-29 09:00:00,2019-08-29 09:15:00,0,0,0:15:00,0:00:00,0,0,0
2062,2019-08-29 09:15:00,2019-08-29 09:30:00,0,11,0:15:00,0:00:00,0,0,0
2062,2019-08-29 09:30:00,2019-08-29 09:45:00,6,45,0:12:07,0:02:53,0,0,0
2062,2019-08-29 09:45:00,2019-08-29 10:00:00,11,32,0:03:21,0:11:39,2,1,1
2062,2019-08-29 10:00:00,2019-08-29 10:15:00,0,0,0:15:00,0:00:00,0,0,0
2062,2019-08-29 10:15:00,2019-08-29 10:30:00,0,0,0:15:00,0:00:00,0,0,0
2062,2019-08-29 10:30:00,2019-08-29 10:45:00,0,0,0:15:00,0:00:00,0,0,0
2062,2019-08-29 10:45:00,2019-08-29 11:00:00,0,0,0:15:00,0:00:00,0,0,0
2062,2019-08-29 11:00:00,2019-08-29 11:15:00,10,28,0:04:13,0:10:47,0,0,0
2062,2019-08-29 11:15:00,2019-08-29 11:30:00,16,30,0:00:03,0:14:57,3,1,2
2062,2019-08-29 11:30:00,2019-08-29 11:45:00,11,27,0:00:00,0:15:00,0,0,0
2062,2019-08-29 11:45:00,2019-08-29 12:00:00,11,30,0:06:35,0:08:25,2,1,1
2062,2019-08-29 12:00:00,2019-08-29 12:15:00,0,1,0:15:00,0:00:00,0,0,0
2062,2019-08-29 12:15:00,2019-08-29 12:30:00,0,0,0:15:00,0:00:00,0,0,0
2062,2019-08-29 12:30:00,2019-08-29 12:45:00,0,6,0:15:00,0:00:00,0,0,0
2062,2019-08-29 12:45:00,2019-08-29 13:00:00,15,19,0:00:30,0:14:30,0,0,0
2062,2019-08-29 13:00:00,2019-08-29 13:15:00,10,19,0:00:00,0:15:00,0,0,0
2062,2019-08-29 13:15:00,2019-08-29 13:30:00,16,45,0:00:00,0:15:00,0,0,0
2062,2019-08-29 13:30:00,2019-08-29 13:45:00,8,24,0:00:04,0:14:56,1,0,1
2062,2019-08-29 13:45:00,2019-08-29 14:00:00,14,24,0:00:00,0:15:00,0,0,0
2062,2019-08-29 14:00:00,2019-08-29 14:15:00,12,37,0:06:45,0:08:15,1,0,1
2062,2019-08-29 14:15:00,2019-08-29 14:30:00,0,1,0:15:00,0:00:00,0,0,0
2062,2019-08-29 14:30:00,2019-08-29 14:45:00,0,4,0:15:00,0:00:00,0,0,0
2062,2019-08-29 14:45:00,2019-08-29 15:00:00,0,0,0:15:00,0:00:00,0,0,0
2062,2019-08-29 15:00:00,2019-08-29 15:15:00,0,0,0:15:00,0:00:00,0,0,0
2062,2019-08-29 15:15:00,2019-08-29 15:30:00,1,9,0:11:56,0:03:04,1,0,1
2062,2019-08-29 15:30:00,2019-08-29 15:45:00,20,29,0:00:04,0:14:56,1,0,1
2062,2019-08-29 15:45:00,2019-08-29 16:00:00,12,24,0:08:21,0:06:39,1,0,1
2062,2019-08-29 16:00:00,2019-08-29 16:15:00,0,3,0:15:00,0:00:00,0,0,0
2062,2019-08-29 16:15:00,2019-08-29 16:30:00,0,2,0:15:00,0:00:00,0,0,0
2062,2019-08-29 16:30:00,2019-08-29 16:45:00,0,3,0:15:00,0:00:00,0,0,0
2062,2019-08-29 16:45:00,2019-08-29 17:00:00,0,1,0:15:00,0:00:00,0,0,0
2062,2019-08-29 17:00:00,2019-08-29 17:15:00,0,8,0:15:00,0:00:00,0,0,0
2062,2019-08-29 17:15:00,2019-08-29 17:30:00,10,38,0:00:34,0:14:26,0,0,0
2062,2019-08-29 17:30:00,2019-08-29 17:45:00,13,20,0:00:07,0:14:53,2,1,1
2062,2019-08-29 17:45:00,2019-08-29 18:00:00,10,15,0:00:00,0:15:00,0,0,0
2062,2019-08-29 18:00:00,2019-08-29 18:15:00,11,26,0:00:01,0:14:59,1,0,1
2062,2019-08-29 18:15:00,2019-08-29 18:30:00,14,34,0:00:00,0:15:00,0,0,0
2062,2019-08-29 18:30:00,2019-08-29 18:45:00,12,25,0:00:00,0:15:00,0,0,0
2062,2019-08-29 18:45:00,2019-08-29 19:00:00,3,14,0:12:39,0:02:21,1,0,1
2062,2019-08-29 19:00:00,2019-08-29 19:15:00,0,2,0:15:00,0:00:00,0,0,0
2062,2019-08-29 19:15:00,2019-08-29 19:30:00,0,0,0:15:00,0:00:00,0,0,0
2062,2019-08-29 19:30:00,2019-08-29 19:45:00,14,36,0:02:01,0:12:59,1,0,1
2062,2019-08-29 19:45:00,2019-08-29 20:00:00,15,36,0:00:04,0:14:56,1,0,1
2062,2019-08-29 20:00:00,2019-08-29 20:15:00,22,33,0:00:00,0:15:00,0,0,0
2062,2019-08-29 20:15:00,2019-08-29 20:30:00,12,37,0:00:57,0:14:03,1,0,1
2062,2019-08-29 20:30:00,2019-08-29 20:45:00,6,18,0:02:11,0:12:49,1,0,1
2062,2019-08-29 20:45:00,2019-08-29 21:00:00,32,77,0:00:00,0:15:00,0,0,0
2062,2019-08-29 21:00:00,2019-08-29 21:15:00,12,27,0:00:00,0:15:00,0,0,0
2062,2019-08-29 21:15:00,2019-08-29 21:30:00,8,15,0:09:58,0:05:02,1,0,1
2062,2019-08-29 21:30:00,2019-08-29 21:45:00,0,1,0:15:00,0:00:00,0,0,0
2062,2019-08-29 21:45:00,2019-08-29 22:00:00,0,37,0:14:16,0:00:44,0,0,0
2062,2019-08-29 22:00:00,2019-08-29 22:15:00,19,23,0:00:00,0:15:00,0,0,0
2062,2019-08-29 22:15:00,2019-08-29 22:30:00,8,22,0:10:13,0:04:47,1,0,1
2062,2019-08-29 22:30:00,2019-08-29 22:45:00,0,0,0:15:00,0:00:00,0,0,0
2062,2019-08-29 22:45:00,2019-08-29 23:00:00,0,0,0:15:00,0:00:00,0,0,0
2062,2019-08-29 23:00:00,2019-08-29 23:15:00,9,22,0:08:05,0:06:55,0,0,0
2062,2019-08-29 23:15:00,2019-08-29 23:30:00,7,31,0:07:27,0:07:33,5,2,3
2062,2019-08-29 23:30:00,2019-08-29 23:45:00,0,0,0:15:00,0:00:00,0,0,0
2062,2019-08-29 23:45:00,2019-08-30 00:00:00,0,5,0:15:00,0:00:00,0,0,0
2062,2019-08-30 00:00:00,2019-08-30 00:15:00,0,8,0:15:00,0:00:00,0,0,0
2062,2019-08-30 00:15:00,2019-08-30 00:30:00,0,0,0:15:00,0:00:00,0,0,0
2062,2019-08-30 00:30:00,2019-08-30 00:45:00,0,2,0:15:00,0:00:00,0,0,0
2062,2019-08-30 00:45:00,2019-08-30 01:00:00,18,35,0:00:21,0:14:39,0,0,0
2062,2019-08-30 01:00:00,2019-08-30 01:15:00,9,17,0:11:20,0:03:40,1,0,1
2062,2019-08-30 01:15:00,2019-08-30 01:30:00,0,0,0:15:00,0:00:00,0,0,0
2062,2019-08-30 01:30:00,2019-08-30 01:45:00,0,0,0:15:00,0:00:00,0,0,0
2062,2019-08-30 01:45:00,2019-08-30 02:00:00,8,22,0:11:12,0:03:48,1,0,1
2062,2019-08-30 02:00:00,2019-08-30 02:15:00,0,3,0:15:00,0:00:00,0,0,0
2062,2019-08-30 02:15:00,2019-08-30 02:30:00,0,5,0:15:00,0:00:00,0,0,0
2062,2019-08-30 02:30:00,2019-08-30 02:45:00,0,1,0:15:00,0:00:00,0,0,0
2062,2019-08-30 02:45:00,2019-08-30 03:00:00,0,1,0:15:00,0:00:00,0,0,0
2062,2019-08-30 03:00:00,2019-08-30 03:15:00,0,5,0:15:00,0:00:00,0,0,0
2062,2019-08-30 03:15:00,2019-08-30 03:30:00,0,1,0:15:00,0:00:00,0,0,0
2062,2019-08-30 03:30:00,2019-08-30 03:45:00,0,3,0:15:00,0:00:00,0,0,0
2062,2019-08-30 03:45:00,2019-08-30 04:00:00,9,35,0:09:10,0:05:50,1,0,1
2062,2019-08-30 04:00:00,2019-08-30 04:15:00,0,1,0:15:00,0:00:00,0,0,0
2062,2019-08-30 04:15:00,2019-08-30 04:30:00,0,0,0:15:00,0:00:00,0,0,0
2062,2019-08-30 04:30:00,2019-08-30 04:45:00,0,0,0:15:00,0:00:00,0,0,0
2062,2019-08-30 04:45:00,2019-08-30 05:00:00,1,11,0:14:15,0:00:45,0,0,0
2062,2019-08-30 05:00:00,2019-08-30 05:15:00,21,47,0:00:00,0:15:00,0,0,0
2062,2019-08-30 05:15:00,2019-08-30 05:30:00,21,32,0:00:00,0:15:00,0,0,0
2062,2019-08-30 05:30:00,2019-08-30 05:45:00,18,33,0:00:00,0:15:00,0,0,0
2062,2019-08-30 05:45:00,2019-08-30 06:00:00,8,12,0:00:01,0:14:59,1,0,1
2062,2019-08-30 06:00:00,2019-08-30 06:15:00,6,11,0:00:00,0:15:00,0,0,0
2062,2019-08-30 06:15:00,2019-08-30 06:30:00,3,4,0:00:00,0:15:00,0,0,0
2062,2019-08-30 06:30:00,2019-08-30 06:45:00,7,29,0:00:28,0:14:32,3,1,2
2062,2019-08-30 06:45:00,2019-08-30 07:00:00,6,5,0:00:00,0:15:00,0,0,0
2062,2019-08-30 07:00:00,2019-08-30 07:15:00,7,21,0:13:22,0:01:38,1,0,1
2062,2019-08-30 07:15:00,2019-08-30 07:30:00,0,0,0:15:00,0:00:00,0,0,0
2062,2019-08-30 07:30:00,2019-08-30 07:45:00,0,0,0:15:00,0:00:00,0,0,0
2062,2019-08-30 07:45:00,2019-08-30 08:00:00,0,0,0:15:00,0:00:00,0,0,0
2062,2019-08-30 08:00:00,2019-08-30 08:15:00,0,0,0:15:00,0:00:00,0,0,0
2062,2019-08-30 08:15:00,2019-08-30 08:30:00,0,0,0:15:00,0:00:00,0,0,0
2062,2019-08-30 08:30:00,2019-08-30 08:45:00,6,23,0:05:46,0:09:14,0,0,0
2062,2019-08-30 08:45:00,2019-08-30 09:00:00,9,13,0:00:07,0:14:53,2,1,1
2062,2019-08-30 09:00:00,2019-08-30 09:15:00,22,40,0:02:22,0:12:38,1,0,1
2062,2019-08-30 09:15:00,2019-08-30 09:30:00,7,51,0:13:39,0:01:21,1,0,1
2062,2019-08-30 09:30:00,2019-08-30 09:45:00,9,71,0:13:37,0:01:23,2,1,1
2062,2019-08-30 09:45:00,2019-08-30 10:00:00,0,0,0:15:00,0:00:00,0,0,0
2062,2019-08-30 10:00:00,2019-08-30 10:15:00,24,80,0:03:17,0:11:43,1,0,1
2062,2019-08-30 10:15:00,2019-08-30 10:30:00,0,0,0:15:00,0:00:00,0,0,0
2062,2019-08-30 10:30:00,2019-08-30 10:45:00,1,13,0:13:01,0:01:59,1,0,1
2062,2019-08-30 10:45:00,2019-08-30 11:00:00,19,68,0:00:05,0:14:55,1,0,1
2062,2019-08-30 11:00:00,2019-08-30 11:15:00,24,50,0:00:00,0:15:00,0,0,0
2062,2019-08-30 11:15:00,2019-08-30 11:30:00,14,27,0:00:00,0:15:00,0,0,0
2062,2019-08-30 11:30:00,2019-08-30 11:45:00,11,20,0:00:00,0:15:00,0,0,0
2062,2019-08-30 11:45:00,2019-08-30 12:00:00,21,46,0:00:00,0:15:00,0,0,0
2062,2019-08-30 12:00:00,2019-08-30 12:15:00,15,35,0:00:01,0:14:59,1,0,1
2062,2019-08-30 12:15:00,2019-08-30 12:30:00,25,60,0:00:40,0:14:20,3,1,2
2062,2019-08-30 12:30:00,2019-08-30 12:45:00,27,63,0:00:01,0:14:59,1,0,1
2062,2019-08-30 12:45:00,2019-08-30 13:00:00,8,15,0:00:01,0:14:59,1,0,1
2062,2019-08-30 13:00:00,2019-08-30 13:15:00,21,45,0:00:12,0:14:48,1,0,1
2062,2019-08-30 13:15:00,2019-08-30 13:30:00,40,115,0:00:01,0:14:59,1,0,1
2062,2019-08-30 13:30:00,2019-08-30 13:45:00,49,160,0:00:04,0:14:56,2,1,1
2062,2019-08-30 13:45:00,2019-08-30 14:00:00,108,828,0:00:00,0:15:00,0,0,0
2062,2019-08-30 14:00:00,2019-08-30 14:15:00,32,74,0:00:01,0:14:59,1,0,1
2062,2019-08-30 14:15:00,2019-08-30 14:30:00,31,82,0:00:00,0:15:00,0,0,0
2062,2019-08-30 14:30:00,2019-08-30 14:45:00,23,53,0:00:00,0:15:00,0,0,0
2062,2019-08-30 14:45:00,2019-08-30 15:00:00,25,51,0:00:01,0:14:59,1,0,1
2062,2019-08-30 15:00:00,2019-08-30 15:15:00,24,38,0:00:00,0:15:00,0,0,0
2062,2019-08-30 15:15:00,2019-08-30 15:30:00,20,32,0:00:00,0:15:00,0,0,0
2062,2019-08-30 15:30:00,2019-08-30 15:45:00,13,37,0:01:04,0:13:56,1,0,1
2062,2019-08-30 15:45:00,2019-08-30 16:00:00,0,0,0:15:00,0:00:00,0,0,0
2062,2019-08-30 16:00:00,2019-08-30 16:15:00,0,0,0:15:00,0:00:00,0,0,0
2062,2019-08-30 16:15:00,2019-08-30 16:30:00,1,15,0:14:05,0:00:55,1,0,1
2062,2019-08-30 16:30:00,2019-08-30 16:45:00,5,8,0:00:00,0:15:00,0,0,0
2062,2019-08-30 16:45:00,2019-08-30 17:00:00,14,23,0:00:00,0:15:00,0,0,0
2062,2019-08-30 17:00:00,2019-08-30 17:15:00,14,33,0:00:08,0:14:52,2,1,1
2062,2019-08-30 17:15:00,2019-08-30 17:30:00,19,44,0:00:00,0:15:00,0,0,0
2062,2019-08-30 17:30:00,2019-08-30 17:45:00,22,35,0:00:00,0:15:00,0,0,0
2062,2019-08-30 17:45:00,2019-08-30 18:00:00,7,29,0:10:55,0:04:05,3,1,2
2062,2019-08-30 18:00:00,2019-08-30 18:15:00,0,0,0:15:00,0:00:00,0,0,0
2062,2019-08-30 18:15:00,2019-08-30 18:30:00,0,2,0:15:00,0:00:00,0,0,0
2062,2019-08-30 18:30:00,2019-08-30 18:45:00,15,21,0:01:44,0:13:16,4,2,2
2062,2019-08-30 18:45:00,2019-08-30 19:00:00,19,45,0:00:10,0:14:50,2,1,1
2062,2019-08-30 19:00:00,2019-08-30 19:15:00,10,35,0:08:05,0:06:55,2,1,1
2062,2019-08-30 19:15:00,2019-08-30 19:30:00,0,0,0:15:00,0:00:00,0,0,0
2062,2019-08-30 19:30:00,2019-08-30 19:45:00,0,0,0:15:00,0:00:00,0,0,0
2062,2019-08-30 19:45:00,2019-08-30 20:00:00,3,16,0:11:17,0:03:43,1,0,1
2062,2019-08-30 20:00:00,2019-08-30 20:15:00,20,26,0:00:00,0:15:00,0,0,0
2062,2019-08-30 20:15:00,2019-08-30 20:30:00,17,39,0:00:00,0:15:00,0,0,0
2062,2019-08-30 20:30:00,2019-08-30 20:45:00,18,34,0:00:00,0:15:00,0,0,0
2062,2019-08-30 20:45:00,2019-08-30 21:00:00,23,43,0:00:33,0:14:27,2,1,1
2062,2019-08-30 21:00:00,2019-08-30 21:15:00,28,85,0:02:51,0:12:09,2,1,1
2062,2019-08-30 21:15:00,2019-08-30 21:30:00,0,0,0:15:00,0:00:00,0,0,0
2062,2019-08-30 21:30:00,2019-08-30 21:45:00,0,0,0:15:00,0:00:00,0,0,0
2062,2019-08-30 21:45:00,2019-08-30 22:00:00,0,0,0:15:00,0:00:00,0,0,0
2062,2019-08-30 22:00:00,2019-08-30 22:15:00,0,0,0:15:00,0:00:00,0,0,0
2062,2019-08-30 22:15:00,2019-08-30 22:30:00,2,14,0:13:07,0:01:53,0,0,0
2062,2019-08-30 22:30:00,2019-08-30 22:45:00,21,41,0:00:00,0:15:00,0,0,0
2062,2019-08-30 22:45:00,2019-08-30 23:00:00,7,22,0:11:38,0:03:22,2,1,1
2062,2019-08-30 23:00:00,2019-08-30 23:15:00,0,0,0:15:00,0:00:00,0,0,0
2062,2019-08-30 23:15:00,2019-08-30 23:30:00,0,5,0:15:00,0:00:00,0,0,0
2062,2019-08-30 23:30:00,2019-08-30 23:45:00,0,3,0:15:00,0:00:00,0,0,0
2062,2019-08-30 23:45:00,2019-08-31 00:00:00,0,2,0:15:00,0:00:00,0,0,0
2062,2019-08-31 00:00:00,2019-08-31 00:15:00,0,5,0:15:00,0:00:00,0,0,0
2062,2019-08-31 00:15:00,2019-08-31 00:30:00,0,3,0:15:00,0:00:00,0,0,0
2062,2019-08-31 00:30:00,2019-08-31 00:45:00,10,15,0:06:07,0:08:53,0,0,0
2062,2019-08-31 00:45:00,2019-08-31 01:00:00,15,23,0:05:07,0:09:53,1,0,1
2062,2019-08-31 01:00:00,2019-08-31 01:15:00,0,0,0:15:00,0:00:00,0,0,0
2062,2019-08-31 01:15:00,2019-08-31 01:30:00,0,0,0:15:00,0:00:00,0,0,0
2062,2019-08-31 01:30:00,2019-08-31 01:45:00,0,0,0:15:00,0:00:00,0,0,0
2062,2019-08-31 01:45:00,2019-08-31 02:00:00,0,0,0:15:00,0:00:00,0,0,0
2062,2019-08-31 02:00:00,2019-08-31 02:15:00,17,32,0:00:47,0:14:13,0,0,0
2062,2019-08-31 02:15:00,2019-08-31 02:30:00,5,13,0:10:30,0:04:30,2,1,1
2062,2019-08-31 02:30:00,2019-08-31 02:45:00,0,6,0:15:00,0:00:00,0,0,0
2062,2019-08-31 02:45:00,2019-08-31 03:00:00,0,0,0:15:00,0:00:00,0,0,0
2062,2019-08-31 03:00:00,2019-08-31 03:15:00,0,4,0:15:00,0:00:00,0,0,0
2062,2019-08-31 03:15:00,2019-08-31 03:30:00,0,2,0:15:00,0:00:00,0,0,0
2062,2019-08-31 03:30:00,2019-08-31 03:45:00,0,1,0:15:00,0:00:00,0,0,0
2062,2019-08-31 03:45:00,2019-08-31 04:00:00,0,1,0:15:00,0:00:00,0,0,0
2062,2019-08-31 04:00:00,2019-08-31 04:15:00,0,2,0:15:00,0:00:00,0,0,0
2062,2019-08-31 04:15:00,2019-08-31 04:30:00,0,2,0:15:00,0:00:00,0,0,0
2062,2019-08-31 04:30:00,2019-08-31 04:45:00,0,3,0:15:00,0:00:00,0,0,0
2062,2019-08-31 04:45:00,2019-08-31 05:00:00,0,7,0:15:00,0:00:00,0,0,0
2062,2019-08-31 05:00:00,2019-08-31 05:15:00,12,27,0:07:36,0:07:24,0,0,0
2062,2019-08-31 05:15:00,2019-08-31 05:30:00,16,30,0:00:00,0:15:00,0,0,0
2062,2019-08-31 05:30:00,2019-08-31 05:45:00,7,14,0:00:00,0:15:00,0,0,0
2062,2019-08-31 05:45:00,2019-08-31 06:00:00,14,27,0:00:00,0:15:00,0,0,0
2062,2019-08-31 06:00:00,2019-08-31 06:15:00,9,17,0:00:03,0:14:57,1,0,1
2062,2019-08-31 06:15:00,2019-08-31 06:30:00,7,11,0:00:21,0:14:39,2,1,1
2062,2019-08-31 06:30:00,2019-08-31 06:45:00,12,24,0:09:37,0:05:23,1,0,1
2062,2019-08-31 06:45:00,2019-08-31 07:00:00,0,0,0:15:00,0:00:00,0,0,0
2062,2019-08-31 07:00:00,2019-08-31 07:15:00,0,0,0:15:00,0:00:00,0,0,0
2062,2019-08-31 07:15:00,2019-08-31 07:30:00,0,0,0:15:00,0:00:00,0,0,0
2062,2019-08-31 07:30:00,2019-08-31 07:45:00,0,0,0:15:00,0:00:00,0,0,0
2062,2019-08-31 07:45:00,2019-08-31 08:00:00,8,25,0:01:51,0:13:09,0,0,0
2062,2019-08-31 08:00:00,2019-08-31 08:15:00,11,24,0:00:15,0:14:45,4,2,2
2062,2019-08-31 08:15:00,2019-08-31 08:30:00,15,30,0:05:20,0:09:40,4,2,2
2062,2019-08-31 08:30:00,2019-08-31 08:45:00,0,0,0:15:00,0:00:00,0,0,0
2062,2019-08-31 08:45:00,2019-08-31 09:00:00,0,3,0:15:00,0:00:00,0,0,0
2062,2019-08-31 09:00:00,2019-08-31 09:15:00,0,5,0:15:00,0:00:00,0,0,0
2062,2019-08-31 09:15:00,2019-08-31 09:30:00,0,13,0:15:00,0:00:00,0,0,0
2062,2019-08-31 09:30:00,2019-08-31 09:45:00,0,9,0:15:00,0:00:00,0,0,0
2062,2019-08-31 09:45:00,2019-08-31 10:00:00,0,6,0:15:00,0:00:00,0,0,0
2062,2019-08-31 10:00:00,2019-08-31 10:15:00,0,1,0:15:00,0:00:00,0,0,0
2062,2019-08-31 10:15:00,2019-08-31 10:30:00,0,6,0:14:59,0:00:01,0,0,0
2062,2019-08-31 10:30:00,2019-08-31 10:45:00,14,30,0:00:00,0:15:00,0,0,0
2062,2019-08-31 10:45:00,2019-08-31 11:00:00,14,29,0:00:12,0:14:48,3,1,2
2062,2019-08-31 11:00:00,2019-08-31 11:15:00,5,19,0:14:30,0:00:30,1,0,1
2062,2019-08-31 11:15:00,2019-08-31 11:30:00,0,0,0:15:00,0:00:00,0,0,0
2062,2019-08-31 11:30:00,2019-08-31 11:45:00,0,0,0:15:00,0:00:00,0,0,0
2062,2019-08-31 11:45:00,2019-08-31 12:00:00,0,2,0:15:00,0:00:00,0,0,0
2062,2019-08-31 12:00:00,2019-08-31 12:15:00,0,0,0:15:00,0:00:00,0,0,0
2062,2019-08-31 12:15:00,2019-08-31 12:30:00,3,13,0:14:22,0:00:38,0,0,0
2062,2019-08-31 12:30:00,2019-08-31 12:45:00,6,9,0:00:01,0:14:59,1,0,1
2062,2019-08-31 12:45:00,2019-08-31 13:00:00,16,20,0:00:02,0:14:58,2,1,1
2062,2019-08-31 13:00:00,2019-08-31 13:15:00,13,23,0:00:01,0:14:59,1,0,1
2062,2019-08-31 13:15:00,2019-08-31 13:30:00,12,18,0:09:45,0:05:15,1,0,1
2062,2019-08-31 13:30:00,2019-08-31 13:45:00,0,0,0:15:00,0:00:00,0,0,0
2062,2019-08-31 13:45:00,2019-08-31 14:00:00,0,8,0:15:00,0:00:00,0,0,0
2062,2019-08-31 14:00:00,2019-08-31 14:15:00,0,6,0:15:00,0:00:00,0,0,0
2062,2019-08-31 14:15:00,2019-08-31 14:30:00,0,0,0:15:00,0:00:00,0,0,0
2062,2019-08-31 14:30:00,2019-08-31 14:45:00,0,4,0:15:00,0:00:00,0,0,0
2062,2019-08-31 14:45:00,2019-08-31 15:00:00,0,5,0:15:00,0:00:00,0,0,0
2062,2019-08-31 15:00:00,2019-08-31 15:15:00,0,5,0:15:00,0:00:00,0,0,0
2062,2019-08-31 15:15:00,2019-08-31 15:30:00,17,31,0:00:39,0:14:21,1,0,1
2062,2019-08-31 15:30:00,2019-08-31 15:45:00,6,11,0:00:00,0:15:00,0,0,0
2062,2019-08-31 15:45:00,2019-08-31 16:00:00,19,38,0:00:01,0:14:59,1,0,1
2062,2019-08-31 16:00:00,2019-08-31 16:15:00,15,29,0:00:00,0:15:00,0,0,0
2062,2019-08-31 16:15:00,2019-08-31 16:30:00,0,0,0:14:59,0:00:01,1,0,1
2062,2019-08-31 16:30:00,2019-08-31 16:45:00,0,0,0:15:00,0:00:00,0,0,0
2062,2019-08-31 16:45:00,2019-08-31 17:00:00,0,0,0:15:00,0:00:00,0,0,0
2062,2019-08-31 17:00:00,2019-08-31 17:15:00,3,19,0:09:24,0:05:36,1,0,1
2062,2019-08-31 17:15:00,2019-08-31 17:30:00,13,20,0:00:00,0:15:00,0,0,0
2062,2019-08-31 17:30:00,2019-08-31 17:45:00,13,23,0:00:00,0:15:00,0,0,0
2062,2019-08-31 17:45:00,2019-08-31 18:00:00,18,47,0:00:01,0:14:59,1,0,1
2062,2019-08-31 18:00:00,2019-08-31 18:15:00,18,30,0:00:00,0:15:00,0,0,0
2062,2019-08-31 18:15:00,2019-08-31 18:30:00,16,41,0:03:12,0:11:48,2,1,1
2062,2019-08-31 18:30:00,2019-08-31 18:45:00,0,0,0:15:00,0:00:00,0,0,0
2062,2019-08-31 18:45:00,2019-08-31 19:00:00,3,21,0:06:00,0:09:00,1,0,1
2062,2019-08-31 19:00:00,2019-08-31 19:15:00,17,41,0:00:55,0:14:05,6,3,3
2062,2019-08-31 19:15:00,2019-08-31 19:30:00,14,33,0:00:30,0:14:30,3,1,2
2062,2019-08-31 19:30:00,2019-08-31 19:45:00,17,48,0:01:23,0:13:37,2,1,1
2062,2019-08-31 19:45:00,2019-08-31 20:00:00,0,0,0:15:00,0:00:00,0,0,0
2062,2019-08-31 20:00:00,2019-08-31 20:15:00,0,0,0:15:00,0:00:00,0,0,0
2062,2019-08-31 20:15:00,2019-08-31 20:30:00,1,14,0:10:30,0:04:30,1,0,1
2062,2019-08-31 20:30:00,2019-08-31 20:45:00,11,22,0:00:00,0:15:00,0,0,0
2062,2019-08-31 20:45:00,2019-08-31 21:00:00,20,34,0:00:10,0:14:50,1,0,1
2062,2019-08-31 21:00:00,2019-08-31 21:15:00,9,31,0:07:42,0:07:18,1,0,1
2062,2019-08-31 21:15:00,2019-08-31 21:30:00,0,17,0:15:00,0:00:00,0,0,0
2062,2019-08-31 21:30:00,2019-08-31 21:45:00,1,10,0:13:27,0:01:33,0,0,0
2062,2019-08-31 21:45:00,2019-08-31 22:00:00,11,36,0:03:49,0:11:11,1,0,1
2062,2019-08-31 22:00:00,2019-08-31 22:15:00,0,0,0:15:00,0:00:00,0,0,0
2062,2019-08-31 22:15:00,2019-08-31 22:30:00,0,0,0:15:00,0:00:00,0,0,0
2062,2019-08-31 22:30:00,2019-08-31 22:45:00,0,0,0:15:00,0:00:00,0,0,0
2062,2019-08-31 22:45:00,2019-08-31 23:00:00,5,17,0:09:48,0:05:12,0,0,0
2062,2019-08-31 23:00:00,2019-08-31 23:15:00,4,15,0:11:07,0:03:53,1,0,1
2062,2019-08-31 23:15:00,2019-08-31 23:30:00,0,2,0:15:00,0:00:00,0,0,0
2062,2019-08-31 23:30:00,2019-08-31 23:45:00,0,1,0:15:00,0:00:00,0,0,0
2062,2019-08-31 23:45:00,2019-09-01 00:00:00,0,2,0:15:00,0:00:00,0,0,0
2062,2019-09-01 00:00:00,2019-09-01 00:15:00,0,6,0:15:00,0:00:00,0,0,0
2062,2019-09-01 00:15:00,2019-09-01 00:30:00,0,2,0:15:00,0:00:00,0,0,0
2062,2019-09-01 00:30:00,2019-09-01 00:45:00,0,4,0:15:00,0:00:00,0,0,0
2062,2019-09-01 00:45:00,2019-09-01 01:00:00,6,16,0:07:32,0:07:28,0,0,0
2062,2019-09-01 01:00:00,2019-09-01 01:15:00,3,13,0:14:25,0:00:35,1,0,1
2062,2019-09-01 01:15:00,2019-09-01 01:30:00,0,0,0:15:00,0:00:00,0,0,0
2062,2019-09-01 01:30:00,2019-09-01 01:45:00,0,0,0:15:00,0:00:00,0,0,0
2062,2019-09-01 01:45:00,2019-09-01 02:00:00,0,0,0:15:00,0:00:00,0,0,0
2062,2019-09-01 02:00:00,2019-09-01 02:15:00,0,0,0:15:00,0:00:00,0,0,0
2062,2019-09-01 02:15:00,2019-09-01 02:30:00,0,0,0:15:00,0:00:00,0,0,0
2062,2019-09-01 02:30:00,2019-09-01 02:45:00,3,11,0:12:59,0:02:01,0,0,0
2062,2019-09-01 02:45:00,2019-09-01 03:00:00,13,12,0:09:28,0:05:32,2,1,1
2062,2019-09-01 03:00:00,2019-09-01 03:15:00,0,4,0:15:00,0:00:00,0,0,0
2062,2019-09-01 03:15:00,2019-09-01 03:30:00,0,2,0:15:00,0:00:00,0,0,0
2062,2019-09-01 03:30:00,2019-09-01 03:45:00,0,8,0:15:00,0:00:00,0,0,0
2062,2019-09-01 03:45:00,2019-09-01 04:00:00,0,2,0:15:00,0:00:00,0,0,0
2062,2019-09-01 04:00:00,2019-09-01 04:15:00,0,4,0:15:00,0:00:00,0,0,0
2062,2019-09-01 04:15:00,2019-09-01 04:30:00,0,0,0:15:00,0:00:00,0,0,0
2062,2019-09-01 04:30:00,2019-09-01 04:45:00,0,4,0:15:00,0:00:00,0,0,0
2062,2019-09-01 04:45:00,2019-09-01 05:00:00,0,3,0:15:00,0:00:00,0,0,0
2062,2019-09-01 05:00:00,2019-09-01 05:15:00,2,5,0:13:10,0:01:50,0,0,0
2062,2019-09-01 05:15:00,2019-09-01 05:30:00,6,31,0:09:01,0:05:59,1,0,1
2062,2019-09-01 05:30:00,2019-09-01 05:45:00,5,8,0:00:00,0:15:00,0,0,0
2062,2019-09-01 05:45:00,2019-09-01 06:00:00,8,13,0:00:00,0:15:00,0,0,0
2062,2019-09-01 06:00:00,2019-09-01 06:15:00,10,13,0:00:00,0:15:00,0,0,0
2062,2019-09-01 06:15:00,2019-09-01 06:30:00,7,18,0:00:00,0:15:00,0,0,0
2062,2019-09-01 06:30:00,2019-09-01 06:45:00,12,15,0:00:04,0:14:56,1,0,1
2062,2019-09-01 06:45:00,2019-09-01 07:00:00,15,31,0:02:59,0:12:01,2,1,1
2062,2019-09-01 07:00:00,2019-09-01 07:15:00,0,0,0:15:00,0:00:00,0,0,0
2062,2019-09-01 07:15:00,2019-09-01 07:30:00,0,0,0:15:00,0:00:00,0,0,0
2062,2019-09-01 07:30:00,2019-09-01 07:45:00,0,0,0:15:00,0:00:00,0,0,0
2062,2019-09-01 07:45:00,2019-09-01 08:00:00,0,0,0:15:00,0:00:00,0,0,0
2062,2019-09-01 08:00:00,2019-09-01 08:15:00,0,2,0:15:00,0:00:00,0,0,0
2062,2019-09-01 08:15:00,2019-09-01 08:30:00,9,30,0:01:15,0:13:45,1,0,1
2062,2019-09-01 08:30:00,2019-09-01 08:45:00,10,14,0:00:02,0:14:58,2,1,1
2062,2019-09-01 08:45:00,2019-09-01 09:00:00,4,14,0:12:09,0:02:51,1,0,1
2062,2019-09-01 09:00:00,2019-09-01 09:15:00,0,0,0:15:00,0:00:00,0,0,0
2062,2019-09-01 09:15:00,2019-09-01 09:30:00,0,3,0:15:00,0:00:00,0,0,0
2062,2019-09-01 09:30:00,2019-09-01 09:45:00,13,30,0:06:27,0:08:33,3,1,2
2062,2019-09-01 09:45:00,2019-09-01 10:00:00,5,18,0:00:00,0:15:00,0,0,0
2062,2019-09-01 10:00:00,2019-09-01 10:15:00,3,4,0:00:00,0:15:00,0,0,0
2062,2019-09-01 10:15:00,2019-09-01 10:30:00,7,16,0:06:24,0:08:36,2,1,1
2062,2019-09-01 10:30:00,2019-09-01 10:45:00,0,0,0:15:00,0:00:00,0,0,0
2062,2019-09-01 10:45:00,2019-09-01 11:00:00,0,0,0:15:00,0:00:00,0,0,0
2062,2019-09-01 11:00:00,2019-09-01 11:15:00,0,0,0:15:00,0:00:00,0,0,0
2062,2019-09-01 11:15:00,2019-09-01 11:30:00,0,0,0:15:00,0:00:00,0,0,0
2062,2019-09-01 11:30:00,2019-09-01 11:45:00,0,0,0:15:00,0:00:00,0,0,0
2062,2019-09-01 11:45:00,2019-09-01 12:00:00,0,0,0:15:00,0:00:00,0,0,0
2062,2019-09-01 12:00:00,2019-09-01 12:15:00,10,32,0:02:22,0:12:38,0,0,0
2062,2019-09-01 12:15:00,2019-09-01 12:30:00,10,34,0:00:31,0:14:29,6,3,3
2062,2019-09-01 12:30:00,2019-09-01 12:45:00,3,3,0:00:00,0:15:00,0,0,0
2062,2019-09-01 12:45:00,2019-09-01 13:00:00,12,12,0:00:00,0:15:00,0,0,0
2062,2019-09-01 13:00:00,2019-09-01 13:15:00,11,33,0:08:11,0:06:49,1,0,1
2062,2019-09-01 13:15:00,2019-09-01 13:30:00,0,3,0:15:00,0:00:00,0,0,0
2062,2019-09-01 13:30:00,2019-09-01 13:45:00,0,1,0:15:00,0:00:00,0,0,0
2062,2019-09-01 13:45:00,2019-09-01 14:00:00,0,5,0:15:00,0:00:00,0,0,0
2062,2019-09-01 14:00:00,2019-09-01 14:15:00,0,5,0:15:00,0:00:00,0,0,0
2062,2019-09-01 14:15:00,2019-09-01 14:30:00,0,0,0:15:00,0:00:00,0,0,0
2062,2019-09-01 14:30:00,2019-09-01 14:45:00,0,7,0:15:00,0:00:00,0,0,0
2062,2019-09-01 14:45:00,2019-09-01 15:00:00,0,12,0:15:00,0:00:00,0,0,0
2062,2019-09-01 15:00:00,2019-09-01 15:15:00,3,9,0:13:27,0:01:33,0,0,0
2062,2019-09-01 15:15:00,2019-09-01 15:30:00,11,26,0:00:00,0:15:00,0,0,0
2062,2019-09-01 15:30:00,2019-09-01 15:45:00,10,20,0:00:00,0:15:00,0,0,0
2062,2019-09-01 15:45:00,2019-09-01 16:00:00,10,43,0:03:36,0:11:24,2,1,1
2062,2019-09-01 16:00:00,2019-09-01 16:15:00,0,0,0:15:00,0:00:00,0,0,0
2062,2019-09-01 16:15:00,2019-09-01 16:30:00,0,0,0:15:00,0:00:00,0,0,0
2062,2019-09-01 16:30:00,2019-09-01 16:45:00,6,19,0:08:31,0:06:29,0,0,0
2062,2019-09-01 16:45:00,2019-09-01 17:00:00,9,23,0:00:00,0:15:00,0,0,0
2062,2019-09-01 17:00:00,2019-09-01 17:15:00,8,15,0:00:00,0:15:00,0,0,0
2062,2019-09-01 17:15:00,2019-09-01 17:30:00,10,15,0:00:00,0:15:00,0,0,0
2062,2019-09-01 17:30:00,2019-09-01 17:45:00,10,27,0:04:40,0:10:20,3,1,2
2062,2019-09-01 17:45:00,2019-09-01 18:00:00,0,0,0:15:00,0:00:00,0,0,0
2062,2019-09-01 18:00:00,2019-09-01 18:15:00,0,0,0:15:00,0:00:00,0,0,0
2062,2019-09-01 18:15:00,2019-09-01 18:30:00,0,0,0:15:00,0:00:00,0,0,0
2062,2019-09-01 18:30:00,2019-09-01 18:45:00,0,0,0:15:00,0:00:00,0,0,0
2062,2019-09-01 18:45:00,2019-09-01 19:00:00,11,36,0:01:25,0:13:35,1,0,1
2062,2019-09-01 19:00:00,2019-09-01 19:15:00,13,21,0:00:18,0:14:42,2,1,1
2062,2019-09-01 19:15:00,2019-09-01 19:30:00,16,41,0:00:01,0:14:59,1,0,1
2062,2019-09-01 19:30:00,2019-09-01 19:45:00,11,22,0:00:00,0:15:00,0,0,0
2062,2019-09-01 19:45:00,2019-09-01 20:00:00,15,24,0:00:01,0:14:59,1,0,1
2062,2019-09-01 20:00:00,2019-09-01 20:15:00,17,41,0:00:10,0:14:50,3,1,2
2062,2019-09-01 20:15:00,2019-09-01 20:30:00,17,38,0:05:18,0:09:42,2,1,1
2062,2019-09-01 20:30:00,2019-09-01 20:45:00,10,30,0:00:05,0:14:55,1,0,1
2062,2019-09-01 20:45:00,2019-09-01 21:00:00,17,44,0:06:01,0:08:59,1,0,1
2062,2019-09-01 21:00:00,2019-09-01 21:15:00,0,21,0:15:00,0:00:00,0,0,0
2062,2019-09-01 21:15:00,2019-09-01 21:30:00,0,4,0:15:00,0:00:00,0,0,0
2062,2019-09-01 21:30:00,2019-09-01 21:45:00,0,23,0:15:00,0:00:00,0,0,0
2062,2019-09-01 21:45:00,2019-09-01 22:00:00,6,24,0:07:50,0:07:10,1,0,1
2062,2019-09-01 22:00:00,2019-09-01 22:15:00,11,27,0:06:40,0:08:20,1,0,1
2062,2019-09-01 22:15:00,2019-09-01 22:30:00,0,0,0:15:00,0:00:00,0,0,0
2062,2019-09-01 22:30:00,2019-09-01 22:45:00,0,0,0:15:00,0:00:00,0,0,0
2062,2019-09-01 22:45:00,2019-09-01 23:00:00,0,0,0:15:00,0:00:00,0,0,0
2062,2019-09-01 23:00:00,2019-09-01 23:15:00,0,0,0:15:00,0:00:00,0,0,0
2062,2019-09-01 23:15:00,2019-09-01 23:30:00,5,22,0:14:14,0:00:46,0,0,0
2062,2019-09-01 23:30:00,2019-09-01 23:45:00,25,50,0:00:15,0:14:45,2,1,1
2062,2019-09-01 23:45:00,2019-09-02 00:00:00,6,41,0:11:36,0:03:24,1,0,1
2062,2019-09-02 00:00:00,2019-09-02 00:15:00,0,7,0:15:00,0:00:00,0,0,0
2062,2019-09-02 00:15:00,2019-09-02 00:30:00,0,6,0:15:00,0:00:00,0,0,0
2062,2019-09-02 00:30:00,2019-09-02 00:45:00,0,4,0:15:00,0:00:00,0,0,0
2062,2019-09-02 00:45:00,2019-09-02 01:00:00,0,9,0:15:00,0:00:00,0,0,0
2062,2019-09-02 01:00:00,2019-09-02 01:15:00,0,14,0:15:00,0:00:00,0,0,0
2062,2019-09-02 01:15:00,2019-09-02 01:30:00,0,7,0:15:00,0:00:00,0,0,0
2062,2019-09-02 01:30:00,2019-09-02 01:45:00,2,5,0:12:59,0:02:01,0,0,0
2062,2019-09-02 01:45:00,2019-09-02 02:00:00,3,8,0:14:12,0:00:48,1,0,1
2062,2019-09-02 02:00:00,2019-09-02 02:15:00,0,0,0:15:00,0:00:00,0,0,0
2062,2019-09-02 02:15:00,2019-09-02 02:30:00,0,0,0:15:00,0:00:00,0,0,0
2062,2019-09-02 02:30:00,2019-09-02 02:45:00,0,0,0:15:00,0:00:00,0,0,0
2062,2019-09-02 02:45:00,2019-09-02 03:00:00,0,0,0:15:00,0:00:00,0,0,0
2062,2019-09-02 03:00:00,2019-09-02 03:15:00,4,13,0:13:30,0:01:30,0,0,0
2062,2019-09-02 03:15:00,2019-09-02 03:30:00,7,29,0:11:26,0:03:34,1,0,1
2062,2019-09-02 03:30:00,2019-09-02 03:45:00,0,2,0:15:00,0:00:00,0,0,0
2062,2019-09-02 03:45:00,2019-09-02 04:00:00,0,1,0:15:00,0:00:00,0,0,0
2062,2019-09-02 04:00:00,2019-09-02 04:15:00,0,16,0:15:00,0:00:00,0,0,0
2062,2019-09-02 04:15:00,2019-09-02 04:30:00,0,7,0:15:00,0:00:00,0,0,0
2062,2019-09-02 04:30:00,2019-09-02 04:45:00,6,20,0:12:52,0:02:08,1,0,1
2062,2019-09-02 04:45:00,2019-09-02 05:00:00,0,0,0:15:00,0:00:00,0,0,0
2062,2019-09-02 05:00:00,2019-09-02 05:15:00,0,9,0:15:00,0:00:00,0,0,0
2062,2019-09-02 05:15:00,2019-09-02 05:30:00,13,25,0:00:04,0:14:56,0,0,0
2062,2019-09-02 05:30:00,2019-09-02 05:45:00,6,11,0:00:00,0:15:00,0,0,0
2062,2019-09-02 05:45:00,2019-09-02 06:00:00,6,8,0:00:00,0:15:00,0,0,0
2062,2019-09-02 06:00:00,2019-09-02 06:15:00,14,21,0:00:00,0:15:00,0,0,0
2062,2019-09-02 06:15:00,2019-09-02 06:30:00,6,11,0:00:01,0:14:59,1,0,1
2062,2019-09-02 06:30:00,2019-09-02 06:45:00,7,18,0:00:10,0:14:50,1,0,1
2062,2019-09-02 06:45:00,2019-09-02 07:00:00,10,25,0:05:19,0:09:41,1,0,1
2062,2019-09-02 07:00:00,2019-09-02 07:15:00,0,0,0:15:00,0:00:00,0,0,0
2062,2019-09-02 07:15:00,2019-09-02 07:30:00,0,0,0:15:00,0:00:00,0,0,0
2062,2019-09-02 07:30:00,2019-09-02 07:45:00,0,0,0:15:00,0:00:00,0,0,0
2062,2019-09-02 07:45:00,2019-09-02 08:00:00,0,0,0:15:00,0:00:00,0,0,0
2062,2019-09-02 08:00:00,2019-09-02 08:15:00,0,0,0:15:00,0:00:00,0,0,0
2062,2019-09-02 08:15:00,2019-09-02 08:30:00,2,17,0:08:06,0:06:54,1,0,1
2062,2019-09-02 08:30:00,2019-09-02 08:45:00,13,19,0:00:00,0:15:00,0,0,0
2062,2019-09-02 08:45:00,2019-09-02 09:00:00,16,33,0:00:16,0:14:44,6,3,3
2062,2019-09-02 09:00:00,2019-09-02 09:15:00,16,33,0:02:22,0:12:38,2,1,1
2062,2019-09-02 09:15:00,2019-09-02 09:30:00,0,1,0:15:00,0:00:00,0,0,0
2062,2019-09-02 09:30:00,2019-09-02 09:45:00,0,8,0:15:00,0:00:00,0,0,0
2062,2019-09-02 09:45:00,2019-09-02 10:00:00,0,4,0:15:00,0:00:00,0,0,0
2062,2019-09-02 10:00:00,2019-09-02 10:15:00,0,9,0:15:00,0:00:00,0,0,0
2062,2019-09-02 10:15:00,2019-09-02 10:30:00,0,2,0:15:00,0:00:00,0,0,0
2062,2019-09-02 10:30:00,2019-09-02 10:45:00,0,12,0:15:00,0:00:00,0,0,0
2062,2019-09-02 10:45:00,2019-09-02 11:00:00,0,11,0:15:00,0:00:00,0,0,0
2062,2019-09-02 11:00:00,2019-09-02 11:15:00,15,29,0:01:37,0:13:23,0,0,0
2062,2019-09-02 11:15:00,2019-09-02 11:30:00,9,29,0:08:15,0:06:45,3,1,2
2062,2019-09-02 11:30:00,2019-09-02 11:45:00,0,0,0:15:00,0:00:00,0,0,0
2062,2019-09-02 11:45:00,2019-09-02 12:00:00,0,0,0:15:00,0:00:00,0,0,0
2062,2019-09-02 12:00:00,2019-09-02 12:15:00,0,0,0:15:00,0:00:00,0,0,0
2062,2019-09-02 12:15:00,2019-09-02 12:30:00,5,18,0:03:46,0:11:14,0,0,0
2062,2019-09-02 12:30:00,2019-09-02 12:45:00,6,10,0:00:00,0:15:00,0,0,0
2062,2019-09-02 12:45:00,2019-09-02 13:00:00,5,12,0:00:00,0:15:00,0,0,0
2062,2019-09-02 13:00:00,2019-09-02 13:15:00,8,20,0:00:00,0:15:00,0,0,0
2062,2019-09-02 13:15:00,2019-09-02 13:30:00,9,12,0:00:00,0:15:00,0,0,0
2062,2019-09-02 13:30:00,2019-09-02 13:45:00,26,49,0:00:13,0:14:47,2,1,1
2062,2019-09-02 13:45:00,2019-09-02 14:00:00,3,26,0:14:04,0:00:56,2,1,1
2062,2019-09-02 14:00:00,2019-09-02 14:15:00,0,8,0:15:00,0:00:00,0,0,0
2062,2019-09-02 14:15:00,2019-09-02 14:30:00,0,15,0:15:00,0:00:00,0,0,0
2062,2019-09-02 14:30:00,2019-09-02 14:45:00,0,4,0:15:00,0:00:00,0,0,0
2062,2019-09-02 14:45:00,2019-09-02 15:00:00,0,5,0:15:00,0:00:00,0,0,0
2062,2019-09-02 15:00:00,2019-09-02 15:15:00,0,8,0:15:00,0:00:00,0,0,0
2062,2019-09-02 15:15:00,2019-09-02 15:30:00,6,32,0:08:10,0:06:50,0,0,0
2062,2019-09-02 15:30:00,2019-09-02 15:45:00,9,16,0:00:00,0:15:00,0,0,0
2062,2019-09-02 15:45:00,2019-09-02 16:00:00,17,29,0:00:00,0:15:00,0,0,0
2062,2019-09-02 16:00:00,2019-09-02 16:15:00,10,22,0:00:01,0:14:59,1,0,1
2062,2019-09-02 16:15:00,2019-09-02 16:30:00,4,13,0:04:47,0:10:13,1,0,1
2062,2019-09-02 16:30:00,2019-09-02 16:45:00,0,0,0:15:00,0:00:00,0,0,0
2062,2019-09-02 16:45:00,2019-09-02 17:00:00,0,0,0:15:00,0:00:00,0,0,0
2062,2019-09-02 17:00:00,2019-09-02 17:15:00,0,0,0:15:00,0:00:00,0,0,0
2062,2019-09-02 17:15:00,2019-09-02 17:30:00,11,35,0:01:21,0:13:39,0,0,0
2062,2019-09-02 17:30:00,2019-09-02 17:45:00,9,19,0:00:15,0:14:45,1,0,1
2062,2019-09-02 17:45:00,2019-09-02 18:00:00,8,19,0:00:00,0:15:00,0,0,0
2062,2019-09-02 18:00:00,2019-09-02 18:15:00,13,27,0:03:01,0:11:59,1,0,1
2062,2019-09-02 18:15:00,2019-09-02 18:30:00,0,0,0:15:00,0:00:00,0,0,0
2062,2019-09-02 18:30:00,2019-09-02 18:45:00,0,0,0:15:00,0:00:00,0,0,0
2062,2019-09-02 18:45:00,2019-09-02 19:00:00,0,1,0:15:00,0:00:00,0,0,0
2062,2019-09-02 19:00:00,2019-09-02 19:15:00,10,36,0:00:54,0:14:06,2,1,1
2062,2019-09-02 19:15:00,2019-09-02 19:30:00,23,46,0:00:13,0:14:47,4,2,2
2062,2019-09-02 19:30:00,2019-09-02 19:45:00,19,31,0:00:01,0:14:59,1,0,1
2062,2019-09-02 19:45:00,2019-09-02 20:00:00,23,51,0:00:03,0:14:57,1,0,1
2062,2019-09-02 20:00:00,2019-09-02 20:15:00,7,11,0:00:00,0:15:00,0,0,0
2062,2019-09-02 20:15:00,2019-09-02 20:30:00,16,24,0:00:01,0:14:59,1,0,1
2062,2019-09-02 20:30:00,2019-09-02 20:45:00,17,33,0:00:00,0:15:00,0,0,0
2062,2019-09-02 20:45:00,2019-09-02 21:00:00,31,60,0:00:00,0:15:00,0,0,0
2062,2019-09-02 21:00:00,2019-09-02 21:15:00,23,56,0:06:54,0:08:06,4,2,2
2062,2019-09-02 21:15:00,2019-09-02 21:30:00,0,0,0:15:00,0:00:00,0,0,0
2062,2019-09-02 21:30:00,2019-09-02 21:45:00,0,0,0:15:00,0:00:00,0,0,0
2062,2019-09-02 21:45:00,2019-09-02 22:00:00,0,0,0:15:00,0:00:00,0,0,0
2062,2019-09-02 22:00:00,2019-09-02 22:15:00,0,0,0:15:00,0:00:00,0,0,0
2062,2019-09-02 22:15:00,2019-09-02 22:30:00,0,0,0:15:00,0:00:00,0,0,0
2062,2019-09-02 22:30:00,2019-09-02 22:45:00,6,18,0:13:26,0:01:34,0,0,0
2062,2019-09-02 22:45:00,2019-09-02 23:00:00,20,35,0:00:00,0:15:00,0,0,0
2062,2019-09-02 23:00:00,2019-09-02 23:15:00,29,50,0:00:00,0:15:00,0,0,0
2062,2019-09-02 23:15:00,2019-09-02 23:30:00,3,12,0:11:36,0:03:24,1,0,1
2062,2019-09-02 23:30:00,2019-09-02 23:45:00,0,7,0:15:00,0:00:00,0,0,0
2062,2019-09-02 23:45:00,2019-09-03 00:00:00,0,0,0:15:00,0:00:00,0,0,0
2062,2019-09-03 00:00:00,2019-09-03 00:15:00,0,0,0:15:00,0:00:00,0,0,0
2062,2019-09-03 00:15:00,2019-09-03 00:30:00,0,3,0:15:00,0:00:00,0,0,0
2062,2019-09-03 00:30:00,2019-09-03 00:45:00,0,1,0:15:00,0:00:00,0,0,0
2062,2019-09-03 00:45:00,2019-09-03 01:00:00,0,14,0:15:00,0:00:00,0,0,0
2062,2019-09-03 01:00:00,2019-09-03 01:15:00,3,7,0:12:46,0:02:14,0,0,0
2062,2019-09-03 01:15:00,2019-09-03 01:30:00,4,15,0:10:27,0:04:33,1,0,1
2062,2019-09-03 01:30:00,2019-09-03 01:45:00,0,0,0:15:00,0:00:00,0,0,0
2062,2019-09-03 01:45:00,2019-09-03 02:00:00,0,0,0:15:00,0:00:00,0,0,0
2062,2019-09-03 02:00:00,2019-09-03 02:15:00,0,1,0:15:00,0:00:00,0,0,0
2062,2019-09-03 02:15:00,2019-09-03 02:30:00,0,0,0:15:00,0:00:00,0,0,0
2062,2019-09-03 02:30:00,2019-09-03 02:45:00,0,0,0:15:00,0:00:00,0,0,0
2062,2019-09-03 02:45:00,2019-09-03 03:00:00,0,0,0:15:00,0:00:00,0,0,0
2062,2019-09-03 03:00:00,2019-09-03 03:15:00,5,34,0:04:56,0:10:04,0,0,0
2062,2019-09-03 03:15:00,2019-09-03 03:30:00,2,16,0:14:43,0:00:17,1,0,1
2062,2019-09-03 03:30:00,2019-09-03 03:45:00,0,1,0:15:00,0:00:00,0,0,0
2062,2019-09-03 03:45:00,2019-09-03 04:00:00,0,2,0:15:00,0:00:00,0,0,0
2062,2019-09-03 04:00:00,2019-09-03 04:15:00,0,2,0:15:00,0:00:00,0,0,0
2062,2019-09-03 04:15:00,2019-09-03 04:30:00,0,3,0:15:00,0:00:00,0,0,0
2062,2019-09-03 04:30:00,2019-09-03 04:45:00,0,5,0:15:00,0:00:00,0,0,0
2062,2019-09-03 04:45:00,2019-09-03 05:00:00,0,5,0:15:00,0:00:00,0,0,0
2062,2019-09-03 05:00:00,2019-09-03 05:15:00,8,29,0:08:15,0:06:45,1,0,1
2062,2019-09-03 05:15:00,2019-09-03 05:30:00,7,18,0:06:01,0:08:59,0,0,0
2062,2019-09-03 05:30:00,2019-09-03 05:45:00,13,14,0:00:00,0:15:00,0,0,0
2062,2019-09-03 05:45:00,2019-09-03 06:00:00,7,9,0:00:00,0:15:00,0,0,0
2062,2019-09-03 06:00:00,2019-09-03 06:15:00,13,20,0:00:01,0:14:59,1,0,1
2062,2019-09-03 06:15:00,2019-09-03 06:30:00,19,49,0:00:32,0:14:28,5,2,3
2062,2019-09-03 06:30:00,2019-09-03 06:45:00,12,26,0:00:04,0:14:56,2,1,1
2062,2019-09-03 06:45:00,2019-09-03 07:00:00,14,32,0:00:18,0:14:42,5,2,3
2062,2019-09-03 07:00:00,2019-09-03 07:15:00,15,27,0:00:10,0:14:50,2,1,1
2062,2019-09-03 07:15:00,2019-09-03 07:30:00,10,20,0:06:47,0:08:13,2,1,1
2062,2019-09-03 07:30:00,2019-09-03 07:45:00,0,0,0:15:00,0:00:00,0,0,0
2062,2019-09-03 07:45:00,2019-09-03 08:00:00,0,0,0:15:00,0:00:00,0,0,0
2062,2019-09-03 08:00:00,2019-09-03 08:15:00,0,0,0:15:00,0:00:00,0,0,0
2062,2019-09-03 08:15:00,2019-09-03 08:30:00,0,0,0:15:00,0:00:00,0,0,0
2062,2019-09-03 08:30:00,2019-09-03 08:45:00,0,0,0:15:00,0:00:00,0,0,0
2062,2019-09-03 08:45:00,2019-09-03 09:00:00,0,0,0:15:00,0:00:00,0,0,0
2062,2019-09-03 09:00:00,2019-09-03 09:15:00,0,0,0:15:00,0:00:00,0,0,0
2062,2019-09-03 09:15:00,2019-09-03 09:30:00,3,24,0:05:57,0:09:03,1,0,1
2062,2019-09-03 09:30:00,2019-09-03 09:45:00,18,44,0:02:51,0:12:09,4,2,2
2062,2019-09-03 09:45:00,2019-09-03 10:00:00,0,0,0:15:00,0:00:00,0,0,0
2062,2019-09-03 10:00:00,2019-09-03 10:15:00,0,2,0:15:00,0:00:00,0,0,0
2062,2019-09-03 10:15:00,2019-09-03 10:30:00,0,2,0:15:00,0:00:00,0,0,0
2062,2019-09-03 10:30:00,2019-09-03 10:45:00,0,17,0:15:00,0:00:00,0,0,0
2062,2019-09-03 10:45:00,2019-09-03 11:00:00,0,1,0:15:00,0:00:00,0,0,0
2062,2019-09-03 11:00:00,2019-09-03 11:15:00,1,6,0:13:18,0:01:42,0,0,0
2062,2019-09-03 11:15:00,2019-09-03 11:30:00,18,41,0:00:00,0:15:00,0,0,0
2062,2019-09-03 11:30:00,2019-09-03 11:45:00,8,15,0:00:11,0:14:49,3,1,2
2062,2019-09-03 11:45:00,2019-09-03 12:00:00,13,30,0:02:16,0:12:44,1,0,1
2062,2019-09-03 12:00:00,2019-09-03 12:15:00,0,0,0:15:00,0:00:00,0,0,0
2062,2019-09-03 12:15:00,2019-09-03 12:30:00,0,0,0:15:00,0:00:00,0,0,0
2062,2019-09-03 12:30:00,2019-09-03 12:45:00,0,1,0:15:00,0:00:00,0,0,0
2062,2019-09-03 12:45:00,2019-09-03 13:00:00,0,0,0:15:00,0:00:00,0,0,0
2062,2019-09-03 13:00:00,2019-09-03 13:15:00,0,0,0:15:00,0:00:00,0,0,0
2062,2019-09-03 13:15:00,2019-09-03 13:30:00,0,0,0:15:00,0:00:00,0,0,0
2062,2019-09-03 13:30:00,2019-09-03 13:45:00,9,38,0:11:03,0:03:57,0,0,0
2062,2019-09-03 13:45:00,2019-09-03 14:00:00,3,5,0:00:00,0:15:00,0,0,0
2062,2019-09-03 14:00:00,2019-09-03 14:15:00,9,14,0:00:03,0:14:57,1,0,1
2062,2019-09-03 14:15:00,2019-09-03 14:30:00,16,25,0:00:00,0:15:00,0,0,0
2062,2019-09-03 14:30:00,2019-09-03 14:45:00,16,40,0:00:04,0:14:56,4,2,2
2062,2019-09-03 14:45:00,2019-09-03 15:00:00,22,51,0:01:01,0:13:59,7,3,4
2062,2019-09-03 15:00:00,2019-09-03 15:15:00,12,29,0:05:55,0:09:05,1,0,1
2062,2019-09-03 15:15:00,2019-09-03 15:30:00,0,0,0:15:00,0:00:00,0,0,0
2062,2019-09-03 15:30:00,2019-09-03 15:45:00,0,0,0:15:00,0:00:00,0,0,0
2062,2019-09-03 15:45:00,2019-09-03 16:00:00,0,1,0:15:00,0:00:00,0,0,0
2062,2019-09-03 16:00:00,2019-09-03 16:15:00,0,0,0:15:00,0:00:00,0,0,0
2062,2019-09-03 16:15:00,2019-09-03 16:30:00,0,0,0:15:00,0:00:00,0,0,0
2062,2019-09-03 16:30:00,2019-09-03 16:45:00,0,0,0:15:00,0:00:00,0,0,0
2062,2019-09-03 16:45:00,2019-09-03 17:00:00,5,27,0:07:09,0:07:51,1,0,1
2062,2019-09-03 17:00:00,2019-09-03 17:15:00,16,32,0:00:27,0:14:33,2,1,1
2062,2019-09-03 17:15:00,2019-09-03 17:30:00,9,22,0:00:18,0:14:42,1,0,1
2062,2019-09-03 17:30:00,2019-09-03 17:45:00,8,22,0:00:06,0:14:54,1,0,1
2062,2019-09-03 17:45:00,2019-09-03 18:00:00,11,26,0:00:08,0:14:52,2,1,1
2062,2019-09-03 18:00:00,2019-09-03 18:15:00,11,20,0:04:47,0:10:13,2,1,1
2062,2019-09-03 18:15:00,2019-09-03 18:30:00,0,0,0:15:00,0:00:00,0,0,0
2062,2019-09-03 18:30:00,2019-09-03 18:45:00,0,5,0:13:20,0:01:40,0,0,0
2062,2019-09-03 18:45:00,2019-09-03 19:00:00,11,19,0:00:01,0:14:59,1,0,1
2062,2019-09-03 19:00:00,2019-09-03 19:15:00,15,29,0:00:20,0:14:40,6,3,3
2062,2019-09-03 19:15:00,2019-09-03 19:30:00,10,16,0:00:00,0:15:00,0,0,0
2062,2019-09-03 19:30:00,2019-09-03 19:45:00,23,50,0:00:14,0:14:46,3,1,2
2062,2019-09-03 19:45:00,2019-09-03 20:00:00,30,85,0:00:16,0:14:44,3,1,2
2062,2019-09-03 20:00:00,2019-09-03 20:15:00,18,48,0:00:02,0:14:58,2,1,1
2062,2019-09-03 20:15:00,2019-09-03 20:30:00,32,92,0:00:00,0:15:00,0,0,0
2062,2019-09-03 20:30:00,2019-09-03 20:45:00,6,20,0:10:18,0:04:42,1,0,1
2062,2019-09-03 20:45:00,2019-09-03 21:00:00,0,0,0:15:00,0:00:00,0,0,0
2062,2019-09-03 21:00:00,2019-09-03 21:15:00,0,0,0:15:00,0:00:00,0,0,0
2062,2019-09-03 21:15:00,2019-09-03 21:30:00,14,43,0:01:07,0:13:53,2,1,1
2062,2019-09-03 21:30:00,2019-09-03 21:45:00,22,48,0:04:49,0:10:11,2,1,1
2062,2019-09-03 21:45:00,2019-09-03 22:00:00,0,0,0:15:00,0:00:00,0,0,0
2062,2019-09-03 22:00:00,2019-09-03 22:15:00,0,0,0:15:00,0:00:00,0,0,0
2062,2019-09-03 22:15:00,2019-09-03 22:30:00,0,0,0:15:00,0:00:00,0,0,0
2062,2019-09-03 22:30:00,2019-09-03 22:45:00,0,14,0:14:31,0:00:29,0,0,0
2062,2019-09-03 22:45:00,2019-09-03 23:00:00,14,38,0:00:32,0:14:28,1,0,1
2062,2019-09-03 23:00:00,2019-09-03 23:15:00,17,36,0:04:18,0:10:42,1,0,1
2062,2019-09-03 23:15:00,2019-09-03 23:30:00,0,0,0:15:00,0:00:00,0,0,0
2062,2019-09-03 23:30:00,2019-09-03 23:45:00,0,13,0:15:00,0:00:00,0,0,0
2062,2019-09-03 23:45:00,2019-09-04 00:00:00,0,5,0:15:00,0:00:00,0,0,0
2062,2019-09-04 00:00:00,2019-09-04 00:15:00,0,5,0:15:00,0:00:00,0,0,0
2062,2019-09-04 00:15:00,2019-09-04 00:30:00,0,12,0:15:00,0:00:00,0,0,0
2062,2019-09-04 00:30:00,2019-09-04 00:45:00,0,15,0:15:00,0:00:00,0,0,0
2062,2019-09-04 00:45:00,2019-09-04 01:00:00,7,28,0:07:40,0:07:20,2,1,1
2062,2019-09-04 01:00:00,2019-09-04 01:15:00,0,0,0:15:00,0:00:00,0,0,0
2062,2019-09-04 01:15:00,2019-09-04 01:30:00,0,0,0:15:00,0:00:00,0,0,0
2062,2019-09-04 01:30:00,2019-09-04 01:45:00,0,0,0:15:00,0:00:00,0,0,0
2062,2019-09-04 01:45:00,2019-09-04 02:00:00,0,0,0:15:00,0:00:00,0,0,0
2062,2019-09-04 02:00:00,2019-09-04 02:15:00,0,0,0:15:00,0:00:00,0,0,0
2062,2019-09-04 02:15:00,2019-09-04 02:30:00,0,0,0:15:00,0:00:00,0,0,0
2062,2019-09-04 02:30:00,2019-09-04 02:45:00,5,28,0:10:29,0:04:31,1,0,1
2062,2019-09-04 02:45:00,2019-09-04 03:00:00,0,5,0:15:00,0:00:00,0,0,0
2062,2019-09-04 03:00:00,2019-09-04 03:15:00,0,3,0:15:00,0:00:00,0,0,0
2062,2019-09-04 03:15:00,2019-09-04 03:30:00,0,0,0:15:00,0:00:00,0,0,0
2062,2019-09-04 03:30:00,2019-09-04 03:45:00,0,0,0:15:00,0:00:00,0,0,0
2062,2019-09-04 03:45:00,2019-09-04 04:00:00,0,1,0:15:00,0:00:00,0,0,0
2062,2019-09-04 04:00:00,2019-09-04 04:15:00,0,3,0:15:00,0:00:00,0,0,0
2062,2019-09-04 04:15:00,2019-09-04 04:30:00,0,1,0:15:00,0:00:00,0,0,0
2062,2019-09-04 04:30:00,2019-09-04 04:45:00,0,6,0:15:00,0:00:00,0,0,0
2062,2019-09-04 04:45:00,2019-09-04 05:00:00,0,8,0:15:00,0:00:00,0,0,0
2062,2019-09-04 05:00:00,2019-09-04 05:15:00,24,35,0:00:01,0:14:59,0,0,0
2062,2019-09-04 05:15:00,2019-09-04 05:30:00,11,16,0:00:00,0:15:00,0,0,0
2062,2019-09-04 05:30:00,2019-09-04 05:45:00,7,12,0:00:00,0:15:00,0,0,0
2062,2019-09-04 05:45:00,2019-09-04 06:00:00,6,12,0:00:07,0:14:53,3,1,2
2062,2019-09-04 06:00:00,2019-09-04 06:15:00,19,35,0:00:00,0:15:00,0,0,0
2062,2019-09-04 06:15:00,2019-09-04 06:30:00,17,26,0:00:05,0:14:55,2,1,1
2062,2019-09-04 06:30:00,2019-09-04 06:45:00,27,63,0:00:01,0:14:59,1,0,1
2062,2019-09-04 06:45:00,2019-09-04 07:00:00,20,52,0:00:49,0:14:11,2,1,1
2062,2019-09-04 07:00:00,2019-09-04 07:15:00,0,0,0:15:00,0:00:00,0,0,0
2062,2019-09-04 07:15:00,2019-09-04 07:30:00,0,0,0:15:00,0:00:00,0,0,0
2062,2019-09-04 07:30:00,2019-09-04 07:45:00,0,0,0:15:00,0:00:00,0,0,0
2062,2019-09-04 07:45:00,2019-09-04 08:00:00,0,0,0:15:00,0:00:00,0,0,0
2062,2019-09-04 08:00:00,2019-09-04 08:15:00,0,0,0:15:00,0:00:00,0,0,0
2062,2019-09-04 08:15:00,2019-09-04 08:30:00,0,0,0:15:00,0:00:00,0,0,0
2062,2019-09-04 08:30:00,2019-09-04 08:45:00,0,0,0:15:00,0:00:00,0,0,0
2062,2019-09-04 08:45:00,2019-09-04 09:00:00,7,32,0:08:05,0:06:55,1,0,1
2062,2019-09-04 09:00:00,2019-09-04 09:15:00,7,19,0:00:03,0:14:57,3,1,2
2062,2019-09-04 09:15:00,2019-09-04 09:30:00,11,28,0:00:36,0:14:24,3,1,2
2062,2019-09-04 09:30:00,2019-09-04 09:45:00,4,16,0:13:48,0:01:12,2,1,1
2062,2019-09-04 09:45:00,2019-09-04 10:00:00,0,0,0:15:00,0:00:00,0,0,0
2062,2019-09-04 10:00:00,2019-09-04 10:15:00,0,9,0:15:00,0:00:00,0,0,0
2062,2019-09-04 10:15:00,2019-09-04 10:30:00,2,7,0:09:36,0:05:24,0,0,0
2062,2019-09-04 10:30:00,2019-09-04 10:45:00,15,23,0:00:07,0:14:53,1,0,1
2062,2019-09-04 10:45:00,2019-09-04 11:00:00,15,39,0:00:04,0:14:56,2,1,1
2062,2019-09-04 11:00:00,2019-09-04 11:15:00,14,28,0:00:01,0:14:59,1,0,1
2062,2019-09-04 11:15:00,2019-09-04 11:30:00,3,17,0:12:47,0:02:13,1,0,1
2062,2019-09-04 11:30:00,2019-09-04 11:45:00,0,0,0:15:00,0:00:00,0,0,0
2062,2019-09-04 11:45:00,2019-09-04 12:00:00,0,0,0:15:00,0:00:00,0,0,0
2062,2019-09-04 12:00:00,2019-09-04 12:15:00,0,0,0:15:00,0:00:00,0,0,0
2062,2019-09-04 12:15:00,2019-09-04 12:30:00,0,0,0:15:00,0:00:00,0,0,0
2062,2019-09-04 12:30:00,2019-09-04 12:45:00,0,0,0:15:00,0:00:00,0,0,0
2062,2019-09-04 12:45:00,2019-09-04 13:00:00,1,12,0:04:52,0:10:08,0,0,0
2062,2019-09-04 13:00:00,2019-09-04 13:15:00,10,23,0:00:00,0:15:00,0,0,0
2062,2019-09-04 13:15:00,2019-09-04 13:30:00,15,44,0:02:43,0:12:17,5,2,3
2062,2019-09-04 13:30:00,2019-09-04 13:45:00,0,0,0:15:00,0:00:00,0,0,0
2062,2019-09-04 13:45:00,2019-09-04 14:00:00,0,0,0:15:00,0:00:00,0,0,0
2062,2019-09-04 14:00:00,2019-09-04 14:15:00,6,19,0:06:14,0:08:46,0,0,0
2062,2019-09-04 14:15:00,2019-09-04 14:30:00,10,14,0:00:10,0:14:50,2,1,1
2062,2019-09-04 14:30:00,2019-09-04 14:45:00,6,16,0:00:00,0:15:00,0,0,0
2062,2019-09-04 14:45:00,2019-09-04 15:00:00,16,41,0:01:29,0:13:31,1,0,1
2062,2019-09-04 15:00:00,2019-09-04 15:15:00,3,14,0:13:01,0:01:59,1,0,1
2062,2019-09-04 15:15:00,2019-09-04 15:30:00,0,0,0:15:00,0:00:00,0,0,0
2062,2019-09-04 15:30:00,2019-09-04 15:45:00,0,17,0:15:00,0:00:00,0,0,0
2062,2019-09-04 15:45:00,2019-09-04 16:00:00,4,22,0:07:40,0:07:20,0,0,0
2062,2019-09-04 16:00:00,2019-09-04 16:15:00,16,42,0:00:10,0:14:50,3,1,2
2062,2019-09-04 16:15:00,2019-09-04 16:30:00,22,56,0:00:18,0:14:42,3,1,2
2062,2019-09-04 16:30:00,2019-09-04 16:45:00,7,26,0:06:19,0:08:41,1,0,1
2062,2019-09-04 16:45:00,2019-09-04 17:00:00,0,1,0:15:00,0:00:00,0,0,0
2062,2019-09-04 17:00:00,2019-09-04 17:15:00,1,18,0:13:34,0:01:26,0,0,0
2062,2019-09-04 17:15:00,2019-09-04 17:30:00,11,13,0:00:11,0:14:49,1,0,1
2062,2019-09-04 17:30:00,2019-09-04 17:45:00,7,12,0:00:01,0:14:59,1,0,1
2062,2019-09-04 17:45:00,2019-09-04 18:00:00,20,65,0:00:47,0:14:13,10,5,5
2062,2019-09-04 18:00:00,2019-09-04 18:15:00,9,18,0:04:00,0:11:00,1,0,1
2062,2019-09-04 18:15:00,2019-09-04 18:30:00,0,0,0:15:00,0:00:00,0,0,0
2062,2019-09-04 18:30:00,2019-09-04 18:45:00,0,0,0:15:00,0:00:00,0,0,0
2062,2019-09-04 18:45:00,2019-09-04 19:00:00,0,0,0:15:00,0:00:00,0,0,0
2062,2019-09-04 19:00:00,2019-09-04 19:15:00,2,14,0:13:34,0:01:26,1,0,1
2062,2019-09-04 19:15:00,2019-09-04 19:30:00,15,35,0:00:01,0:14:59,1,0,1
2062,2019-09-04 19:30:00,2019-09-04 19:45:00,21,57,0:00:15,0:14:45,1,0,1
2062,2019-09-04 19:45:00,2019-09-04 20:00:00,14,19,0:00:12,0:14:48,6,3,3
2062,2019-09-04 20:00:00,2019-09-04 20:15:00,20,44,0:00:01,0:14:59,1,0,1
2062,2019-09-04 20:15:00,2019-09-04 20:30:00,22,38,0:00:00,0:15:00,0,0,0
2062,2019-09-04 20:30:00,2019-09-04 20:45:00,12,39,0:00:00,0:15:00,0,0,0
2062,2019-09-04 20:45:00,2019-09-04 21:00:00,18,45,0:05:56,0:09:04,2,1,1
2062,2019-09-04 21:00:00,2019-09-04 21:15:00,0,0,0:15:00,0:00:00,0,0,0
2062,2019-09-04 21:15:00,2019-09-04 21:30:00,0,0,0:15:00,0:00:00,0,0,0
2062,2019-09-04 21:30:00,2019-09-04 21:45:00,0,0,0:15:00,0:00:00,0,0,0
2062,2019-09-04 21:45:00,2019-09-04 22:00:00,4,15,0:09:38,0:05:22,1,0,1
2062,2019-09-04 22:00:00,2019-09-04 22:15:00,21,32,0:00:05,0:14:55,1,0,1
2062,2019-09-04 22:15:00,2019-09-04 22:30:00,7,15,0:11:20,0:03:40,1,0,1
2062,2019-09-04 22:30:00,2019-09-04 22:45:00,0,0,0:15:00,0:00:00,0,0,0
2062,2019-09-04 22:45:00,2019-09-04 23:00:00,0,13,0:15:00,0:00:00,0,0,0
2062,2019-09-04 23:00:00,2019-09-04 23:15:00,0,3,0:15:00,0:00:00,0,0,0
2062,2019-09-04 23:15:00,2019-09-04 23:30:00,0,3,0:15:00,0:00:00,0,0,0
2062,2019-09-04 23:30:00,2019-09-04 23:45:00,0,6,0:15:00,0:00:00,0,0,0
2062,2019-09-04 23:45:00,2019-09-05 00:00:00,0,1,0:15:00,0:00:00,0,0,0
2062,2019-09-05 00:00:00,2019-09-05 00:15:00,0,5,0:15:00,0:00:00,0,0,0
2062,2019-09-05 00:15:00,2019-09-05 00:30:00,0,9,0:15:00,0:00:00,0,0,0
2062,2019-09-05 00:30:00,2019-09-05 00:45:00,0,3,0:15:00,0:00:00,0,0,0
2062,2019-09-05 00:45:00,2019-09-05 01:00:00,2,7,0:13:28,0:01:32,0,0,0
2062,2019-09-05 01:00:00,2019-09-05 01:15:00,10,23,0:06:06,0:08:54,2,1,1
2062,2019-09-05 01:15:00,2019-09-05 01:30:00,0,0,0:15:00,0:00:00,0,0,0
2062,2019-09-05 01:30:00,2019-09-05 01:45:00,0,0,0:15:00,0:00:00,0,0,0
2062,2019-09-05 01:45:00,2019-09-05 02:00:00,0,0,0:15:00,0:00:00,0,0,0
2062,2019-09-05 02:00:00,2019-09-05 02:15:00,0,0,0:15:00,0:00:00,0,0,0
2062,2019-09-05 02:15:00,2019-09-05 02:30:00,0,0,0:15:00,0:00:00,0,0,0
2062,2019-09-05 02:30:00,2019-09-05 02:45:00,0,0,0:15:00,0:00:00,0,0,0
2062,2019-09-05 02:45:00,2019-09-05 03:00:00,0,0,0:15:00,0:00:00,0,0,0
2062,2019-09-05 03:00:00,2019-09-05 03:15:00,6,35,0:10:02,0:04:58,4,2,2
2062,2019-09-05 03:15:00,2019-09-05 03:30:00,0,1,0:15:00,0:00:00,0,0,0
2062,2019-09-05 03:30:00,2019-09-05 03:45:00,0,0,0:15:00,0:00:00,0,0,0
2062,2019-09-05 03:45:00,2019-09-05 04:00:00,0,0,0:15:00,0:00:00,0,0,0
2062,2019-09-05 04:00:00,2019-09-05 04:15:00,0,0,0:15:00,0:00:00,0,0,0
2062,2019-09-05 04:15:00,2019-09-05 04:30:00,12,28,0:08:56,0:06:04,1,0,1
2062,2019-09-05 04:30:00,2019-09-05 04:45:00,0,0,0:15:00,0:00:00,0,0,0
2062,2019-09-05 04:45:00,2019-09-05 05:00:00,0,6,0:15:00,0:00:00,0,0,0
2062,2019-09-05 05:00:00,2019-09-05 05:15:00,0,2,0:15:00,0:00:00,0,0,0
2062,2019-09-05 05:15:00,2019-09-05 05:30:00,0,0,0:15:00,0:00:00,0,0,0
2062,2019-09-05 05:30:00,2019-09-05 05:45:00,5,11,0:06:28,0:08:32,0,0,0
2062,2019-09-05 05:45:00,2019-09-05 06:00:00,9,22,0:00:18,0:14:42,3,1,2
2062,2019-09-05 06:00:00,2019-09-05 06:15:00,4,8,0:00:06,0:14:54,1,0,1
2062,2019-09-05 06:15:00,2019-09-05 06:30:00,6,11,0:00:00,0:15:00,0,0,0
2062,2019-09-05 06:30:00,2019-09-05 06:45:00,16,21,0:00:05,0:14:55,3,1,2
2062,2019-09-05 06:45:00,2019-09-05 07:00:00,5,19,0:00:31,0:14:29,3,1,2
2062,2019-09-05 07:00:00,2019-09-05 07:15:00,6,12,0:00:06,0:14:54,3,1,2
2062,2019-09-05 07:15:00,2019-09-05 07:30:00,13,24,0:00:00,0:15:00,0,0,0
2062,2019-09-05 07:30:00,2019-09-05 07:45:00,5,17,0:08:13,0:06:47,1,0,1
2062,2019-09-05 07:45:00,2019-09-05 08:00:00,0,0,0:15:00,0:00:00,0,0,0
2062,2019-09-05 08:00:00,2019-09-05 08:15:00,0,0,0:15:00,0:00:00,0,0,0
2062,2019-09-05 08:15:00,2019-09-05 08:30:00,0,1,0:15:00,0:00:00,0,0,0
2062,2019-09-05 08:30:00,2019-09-05 08:45:00,0,0,0:15:00,0:00:00,0,0,0
2062,2019-09-05 08:45:00,2019-09-05 09:00:00,0,0,0:15:00,0:00:00,0,0,0
2062,2019-09-05 09:00:00,2019-09-05 09:15:00,9,24,0:07:06,0:07:54,0,0,0
2062,2019-09-05 09:15:00,2019-09-05 09:30:00,5,19,0:07:34,0:07:26,2,1,1
2062,2019-09-05 09:30:00,2019-09-05 09:45:00,0,0,0:15:00,0:00:00,0,0,0
2062,2019-09-05 09:45:00,2019-09-05 10:00:00,0,10,0:15:00,0:00:00,0,0,0
2062,2019-09-05 10:00:00,2019-09-05 10:15:00,0,0,0:15:00,0:00:00,0,0,0
2062,2019-09-05 10:15:00,2019-09-05 10:30:00,0,3,0:15:00,0:00:00,0,0,0
2062,2019-09-05 10:30:00,2019-09-05 10:45:00,0,5,0:15:00,0:00:00,0,0,0
2062,2019-09-05 10:45:00,2019-09-05 11:00:00,0,2,0:15:00,0:00:00,0,0,0
2062,2019-09-05 11:00:00,2019-09-05 11:15:00,8,22,0:03:30,0:11:30,0,0,0
2062,2019-09-05 11:15:00,2019-09-05 11:30:00,4,22,0:05:42,0:09:18,3,1,2
2062,2019-09-05 11:30:00,2019-09-05 11:45:00,0,0,0:15:00,0:00:00,0,0,0
2062,2019-09-05 11:45:00,2019-09-05 12:00:00,0,0,0:15:00,0:00:00,0,0,0
2062,2019-09-05 12:00:00,2019-09-05 12:15:00,0,1,0:15:00,0:00:00,0,0,0
2062,2019-09-05 12:15:00,2019-09-05 12:30:00,0,0,0:15:00,0:00:00,0,0,0
2062,2019-09-05 12:30:00,2019-09-05 12:45:00,0,0,0:15:00,0:00:00,0,0,0
2062,2019-09-05 12:45:00,2019-09-05 13:00:00,0,0,0:15:00,0:00:00,0,0,0
2062,2019-09-05 13:00:00,2019-09-05 13:15:00,11,38,0:00:41,0:14:19,4,2,2
2062,2019-09-05 13:15:00,2019-09-05 13:30:00,8,21,0:00:00,0:15:00,0,0,0
2062,2019-09-05 13:30:00,2019-09-05 13:45:00,21,51,0:00:52,0:14:08,10,5,5
2062,2019-09-05 13:45:00,2019-09-05 14:00:00,13,30,0:06:49,0:08:11,3,1,2
2062,2019-09-05 14:00:00,2019-09-05 14:15:00,0,2,0:15:00,0:00:00,0,0,0
2062,2019-09-05 14:15:00,2019-09-05 14:30:00,0,0,0:15:00,0:00:00,0,0,0
2062,2019-09-05 14:30:00,2019-09-05 14:45:00,5,14,0:07:43,0:07:17,1,0,1
2062,2019-09-05 14:45:00,2019-09-05 15:00:00,13,23,0:00:00,0:15:00,0,0,0
2062,2019-09-05 15:00:00,2019-09-05 15:15:00,9,24,0:00:22,0:14:38,6,3,3
2062,2019-09-05 15:15:00,2019-09-05 15:30:00,3,11,0:00:04,0:14:56,2,1,1
2062,2019-09-05 15:30:00,2019-09-05 15:45:00,14,26,0:00:00,0:15:00,0,0,0
2062,2019-09-05 15:45:00,2019-09-05 16:00:00,8,22,0:11:06,0:03:54,1,0,1
2062,2019-09-05 16:00:00,2019-09-05 16:15:00,0,11,0:15:00,0:00:00,0,0,0
2062,2019-09-05 16:15:00,2019-09-05 16:30:00,0,3,0:15:00,0:00:00,0,0,0
2062,2019-09-05 16:30:00,2019-09-05 16:45:00,0,3,0:15:00,0:00:00,0,0,0
2062,2019-09-05 16:45:00,2019-09-05 17:00:00,2,18,0:14:04,0:00:56,0,0,0
2062,2019-09-05 17:00:00,2019-09-05 17:15:00,15,32,0:00:00,0:15:00,0,0,0
2062,2019-09-05 17:15:00,2019-09-05 17:30:00,11,29,0:00:06,0:14:54,2,1,1
2062,2019-09-05 17:30:00,2019-09-05 17:45:00,15,39,0:01:00,0:14:00,6,3,3
2062,2019-09-05 17:45:00,2019-09-05 18:00:00,6,17,0:00:01,0:14:59,1,0,1
2062,2019-09-05 18:00:00,2019-09-05 18:15:00,3,13,0:13:47,0:01:13,3,1,2
2062,2019-09-05 18:15:00,2019-09-05 18:30:00,0,0,0:15:00,0:00:00,0,0,0
2062,2019-09-05 18:30:00,2019-09-05 18:45:00,0,0,0:15:00,0:00:00,0,0,0
2062,2019-09-05 18:45:00,2019-09-05 19:00:00,5,16,0:10:13,0:04:47,0,0,0
2062,2019-09-05 19:00:00,2019-09-05 19:15:00,15,34,0:00:29,0:14:31,6,3,3
2062,2019-09-05 19:15:00,2019-09-05 19:30:00,19,34,0:00:00,0:15:00,0,0,0
2062,2019-09-05 19:30:00,2019-09-05 19:45:00,10,23,0:00:00,0:15:00,0,0,0
2062,2019-09-05 19:45:00,2019-09-05 20:00:00,24,61,0:00:00,0:15:00,0,0,0
2062,2019-09-05 20:00:00,2019-09-05 20:15:00,39,150,0:00:03,0:14:57,1,0,1
2062,2019-09-05 20:15:00,2019-09-05 20:30:00,18,34,0:00:00,0:15:00,0,0,0
2062,2019-09-05 20:30:00,2019-09-05 20:45:00,24,49,0:01:50,0:13:10,2,1,1
2062,2019-09-05 20:45:00,2019-09-05 21:00:00,0,0,0:15:00,0:00:00,0,0,0
2062,2019-09-05 21:00:00,2019-09-05 21:15:00,1,25,0:13:35,0:01:25,0,0,0
2062,2019-09-05 21:15:00,2019-09-05 21:30:00,18,27,0:01:25,0:13:35,1,0,1
2062,2019-09-05 21:30:00,2019-09-05 21:45:00,0,1,0:15:00,0:00:00,0,0,0
2062,2019-09-05 21:45:00,2019-09-05 22:00:00,0,6,0:15:00,0:00:00,0,0,0
2062,2019-09-05 22:00:00,2019-09-05 22:15:00,0,4,0:15:00,0:00:00,0,0,0
2062,2019-09-05 22:15:00,2019-09-05 22:30:00,0,8,0:15:00,0:00:00,0,0,0
2062,2019-09-05 22:30:00,2019-09-05 22:45:00,0,0,0:15:00,0:00:00,0,0,0
2062,2019-09-05 22:45:00,2019-09-05 23:00:00,0,10,0:15:00,0:00:00,0,0,0
2062,2019-09-05 23:00:00,2019-09-05 23:15:00,9,28,0:07:42,0:07:18,1,0,1
2062,2019-09-05 23:15:00,2019-09-05 23:30:00,0,0,0:15:00,0:00:00,0,0,0
2062,2019-09-05 23:30:00,2019-09-05 23:45:00,0,0,0:15:00,0:00:00,0,0,0
2062,2019-09-05 23:45:00,2019-09-06 00:00:00,0,0,0:15:00,0:00:00,0,0,0
2062,2019-09-06 00:00:00,2019-09-06 00:15:00,0,0,0:15:00,0:00:00,0,0,0
2062,2019-09-06 00:15:00,2019-09-06 00:30:00,0,0,0:15:00,0:00:00,0,0,0
2062,2019-09-06 00:30:00,2019-09-06 00:45:00,1,14,0:09:52,0:05:08,0,0,0
2062,2019-09-06 00:45:00,2019-09-06 01:00:00,8,22,0:11:01,0:03:59,2,1,1
2062,2019-09-06 01:00:00,2019-09-06 01:15:00,0,6,0:15:00,0:00:00,0,0,0
2062,2019-09-06 01:15:00,2019-09-06 01:30:00,0,2,0:15:00,0:00:00,0,0,0
2062,2019-09-06 01:30:00,2019-09-06 01:45:00,10,24,0:05:38,0:09:22,0,0,0
2062,2019-09-06 01:45:00,2019-09-06 02:00:00,3,19,0:10:56,0:04:04,1,0,1
2062,2019-09-06 02:00:00,2019-09-06 02:15:00,0,0,0:15:00,0:00:00,0,0,0
2062,2019-09-06 02:15:00,2019-09-06 02:30:00,0,0,0:15:00,0:00:00,0,0,0
2062,2019-09-06 02:30:00,2019-09-06 02:45:00,0,0,0:15:00,0:00:00,0,0,0
2062,2019-09-06 02:45:00,2019-09-06 03:00:00,0,1,0:15:00,0:00:00,0,0,0
2062,2019-09-06 03:00:00,2019-09-06 03:15:00,0,2,0:15:00,0:00:00,0,0,0
2062,2019-09-06 03:15:00,2019-09-06 03:30:00,0,0,0:15:00,0:00:00,0,0,0
2062,2019-09-06 03:30:00,2019-09-06 03:45:00,0,0,0:15:00,0:00:00,0,0,0
2062,2019-09-06 03:45:00,2019-09-06 04:00:00,0,0,0:15:00,0:00:00,0,0,0
2062,2019-09-06 04:00:00,2019-09-06 04:15:00,0,0,0:15:00,0:00:00,0,0,0
2062,2019-09-06 04:15:00,2019-09-06 04:30:00,5,35,0:12:36,0:02:24,2,1,1
2062,2019-09-06 04:30:00,2019-09-06 04:45:00,0,3,0:15:00,0:00:00,0,0,0
2062,2019-09-06 04:45:00,2019-09-06 05:00:00,0,0,0:15:00,0:00:00,0,0,0
2062,2019-09-06 05:00:00,2019-09-06 05:15:00,0,10,0:15:00,0:00:00,0,0,0
2062,2019-09-06 05:15:00,2019-09-06 05:30:00,9,16,0:07:26,0:07:34,1,0,1
2062,2019-09-06 05:30:00,2019-09-06 05:45:00,14,23,0:00:00,0:15:00,0,0,0
2062,2019-09-06 05:45:00,2019-09-06 06:00:00,8,10,0:00:00,0:15:00,0,0,0
2062,2019-09-06 06:00:00,2019-09-06 06:15:00,10,17,0:00:27,0:14:33,5,2,3
2062,2019-09-06 06:15:00,2019-09-06 06:30:00,19,31,0:00:12,0:14:48,3,1,2
2062,2019-09-06 06:30:00,2019-09-06 06:45:00,8,28,0:00:32,0:14:28,4,2,2
2062,2019-09-06 06:45:00,2019-09-06 07:00:00,6,12,0:00:25,0:14:35,2,1,1
2062,2019-09-06 07:00:00,2019-09-06 07:15:00,17,27,0:00:01,0:14:59,1,0,1
2062,2019-09-06 07:15:00,2019-09-06 07:30:00,4,31,0:10:28,0:04:32,2,1,1
2062,2019-09-06 07:30:00,2019-09-06 07:45:00,0,0,0:15:00,0:00:00,0,0,0
2062,2019-09-06 07:45:00,2019-09-06 08:00:00,0,0,0:15:00,0:00:00,0,0,0
2062,2019-09-06 08:00:00,2019-09-06 08:15:00,0,0,0:15:00,0:00:00,0,0,0
2062,2019-09-06 08:15:00,2019-09-06 08:30:00,0,0,0:15:00,0:00:00,0,0,0
2062,2019-09-06 08:30:00,2019-09-06 08:45:00,0,0,0:15:00,0:00:00,0,0,0
2062,2019-09-06 08:45:00,2019-09-06 09:00:00,4,20,0:07:26,0:07:34,2,1,1
2062,2019-09-06 09:00:00,2019-09-06 09:15:00,7,25,0:00:03,0:14:57,1,0,1
2062,2019-09-06 09:15:00,2019-09-06 09:30:00,2,7,0:14:54,0:00:06,1,0,1
2062,2019-09-06 09:30:00,2019-09-06 09:45:00,0,0,0:15:00,0:00:00,0,0,0
2062,2019-09-06 09:45:00,2019-09-06 10:00:00,0,0,0:15:00,0:00:00,0,0,0
2062,2019-09-06 10:00:00,2019-09-06 10:15:00,0,13,0:15:00,0:00:00,0,0,0
2062,2019-09-06 10:15:00,2019-09-06 10:30:00,15,36,0:08:39,0:06:21,3,1,2
2062,2019-09-06 10:30:00,2019-09-06 10:45:00,0,6,0:15:00,0:00:00,0,0,0
2062,2019-09-06 10:45:00,2019-09-06 11:00:00,0,2,0:15:00,0:00:00,0,0,0
2062,2019-09-06 11:00:00,2019-09-06 11:15:00,0,0,0:15:00,0:00:00,0,0,0
2062,2019-09-06 11:15:00,2019-09-06 11:30:00,0,0,0:10:41,0:00:00,0,0,0
