T,Cow,coverage_pct,dataset_split,notif_lameness,lame_confidence,behavioral_warning_score,behavioral_warning_cusum,behavioral_warning_families,behavioral_warning_episode,behavioral_warning_start,behavioral_warning_notification,instability_warning_score,instability_warning_cusum,instability_warning_families,instability_warning_episode,instability_warning_start,instability_warning_notification,hybrid_warning_score,hybrid_warning_episode,hybrid_warning_surveillance,hybrid_warning_sequence_start,hybrid_warning_start,hybrid_warning_notification,hybrid_warning_type,hybrid_warning_priority,hybrid_warning_fusion_mode
2019-02-01 11:15:00,2047,100.0,baseline,1,56.8,0.01977218577629818,0.0,1,0,0,0,0.1949661614959427,0.0,1,0,0,0,0.1949661614959427,0,0,0,0,0,AUCUN,0,HIERARCHICAL
2019-02-02 09:00:00,2047,100.0,baseline,1,47.1,0.1843784263924165,0.0,2,0,0,0,0.008961507618283892,0.0,0,0,0,0,0.1843784263924165,0,0,0,0,0,AUCUN,0,HIERARCHICAL
2019-02-03 11:30:00,2047,100.0,baseline,1,44.6,0.1864641058022106,0.0,3,0,0,0,0.0,0.0,0,0,0,0,0.1864641058022106,0,0,0,0,0,AUCUN,0,HIERARCHICAL
2019-02-04 19:00:00,2047,100.0,baseline,1,46.8,0.08904410836923411,0.0,1,0,0,0,0.0,0.0,0,0,0,0,0.08904410836923411,0,0,0,0,0,AUCUN,0,HIERARCHICAL
2019-02-05 08:30:00,2047,100.0,baseline,1,48.3,0.3652025970865016,0.0,4,0,0,0,0.08049793550924107,0.0,2,0,0,0,0.3652025970865016,0,0,0,0,0,AUCUN,0,HIERARCHICAL
2019-02-06 07:30:00,2047,100.0,baseline,1,43.1,0.07902993329534408,0.0,1,0,0,0,0.08095238095238094,0.0,1,0,0,0,0.08095238095238094,0,0,0,0,0,AUCUN,0,HIERARCHICAL
2019-02-06 21:15:00,2047,100.0,baseline,1,48.6,0.056204833320382286,0.0,1,0,0,0,0.1476961949780886,0.0,1,0,0,0,0.1476961949780886,0,0,0,0,0,AUCUN,0,HIERARCHICAL
2019-02-07 10:15:00,2047,100.0,baseline,1,49.4,0.7053456641461336,0.0,4,0,0,0,0.009645122918318837,0.0,0,0,0,0,0.7053456641461336,0,0,0,0,0,AUCUN,0,HIERARCHICAL
2019-02-08 10:00:00,2047,100.0,baseline,1,49.1,0.1059659090909091,0.0,1,0,0,0,0.0,0.0,0,0,0,0,0.1059659090909091,0,0,0,0,0,AUCUN,0,HIERARCHICAL
2019-02-24 19:45:00,2047,100.0,futur,0,29.4,0.27795057837346365,2.283733322359146,4,1,1,1,0.0,0.0,0,0,0,0,0.27795057837346365,1,0,0,1,1,HYPO,2,HIERARCHICAL
2019-02-26 03:45:00,2047,100.0,futur,0,0.8,0.20194110384173167,33.071455613044755,3,1,1,1,0.24543254688445254,0.3400029803209851,2,0,0,0,0.24543254688445254,1,0,0,1,1,HYPO,2,HIERARCHICAL
2019-02-26 04:30:00,2047,100.0,futur,0,1.5,0.2059712864999795,32.861455613044754,2,0,0,0,0.38838043384322873,0.813930903577402,2,1,1,1,0.38838043384322873,0,1,0,0,0,INSTABILITE,1,HIERARCHICAL
2019-02-26 20:00:00,2047,100.0,futur,0,25.9,0.28025896657229105,44.982580531597996,3,1,0,0,0.26866920384417314,9.637867636836235,2,1,1,1,0.28025896657229105,1,0,0,1,1,MIXTE,3,HIERARCHICAL
2019-02-28 02:00:00,2047,100.0,futur,0,22.3,0.2490510113538741,67.27805865182123,3,1,0,0,0.4707706766917294,5.933995372781962,2,1,1,1,0.4707706766917294,1,0,0,1,1,MIXTE,3,HIERARCHICAL
2019-02-28 21:00:00,2047,100.0,futur,0,25.4,0.18462849882061821,75.47481385082632,4,1,1,1,0.0203125,1.3739953727819723,0,0,0,0,0.18462849882061821,1,0,1,1,1,SEQUENCE,3,HIERARCHICAL
2019-03-01 12:30:00,2047,100.0,futur,0,39.6,0.0317529162338925,71.13481385082675,0,0,0,0,0.690739289446186,2.548385162205551,3,1,1,1,0.690739289446186,0,1,0,0,0,INSTABILITE,1,HIERARCHICAL
2019-03-02 20:45:00,2047,100.0,futur,0,10.8,0.2089929840374663,67.02159120718663,4,1,1,1,0.0,0.0,0,0,0,0,0.2089929840374663,1,0,1,1,1,SEQUENCE,3,HIERARCHICAL
2019-03-05 05:00:00,2047,100.0,futur,0,11.0,0.08092579059296864,88.03597461279745,2,0,0,0,0.7874999999999999,3.271492673992673,2,1,1,1,0.7874999999999999,0,1,0,0,0,INSTABILITE,1,HIERARCHICAL
2019-03-05 08:00:00,2047,100.0,futur,0,15.4,0.24758272550339125,88.9254367601577,4,1,1,1,0.05840012406307412,2.5514926739926724,0,0,0,0,0.24758272550339125,1,0,1,1,1,SEQUENCE,3,HIERARCHICAL
2019-03-06 14:00:00,2047,100.0,futur,0,25.6,0.21682307961558475,86.59196647241636,4,1,1,1,0.10218510371936862,0.0,1,0,0,0,0.21682307961558475,1,0,1,1,1,SEQUENCE,3,HIERARCHICAL
2019-03-07 10:30:00,2047,100.0,futur,0,30.3,0.14108365353215893,88.41398631049806,3,1,1,0,0.02857142857142856,0.0,0,0,0,0,0.14108365353215893,1,0,1,1,1,SEQUENCE,3,HIERARCHICAL
2019-03-08 20:30:00,2047,100.0,futur,0,47.9,0.20556491545877065,84.18349952532353,4,1,1,1,0.013360565138929557,0.0,0,0,0,0,0.20556491545877065,1,0,0,1,1,HYPO,2,HIERARCHICAL
2019-03-11 11:15:00,2047,100.0,futur,0,25.9,0.3363138982279067,132.7993253232308,4,1,1,1,8.337965536409087e-05,0.0,0,0,0,0,0.3363138982279067,1,0,0,1,1,HYPO,2,HIERARCHICAL
2019-03-12 05:15:00,2047,100.0,futur,0,37.8,0.3882947448377715,149.53823186251296,4,1,0,0,0.7681818181818183,3.277555897710536,2,1,1,1,0.7681818181818183,1,0,0,1,1,MIXTE,3,HIERARCHICAL
2019-03-13 07:45:00,2047,100.0,futur,0,25.5,0.21999034340322693,157.62049090857715,3,1,1,1,0.08446180555555555,0.0,1,0,0,0,0.21999034340322693,1,0,1,1,1,SEQUENCE,3,HIERARCHICAL
2019-03-13 23:45:00,2047,100.0,futur,0,35.5,0.12201834862385322,154.60614935714761,1,0,0,0,0.6082391304347826,1.7158361827951252,2,1,1,1,0.6082391304347826,0,1,0,0,0,INSTABILITE,1,HIERARCHICAL
2019-03-15 00:30:00,2047,100.0,futur,0,21.5,0.5343989153534605,156.08496330775486,3,1,1,1,0.0,0.0,0,0,0,0,0.5343989153534605,1,0,1,1,1,SEQUENCE,3,HIERARCHICAL
2019-03-16 12:15:00,2047,100.0,futur,0,29.0,0.5354203568039928,173.989681472803,4,1,1,1,0.0,0.0,0,0,0,0,0.5354203568039928,1,0,1,1,1,SEQUENCE,3,HIERARCHICAL
2019-03-18 12:45:00,2047,100.0,futur,0,12.2,0.6638164262786399,228.48663874693986,4,1,1,1,0.26480521300448423,0.0,1,0,0,0,0.6638164262786399,1,0,0,1,1,HYPO,2,HIERARCHICAL
2019-03-19 10:30:00,2047,100.0,futur,0,21.3,0.5119992610042927,238.05360349499387,4,1,1,0,0.6145591138407545,0.5545591138407544,2,0,0,0,0.6145591138407545,1,0,0,1,1,HYPO,2,HIERARCHICAL
2019-03-21 22:30:00,2047,100.0,futur,0,15.0,0.3396554118912372,331.8949881139346,4,1,1,1,0.001612305411415893,0.0,0,0,0,0,0.3396554118912372,1,0,0,1,1,HYPO,2,HIERARCHICAL
2019-02-04 02:15:00,2056,100.0,baseline,1,51.0,0.039738289075487,0.0,1,0,0,0,0.03402612826603328,0.0,1,0,0,0,0.039738289075487,0,0,0,0,0,AUCUN,0,HIERARCHICAL
2019-02-05 00:30:00,2056,100.0,baseline,1,47.9,0.21916888895551212,0.0,3,0,0,0,0.5383204081632653,0.0,3,0,0,0,0.5383204081632653,0,0,0,0,0,AUCUN,0,HIERARCHICAL
2019-02-05 16:15:00,2056,100.0,baseline,1,60.7,0.18051420229404871,0.0,3,0,0,0,0.04867504148236254,0.0,0,0,0,0,0.18051420229404871,0,0,0,0,0,AUCUN,0,HIERARCHICAL
2019-02-07 11:00:00,2056,100.0,baseline,1,47.4,0.09150430638013213,0.0,1,0,0,0,0.20898709036742802,0.0,1,0,0,0,0.20898709036742802,0,0,0,0,0,AUCUN,0,HIERARCHICAL
2019-02-08 12:30:00,2056,100.0,baseline,1,54.2,0.10982677062920866,0.0,2,0,0,0,0.04827586206896553,0.0,1,0,0,0,0.10982677062920866,0,0,0,0,0,AUCUN,0,HIERARCHICAL
2019-02-11 16:30:00,2056,100.0,baseline,1,50.6,0.0,0.0,0,0,0,0,0.04801980198019795,0.0,1,0,0,0,0.04801980198019795,0,0,0,0,0,AUCUN,0,HIERARCHICAL
2019-02-13 14:30:00,2056,100.0,baseline,1,49.9,0.02857142857142858,0.0,1,0,0,0,0.5366243660299989,0.0,2,0,0,0,0.5366243660299989,0,0,0,0,0,AUCUN,0,HIERARCHICAL
2019-02-14 16:30:00,2056,100.0,baseline,1,51.5,0.0,0.0,0,0,0,0,0.0778327832783278,0.0,1,0,0,0,0.0778327832783278,0,0,0,0,0,AUCUN,0,HIERARCHICAL
2019-02-20 11:00:00,2056,100.0,baseline,1,51.3,0.017889275692791473,0.0,0,0,0,0,0.5366537263241185,0.0,2,0,0,0,0.5366537263241185,0,0,0,0,0,AUCUN,0,HIERARCHICAL
2019-02-21 12:30:00,2056,100.0,baseline,1,49.4,0.08538305500886921,0.0,2,0,0,0,0.0,0.0,0,0,0,0,0.08538305500886921,0,0,0,0,0,AUCUN,0,HIERARCHICAL
2019-02-22 12:15:00,2056,100.0,baseline,1,49.5,0.14315070120194145,0.0,3,0,0,0,0.04085820895522387,0.0,0,0,0,0,0.14315070120194145,0,0,0,0,0,AUCUN,0,HIERARCHICAL
2019-03-01 11:15:00,2056,100.0,baseline,1,50.8,0.0,0.0,0,0,0,0,0.5273138297872341,0.0,2,0,0,0,0.5273138297872341,0,0,0,0,0,AUCUN,0,HIERARCHICAL
2019-03-05 16:30:00,2056,100.0,baseline,1,46.8,0.08286995515695066,0.0,1,0,0,0,0.0,0.0,0,0,0,0,0.08286995515695066,0,0,0,0,0,AUCUN,0,HIERARCHICAL
2019-03-06 16:00:00,2056,100.0,baseline,1,50.5,0.13760997107504488,0.0,1,0,0,0,0.09336571131630485,0.0,1,0,0,0,0.13760997107504488,0,0,0,0,0,AUCUN,0,HIERARCHICAL
2019-03-08 17:45:00,2056,100.0,baseline,1,41.4,0.08266666666666667,0.0,1,0,0,0,0.2660245134757848,0.0,2,0,0,0,0.2660245134757848,0,0,0,0,0,AUCUN,0,HIERARCHICAL
2019-03-12 04:30:00,2056,100.0,futur,0,7.5,0.12458131803163092,0.18124367112416878,2,0,0,0,0.9749999999999999,2.6241106507059544,2,1,1,1,0.9749999999999999,0,1,0,0,0,INSTABILITE,1,HIERARCHICAL
2019-03-12 20:45:00,2056,100.0,futur,0,17.6,0.05500000000000001,0.0,1,0,0,0,0.21811976751149764,12.238610808604323,2,1,1,1,0.21811976751149764,0,1,0,0,0,INSTABILITE,1,HIERARCHICAL
2019-03-13 02:30:00,2056,100.0,futur,0,24.6,0.21653786758516935,5.131955621501667,3,1,1,1,0.29386792452830185,10.858610808604311,1,0,0,0,0.29386792452830185,1,0,1,1,1,SEQUENCE,3,HIERARCHICAL
2019-03-14 13:15:00,2056,100.0,futur,0,36.4,0.06885245901639346,21.021432013030072,1,0,0,0,0.5751930036188178,5.15797340769703,2,1,1,1,0.5751930036188178,0,1,0,0,0,INSTABILITE,1,HIERARCHICAL
2019-03-15 01:30:00,2056,100.0,futur,0,9.9,0.31665782822835464,23.39336561583309,4,1,1,1,0.5366216216216217,6.74817281504844,2,0,0,0,0.5366216216216217,1,0,1,1,1,SEQUENCE,3,HIERARCHICAL
2019-03-15 02:15:00,2056,100.0,futur,0,0.3,0.2891809655640454,25.071310363488028,4,1,0,0,0.2846804511278194,7.656999433224315,2,1,1,1,0.2891809655640454,1,0,0,1,0,MIXTE,3,HIERARCHICAL
2019-03-16 01:45:00,2056,100.0,futur,0,24.7,0.22211886340866077,38.047809894784656,3,1,1,1,0.05476328783038048,3.0483404360973747,1,0,0,0,0.22211886340866077,1,0,1,1,1,SEQUENCE,3,HIERARCHICAL
2019-03-18 02:30:00,2056,100.0,futur,0,25.9,0.16139424428322996,97.49497367958018,3,1,0,0,0.5540406779661016,1.1973501559582544,3,1,1,1,0.5540406779661016,1,0,0,1,1,MIXTE,3,HIERARCHICAL
2019-03-19 09:00:00,2056,100.0,futur,0,24.0,0.16408920504466898,102.04507533329212,4,1,1,1,0.021888281724347314,0.0,0,0,0,0,0.16408920504466898,1,0,1,1,1,SEQUENCE,3,HIERARCHICAL
2019-03-20 12:30:00,2056,100.0,futur,0,21.6,0.029508196721311487,108.94569971651457,1,0,0,0,0.5994176154953539,2.8187031829765474,2,1,1,1,0.5994176154953539,0,1,0,0,0,INSTABILITE,1,HIERARCHICAL
2019-03-21 00:15:00,2056,100.0,futur,0,18.7,0.37649804568008227,111.87703932789069,4,1,1,1,0.14142394822006474,2.885745803517221,2,0,0,0,0.37649804568008227,1,0,1,1,1,SEQUENCE,3,HIERARCHICAL
2019-03-21 02:00:00,2056,100.0,futur,0,25.4,0.2394229901614246,115.29437227088157,4,1,0,0,0.24385963501242622,3.7408366697608777,3,1,1,1,0.24385963501242622,1,0,0,1,0,MIXTE,3,HIERARCHICAL
2019-03-22 00:00:00,2056,100.0,futur,0,16.9,0.21470024741189953,121.27143690893536,4,1,1,0,0.5342803030303029,3.7445454475544513,2,1,1,1,0.5342803030303029,1,0,1,1,1,SEQUENCE,3,HIERARCHICAL
2019-03-22 22:15:00,2056,100.0,futur,0,7.6,0.17922190535830212,128.86000290565627,3,1,1,1,0.0041396103896104266,0.0,0,0,0,0,0.17922190535830212,1,0,1,1,1,SEQUENCE,3,HIERARCHICAL
2019-03-23 04:15:00,2056,100.0,futur,0,0.7,0.08196274671527468,130.6658762362246,2,1,0,0,0.7273584905660377,2.2482960990481096,2,1,1,1,0.7273584905660377,1,0,0,1,0,MIXTE,3,HIERARCHICAL
2019-03-23 10:45:00,2056,100.0,futur,0,22.5,0.4351756980851799,132.85385463952085,4,1,1,0,0.0,1.4494163870993173,0,0,0,0,0.4351756980851799,1,0,1,1,1,SEQUENCE,3,HIERARCHICAL
2019-03-24 09:30:00,2056,100.0,futur,0,17.7,0.1621914776377733,149.54602472217942,3,1,1,1,0.013487738419618511,0.0,0,0,0,0,0.1621914776377733,1,0,1,1,1,SEQUENCE,3,HIERARCHICAL
2019-03-24 18:45:00,2056,100.0,futur,0,17.1,0.3088565693412352,161.36364784992264,3,1,0,0,0.6428426966292136,2.0074922651601796,2,1,1,1,0.6428426966292136,1,0,0,1,0,MIXTE,3,HIERARCHICAL
2019-03-25 00:15:00,2056,100.0,futur,0,12.0,0.1007819558625761,164.01146059143392,3,1,0,0,0.23826291079812198,2.8140985400878407,3,1,1,0,0.23826291079812198,1,0,0,1,1,MIXTE,3,HIERARCHICAL
2019-03-25 19:15:00,2056,100.0,futur,0,8.3,0.1510153056088317,163.86533378303676,3,1,1,1,0.039999999999999994,0.8688296503285495,0,0,0,0,0.1510153056088317,1,0,1,1,1,SEQUENCE,3,HIERARCHICAL
2019-03-26 06:00:00,2056,100.0,futur,0,21.6,0.0,162.32680420842067,0,0,0,0,0.45057421859856467,1.2397642857794302,4,1,1,1,0.45057421859856467,0,1,0,0,0,INSTABILITE,1,HIERARCHICAL
2019-03-26 16:45:00,2056,100.0,futur,1,47.4,0.0,159.31680420842096,0,0,0,0,0.423947363505613,17.422794018760666,4,1,0,0,0.423947363505613,0,1,0,0,0,INSTABILITE,1,HIERARCHICAL
2019-03-27 02:15:00,2056,100.0,futur,0,10.9,0.19571942885190424,157.20252363727312,3,0,0,0,0.34654740445523846,16.94536810855611,2,1,1,1,0.34654740445523846,0,1,0,0,0,INSTABILITE,1,HIERARCHICAL
2019-03-27 04:45:00,2056,100.0,futur,0,17.4,0.21373511670387144,161.95010541458464,4,1,1,1,0.13423694779116468,18.579950083723634,1,0,0,0,0.21373511670387144,1,0,1,1,1,SEQUENCE,3,HIERARCHICAL
2019-03-27 19:00:00,2056,100.0,futur,0,24.1,0.09299986051105015,163.66053556068434,1,0,0,0,0.656016654973031,17.16015356562807,4,1,1,1,0.656016654973031,0,1,0,0,0,INSTABILITE,1,HIERARCHICAL
2019-03-28 00:00:00,2056,100.0,futur,0,19.3,0.17058292243660741,164.30706567690598,4,1,1,0,0.007730061349693284,16.214709264605702,0,0,0,0,0.17058292243660741,1,0,1,1,1,SEQUENCE,3,HIERARCHICAL
2019-03-28 15:45:00,2056,100.0,futur,1,44.0,0.13346683208231733,169.39684109048827,2,0,0,0,0.13452365849287232,17.798310271334035,1,0,0,0,0.13452365849287232,0,0,0,0,0,AUCUN,0,HIERARCHICAL
2019-03-30 04:30:00,2056,100.0,futur,0,13.9,0.2530624144765429,162.04936677370853,3,1,1,1,0.0,14.135090191693745,0,0,0,0,0.2530624144765429,1,0,1,1,1,SEQUENCE,3,HIERARCHICAL
2019-03-31 21:45:00,2056,100.0,futur,0,10.1,0.15152523233661563,185.69764446475762,3,1,1,1,0.03225734639358857,5.954512053727799,1,0,0,0,0.15152523233661563,1,0,0,1,1,HYPO,2,HIERARCHICAL
2019-04-02 03:30:00,2056,100.0,futur,0,10.1,0.35021430261763425,202.75509915696387,4,1,0,0,0.8097457627118643,1.8429907235635685,2,1,1,1,0.8097457627118643,1,0,0,1,1,MIXTE,3,HIERARCHICAL
2019-04-03 12:00:00,2056,100.0,futur,0,18.1,0.3354657507147597,206.48535994326758,3,1,1,1,0.0690679304897314,6.262066074444484,0,0,0,0,0.3354657507147597,1,0,1,1,1,SEQUENCE,3,HIERARCHICAL
2019-04-03 15:45:00,2056,100.0,futur,0,18.1,0.25753549335961,210.86403069813414,3,1,0,0,0.33953811313060694,6.901835160869008,2,1,1,1,0.33953811313060694,1,0,0,1,0,MIXTE,3,HIERARCHICAL
2019-04-04 04:45:00,2056,100.0,futur,0,22.7,0.2618697738492485,214.55470678089236,3,1,1,0,0.42872131147540987,5.271110206706748,1,0,0,0,0.42872131147540987,1,0,1,1,1,SEQUENCE,3,HIERARCHICAL
2019-04-04 21:15:00,2056,100.0,futur,0,21.7,0.20609381814336816,216.5459140417754,4,1,1,1,0.0,1.3111102067067537,0,0,0,0,0.20609381814336816,1,0,1,1,1,SEQUENCE,3,HIERARCHICAL
2019-04-05 04:15:00,2056,100.0,futur,0,2.1,0.2847269712096435,224.5224518171626,4,1,0,0,0.6023371104815863,2.796633494910711,2,1,1,1,0.6023371104815863,1,0,0,1,0,MIXTE,3,HIERARCHICAL
2019-04-06 05:45:00,2056,100.0,futur,0,19.2,0.2280201903696938,223.923933243799,4,1,1,1,0.008032786885245956,1.1608218290512367,0,0,0,0,0.2280201903696938,1,0,1,1,1,SEQUENCE,3,HIERARCHICAL
2019-04-07 13:00:00,2056,100.0,futur,0,16.3,0.30088880875121976,265.1068911536642,4,1,1,1,0.0,0.0,0,0,0,0,0.30088880875121976,1,0,1,1,1,SEQUENCE,3,HIERARCHICAL
2019-04-08 10:00:00,2056,100.0,futur,0,12.5,0.20142396912769106,276.85084272371097,3,1,1,0,0.0,0.0,0,0,0,0,0.20142396912769106,1,0,0,1,1,HYPO,2,HIERARCHICAL
2019-04-09 06:30:00,2056,100.0,futur,0,25.4,0.10332533344863296,281.43049088876796,3,0,0,0,0.31811474940607376,0.8380064442581816,2,1,1,1,0.31811474940607376,0,1,0,0,0,INSTABILITE,1,HIERARCHICAL
2019-04-09 16:15:00,2056,100.0,futur,0,2.7,0.2048665736777552,281.8268097145091,3,1,1,1,0.06240310077519383,2.6453821564829236,0,0,0,0,0.2048665736777552,1,0,1,1,1,SEQUENCE,3,HIERARCHICAL
2019-04-10 18:45:00,2056,100.0,futur,0,16.3,0.23632570406672715,288.1616735742911,3,1,1,1,0.0,0.0,0,0,0,0,0.23632570406672715,1,0,1,1,1,SEQUENCE,3,HIERARCHICAL
2019-04-12 13:00:00,2056,100.0,futur,0,23.6,0.15477628388191828,311.97744596380096,3,1,1,1,0.40713528384088404,1.1178457386154284,2,0,0,0,0.40713528384088404,1,0,0,1,1,HYPO,2,HIERARCHICAL
2019-04-12 13:15:00,2056,100.0,futur,0,25.0,0.16357611199740008,312.08606102796784,3,1,0,0,0.36629980127478995,1.4241455398902183,2,1,1,1,0.36629980127478995,1,0,0,1,0,MIXTE,3,HIERARCHICAL
2019-04-13 03:45:00,2056,100.0,futur,0,10.4,0.10345596432552953,313.62631179278156,2,0,0,0,0.5129238985313751,0.9986967412335335,2,1,1,1,0.5129238985313751,0,1,0,0,0,INSTABILITE,1,HIERARCHICAL
2019-04-13 13:00:00,2056,100.0,futur,0,12.2,0.24241626384530593,314.29921815533817,3,1,1,0,0.030000000000000027,0.0,0,0,0,0,0.24241626384530593,1,0,1,1,1,SEQUENCE,3,HIERARCHICAL
2019-04-14 06:30:00,2056,100.0,futur,0,25.9,0.1668782678749586,325.66868161990686,4,1,0,0,0.201398229257659,1.5511071138854102,2,1,1,1,0.201398229257659,1,0,0,1,1,MIXTE,3,HIERARCHICAL
2019-04-14 13:15:00,2056,100.0,futur,0,34.9,0.1555223249458711,326.13109197887457,3,1,1,1,0.7890357408786299,0.12040534158314958,3,0,0,0,0.7890357408786299,1,0,1,1,0,SEQUENCE,3,HIERARCHICAL
2019-04-15 21:45:00,2056,100.0,futur,0,7.2,0.2600375251190319,324.2393014333353,4,1,1,1,0.007079252003561864,0.0,0,0,0,0,0.2600375251190319,1,0,1,1,1,SEQUENCE,3,HIERARCHICAL
2019-04-17 03:15:00,2056,100.0,futur,0,18.0,0.19707157090912442,342.73329762205424,3,1,0,0,0.3515275142314991,1.4089158189667124,3,1,1,1,0.3515275142314991,1,0,0,1,1,MIXTE,3,HIERARCHICAL
2019-02-01 17:45:00,2063,100.0,baseline,1,50.0,0.08311107757888976,0.0,1,0,0,0,0.11373477537078874,0.0,1,0,0,0,0.11373477537078874,0,0,0,0,0,AUCUN,0,HIERARCHICAL
2019-02-02 11:30:00,2063,100.0,baseline,1,47.4,0.1397590361445783,0.0,2,0,0,0,0.39549265319292937,0.0,2,0,0,0,0.39549265319292937,0,0,0,0,0,AUCUN,0,HIERARCHICAL
2019-02-03 17:15:00,2063,100.0,baseline,1,46.9,0.2161890070706602,0.0,2,0,0,0,0.0,0.0,0,0,0,0,0.2161890070706602,0,0,0,0,0,AUCUN,0,HIERARCHICAL
2019-02-05 10:45:00,2063,100.0,baseline,1,46.6,0.21705410249392465,0.0,3,0,0,0,0.0,0.0,0,0,0,0,0.21705410249392465,0,0,0,0,0,AUCUN,0,HIERARCHICAL
2019-02-06 17:00:00,2063,100.0,baseline,1,49.0,0.19228831832712168,0.0,2,0,0,0,0.05613573407202211,0.0,0,0,0,0,0.19228831832712168,0,0,0,0,0,AUCUN,0,HIERARCHICAL
2019-02-08 10:00:00,2063,100.0,baseline,1,46.8,0.09490407387980229,0.0,1,0,0,0,0.08888888888888885,0.0,1,0,0,0,0.09490407387980229,0,0,0,0,0,AUCUN,0,HIERARCHICAL
2019-02-12 06:45:00,2063,100.0,baseline,1,47.2,0.05432906826884278,0.0,2,0,0,0,0.05129554655870446,0.0,0,0,0,0,0.05432906826884278,0,0,0,0,0,AUCUN,0,HIERARCHICAL
2019-02-12 19:00:00,2063,100.0,baseline,1,46.6,0.31128228815354086,0.0,4,0,0,0,0.356233689518973,0.0,2,0,0,0,0.356233689518973,0,0,0,0,0,AUCUN,0,HIERARCHICAL
2019-03-12 08:15:00,2063,100.0,futur,0,16.4,0.215319390495483,1.3753641754751598,3,1,1,1,0.9469407244004837,3.3510277385275518,3,1,1,1,0.9469407244004837,1,0,0,1,1,MIXTE,3,HIERARCHICAL
2019-03-13 18:15:00,2063,100.0,futur,0,35.2,0.16730322853628465,1.2125377847970993,4,1,1,1,0.19296296296296292,7.584933354871155,1,0,0,0,0.19296296296296292,1,0,1,1,1,SEQUENCE,3,HIERARCHICAL
2019-03-13 21:45:00,2063,100.0,futur,0,43.5,0.23248629057052791,4.282130281797043,4,1,0,0,0.46434511434511444,9.102401754317706,2,1,1,1,0.46434511434511444,1,0,0,1,0,MIXTE,3,HIERARCHICAL
2019-03-14 10:30:00,2063,100.0,futur,0,17.5,0.18311468630532668,2.1520307507127057,3,0,0,0,0.5345801890883857,11.485149862610823,2,1,1,1,0.5345801890883857,0,1,0,0,0,INSTABILITE,1,HIERARCHICAL
2019-03-14 14:45:00,2063,100.0,futur,0,21.1,0.2835883330361593,4.679302713406947,3,1,1,0,0.75,20.036823454970982,2,1,0,0,0.75,1,0,1,1,1,SEQUENCE,3,HIERARCHICAL
2019-03-15 22:15:00,2063,100.0,futur,0,4.5,0.2813191662706226,24.068125750121045,3,1,1,1,0.0,17.48654080904457,0,0,0,0,0.2813191662706226,1,0,1,1,1,SEQUENCE,3,HIERARCHICAL
2019-03-18 00:45:00,2063,100.0,futur,0,5.8,0.4025644077759411,37.54699665512467,4,1,1,1,0.0,5.366540809044551,0,0,0,0,0.4025644077759411,1,0,0,1,1,HYPO,2,HIERARCHICAL
2019-03-19 03:45:00,2063,100.0,futur,0,0.9,0.3105178284275431,41.46822434852349,3,1,1,1,0.000334075723830729,0.0,0,0,0,0,0.3105178284275431,1,0,0,1,1,HYPO,2,HIERARCHICAL
2019-03-20 20:00:00,2063,100.0,futur,0,10.8,0.28380355264998913,57.9963852059763,3,1,1,1,0.0,0.0,0,0,0,0,0.28380355264998913,1,0,0,1,1,HYPO,2,HIERARCHICAL
2019-03-21 13:15:00,2063,100.0,futur,0,12.3,0.3464217823927267,59.99115643031014,4,1,1,0,0.17111727224000126,0.0,2,0,0,0,0.3464217823927267,1,0,0,1,1,HYPO,2,HIERARCHICAL
2019-03-22 13:00:00,2063,100.0,futur,0,25.0,0.0,83.21422850341226,0,0,0,0,0.9780075187969924,3.2948397685521056,3,1,1,1,0.9780075187969924,0,1,0,0,0,INSTABILITE,1,HIERARCHICAL
2019-03-23 06:30:00,2063,100.0,futur,0,32.2,0.18545293071235652,80.90512772273559,2,0,0,0,1.0,57.69809651966602,3,1,1,1,1.0,0,1,0,0,0,INSTABILITE,1,HIERARCHICAL
2019-03-23 18:15:00,2063,100.0,futur,0,43.1,0.36302964462065845,83.6727435542598,3,1,1,1,0.0,80.90353242221275,0,0,0,0,0.36302964462065845,1,0,1,1,1,SEQUENCE,3,HIERARCHICAL
2019-03-23 23:15:00,2063,100.0,futur,0,37.9,0.5073142984368892,92.65534643503211,4,1,0,0,0.8654210526315789,82.76222886928575,2,1,1,1,0.8654210526315789,1,0,0,1,0,MIXTE,3,HIERARCHICAL
2019-03-25 10:30:00,2063,100.0,futur,0,23.0,0.15606072393792103,116.14868497564261,3,1,1,1,0.3034654372252077,75.46301174402399,2,0,0,0,0.3034654372252077,1,0,1,1,1,SEQUENCE,3,HIERARCHICAL
2019-03-25 17:45:00,2063,100.0,futur,0,13.7,0.3157685166393964,122.71964192080533,4,1,0,0,0.8236506570713391,75.5076982378317,3,1,1,1,0.8236506570713391,1,0,0,1,0,MIXTE,3,HIERARCHICAL
2019-03-26 09:45:00,2063,100.0,futur,0,25.1,0.3078845197000742,147.48418545256038,3,1,0,0,0.8357641213311316,78.85972079865734,3,1,1,1,0.8357641213311316,1,0,0,1,1,MIXTE,3,HIERARCHICAL
2019-03-26 19:30:00,2063,100.0,futur,0,35.3,0.2545913023568708,148.60002756332557,3,1,1,1,0.6718781032770605,83.72907207414835,2,0,0,0,0.6718781032770605,1,0,1,1,0,SEQUENCE,3,HIERARCHICAL
2019-03-27 04:45:00,2063,100.0,futur,0,14.7,0.3617432139160118,159.4306987979651,3,1,0,0,0.4716825032765398,84.71729730534379,2,1,1,1,0.4716825032765398,1,0,0,1,1,MIXTE,3,HIERARCHICAL
2019-03-27 23:30:00,2063,100.0,futur,0,17.5,0.2617413023837657,165.21377431048882,3,1,1,1,0.2566622090840841,85.19962527684667,2,0,0,0,0.2617413023837657,1,0,1,1,1,SEQUENCE,3,HIERARCHICAL
2019-03-28 15:45:00,2063,100.0,futur,0,37.8,0.2171473941601837,168.49550426225073,3,1,1,0,0.14734717416378318,82.92009576078478,1,0,0,0,0.2171473941601837,1,0,1,1,1,SEQUENCE,3,HIERARCHICAL
2019-03-28 22:00:00,2063,100.0,futur,0,41.8,0.08795559842986983,166.95037409845918,2,0,0,0,0.6646358680341384,84.10540751401525,3,1,1,1,0.6646358680341384,0,1,0,0,0,INSTABILITE,1,HIERARCHICAL
2019-03-30 10:45:00,2063,100.0,futur,0,33.2,0.26970219833940545,162.42388408582516,3,1,1,1,0.0,77.8592703413934,0,0,0,0,0.26970219833940545,1,0,1,1,1,SEQUENCE,3,HIERARCHICAL
2019-04-01 08:45:00,2063,100.0,futur,0,31.7,0.2974040852414997,206.99057676145534,3,1,1,1,0.0,68.23079595189871,0,0,0,0,0.2974040852414997,1,0,0,1,1,HYPO,2,HIERARCHICAL
2019-04-01 14:15:00,2063,100.0,futur,0,14.8,0.23089750206582035,209.4718657751468,4,1,0,0,1.0,69.88513866361028,3,1,1,1,1.0,1,0,0,1,0,MIXTE,3,HIERARCHICAL
2019-04-02 01:15:00,2063,100.0,futur,0,12.2,0.18478350074413452,210.11101188641237,3,1,1,0,0.6795251310514954,80.5514982365109,3,1,0,0,0.6795251310514954,1,0,1,1,1,SEQUENCE,3,HIERARCHICAL
2019-04-02 22:30:00,2063,100.0,futur,0,3.4,0.27276090334845005,214.58774695552125,4,1,1,1,0.12416771356783912,76.648148982953,1,0,0,0,0.27276090334845005,1,0,1,1,1,SEQUENCE,3,HIERARCHICAL
2019-04-03 15:15:00,2063,100.0,futur,0,36.3,0.26229400033001665,228.7483708673965,3,1,0,0,0.5071566341819236,74.11458758132001,2,1,1,1,0.5071566341819236,1,0,0,1,1,MIXTE,3,HIERARCHICAL
2019-04-04 00:45:00,2063,100.0,futur,0,17.1,0.23678464829492046,230.5584051061646,3,1,1,1,0.15591428954064548,71.83458758131992,2,0,0,0,0.23678464829492046,1,0,1,1,0,SEQUENCE,3,HIERARCHICAL
2019-04-04 05:15:00,2063,100.0,futur,0,11.6,0.23323320695425603,233.89720579454107,3,1,0,0,0.9517501988862369,75.45863151241547,2,1,1,1,0.9517501988862369,1,0,0,1,1,MIXTE,3,HIERARCHICAL
2019-04-05 01:00:00,2063,100.0,futur,0,24.5,0.3212529789488461,248.34567729664292,3,1,0,0,0.8469987228607918,75.86516293693572,3,1,1,1,0.8469987228607918,1,0,0,1,1,MIXTE,3,HIERARCHICAL
2019-04-05 22:15:00,2063,100.0,futur,0,35.3,0.0,249.3634627433715,0,0,0,0,0.6468909675254169,75.64461732948261,3,1,1,1,0.6468909675254169,0,1,0,0,0,INSTABILITE,1,HIERARCHICAL
2019-04-06 16:45:00,2063,100.0,futur,0,27.8,0.37442227706625686,250.43879816367877,4,1,1,1,0.014592211609110905,74.73155554798716,0,0,0,0,0.37442227706625686,1,0,1,1,1,SEQUENCE,3,HIERARCHICAL
2019-04-07 10:30:00,2063,100.0,futur,0,0.3,0.3571291070902805,264.64409894043513,4,1,0,0,0.9749999999999999,75.67607943507666,2,1,1,1,0.9749999999999999,1,0,0,1,1,MIXTE,3,HIERARCHICAL
2019-04-08 23:00:00,2063,100.0,futur,0,17.9,0.12538469065733787,284.5689574264895,2,0,0,0,0.680362446532735,75.77745455265548,3,1,1,1,0.680362446532735,0,1,0,0,0,INSTABILITE,1,HIERARCHICAL
2019-04-09 09:30:00,2063,100.0,futur,0,18.7,0.36244641746364376,285.8487732529475,4,1,1,1,0.0016158818097876115,76.6559313073994,0,0,0,0,0.36244641746364376,1,0,1,1,1,SEQUENCE,3,HIERARCHICAL
2019-04-10 07:15:00,2063,100.0,futur,0,25.8,0.018704305219478745,304.7294756869356,1,0,0,0,0.28923233940040666,72.83521402763168,3,1,1,1,0.28923233940040666,0,1,0,0,0,INSTABILITE,1,HIERARCHICAL
2019-04-11 02:00:00,2063,100.0,futur,0,36.2,0.24140742809324794,304.03326581035077,4,1,1,1,0.06666666666666665,72.67129525696623,1,0,0,0,0.24140742809324794,1,0,1,1,1,SEQUENCE,3,HIERARCHICAL
2019-04-12 03:15:00,2063,100.0,futur,0,25.6,0.21237968799498091,339.98318198314234,3,1,0,0,1.0,71.51626802658181,3,1,1,1,1.0,1,0,0,1,1,MIXTE,3,HIERARCHICAL
2019-04-13 06:00:00,2063,100.0,futur,0,13.3,0.1961983720923689,342.3662352513567,4,1,1,1,0.05860790886917726,69.61394681541334,0,0,0,0,0.1961983720923689,1,0,1,1,1,SEQUENCE,3,HIERARCHICAL
2019-04-15 10:15:00,2063,100.0,futur,0,23.2,0.0,341.7605761978104,0,0,0,0,0.4939799592358648,60.153536710862525,3,1,1,1,0.4939799592358648,0,1,0,0,0,INSTABILITE,1,HIERARCHICAL
2019-04-15 23:45:00,2063,100.0,futur,0,30.6,0.20213985208802931,341.7953720112112,4,1,1,1,0.0,61.43915019777444,0,0,0,0,0.20213985208802931,1,0,1,1,1,SEQUENCE,3,HIERARCHICAL
2019-04-17 06:15:00,2063,100.0,futur,0,32.3,0.44278005466230813,374.8320193668026,4,1,0,0,0.5801365969136337,58.216605918585735,3,1,1,1,0.5801365969136337,1,0,0,1,1,MIXTE,3,HIERARCHICAL
2019-02-01 11:00:00,2069,100.0,baseline,1,48.4,0.009865036164342712,0.0,0,0,0,0,1.0,0.0,4,0,0,0,1.0,0,0,0,0,0,AUCUN,0,HIERARCHICAL
2019-02-03 00:30:00,2069,100.0,baseline,1,47.7,0.024254302103250483,0.0,1,0,0,0,0.2085106382978723,0.0,1,0,0,0,0.2085106382978723,0,0,0,0,0,AUCUN,0,HIERARCHICAL
2019-02-03 14:30:00,2069,100.0,baseline,1,51.2,0.1271437450613496,0.0,1,0,0,0,0.8432695185085437,0.0,3,0,0,0,0.8432695185085437,0,0,0,0,0,AUCUN,0,HIERARCHICAL
2019-02-04 06:00:00,2069,100.0,baseline,1,45.9,0.2728961991407186,0.0,4,0,0,0,0.0,0.0,0,0,0,0,0.2728961991407186,0,0,0,0,0,AUCUN,0,HIERARCHICAL
2019-02-07 12:00:00,2069,100.0,baseline,1,51.2,0.14750980281265316,0.0,2,0,0,0,0.5573083347986636,0.0,2,0,0,0,0.5573083347986636,0,0,0,0,0,AUCUN,0,HIERARCHICAL
2019-02-08 05:30:00,2069,100.0,baseline,1,49.6,0.09506543732109214,0.0,1,0,0,0,0.12383333333333331,0.0,1,0,0,0,0.12383333333333331,0,0,0,0,0,AUCUN,0,HIERARCHICAL
2019-03-12 06:00:00,2069,100.0,futur,0,11.9,0.4497902749916863,4.164889200833963,4,1,1,1,0.0,0.0,0,0,0,0,0.4497902749916863,1,0,0,1,1,HYPO,2,HIERARCHICAL
2019-03-13 04:15:00,2069,100.0,futur,0,6.8,0.20071136075640486,11.202049794154659,3,1,1,0,0.19000528122524432,0.0,1,0,0,0,0.20071136075640486,1,0,0,1,1,HYPO,2,HIERARCHICAL
2019-03-13 08:45:00,2069,100.0,futur,0,2.4,0.23548522419277373,11.636942503364684,3,1,1,1,0.0,0.0,0,0,0,0,0.23548522419277373,1,0,0,1,0,HYPO,2,HIERARCHICAL
2019-03-14 17:00:00,2069,100.0,futur,0,12.0,0.2560462506549761,18.171613154751668,4,1,1,1,0.15628839376380393,0.0,1,0,0,0,0.2560462506549761,1,0,0,1,1,HYPO,2,HIERARCHICAL
2019-03-16 05:30:00,2069,100.0,futur,0,24.3,0.22998608312551402,47.039796275801876,3,1,1,1,0.09524999999999997,0.7498152543366146,1,0,0,0,0.22998608312551402,1,0,0,1,1,HYPO,2,HIERARCHICAL
2019-03-17 05:30:00,2069,100.0,futur,0,9.0,0.23172615093653004,50.82991350215812,3,1,1,0,0.0,0.0,0,0,0,0,0.23172615093653004,1,0,0,1,1,HYPO,2,HIERARCHICAL
2019-03-17 15:15:00,2069,100.0,futur,0,25.9,0.23476993124821813,52.347762664092116,3,1,1,1,0.0,0.0,0,0,0,0,0.23476993124821813,1,0,0,1,0,HYPO,2,HIERARCHICAL
2019-03-17 19:00:00,2069,100.0,futur,0,25.4,0.24868900595628934,52.61761234647184,3,1,1,0,0.006700038505968442,0.0,0,0,0,0,0.24868900595628934,1,0,0,1,1,HYPO,2,HIERARCHICAL
2019-03-18 10:00:00,2069,100.0,futur,0,31.4,0.23839092454669095,54.970727464895354,3,1,1,0,0.0,0.0,0,0,0,0,0.23839092454669095,1,0,0,1,1,HYPO,2,HIERARCHICAL
2019-03-19 04:45:00,2069,100.0,futur,0,1.4,0.1851254869624366,52.757675054412154,2,0,0,0,0.9444444444444442,3.3711195641143235,2,1,1,1,0.9444444444444442,0,1,0,0,0,INSTABILITE,1,HIERARCHICAL
2019-03-19 06:15:00,2069,100.0,futur,0,24.8,0.20868250626342252,53.620205616448835,3,1,1,1,0.0,4.92691400496759,0,1,0,0,0.20868250626342252,1,0,1,1,1,SEQUENCE,3,HIERARCHICAL
2019-03-20 18:00:00,2069,100.0,futur,0,25.0,0.25706560929563105,63.681757124677816,3,1,1,1,0.0,0.0,0,0,0,0,0.25706560929563105,1,0,1,1,1,SEQUENCE,3,HIERARCHICAL
2019-03-22 03:15:00,2069,100.0,futur,0,11.7,0.2134999826963721,66.31365694609687,3,1,1,1,0.08558870538092701,0.0,1,0,0,0,0.2134999826963721,1,0,1,1,1,SEQUENCE,3,HIERARCHICAL
2019-03-23 01:30:00,2069,100.0,futur,0,8.4,0.23360320347771787,76.85096447558125,4,1,1,0,0.043274970155193035,0.0,1,0,0,0,0.23360320347771787,1,0,0,1,1,HYPO,2,HIERARCHICAL
2019-03-25 12:30:00,2069,100.0,futur,0,26.2,0.25517535771537664,89.7062644102366,3,1,1,1,0.17439812965641582,0.0,2,0,0,0,0.25517535771537664,1,0,0,1,1,HYPO,2,HIERARCHICAL
2019-03-26 23:30:00,2069,100.0,futur,0,0.3,0.3929052233631189,100.01738189077017,4,1,1,1,0.15229209201034433,0.0,1,0,0,0,0.3929052233631189,1,0,0,1,1,HYPO,2,HIERARCHICAL
2019-03-27 23:15:00,2069,100.0,futur,0,0.7,0.3923734657031982,115.61904736157315,4,1,1,0,0.2808794843744789,0.2208794843744789,2,0,0,0,0.3923734657031982,1,0,0,1,1,HYPO,2,HIERARCHICAL
2019-03-28 02:00:00,2069,100.0,futur,0,0.1,0.44010707019719947,119.89125110740791,4,1,0,0,0.6232627341151759,2.330232062292303,3,1,1,1,0.6232627341151759,1,0,0,1,0,MIXTE,3,HIERARCHICAL
2019-03-29 17:45:00,2069,100.0,futur,0,15.8,0.3349907418946471,132.3702659773317,4,1,1,1,0.09173841235682814,0.08026002580145092,1,0,0,0,0.3349907418946471,1,0,1,1,1,SEQUENCE,3,HIERARCHICAL
2019-03-30 03:30:00,2069,100.0,futur,0,10.7,0.4304057007101745,144.67168244448422,4,1,0,0,0.9749999999999999,2.0414481364634955,2,1,1,1,0.9749999999999999,1,0,0,1,0,MIXTE,3,HIERARCHICAL
2019-03-31 04:15:00,2069,100.0,futur,0,11.4,0.19072263267734835,166.63108054783225,3,1,1,1,0.11178581539025166,0.0,1,0,0,0,0.19072263267734835,1,0,1,1,1,SEQUENCE,3,HIERARCHICAL
2019-03-31 06:00:00,2069,100.0,futur,0,14.8,0.180110334627924,167.23165046523272,3,1,0,0,0.6335987063618643,2.2598236132070806,2,1,1,1,0.6335987063618643,1,0,0,1,0,MIXTE,3,HIERARCHICAL
2019-04-01 02:45:00,2069,100.0,futur,0,2.2,0.36281505777428036,188.2039374700459,4,1,0,0,0.9749999999999999,1.9744978068653096,2,1,1,1,0.9749999999999999,1,0,0,1,1,MIXTE,3,HIERARCHICAL
2019-04-02 09:15:00,2069,100.0,futur,1,46.8,0.30291383052036847,218.93327746572322,4,1,0,0,0.39676278233828033,1.079110638723742,2,0,0,0,0.39676278233828033,1,0,0,0,0,HYPO,2,HIERARCHICAL
2019-04-02 10:15:00,2069,100.0,futur,0,37.4,0.10491138883720025,218.65327746572325,2,1,0,0,0.2791359376265149,2.0178141674957493,2,1,1,1,0.2791359376265149,1,0,0,1,1,MIXTE,3,HIERARCHICAL
2019-04-02 23:45:00,2069,100.0,futur,0,8.8,0.20732654254805147,218.1097534253586,3,1,1,1,0.5176572414926846,2.5355879822670295,3,0,0,0,0.5176572414926846,1,0,1,1,1,SEQUENCE,3,HIERARCHICAL
2019-04-03 02:00:00,2069,100.0,futur,0,3.6,0.23998144514558245,219.54493450869145,4,1,0,0,0.4482072601037157,4.209970158964947,2,1,1,1,0.4482072601037157,1,0,0,1,0,MIXTE,3,HIERARCHICAL
2019-04-04 04:45:00,2069,100.0,futur,0,4.3,0.30192338600204593,242.62665922149966,4,1,0,0,0.3058037044324165,0.9042531098864952,3,1,1,1,0.3058037044324165,1,0,0,1,1,MIXTE,3,HIERARCHICAL
2019-04-05 00:30:00,2069,100.0,futur,0,12.5,0.19353751138688907,252.4582850086314,3,1,0,0,0.6014207650273223,1.9325204655492443,2,1,1,1,0.6014207650273223,1,0,0,1,1,MIXTE,3,HIERARCHICAL
2019-04-06 05:15:00,2069,100.0,futur,0,26.2,0.1807549816926286,264.1343644376823,4,1,1,1,0.02506793478260867,0.0,0,0,0,0,0.1807549816926286,1,0,1,1,1,SEQUENCE,3,HIERARCHICAL
2019-04-07 03:30:00,2069,100.0,futur,0,4.4,0.2560738689135064,262.7654430426765,4,1,1,0,0.614860681114551,0.5548606811145511,2,0,0,0,0.614860681114551,1,0,1,1,1,SEQUENCE,3,HIERARCHICAL
2019-04-07 04:15:00,2069,100.0,futur,0,0.5,0.21762261729457272,263.47448571038353,4,1,0,0,0.9749999999999999,2.759917689833531,2,1,1,1,0.9749999999999999,1,0,0,1,0,MIXTE,3,HIERARCHICAL
2019-04-07 12:30:00,2069,100.0,futur,0,35.6,0.28927493963298295,265.46537871595535,3,1,1,1,0.0,10.182998178439268,0,0,0,0,0.28927493963298295,1,0,1,1,0,SEQUENCE,3,HIERARCHICAL
2019-04-08 00:45:00,2069,100.0,futur,0,22.7,0.15205473130913738,271.202661160887,3,1,0,0,0.4169750850779963,8.461257910913666,2,1,1,1,0.4169750850779963,1,0,0,1,1,MIXTE,3,HIERARCHICAL
2019-04-08 14:15:00,2069,100.0,futur,0,32.6,0.007160748870238887,273.33313529597575,0,0,0,0,0.7006202759251979,9.963035087603835,4,1,1,1,0.7006202759251979,0,1,0,0,0,INSTABILITE,1,HIERARCHICAL
2019-04-09 14:00:00,2069,100.0,futur,0,18.6,0.3187612828280407,270.454143983967,4,1,1,1,0.0,5.377639854667014,0,0,0,0,0.3187612828280407,1,0,1,1,1,SEQUENCE,3,HIERARCHICAL
2019-04-11 04:30:00,2069,100.0,futur,0,0.3,0.12410777774893095,281.706037636247,2,0,0,0,0.9187316038633284,3.486702570830651,2,1,1,1,0.9187316038633284,0,1,0,0,0,INSTABILITE,1,HIERARCHICAL
2019-04-11 12:30:00,2069,100.0,futur,0,25.8,0.26266729694955626,282.9067848873015,4,1,1,1,0.0,4.171280870037767,0,0,0,0,0.26266729694955626,1,0,1,1,1,SEQUENCE,3,HIERARCHICAL
2019-04-12 02:45:00,2069,100.0,futur,0,10.1,0.11558390813334932,284.94801734964693,2,0,0,0,0.5895274390243902,4.714988176929449,2,1,1,1,0.5895274390243902,0,1,0,0,0,INSTABILITE,1,HIERARCHICAL
2019-04-12 20:45:00,2069,100.0,futur,0,24.5,0.2402083979909395,283.6723465045119,4,1,1,1,0.0,2.169625858088883,0,0,0,0,0.2402083979909395,1,0,1,1,1,SEQUENCE,3,HIERARCHICAL
2019-04-13 23:45:00,2069,100.0,futur,0,10.4,0.1635595237961006,297.64262192125136,3,1,1,1,0.0,0.0,0,0,0,0,0.1635595237961006,1,0,1,1,1,SEQUENCE,3,HIERARCHICAL
2019-04-14 06:30:00,2069,100.0,futur,0,18.8,0.2770715203476758,302.56441161178424,4,1,0,0,0.5552280085298307,2.439405424989954,3,1,1,1,0.5552280085298307,1,0,0,1,0,MIXTE,3,HIERARCHICAL
2019-04-15 21:45:00,2069,100.0,futur,0,14.5,0.28302671689457853,319.8363978023565,4,1,1,1,0.09148706896551725,0.0,1,0,0,0,0.28302671689457853,1,0,1,1,1,SEQUENCE,3,HIERARCHICAL
2019-01-25 07:15:00,2081,100.0,baseline,1,45.5,0.18194801787514261,0.0,3,0,0,0,0.7780538981988334,0.0,3,0,0,0,0.7780538981988334,0,0,0,0,0,AUCUN,0,HIERARCHICAL
2019-01-30 12:00:00,2081,100.0,baseline,1,58.6,0.0746686885576705,0.0,2,0,0,0,0.0,0.0,0,0,0,0,0.0746686885576705,0,0,0,0,0,AUCUN,0,HIERARCHICAL
2019-02-01 16:00:00,2081,100.0,baseline,1,47.1,0.16710998311960557,0.0,2,0,0,0,0.015039137039964345,0.0,0,0,0,0,0.16710998311960557,0,0,0,0,0,AUCUN,0,HIERARCHICAL
2019-02-04 10:00:00,2081,100.0,baseline,1,47.4,0.08560961361929403,0.0,1,0,0,0,0.24919736339595175,0.0,1,0,0,0,0.24919736339595175,0,0,0,0,0,AUCUN,0,HIERARCHICAL
2019-02-06 14:30:00,2081,100.0,baseline,1,44.4,0.667117276255806,0.0,4,0,0,0,0.07038792153405332,0.0,1,0,0,0,0.667117276255806,0,0,0,0,0,AUCUN,0,HIERARCHICAL
2019-02-07 08:00:00,2081,100.0,baseline,1,48.5,0.25052879882674406,0.0,4,0,0,0,0.0,0.0,0,0,0,0,0.25052879882674406,0,0,0,0,0,AUCUN,0,HIERARCHICAL
2019-02-08 10:30:00,2081,100.0,baseline,1,47.1,0.07495344020329663,0.0,1,0,0,0,0.06722115442022766,0.0,0,0,0,0,0.07495344020329663,0,0,0,0,0,AUCUN,0,HIERARCHICAL
2019-02-11 15:00:00,2081,100.0,baseline,1,47.2,0.04477611940298507,0.0,1,0,0,0,0.5593337038409287,0.0,1,0,0,0,0.5593337038409287,0,0,0,0,0,AUCUN,0,HIERARCHICAL
2019-02-28 07:00:00,2081,100.0,baseline,1,40.5,0.2417688977688978,0.0,3,0,0,0,0.0,0.0,0,0,0,0,0.2417688977688978,0,0,0,0,0,AUCUN,0,HIERARCHICAL
2019-03-01 11:15:00,2081,100.0,baseline,1,49.8,0.0,0.0,0,0,0,0,0.8049999999999999,0.0,2,0,0,0,0.8049999999999999,0,0,0,0,0,AUCUN,0,HIERARCHICAL
2019-03-12 10:15:00,2081,100.0,futur,0,45.8,0.016077688527461578,0.21940337024151285,1,0,0,0,0.8497303725620031,3.1716413921232847,2,1,1,1,0.8497303725620031,0,1,0,0,0,INSTABILITE,1,HIERARCHICAL
2019-03-12 11:00:00,2081,100.0,futur,1,48.8,0.007826032968056373,0.009403370241512832,0,0,0,0,0.8737734970940791,5.5711854165307075,2,1,0,0,0.8737734970940791,0,1,0,0,0,INSTABILITE,1,HIERARCHICAL
2019-03-12 23:15:00,2081,100.0,futur,0,17.7,0.07019516928223915,0.0,1,0,0,0,0.43494444444444447,15.020931865190875,3,1,1,1,0.43494444444444447,0,1,0,0,0,INSTABILITE,1,HIERARCHICAL
2019-03-14 11:45:00,2081,100.0,futur,0,33.5,0.14978069821187695,0.19147722637476794,3,0,0,0,0.45643213187637954,9.895989074638807,3,1,1,1,0.45643213187637954,0,1,0,0,0,INSTABILITE,1,HIERARCHICAL
2019-03-14 14:15:00,2081,100.0,futur,0,30.0,0.166908171276293,2.7888363406524257,3,1,1,1,0.09583054061901114,16.31409377710306,1,1,0,0,0.166908171276293,1,0,1,1,1,SEQUENCE,3,HIERARCHICAL
2019-03-15 07:00:00,2081,100.0,futur,0,20.9,0.34518373906501376,6.881216605699989,4,1,1,0,0.0,20.99705871536089,0,0,0,0,0.34518373906501376,1,0,1,1,1,SEQUENCE,3,HIERARCHICAL
2019-03-16 01:30:00,2081,100.0,futur,0,6.5,0.1867925342442775,10.118829922653687,3,1,1,1,0.9159763313609467,18.896931058117946,3,0,0,0,0.9159763313609467,1,0,1,1,1,SEQUENCE,3,HIERARCHICAL
2019-03-16 01:45:00,2081,100.0,futur,0,4.6,0.18295495483591478,10.274225113168576,3,1,0,0,0.9159763313609467,19.752907389478896,3,1,1,1,0.9159763313609467,1,0,0,1,0,MIXTE,3,HIERARCHICAL
2019-03-16 17:45:00,2081,100.0,futur,0,27.3,0.5450660319066911,34.024279652392686,4,1,0,0,0.3467990231087571,20.98803920413906,3,1,1,1,0.5450660319066911,1,0,0,1,1,MIXTE,3,HIERARCHICAL
2019-03-17 15:30:00,2081,100.0,futur,0,36.6,0.17573378119426328,41.132687100740604,3,1,1,1,0.35845313223613307,19.39807069170246,3,0,0,0,0.35845313223613307,1,0,1,1,1,SEQUENCE,3,HIERARCHICAL
2019-03-18 03:45:00,2081,100.0,futur,0,3.6,0.24480518172525012,48.74139170281345,4,1,0,0,0.2634920634920635,17.879119372335047,2,1,1,1,0.2634920634920635,1,0,0,1,1,MIXTE,3,HIERARCHICAL
2019-03-19 09:30:00,2081,100.0,futur,0,25.4,0.2319941960150677,54.42571990464278,3,1,1,1,0.015964862263548648,19.846941456751992,0,0,0,0,0.2319941960150677,1,0,1,1,1,SEQUENCE,3,HIERARCHICAL
2019-03-19 23:00:00,2081,100.0,futur,0,19.2,0.23278384289657567,70.12670933531768,3,1,0,0,0.7549518112329678,18.635475230241248,3,1,1,1,0.7549518112329678,1,0,0,1,1,MIXTE,3,HIERARCHICAL
2019-03-21 03:00:00,2081,100.0,futur,0,20.5,0.21960381057391715,75.26740667063099,3,1,1,1,0.02444444444444448,26.579096951560416,0,0,0,0,0.21960381057391715,1,0,1,1,1,SEQUENCE,3,HIERARCHICAL
2019-03-21 19:00:00,2081,100.0,futur,0,33.7,0.4273631967558311,76.93771955221972,3,1,1,0,0.09610579479000532,23.58938879917417,1,0,0,0,0.4273631967558311,1,0,1,1,1,SEQUENCE,3,HIERARCHICAL
2019-03-22 00:45:00,2081,100.0,futur,0,7.3,0.17667046520671323,82.95478667274106,2,1,0,0,0.871729490022173,24.379618955457698,2,1,1,1,0.871729490022173,1,0,0,1,0,MIXTE,3,HIERARCHICAL
2019-03-22 10:00:00,2081,100.0,futur,0,32.8,0.20118093452322064,83.46980450170156,4,1,1,1,0.0957970567307421,25.73470525847803,1,0,0,0,0.20118093452322064,1,0,1,1,1,SEQUENCE,3,HIERARCHICAL
2019-03-23 10:45:00,2081,100.0,futur,0,30.2,0.3819253063669008,86.69265738297092,4,1,1,1,0.000978564771668211,20.100684698129708,0,0,0,0,0.3819253063669008,1,0,1,1,1,SEQUENCE,3,HIERARCHICAL
2019-03-24 14:00:00,2081,100.0,futur,0,15.1,0.23001941516821273,102.77501549896122,4,1,1,1,0.026832393644284924,14.00693934389053,0,0,0,0,0.23001941516821273,1,0,1,1,1,SEQUENCE,3,HIERARCHICAL
2019-03-26 03:15:00,2081,100.0,futur,0,14.4,0.21617159115117035,99.59041551254658,3,1,1,1,0.15084175084175083,5.836499508522236,1,0,0,0,0.21617159115117035,1,0,0,1,1,HYPO,2,HIERARCHICAL
2019-03-26 10:30:00,2081,100.0,futur,0,38.6,0.0,100.02690512870524,0,0,0,0,0.42046481757716936,5.768316828597693,2,1,1,1,0.42046481757716936,0,1,0,0,0,INSTABILITE,1,HIERARCHICAL
2019-03-27 04:15:00,2081,100.0,futur,0,7.1,0.2161155360573482,101.09512038543663,3,1,1,1,0.24015345268542201,9.01661588727862,1,0,0,0,0.24015345268542201,1,0,1,1,1,SEQUENCE,3,HIERARCHICAL
2019-03-27 06:15:00,2081,100.0,futur,0,26.9,0.19936397390235044,103.42913496541036,3,1,0,0,0.904692420743229,11.4485675341981,3,1,1,1,0.904692420743229,1,0,0,1,0,MIXTE,3,HIERARCHICAL
2019-03-28 00:15:00,2081,100.0,futur,0,30.5,0.1690056186693391,100.83856015365578,3,0,0,0,0.7279279279279279,11.2956228695357,2,1,1,1,0.7279279279279279,0,1,0,0,0,INSTABILITE,1,HIERARCHICAL
2019-03-28 12:15:00,2081,100.0,futur,0,42.4,0.24979246910302955,102.49309125169377,3,1,1,1,0.0,8.415622869535676,0,0,0,0,0.24979246910302955,1,0,1,1,1,SEQUENCE,3,HIERARCHICAL
2019-03-30 00:30:00,2081,100.0,futur,0,28.1,0.22099335993426047,104.93616574679098,4,1,1,1,0.08125000000000002,0.5540817952450805,1,0,0,0,0.22099335993426047,1,0,1,1,1,SEQUENCE,3,HIERARCHICAL
2019-04-02 03:45:00,2081,100.0,futur,0,2.5,0.2067880835389516,149.01945917076313,3,1,1,1,0.0,0.0,0,0,0,0,0.2067880835389516,1,0,0,1,1,HYPO,2,HIERARCHICAL
2019-04-02 10:15:00,2081,100.0,futur,0,42.4,0.0,148.52577245510184,0,0,0,0,0.4926488564202966,2.4828667330382994,2,1,1,1,0.4926488564202966,0,1,0,0,0,INSTABILITE,1,HIERARCHICAL
2019-04-03 04:30:00,2081,100.0,futur,0,0.6,0.15103989964915113,143.41577245510234,2,0,0,0,0.4671361427116511,2.606562418541266,3,1,1,1,0.4671361427116511,0,1,0,0,0,INSTABILITE,1,HIERARCHICAL
2019-04-03 11:30:00,2081,100.0,futur,0,44.5,0.27269967885885077,145.84436755137938,4,1,1,1,0.0,1.7718883727249888,0,0,0,0,0.27269967885885077,1,0,1,1,1,SEQUENCE,3,HIERARCHICAL
2019-04-04 00:00:00,2081,100.0,futur,0,17.1,0.16357569875754518,153.73100276823502,1,1,0,0,0.7167832167832169,2.3439055429864255,2,1,1,1,0.7167832167832169,1,0,0,1,1,MIXTE,3,HIERARCHICAL
2019-04-06 02:15:00,2081,100.0,futur,0,20.3,0.33006930633740106,157.78124161763324,4,1,1,1,0.09934895833333328,0.0,1,0,0,0,0.33006930633740106,1,0,1,1,1,SEQUENCE,3,HIERARCHICAL
2019-04-07 12:45:00,2081,100.0,futur,0,33.7,0.21052071361224378,194.13137723495075,4,1,1,1,0.07806969978205779,0.0,1,0,0,0,0.21052071361224378,1,0,0,1,1,HYPO,2,HIERARCHICAL
2019-04-08 03:30:00,2081,100.0,futur,0,0.8,0.2485991842560466,207.15459296144337,4,1,0,0,0.9749999999999999,3.385862068965517,2,1,1,1,0.9749999999999999,1,0,0,1,1,MIXTE,3,HIERARCHICAL
2019-04-09 12:45:00,2081,100.0,futur,0,14.3,0.2417309670170281,218.04305828425973,4,1,1,1,0.015522314860225627,0.0,0,0,0,0,0.2417309670170281,1,0,1,1,1,SEQUENCE,3,HIERARCHICAL
2019-04-10 17:00:00,2081,100.0,futur,0,23.1,0.21180657586680282,227.8699613093384,3,0,0,0,0.18262281197063812,1.669867034803096,2,1,1,1,0.21180657586680282,0,1,0,0,0,INSTABILITE,1,HIERARCHICAL
2019-04-10 18:00:00,2081,100.0,futur,0,20.4,0.1684222190840295,228.4202090514022,3,1,1,1,0.03114663726571114,1.4298670348030957,1,1,0,0,0.1684222190840295,1,0,1,1,1,SEQUENCE,3,HIERARCHICAL
2019-04-12 00:15:00,2081,100.0,futur,0,11.6,0.18213570147001523,251.75379174784374,3,1,0,0,0.2472706799771436,0.8794271873339787,3,1,1,1,0.2472706799771436,1,0,0,1,1,MIXTE,3,HIERARCHICAL
2019-04-12 19:30:00,2081,100.0,futur,0,12.0,0.15797501088284596,262.00351265023573,3,1,0,0,0.7428502907762041,3.6432636254699213,4,1,1,1,0.7428502907762041,1,0,0,1,1,MIXTE,3,HIERARCHICAL
2019-04-13 07:45:00,2081,100.0,futur,0,6.9,0.11014458464167406,259.92954195406315,2,0,0,0,0.592953398361261,7.456427916539774,3,1,1,1,0.592953398361261,0,1,0,0,0,INSTABILITE,1,HIERARCHICAL
2019-04-13 11:45:00,2081,100.0,futur,0,23.2,0.3318109690683065,262.57380416419204,4,1,1,1,0.0,10.896243380345267,0,0,0,0,0.3318109690683065,1,0,1,1,1,SEQUENCE,3,HIERARCHICAL
2019-04-14 01:00:00,2081,100.0,futur,0,3.3,0.08802692107490823,270.98726043442315,2,0,0,0,0.6302469135802468,19.34167316422176,2,1,1,1,0.6302469135802468,0,1,0,0,0,INSTABILITE,1,HIERARCHICAL
2019-04-14 08:45:00,2081,100.0,futur,0,42.0,0.17948489677717908,272.0538025972348,3,1,1,0,0.18249999999999988,21.41634731962746,1,0,0,0,0.18249999999999988,1,0,1,1,1,SEQUENCE,3,HIERARCHICAL
2019-04-14 15:00:00,2081,100.0,futur,0,33.0,0.25689840974392036,276.90452595462443,3,1,0,0,0.6734301235735299,23.849754260570442,4,1,1,1,0.6734301235735299,1,0,0,1,0,MIXTE,3,HIERARCHICAL
2019-04-15 04:45:00,2081,100.0,futur,0,28.7,0.10982811320483292,284.610587284114,2,1,0,0,0.3674802761341223,23.681289009246072,3,1,1,1,0.3674802761341223,1,0,0,1,1,MIXTE,3,HIERARCHICAL
2019-04-15 14:15:00,2081,100.0,futur,0,25.8,0.23012686055274573,285.68763397733323,3,1,1,1,0.0,28.158887721143795,0,1,0,0,0.23012686055274573,1,0,1,1,0,SEQUENCE,3,HIERARCHICAL
2019-04-16 09:30:00,2081,100.0,futur,0,16.1,0.2675216068331661,294.1882578398633,4,1,1,0,0.0,25.90877034674198,0,0,0,0,0.2675216068331661,1,0,1,1,1,SEQUENCE,3,HIERARCHICAL
2019-04-16 22:45:00,2081,100.0,futur,0,7.6,0.06055614909636256,306.64118939378403,0,1,0,0,0.5486362117112554,25.215417988829074,3,1,1,1,0.5486362117112554,1,0,0,1,1,MIXTE,3,HIERARCHICAL
2019-02-18 10:15:00,2083,100.0,baseline,1,57.0,0.14878189656459342,0.0,2,0,0,0,0.0,0.0,0,0,0,0,0.14878189656459342,0,0,0,0,0,AUCUN,0,HIERARCHICAL
2019-02-22 01:15:00,2083,100.0,futur,0,21.9,0.175320476552136,1.4485543547623654,4,1,1,1,0.0,0.0,0,0,0,0,0.175320476552136,1,0,0,1,1,HYPO,2,HIERARCHICAL
2019-02-22 06:00:00,2083,100.0,futur,0,27.7,0.20068140926563077,4.567250812561225,4,1,0,0,0.28204988503161155,0.8355512791682902,3,1,1,1,0.28204988503161155,1,0,0,1,0,MIXTE,3,HIERARCHICAL
2019-01-28 08:30:00,3437,100.0,baseline,1,48.2,0.032780734521172875,0.0,1,0,0,0,0.2707317073170732,0.0,2,0,0,0,0.2707317073170732,0,0,0,0,0,AUCUN,0,HIERARCHICAL
2019-02-01 13:00:00,3437,100.0,baseline,1,47.7,0.1577639751552795,0.0,2,0,0,0,0.48140648458284063,0.0,3,0,0,0,0.48140648458284063,0,0,0,0,0,AUCUN,0,HIERARCHICAL
2019-02-03 10:45:00,3437,100.0,baseline,1,46.8,0.22494394458007821,0.0,3,0,0,0,0.1563464209509817,0.0,1,0,0,0,0.22494394458007821,0,0,0,0,0,AUCUN,0,HIERARCHICAL
2019-02-04 10:15:00,3437,100.0,baseline,1,47.5,0.1,0.0,1,0,0,0,0.8295508905309017,0.0,2,0,0,0,0.8295508905309017,0,0,0,0,0,AUCUN,0,HIERARCHICAL
2019-02-07 08:30:00,3437,100.0,baseline,1,50.2,0.0896555950484128,0.0,1,0,0,0,0.3546583850931677,0.0,2,0,0,0,0.3546583850931677,0,0,0,0,0,AUCUN,0,HIERARCHICAL
2019-02-08 10:45:00,3437,100.0,baseline,1,46.9,0.07811982730670125,0.0,1,0,0,0,1.0,0.0,3,0,0,0,1.0,0,0,0,0,0,AUCUN,0,HIERARCHICAL
2019-02-11 09:30:00,3437,100.0,baseline,1,47.5,0.024630006977077304,0.0,1,0,0,0,0.5685623353819139,0.0,2,0,0,0,0.5685623353819139,0,0,0,0,0,AUCUN,0,HIERARCHICAL
2019-03-12 11:45:00,3437,100.0,baseline,1,48.1,0.00714285714285714,0.0,0,0,0,0,0.30205732220477094,0.0,2,0,0,0,0.30205732220477094,0,0,0,0,0,AUCUN,0,HIERARCHICAL
2019-03-15 01:15:00,3437,100.0,futur,0,23.1,0.20911147967037813,3.3080664287453883,4,1,1,1,0.0,0.0,0,0,0,0,0.20911147967037813,1,0,0,1,1,HYPO,2,HIERARCHICAL
2019-03-15 23:45:00,3437,100.0,futur,0,12.7,0.10249403310991427,22.50796432461475,1,1,0,0,0.9279534532595423,2.6256563694774018,3,1,1,1,0.9279534532595423,1,0,0,1,1,MIXTE,3,HIERARCHICAL
2019-03-17 02:15:00,3437,100.0,futur,0,0.6,0.12754872372183904,47.168402594233534,3,1,0,0,0.8968882005068993,13.211209177849662,2,1,1,1,0.8968882005068993,1,0,0,1,1,MIXTE,3,HIERARCHICAL
2019-03-17 12:00:00,3437,100.0,futur,0,21.3,0.38754130195808,48.97756609944909,3,1,1,1,0.15913370998116758,12.245304407027039,1,0,0,0,0.38754130195808,1,0,1,1,0,SEQUENCE,3,HIERARCHICAL
2019-03-18 05:15:00,3437,100.0,futur,0,14.8,0.08842063726930982,56.967334545764736,2,0,0,0,0.25246376811594196,9.40493124754778,2,1,1,1,0.25246376811594196,0,1,0,0,0,INSTABILITE,1,HIERARCHICAL
2019-03-18 09:00:00,3437,100.0,futur,0,20.1,0.28430637379323603,59.308350153705284,4,1,1,0,0.007578226857887859,8.504931247547773,0,0,0,0,0.28430637379323603,1,0,1,1,1,SEQUENCE,3,HIERARCHICAL
2019-03-19 03:15:00,3437,100.0,futur,0,0.0,0.07973409071430915,81.55895483320157,1,1,0,0,0.5882884262094306,6.670007879556222,2,1,1,1,0.5882884262094306,1,0,0,1,1,MIXTE,3,HIERARCHICAL
2019-03-19 09:15:00,3437,100.0,futur,0,11.8,0.3708649642265102,82.60129520012788,4,1,1,1,0.022549839190962172,5.230007879556231,0,0,0,0,0.3708649642265102,1,0,1,1,0,SEQUENCE,3,HIERARCHICAL
2019-03-20 08:45:00,3437,100.0,futur,1,45.6,0.01565346881569727,93.17983854645503,0,0,0,0,0.02979151426481349,0.0,0,0,0,0,0.02979151426481349,0,0,0,0,0,AUCUN,0,HIERARCHICAL
2019-03-20 22:00:00,3437,100.0,futur,0,5.1,0.3729197764001202,92.58599850489762,4,1,1,1,0.0,0.0,0,0,0,0,0.3729197764001202,1,0,1,1,1,SEQUENCE,3,HIERARCHICAL
2019-03-21 04:45:00,3437,100.0,futur,0,0.1,0.3580005348903595,102.1524150817591,4,1,0,0,0.5392500832472029,2.5714669777276518,2,1,1,1,0.5392500832472029,1,0,0,1,0,MIXTE,3,HIERARCHICAL
2019-03-21 11:45:00,3437,100.0,futur,0,28.3,0.21213547617948472,109.01715124714373,4,1,0,0,0.23009879730199284,2.8221850413093486,2,1,1,0,0.23009879730199284,1,0,0,1,1,MIXTE,3,HIERARCHICAL
2019-03-22 06:15:00,3437,100.0,futur,0,24.0,0.07757807730097875,115.47949891301677,1,1,0,0,0.3394431224555665,1.078156361664262,4,1,1,1,0.3394431224555665,1,0,0,1,1,MIXTE,3,HIERARCHICAL
2019-03-23 13:15:00,3437,100.0,futur,0,35.6,0.30415411480260496,114.44598186557869,3,1,1,1,0.13854673761274008,0.0,1,0,0,0,0.30415411480260496,1,0,1,1,1,SEQUENCE,3,HIERARCHICAL
2019-03-23 22:00:00,3437,100.0,futur,0,15.1,0.3028157074907513,122.55551322633819,3,1,0,0,0.18147651006711418,1.720898283322855,2,1,1,1,0.3028157074907513,1,0,0,1,0,MIXTE,3,HIERARCHICAL
2019-03-24 02:15:00,3437,100.0,futur,0,9.4,0.1220047676330596,122.17849292469408,3,1,1,0,0.7083333333333331,6.654048641986408,2,1,0,0,0.7083333333333331,1,0,1,1,1,SEQUENCE,3,HIERARCHICAL
2019-03-24 19:00:00,3437,100.0,futur,0,17.0,0.2786809640653452,125.08146330132539,3,1,1,1,0.0,4.421398078676395,0,0,0,0,0.2786809640653452,1,0,1,1,1,SEQUENCE,3,HIERARCHICAL
2019-03-25 04:15:00,3437,100.0,futur,0,12.7,0.0639565594953244,123.51338787644116,1,0,0,0,0.9749999999999999,5.575811321315119,2,1,1,1,0.9749999999999999,0,1,0,0,0,INSTABILITE,1,HIERARCHICAL
2019-03-25 18:00:00,3437,100.0,futur,0,19.8,0.15428747218326877,124.08787768808982,1,0,0,0,0.38543401750548695,14.574994533857637,3,1,1,1,0.38543401750548695,0,1,0,0,0,INSTABILITE,1,HIERARCHICAL
2019-03-25 21:45:00,3437,100.0,futur,0,9.7,0.21795350761210683,126.62671113044182,4,1,1,1,0.0,16.30946912667237,0,0,0,0,0.21795350761210683,1,0,1,1,1,SEQUENCE,3,HIERARCHICAL
2019-03-26 10:30:00,3437,100.0,futur,0,41.1,0.007646872057820398,126.6195882339245,0,0,0,0,1.0,16.88985735462729,3,1,1,1,1.0,0,1,0,0,0,INSTABILITE,1,HIERARCHICAL
2019-03-28 03:30:00,3437,100.0,futur,0,25.1,0.14671274204609608,116.74398636234294,3,1,1,1,0.1718176435760806,18.900288779679077,2,0,0,0,0.1718176435760806,1,0,1,1,1,SEQUENCE,3,HIERARCHICAL
2019-03-29 08:15:00,3437,100.0,futur,0,31.9,0.0,118.74823055750461,0,0,0,0,0.48234463038659914,15.575182257572822,4,1,1,1,0.48234463038659914,0,1,0,0,0,INSTABILITE,1,HIERARCHICAL
2019-03-30 01:30:00,3437,100.0,futur,0,2.5,0.26697726722834975,117.36773357308878,4,1,1,1,0.28753170068442935,14.672629175619042,2,0,0,0,0.28753170068442935,1,0,1,1,1,SEQUENCE,3,HIERARCHICAL
2019-03-30 04:30:00,3437,100.0,futur,0,9.0,0.3084449079444852,120.57739096756961,4,1,0,0,0.7270291342706814,17.35839891139348,2,1,1,1,0.7270291342706814,1,0,0,1,0,MIXTE,3,HIERARCHICAL
2019-03-30 22:30:00,3437,100.0,futur,0,28.6,0.2752553832442119,150.60782289073632,3,1,0,0,0.8413543453033969,17.046598077976473,3,1,1,1,0.8413543453033969,1,0,0,1,1,MIXTE,3,HIERARCHICAL
2019-03-31 13:00:00,3437,100.0,futur,0,35.7,0.3617789430986242,153.7510326562656,3,1,1,1,0.0,15.222706221656248,0,0,0,0,0.3617789430986242,1,0,1,1,1,SEQUENCE,3,HIERARCHICAL
2019-04-03 03:15:00,3437,100.0,futur,0,12.0,0.20231973490778385,171.6343488872481,4,1,1,1,0.5732051835791352,4.624424902003432,2,0,0,0,0.5732051835791352,1,0,0,1,1,HYPO,2,HIERARCHICAL
2019-04-03 05:00:00,3437,100.0,futur,0,2.2,0.15603688646094144,174.80240548138167,3,1,0,0,0.9673556255883434,8.074655356980548,3,1,1,1,0.9673556255883434,1,0,0,1,0,MIXTE,3,HIERARCHICAL
2019-04-04 00:30:00,3437,100.0,futur,0,14.7,0.05781031180007493,186.52189581415377,1,1,0,0,0.6970667198215987,6.319807075204253,3,1,1,1,0.6970667198215987,1,0,0,1,1,MIXTE,3,HIERARCHICAL
2019-04-05 12:15:00,3437,100.0,futur,0,25.8,0.2384723140983306,183.62291807135824,4,1,1,1,0.053405768728341615,1.3281443837681102,0,0,0,0,0.2384723140983306,1,0,1,1,1,SEQUENCE,3,HIERARCHICAL
2019-04-05 15:30:00,3437,100.0,futur,0,19.9,0.28483405740273826,186.44348457031901,4,1,0,0,0.3615742841264805,1.5495441838835604,3,1,1,1,0.3615742841264805,1,0,0,1,0,MIXTE,3,HIERARCHICAL
2019-04-06 12:15:00,3437,100.0,futur,0,38.8,0.5945589612310248,196.04371170744133,4,1,1,0,0.05673813169984693,0.0,1,0,0,0,0.5945589612310248,1,0,1,1,1,SEQUENCE,3,HIERARCHICAL
2019-04-07 10:00:00,3437,100.0,futur,0,20.3,0.295564386831767,219.95822970476937,3,1,1,1,0.0,0.0,0,0,0,0,0.295564386831767,1,0,1,1,1,SEQUENCE,3,HIERARCHICAL
2019-04-08 13:30:00,3437,100.0,futur,0,32.5,0.31788781408536676,242.25259508403798,3,1,1,1,0.08756273038148958,0.0,1,0,0,0,0.31788781408536676,1,0,1,1,1,SEQUENCE,3,HIERARCHICAL
2019-04-09 00:30:00,3437,100.0,futur,0,25.3,0.14856732080303592,255.38189360268623,4,1,0,0,0.8334269390893481,2.027042092706854,3,1,1,1,0.8334269390893481,1,0,0,1,0,MIXTE,3,HIERARCHICAL
2019-04-10 12:45:00,3437,100.0,futur,0,26.2,0.4254300637112563,270.25822577157476,4,1,1,1,0.0,5.092766685388287,0,0,0,0,0.4254300637112563,1,0,1,1,1,SEQUENCE,3,HIERARCHICAL
2019-04-11 00:00:00,3437,100.0,futur,0,25.6,0.05263157894736843,274.7160114697608,1,0,0,0,0.30121268974927506,3.4385901376961265,2,1,1,1,0.30121268974927506,0,1,0,0,0,INSTABILITE,1,HIERARCHICAL
2019-04-11 12:30:00,3437,100.0,futur,0,36.2,0.4506720457942176,277.1522684378499,4,1,1,0,0.053966980050447186,0.8366789524734415,1,0,0,0,0.4506720457942176,1,0,1,1,1,SEQUENCE,3,HIERARCHICAL
2019-04-12 18:30:00,3437,100.0,futur,0,26.3,0.33816145820032634,284.0595807548969,4,1,1,1,0.0,0.0,0,0,0,0,0.33816145820032634,1,0,1,1,1,SEQUENCE,3,HIERARCHICAL
2019-04-13 07:15:00,3437,100.0,futur,0,16.7,0.05744232816302503,291.31671597447223,1,0,0,0,0.8214622464622463,2.249910045742498,3,1,1,1,0.8214622464622463,0,1,0,0,0,INSTABILITE,1,HIERARCHICAL
2019-04-13 16:30:00,3437,100.0,futur,0,21.3,0.17479312840704006,292.0210965366551,3,1,1,0,0.8495906432748537,10.747683007050712,3,0,0,0,0.8495906432748537,1,0,1,1,1,SEQUENCE,3,HIERARCHICAL
2019-04-14 06:30:00,3437,100.0,futur,0,18.0,0.3232839393511292,296.7354272353722,4,1,1,1,0.0,13.940417628848548,0,0,0,0,0.3232839393511292,1,0,1,1,1,SEQUENCE,3,HIERARCHICAL
2019-04-14 21:00:00,3437,100.0,futur,0,23.6,0.2028584739134619,306.20927958666516,3,1,0,0,0.42676449458531784,13.495903324271616,3,1,1,1,0.42676449458531784,1,0,0,1,1,MIXTE,3,HIERARCHICAL
2019-04-15 11:45:00,3437,100.0,futur,0,37.1,0.2663902411140183,305.79815222364516,3,1,1,1,0.5374999999999999,11.68355161673835,2,0,0,0,0.5374999999999999,1,0,1,1,1,SEQUENCE,3,HIERARCHICAL
2019-04-15 17:00:00,3437,100.0,futur,0,33.7,0.23248986424030146,310.27565374378275,3,1,0,0,0.549405684754522,13.028473409458352,3,1,1,1,0.549405684754522,1,0,0,1,0,MIXTE,3,HIERARCHICAL
2019-04-16 12:45:00,3437,100.0,futur,0,25.2,0.3398856884050636,315.0997404227522,4,1,1,1,0.0,13.311125862150414,0,0,0,0,0.3398856884050636,1,0,1,1,1,SEQUENCE,3,HIERARCHICAL
2019-04-16 15:30:00,3437,100.0,futur,0,33.8,0.25906889238709097,318.0303740459739,4,1,0,0,0.7717106549364614,15.69811064269521,3,1,1,1,0.7717106549364614,1,0,0,1,0,MIXTE,3,HIERARCHICAL
2019-04-17 04:15:00,3437,100.0,futur,0,20.6,0.06862566625688102,321.36823036160274,1,0,0,0,0.41289855072463766,16.914488976278484,2,1,1,1,0.41289855072463766,0,1,0,0,0,INSTABILITE,1,HIERARCHICAL
2019-02-02 10:15:00,3443,100.0,baseline,1,47.8,0.16823104693140795,0.0,2,0,0,0,0.9444895203378478,0.0,4,0,0,0,0.9444895203378478,0,0,0,0,0,AUCUN,0,HIERARCHICAL
2019-02-03 10:45:00,3443,100.0,baseline,1,47.3,0.22461299273866175,0.0,2,0,0,0,0.13293664096547103,0.0,1,0,0,0,0.22461299273866175,0,0,0,0,0,AUCUN,0,HIERARCHICAL
2019-02-04 08:00:00,3443,100.0,baseline,1,47.3,0.10053285046771868,0.0,1,0,0,0,0.75,0.0,2,0,0,0,0.75,0,0,0,0,0,AUCUN,0,HIERARCHICAL
2019-02-05 11:00:00,3443,100.0,baseline,1,50.2,0.2429561204494376,0.0,2,0,0,0,0.0,0.0,0,0,0,0,0.2429561204494376,0,0,0,0,0,AUCUN,0,HIERARCHICAL
2019-02-07 11:45:00,3443,100.0,baseline,1,58.9,0.08734648937071232,0.0,1,0,0,0,1.0,0.0,3,0,0,0,1.0,0,0,0,0,0,AUCUN,0,HIERARCHICAL
2019-02-08 11:15:00,3443,100.0,baseline,1,47.9,0.0836659542988657,0.0,1,0,0,0,0.9414947081061242,0.0,4,0,0,0,0.9414947081061242,0,0,0,0,0,AUCUN,0,HIERARCHICAL
2019-02-11 12:15:00,3443,100.0,baseline,1,49.7,0.003921568627450989,0.0,0,0,0,0,0.25081749009775917,0.0,2,0,0,0,0.25081749009775917,0,0,0,0,0,AUCUN,0,HIERARCHICAL
2019-02-20 10:30:00,3443,100.0,baseline,1,48.0,0.09786429323598918,0.0,2,0,0,0,0.10509510869565218,0.0,1,0,0,0,0.10509510869565218,0,0,0,0,0,AUCUN,0,HIERARCHICAL
2019-02-21 11:30:00,3443,100.0,baseline,1,58.3,0.26360785608186166,0.0,2,0,0,0,0.75,0.0,2,0,0,0,0.75,0,0,0,0,0,AUCUN,0,HIERARCHICAL
2019-03-01 11:30:00,3443,100.0,baseline,1,50.2,0.048,0.0,1,0,0,0,0.4916238375052375,0.0,1,0,0,0,0.4916238375052375,0,0,0,0,0,AUCUN,0,HIERARCHICAL
2019-03-08 19:15:00,3443,100.0,futur,0,23.4,0.1190870684360465,0.0,2,0,0,0,0.9528260869565215,3.5834161490683223,2,1,1,1,0.9528260869565215,0,1,0,0,0,INSTABILITE,1,HIERARCHICAL
2019-03-09 01:00:00,3443,100.0,futur,0,2.1,0.34476624023902414,2.233974563829948,3,1,1,1,0.12105192584894903,7.929486559810229,1,0,0,0,0.34476624023902414,1,0,1,1,1,SEQUENCE,3,HIERARCHICAL
2019-03-09 16:45:00,3443,100.0,futur,0,29.1,0.5980428851867827,26.190591920624293,3,1,0,0,0.8421652065081351,26.46704527139478,3,1,1,1,0.8421652065081351,1,0,0,1,1,MIXTE,3,HIERARCHICAL
2019-03-11 13:15:00,3443,100.0,futur,0,26.4,0.3838776218869999,68.758342672489,3,1,1,1,0.7568837897853442,31.736255842635718,2,0,0,0,0.7568837897853442,1,0,1,1,1,SEQUENCE,3,HIERARCHICAL
2019-03-11 15:15:00,3443,100.0,futur,0,28.9,0.3619499357197031,71.1332073144763,3,1,0,0,0.9242875318066157,34.851718689240386,3,1,1,1,0.9242875318066157,1,0,0,1,0,MIXTE,3,HIERARCHICAL
2019-03-12 23:15:00,3443,100.0,futur,0,26.5,0.2175684423891957,74.41450313133541,3,0,0,0,0.7441575984990618,30.670935779729714,3,1,1,1,0.7441575984990618,0,1,0,0,0,INSTABILITE,1,HIERARCHICAL
2019-03-13 04:45:00,3443,100.0,futur,0,10.9,0.21287703148973683,76.81672954069705,3,1,1,1,0.375,35.947649808554765,1,0,0,0,0.375,1,0,1,1,1,SEQUENCE,3,HIERARCHICAL
2019-03-13 17:00:00,3443,100.0,futur,0,34.7,0.25471366028697645,85.53060821530944,3,1,0,0,0.39158685756450196,35.079875670177884,2,1,1,1,0.39158685756450196,1,0,0,1,1,MIXTE,3,HIERARCHICAL
2019-03-14 14:15:00,3443,100.0,futur,0,27.4,0.08146426669718883,85.34096268959213,1,0,0,0,0.6143117611701061,39.99801310528095,2,1,1,1,0.6143117611701061,0,1,0,0,0,INSTABILITE,1,HIERARCHICAL
2019-03-15 00:30:00,3443,100.0,futur,0,15.4,0.3199604227798698,86.14868428704055,3,1,1,1,0.8624193495361189,40.28850687270611,3,0,0,0,0.8624193495361189,1,0,1,1,1,SEQUENCE,3,HIERARCHICAL
2019-03-15 15:45:00,3443,100.0,futur,0,52.7,0.013358607130185074,100.86497004886785,1,0,0,0,0.8668408610177927,58.94251307094298,3,1,1,1,0.8668408610177927,0,1,0,0,0,INSTABILITE,1,HIERARCHICAL
2019-03-16 02:45:00,3443,100.0,futur,0,1.1,0.23858758761581433,100.69287995818124,3,1,1,1,0.3252437943262412,67.64990357251354,2,0,0,0,0.3252437943262412,1,0,1,1,1,SEQUENCE,3,HIERARCHICAL
2019-03-16 07:30:00,3443,100.0,futur,0,10.8,0.22717557319203285,100.51804036390092,3,0,0,0,0.8542953518692581,69.30911695229817,3,1,1,1,0.8542953518692581,0,1,0,0,0,INSTABILITE,1,HIERARCHICAL
2019-03-16 15:00:00,3443,100.0,futur,0,49.2,0.5178438033942947,111.05637660093556,3,1,0,0,0.6215019255455712,81.27105397850433,2,1,1,0,0.6215019255455712,1,0,0,1,1,MIXTE,3,HIERARCHICAL
2019-03-17 11:15:00,3443,100.0,futur,0,18.4,0.5239998980597212,142.169234588491,4,1,0,0,0.7793947158398788,99.71434120052345,2,1,1,1,0.7793947158398788,1,0,0,1,1,MIXTE,3,HIERARCHICAL
2019-03-17 15:30:00,3443,100.0,futur,1,57.2,0.4797065326922534,151.1347279618444,4,1,0,0,0.0,99.07721922063573,0,0,0,0,0.4797065326922534,1,0,0,0,0,HYPO,2,HIERARCHICAL
2019-03-18 00:15:00,3443,100.0,futur,0,35.7,0.37708293067378185,164.53317219714404,4,1,0,0,0.7981196581196581,101.20434888287845,2,1,1,1,0.7981196581196581,1,0,0,1,1,MIXTE,3,HIERARCHICAL
2019-03-18 14:45:00,3443,100.0,futur,0,37.4,0.4060880570284633,181.47730683148285,3,1,0,0,0.465348573623552,107.22854996429,2,1,1,1,0.465348573623552,1,0,0,1,1,MIXTE,3,HIERARCHICAL
2019-03-19 04:30:00,3443,100.0,futur,0,32.6,0.33619872943060214,201.32124088495686,3,1,0,0,0.6312500000000001,129.6016880328426,2,1,1,1,0.6312500000000001,1,0,0,1,1,MIXTE,3,HIERARCHICAL
2019-03-20 10:30:00,3443,100.0,futur,0,45.1,0.13793999552993044,228.93150524701082,2,1,0,0,0.43751896506934385,129.4815069846699,2,1,1,1,0.43751896506934385,1,0,0,1,1,MIXTE,3,HIERARCHICAL
2019-03-20 11:15:00,3443,100.0,futur,1,46.7,0.1433309941789416,228.72150524701084,2,1,0,0,0.42593091424897983,130.60025584868166,2,1,0,0,0.42593091424897983,1,0,0,0,0,MIXTE,3,HIERARCHICAL
2019-03-20 19:15:00,3443,100.0,futur,0,30.4,0.24002156762776466,229.97856973377108,3,1,1,1,0.0,132.8015327098325,0,0,0,0,0.24002156762776466,1,0,1,1,0,SEQUENCE,3,HIERARCHICAL
2019-03-21 03:30:00,3443,100.0,futur,0,23.8,0.2034440596242053,233.37615417318506,3,1,0,0,0.9749999999999999,140.88999811271805,2,1,1,1,0.9749999999999999,1,0,0,1,1,MIXTE,3,HIERARCHICAL
2019-03-23 10:30:00,3443,100.0,futur,0,29.6,0.26692436504559236,282.9019270788612,4,1,1,1,0.0,135.83619625530682,0,0,0,0,0.26692436504559236,1,0,1,1,1,SEQUENCE,3,HIERARCHICAL
2019-03-24 03:00:00,3443,100.0,futur,0,10.8,0.10573607928784619,299.0499023422149,2,1,0,0,0.9749999999999999,135.3370612342096,2,1,1,1,0.9749999999999999,1,0,0,1,1,MIXTE,3,HIERARCHICAL
2019-03-25 22:30:00,3443,100.0,futur,0,17.2,0.2828723337335228,311.4899607788898,4,1,1,1,0.09165752053843798,125.78011208166686,1,0,0,0,0.2828723337335228,1,0,1,1,1,SEQUENCE,3,HIERARCHICAL
2019-03-27 12:45:00,3443,100.0,futur,0,24.1,0.20661457235223837,314.03715589369216,3,1,1,1,0.021306510655527786,116.83303546164124,0,0,0,0,0.20661457235223837,1,0,0,1,1,HYPO,2,HIERARCHICAL
2019-03-27 17:15:00,3443,100.0,futur,0,26.0,0.2588997861489787,315.65893988116164,4,1,0,0,0.40985607369027055,117.14709889019946,2,1,1,1,0.40985607369027055,1,0,0,1,0,MIXTE,3,HIERARCHICAL
2019-03-29 08:15:00,3443,100.0,futur,0,27.5,0.2293909064609394,325.36470273259476,3,1,1,1,0.019798467215441373,110.3437641204713,0,0,0,0,0.2293909064609394,1,0,1,1,1,SEQUENCE,3,HIERARCHICAL
2019-03-29 16:15:00,3443,100.0,futur,0,15.6,0.07077800539301878,323.124702732595,1,0,0,0,0.9791368747310136,111.84801462992276,3,1,1,1,0.9791368747310136,0,1,0,0,0,INSTABILITE,1,HIERARCHICAL
2019-03-30 01:45:00,3443,100.0,futur,0,2.5,0.37015088340406566,324.40367109486624,3,1,1,0,0.9971285563751315,136.79738008583143,2,1,0,0,0.9971285563751315,1,0,1,1,1,SEQUENCE,3,HIERARCHICAL
2019-03-30 12:00:00,3443,100.0,futur,0,21.2,0.5422546243388987,339.20641299059554,3,1,0,0,0.9422555788514343,153.80504130969945,4,1,1,1,0.9422555788514343,1,0,0,1,0,MIXTE,3,HIERARCHICAL
2019-03-30 20:45:00,3443,100.0,futur,0,35.7,0.4670291423345414,356.53357547643316,3,1,0,0,0.539817841065625,160.47059182536515,3,1,1,0,0.539817841065625,1,0,0,1,1,MIXTE,3,HIERARCHICAL
2019-03-31 10:00:00,3443,100.0,futur,0,48.9,0.23570166538380796,363.2013915578475,2,0,0,0,0.9499746963562753,162.65024122343277,3,1,1,1,0.9499746963562753,0,1,0,0,0,INSTABILITE,1,HIERARCHICAL
2019-03-31 15:15:00,3443,100.0,futur,0,38.6,0.3460359268169465,366.14371843351955,3,1,1,1,0.3691553813257306,165.0350613523622,2,1,0,0,0.3691553813257306,1,0,1,1,1,SEQUENCE,3,HIERARCHICAL
2019-04-01 02:00:00,3443,100.0,futur,0,19.4,0.31598725792157545,381.4609521960301,3,1,0,0,0.4352705570291778,169.64736167309192,2,1,1,1,0.4352705570291778,1,0,0,1,0,MIXTE,3,HIERARCHICAL
2019-04-01 21:30:00,3443,100.0,futur,0,17.2,0.5007157327781763,402.4091699642683,4,1,0,0,0.34336564825695254,181.10260572391098,2,1,1,1,0.5007157327781763,1,0,0,1,1,MIXTE,3,HIERARCHICAL
2019-04-02 12:45:00,3443,100.0,futur,0,49.1,0.0,408.3133767523548,0,0,0,0,0.3815664024754229,182.47829093663688,2,1,1,1,0.3815664024754229,0,1,0,0,0,INSTABILITE,1,HIERARCHICAL
2019-04-03 03:15:00,3443,100.0,futur,0,6.8,0.3750797905862864,411.16135211968225,3,1,1,1,0.0037882858678130234,197.93028636882548,0,0,0,0,0.3750797905862864,1,0,1,1,1,SEQUENCE,3,HIERARCHICAL
2019-04-03 21:15:00,3443,100.0,futur,0,25.1,0.18351609436819222,419.22874663556416,2,0,0,0,0.40715917608209073,195.45287470347182,4,1,1,1,0.40715917608209073,0,1,0,0,0,INSTABILITE,1,HIERARCHICAL
2019-04-04 06:45:00,3443,100.0,futur,0,11.0,0.38731155248814875,422.0939844776139,3,1,1,1,0.0,196.73244391540555,0,0,0,0,0.38731155248814875,1,0,1,1,1,SEQUENCE,3,HIERARCHICAL
2019-04-04 10:00:00,3443,100.0,futur,0,54.4,0.20087832813384485,427.4840363278046,3,1,0,0,0.3052390140485789,196.9814315492654,2,1,1,1,0.3052390140485789,1,0,0,1,0,MIXTE,3,HIERARCHICAL
2019-04-05 00:00:00,3443,100.0,futur,0,10.4,0.41024549973241464,425.8990513511052,3,0,0,0,0.9060606060606059,211.5919998240611,2,1,1,1,0.9060606060606059,0,1,0,0,0,INSTABILITE,1,HIERARCHICAL
2019-04-05 01:45:00,3443,100.0,futur,0,15.6,0.3561750408396821,429.2283569345837,3,1,1,0,0.75,214.3360349117804,2,1,0,0,0.75,1,0,1,1,1,SEQUENCE,3,HIERARCHICAL
2019-04-12 14:00:00,3443,100.0,futur,0,27.9,0.8587346521643971,398.7264034487943,4,1,1,1,0.5948606188332215,179.72069901921122,2,0,0,0,0.8587346521643971,1,0,0,1,1,HYPO,2,HIERARCHICAL
2019-04-12 17:45:00,3443,100.0,futur,0,24.3,0.7769851278922023,409.80389735396153,4,1,0,0,0.6273205741626794,181.56476241014258,2,1,1,1,0.7769851278922023,1,0,0,1,0,MIXTE,3,HIERARCHICAL
2019-04-14 05:00:00,3443,100.0,futur,0,12.9,0.49618278295450446,480.17020539053493,4,1,0,0,0.6749999999999998,213.18280449114368,2,1,1,1,0.6749999999999998,1,0,0,1,1,MIXTE,3,HIERARCHICAL
2019-04-14 18:45:00,3443,100.0,futur,0,36.6,0.5094762247923134,501.30826337325317,3,1,0,0,0.8256756756756757,218.2340297863829,3,1,1,1,0.8256756756756757,1,0,0,1,1,MIXTE,3,HIERARCHICAL
2019-04-15 12:00:00,3443,100.0,futur,0,22.6,0.44011757522445594,524.7875232462777,3,1,0,0,0.419960970307791,228.24008983524328,3,1,1,1,0.44011757522445594,1,0,0,1,1,MIXTE,3,HIERARCHICAL
2019-04-16 06:45:00,3443,100.0,futur,0,16.7,0.37475456261397005,548.5746330055086,4,1,0,0,0.767379679144385,227.40748272903755,2,1,1,1,0.767379679144385,1,0,0,1,1,MIXTE,3,HIERARCHICAL
2019-04-17 04:15:00,3443,100.0,futur,0,3.6,0.35895175766364457,571.2037297368012,3,1,0,0,0.5574858174316657,234.59579812530365,4,1,1,1,0.5574858174316657,1,0,0,1,1,MIXTE,3,HIERARCHICAL
2019-04-17 06:15:00,3443,100.0,futur,0,16.0,0.31886483629293777,572.2486348835953,3,1,1,1,0.4383877613519307,238.0658757510949,3,1,0,0,0.4383877613519307,1,0,1,1,0,SEQUENCE,3,HIERARCHICAL
2019-02-06 21:45:00,5221,100.0,baseline,1,45.7,0.14364350710292687,0.0,2,0,0,0,0.2020806371329018,0.0,1,0,0,0,0.2020806371329018,0,0,0,0,0,AUCUN,0,HIERARCHICAL
2019-02-08 07:15:00,5221,100.0,baseline,1,46.6,0.1,0.0,1,0,0,0,0.0,0.0,0,0,0,0,0.1,0,0,0,0,0,AUCUN,0,HIERARCHICAL
2019-03-12 06:00:00,5221,100.0,futur,0,7.5,0.23934308245922975,1.8118419564300143,3,1,1,1,0.170625,0.342272727272727,1,0,0,0,0.23934308245922975,1,0,0,1,1,HYPO,2,HIERARCHICAL
2019-03-12 13:45:00,5221,100.0,futur,0,23.9,0.3778326820489092,8.781610692809322,4,1,0,0,0.6903067638923811,2.5073110820636324,2,1,1,1,0.6903067638923811,1,0,0,1,0,MIXTE,3,HIERARCHICAL
2019-03-12 23:15:00,5221,100.0,futur,0,14.5,0.3451342707124899,15.893377560131373,4,1,0,0,0.8240099009900991,3.543142538919218,2,1,1,0,0.8240099009900991,1,0,0,1,1,MIXTE,3,HIERARCHICAL
2019-03-13 14:45:00,5221,100.0,futur,0,20.1,0.24235994438760633,31.880552586637148,3,1,0,0,0.7353502726251842,17.431205765583982,3,1,1,1,0.7353502726251842,1,0,0,1,1,MIXTE,3,HIERARCHICAL
2019-03-14 05:00:00,5221,100.0,futur,1,41.8,0.0,30.92774266785794,0,0,0,0,0.4352437981180495,16.120895027439403,2,0,0,0,0.4352437981180495,0,0,0,0,0,AUCUN,0,HIERARCHICAL
2019-03-14 18:15:00,5221,100.0,futur,0,4.7,0.2782065332607943,33.391005589380185,4,1,1,1,0.0,13.3414957115683,0,0,0,0,0.2782065332607943,1,0,1,1,1,SEQUENCE,3,HIERARCHICAL
2019-03-15 03:00:00,5221,100.0,futur,0,0.3,0.7539408752152527,52.2425213139656,4,1,0,0,0.22840167145468795,12.54695178750394,2,1,1,1,0.7539408752152527,1,0,0,1,0,MIXTE,3,HIERARCHICAL
2019-03-15 09:30:00,5221,100.0,futur,0,30.0,0.747157951280275,71.57301249387963,4,1,0,0,0.4724552360145581,14.771725100874855,2,1,1,0,0.747157951280275,1,0,0,1,1,MIXTE,3,HIERARCHICAL
2019-03-15 17:00:00,5221,100.0,futur,0,40.0,0.14799966476054527,82.60939378857894,3,1,0,0,0.4332590954775441,16.127888015469587,4,1,1,1,0.4332590954775441,1,0,0,1,0,MIXTE,3,HIERARCHICAL
2019-03-16 10:00:00,5221,100.0,futur,0,1.8,0.218728908076325,79.4686540320589,4,0,0,0,0.9749999999999999,16.987392003019565,2,1,1,1,0.9749999999999999,0,1,0,0,0,INSTABILITE,1,HIERARCHICAL
2019-03-16 11:45:00,5221,100.0,futur,0,27.9,0.1527882747990566,81.04645004351339,3,1,1,1,0.052920962199312756,19.29690911403249,0,1,0,0,0.1527882747990566,1,0,1,1,1,SEQUENCE,3,HIERARCHICAL
2019-03-17 04:15:00,5221,100.0,futur,0,0.1,0.2577226373001129,95.73008738341181,4,1,0,0,0.21111111111111108,18.957423964951833,2,1,1,1,0.2577226373001129,1,0,0,1,1,MIXTE,3,HIERARCHICAL
2019-03-17 17:45:00,5221,100.0,futur,0,35.0,0.17541137089880615,104.74412717140855,3,1,0,0,0.668798449612403,21.08337072868533,3,1,1,1,0.668798449612403,1,0,0,1,1,MIXTE,3,HIERARCHICAL
2019-03-18 08:00:00,5221,100.0,futur,0,25.0,0.18788801133341967,105.45751090539567,3,1,1,1,0.0,22.056662528033065,0,0,0,0,0.18788801133341967,1,0,1,1,1,SEQUENCE,3,HIERARCHICAL
2019-03-19 03:30:00,5221,100.0,futur,0,16.0,0.18896633117966247,115.9066392302811,4,1,0,0,0.9749999999999999,21.201662528033168,2,1,1,1,0.9749999999999999,1,0,0,1,1,MIXTE,3,HIERARCHICAL
2019-03-19 07:00:00,5221,100.0,futur,1,47.9,0.18908423629443732,117.64675710433227,4,1,0,0,0.0,24.890926279755433,0,0,0,0,0.18908423629443732,1,0,0,0,0,HYPO,2,HIERARCHICAL
2019-03-19 19:45:00,5221,100.0,futur,0,21.3,0.09282967769658065,116.99701260356863,2,0,0,0,0.7746168582375479,27.60924222907308,3,1,1,1,0.7746168582375479,0,1,0,0,0,INSTABILITE,1,HIERARCHICAL
2019-03-20 03:30:00,5221,100.0,futur,0,1.5,0.1423345343770647,116.65766709602171,3,1,1,1,0.0022464698331193687,29.777340512720084,0,0,0,0,0.1423345343770647,1,0,1,1,1,SEQUENCE,3,HIERARCHICAL
2019-03-20 09:30:00,5221,100.0,futur,0,31.6,0.23198437998036062,120.16764311267194,3,1,0,0,0.7804347826086956,30.286094904683264,3,1,1,1,0.7804347826086956,1,0,0,1,0,MIXTE,3,HIERARCHICAL
2019-03-21 00:45:00,5221,100.0,futur,0,11.7,0.0758970640828266,118.7448170572965,2,0,0,0,0.2558797630088602,29.012384864211796,2,1,1,1,0.2558797630088602,0,1,0,0,0,INSTABILITE,1,HIERARCHICAL
2019-03-21 03:00:00,5221,100.0,futur,0,0.1,0.15678542250902125,120.11565740690837,4,1,1,0,0.6053333333333333,29.565279922058362,2,0,0,0,0.6053333333333333,1,0,1,1,1,SEQUENCE,3,HIERARCHICAL
2019-03-22 15:15:00,5221,100.0,futur,0,26.7,0.2562597226597254,120.44271991473138,4,1,1,1,0.12250718126088711,26.71527992205836,2,0,0,0,0.2562597226597254,1,0,1,1,1,SEQUENCE,3,HIERARCHICAL
2019-03-23 04:45:00,5221,100.0,futur,0,17.1,0.2531178782067639,126.79792650547324,3,1,0,0,0.6679999999999999,27.729102416237094,3,1,1,1,0.6679999999999999,1,0,0,1,1,MIXTE,3,HIERARCHICAL
2019-03-24 05:30:00,5221,100.0,futur,0,11.0,0.26773917336983355,136.7344626959497,3,1,1,1,0.0,22.794136594817587,0,0,0,0,0.26773917336983355,1,0,1,1,1,SEQUENCE,3,HIERARCHICAL
2019-03-24 16:00:00,5221,100.0,futur,0,0.6,0.4061911434448161,141.06736438700412,4,1,0,0,0.705,22.863089925183385,2,1,1,1,0.705,1,0,0,1,0,MIXTE,3,HIERARCHICAL
2019-03-26 00:15:00,5221,100.0,futur,0,3.0,0.3682567723654597,179.42829233640154,3,1,0,0,0.5667333333333333,19.681558916143953,4,1,1,1,0.5667333333333333,1,0,0,1,1,MIXTE,3,HIERARCHICAL
2019-03-27 08:00:00,5221,100.0,futur,0,3.4,0.2635557429970238,188.72936807285112,4,1,1,1,0.0,15.355170374403896,0,0,0,0,0.2635557429970238,1,0,1,1,1,SEQUENCE,3,HIERARCHICAL
2019-03-29 17:45:00,5221,100.0,futur,0,25.4,0.14168822808981513,230.00502063304984,3,1,1,1,0.0,6.0519323187690395,0,0,0,0,0.14168822808981513,1,0,0,1,1,HYPO,2,HIERARCHICAL
2019-03-30 05:45:00,5221,100.0,futur,0,27.1,0.0,226.78956841168065,0,0,0,0,0.6963576446905454,4.8070328364823975,4,1,1,1,0.6963576446905454,0,1,0,0,0,INSTABILITE,1,HIERARCHICAL
2019-03-31 00:15:00,5221,100.0,futur,0,21.2,0.1753234298983653,225.34882069370767,3,1,1,1,0.061589147286821716,4.509165624158034,0,0,0,0,0.1753234298983653,1,0,1,1,1,SEQUENCE,3,HIERARCHICAL
2019-03-31 02:00:00,5221,100.0,futur,0,21.5,0.321475091476703,226.9013176429489,4,1,0,0,0.9749999999999999,6.980959448930585,2,1,1,1,0.9749999999999999,1,0,0,1,0,MIXTE,3,HIERARCHICAL
2019-03-31 07:15:00,5221,100.0,futur,1,46.4,0.25892682143241896,231.52523447220966,4,1,0,0,0.0,10.029210779149226,0,0,0,0,0.25892682143241896,1,0,0,0,0,HYPO,2,HIERARCHICAL
2019-03-31 17:45:00,5221,100.0,futur,0,36.5,0.026279446830561038,230.83611194784422,1,0,0,0,0.2229999999999999,9.663016275895702,2,1,1,1,0.2229999999999999,0,1,0,0,0,INSTABILITE,1,HIERARCHICAL
2019-04-01 17:30:00,5221,100.0,futur,0,37.1,0.23594989178620768,227.96301285170767,4,1,1,1,0.0,8.433080869720573,0,0,0,0,0.23594989178620768,1,0,1,1,1,SEQUENCE,3,HIERARCHICAL
2019-04-02 00:00:00,5221,100.0,futur,0,12.9,0.15108150874472268,226.40041685892538,2,0,0,0,0.513716814159292,8.57912903939304,2,1,1,1,0.513716814159292,0,1,0,0,0,INSTABILITE,1,HIERARCHICAL
2019-04-02 06:45:00,5221,100.0,futur,0,10.0,0.27458064080530636,227.53794484420973,4,1,1,0,0.0,22.079072794142288,0,0,0,0,0.27458064080530636,1,0,1,1,1,SEQUENCE,3,HIERARCHICAL
2019-04-03 03:45:00,5221,100.0,futur,0,5.9,0.30071989210847216,226.93681339640932,4,1,1,1,0.0,17.2737956864335,0,0,0,0,0.30071989210847216,1,0,1,1,1,SEQUENCE,3,HIERARCHICAL
2019-04-03 06:30:00,5221,100.0,futur,1,46.3,0.11723021813974713,227.2785300837686,2,1,0,0,0.09719036697247706,16.613795686433512,1,0,0,0,0.11723021813974713,1,0,0,0,0,HYPO,2,HIERARCHICAL
2019-04-03 10:00:00,5221,100.0,futur,0,33.0,0.0999222634453118,227.5857837519528,2,0,0,0,0.24074749000723888,17.19194858738302,3,1,1,1,0.24074749000723888,0,1,0,0,0,INSTABILITE,1,HIERARCHICAL
2019-04-03 17:00:00,5221,100.0,futur,0,22.9,0.13664311998683287,227.39592252697568,3,1,1,0,0.0,15.885105658970001,0,0,0,0,0.13664311998683287,1,0,1,1,1,SEQUENCE,3,HIERARCHICAL
2019-04-04 01:30:00,5221,100.0,futur,0,11.6,0.08793962321552024,226.86117404607606,2,0,0,0,0.5869791666666667,15.295917806916895,2,1,1,1,0.5869791666666667,0,1,0,0,0,INSTABILITE,1,HIERARCHICAL
2019-04-04 16:45:00,5221,100.0,futur,0,27.4,0.14881639184230352,226.47000365381987,3,1,1,1,0.022695692450208447,13.616008492867481,0,0,0,0,0.14881639184230352,1,0,1,1,1,SEQUENCE,3,HIERARCHICAL
2019-04-05 02:45:00,5221,100.0,futur,0,11.4,0.24308695407089898,229.72440930801275,4,1,0,0,0.6999999999999998,13.70208561719662,2,1,1,1,0.6999999999999998,1,0,0,1,0,MIXTE,3,HIERARCHICAL
2019-04-05 21:45:00,5221,100.0,futur,0,24.4,0.16442998972954465,226.895093989593,2,0,0,0,0.872140485849206,12.94802208110968,3,1,1,1,0.872140485849206,0,1,0,0,0,INSTABILITE,1,HIERARCHICAL
2019-04-06 01:15:00,5221,100.0,futur,0,1.6,0.35167227608740026,231.40292967972553,3,1,1,1,0.371875,17.632403700691174,2,1,0,0,0.371875,1,0,1,1,1,SEQUENCE,3,HIERARCHICAL
2019-04-06 10:30:00,5221,100.0,futur,0,12.6,0.5964997373972459,248.3469588513703,4,1,0,0,0.9749999999999999,24.106459440936863,2,1,1,1,0.9749999999999999,1,0,0,1,0,MIXTE,3,HIERARCHICAL
2019-04-07 14:15:00,5221,100.0,futur,0,29.7,0.5520344861598424,297.8072349043322,4,1,0,0,0.8989999999999999,23.64770055817196,3,1,1,1,0.8989999999999999,1,0,0,1,1,MIXTE,3,HIERARCHICAL
2019-04-09 01:00:00,5221,100.0,futur,0,11.0,0.5706287807998421,352.6608580128997,4,1,0,0,0.8143939393939392,23.800395103198515,2,1,1,1,0.8143939393939392,1,0,0,1,1,MIXTE,3,HIERARCHICAL
2019-04-10 05:15:00,5221,100.0,futur,0,2.5,0.5601757849972244,393.56733069338145,4,1,0,0,0.9749999999999999,44.42812523680948,2,1,1,1,0.9749999999999999,1,0,0,1,1,MIXTE,3,HIERARCHICAL
2019-04-11 02:15:00,5221,100.0,futur,0,8.8,0.6046761729979935,429.3138161135094,4,1,0,0,0.47820512820512817,48.34406307592851,2,1,1,1,0.6046761729979935,1,0,0,1,1,MIXTE,3,HIERARCHICAL
2019-04-12 01:15:00,5221,100.0,futur,0,13.9,0.3657573681763064,464.6382564573522,3,1,0,0,0.6459999999999999,54.732421701661124,2,1,1,1,0.6459999999999999,1,0,0,1,1,MIXTE,3,HIERARCHICAL
2019-04-13 08:15:00,5221,100.0,futur,0,13.4,0.08033707828350997,480.5114218291376,1,0,0,0,0.6476629740740265,57.26966929518077,4,1,1,1,0.6476629740740265,0,1,0,0,0,INSTABILITE,1,HIERARCHICAL
2019-04-13 09:30:00,5221,100.0,futur,0,19.8,0.12159899562722845,481.01522570930877,3,1,1,1,0.12868493150684934,58.637664477563725,1,1,0,0,0.12868493150684934,1,0,1,1,1,SEQUENCE,3,HIERARCHICAL
2019-04-14 12:00:00,5221,100.0,futur,0,26.4,0.2261587194214983,488.094088505145,4,1,1,1,0.10272804774083544,53.735869430313684,1,0,0,0,0.2261587194214983,1,0,1,1,1,SEQUENCE,3,HIERARCHICAL
2019-04-15 04:30:00,5221,100.0,futur,0,7.4,0.24968653063739565,501.03194389189093,4,1,0,0,0.6749999999999999,54.285618673945415,2,1,1,1,0.6749999999999999,1,0,0,1,1,MIXTE,3,HIERARCHICAL
2019-04-16 02:45:00,5221,100.0,futur,0,20.8,0.110158476703781,510.85213017721526,2,1,0,0,0.2021615875265769,50.60464897027419,2,1,1,1,0.2021615875265769,1,0,0,1,1,MIXTE,3,HIERARCHICAL
2019-04-16 11:00:00,5221,100.0,futur,0,25.4,0.30368075414589674,510.86962798245014,4,1,1,1,0.0,48.624648970274116,0,0,0,0,0.30368075414589674,1,0,1,1,0,SEQUENCE,3,HIERARCHICAL
2019-04-16 15:15:00,5221,100.0,futur,0,27.5,0.2413772241638174,514.506298040524,4,1,0,0,0.36924833157709874,49.89502587046891,3,1,1,1,0.36924833157709874,1,0,0,1,1,MIXTE,3,HIERARCHICAL
2019-04-17 10:30:00,5221,100.0,futur,0,31.1,0.0769702474510468,512.3826275050994,1,0,0,0,0.9265091326790451,48.43418059975789,4,1,1,1,0.9265091326790451,0,1,0,0,0,INSTABILITE,1,HIERARCHICAL
2019-02-02 12:00:00,5246,100.0,baseline,1,41.6,0.18571428571428572,0.0,2,0,0,0,0.1618718135469774,0.0,1,0,0,0,0.18571428571428572,0,0,0,0,0,AUCUN,0,HIERARCHICAL
2019-02-03 00:30:00,5246,100.0,baseline,1,40.1,0.0736963656505405,0.0,1,0,0,0,0.0,0.0,0,0,0,0,0.0736963656505405,0,0,0,0,0,AUCUN,0,HIERARCHICAL
2019-02-05 16:45:00,5246,100.0,baseline,1,54.9,0.12129606409565055,0.0,2,0,0,0,0.013377926421404618,0.0,0,0,0,0,0.12129606409565055,0,0,0,0,0,AUCUN,0,HIERARCHICAL
2019-02-06 22:00:00,5246,100.0,baseline,1,51.2,0.2661835013199956,0.0,3,0,0,0,0.007999999999999964,0.0,0,0,0,0,0.2661835013199956,0,0,0,0,0,AUCUN,0,HIERARCHICAL
2019-02-07 12:00:00,5246,100.0,baseline,1,48.8,0.1683142625759571,0.0,2,0,0,0,0.09271615275692595,0.0,1,0,0,0,0.1683142625759571,0,0,0,0,0,AUCUN,0,HIERARCHICAL
2019-02-08 00:15:00,5246,100.0,baseline,1,46.6,0.33626327483751145,0.0,4,0,0,0,0.017888888888888874,0.0,0,0,0,0,0.33626327483751145,0,0,0,0,0,AUCUN,0,HIERARCHICAL
2019-02-08 12:30:00,5246,100.0,baseline,1,49.5,0.15188913225057954,0.0,2,0,0,0,0.2149016915341313,0.0,2,0,0,0,0.2149016915341313,0,0,0,0,0,AUCUN,0,HIERARCHICAL
2019-03-14 23:45:00,5246,100.0,futur,0,13.5,0.30697433125802087,1.3401458523031669,3,0,0,0,0.5970341146041042,1.3509758886757566,2,1,1,1,0.5970341146041042,0,1,0,0,0,INSTABILITE,1,HIERARCHICAL
2019-03-15 01:15:00,5246,100.0,futur,0,25.7,0.33999597244443236,3.7443087051712642,3,1,1,1,0.2926829931972789,2.0409958055181154,2,1,0,0,0.33999597244443236,1,0,1,1,1,SEQUENCE,3,HIERARCHICAL
2019-03-15 14:30:00,5246,100.0,futur,1,46.0,0.19128662117320094,21.14064174913323,3,1,0,0,0.7840745192307692,1.5759637987481163,2,0,0,0,0.7840745192307692,1,0,0,0,0,HYPO,2,HIERARCHICAL
2019-03-16 13:30:00,5246,100.0,futur,0,35.8,0.37384112144629444,23.355191743434354,4,1,1,1,0.016590797651704892,0.0,0,0,0,0,0.37384112144629444,1,0,1,1,1,SEQUENCE,3,HIERARCHICAL
2019-03-17 11:15:00,5246,100.0,futur,0,19.5,0.15811650646748882,41.15462000002532,3,1,1,0,0.12666666666666668,0.0,1,0,0,0,0.15811650646748882,1,0,1,1,1,SEQUENCE,3,HIERARCHICAL
2019-03-18 13:45:00,5246,100.0,futur,0,14.7,0.3135612989559591,37.58092424514167,4,1,1,1,0.0,0.0,0,0,0,0,0.3135612989559591,1,0,0,1,1,HYPO,2,HIERARCHICAL
2019-03-21 03:30:00,5246,100.0,futur,0,15.0,0.19421364737451743,32.85659511371948,4,1,1,1,0.12116829663274756,0.0,1,0,0,0,0.19421364737451743,1,0,0,1,1,HYPO,2,HIERARCHICAL
2019-03-22 14:45:00,5246,100.0,futur,0,18.3,0.1939094155613276,28.292965725490664,4,0,0,0,0.32756854795689744,1.1323138403168862,2,1,1,1,0.32756854795689744,0,1,0,0,0,INSTABILITE,1,HIERARCHICAL
2019-03-22 16:15:00,5246,100.0,futur,0,5.5,0.20142191054674877,29.613409822702913,3,1,1,1,0.5742407915360501,4.343296301538713,2,1,0,0,0.5742407915360501,1,0,1,1,1,SEQUENCE,3,HIERARCHICAL
2019-03-23 16:15:00,5246,100.0,futur,0,39.7,0.47417403659215573,59.73813680783036,3,1,0,0,1.0,64.60053499685625,3,1,1,1,1.0,1,0,0,1,1,MIXTE,3,HIERARCHICAL
2019-03-24 15:15:00,5246,100.0,futur,0,38.1,0.35840894047411187,63.39672873997508,3,1,1,1,0.0,70.11315381885834,0,0,0,0,0.35840894047411187,1,0,1,1,1,SEQUENCE,3,HIERARCHICAL
2019-03-24 19:00:00,5246,100.0,futur,0,10.3,0.47682024032979964,67.2660395976315,4,1,0,0,0.7267445945514355,70.97715217277609,4,1,1,1,0.7267445945514355,1,0,0,1,0,MIXTE,3,HIERARCHICAL
2019-03-25 13:00:00,5246,100.0,futur,0,27.1,0.5392486798059865,93.2069197683349,4,1,0,0,0.5803309752400201,81.5697028072115,2,1,1,1,0.5803309752400201,1,0,0,1,1,MIXTE,3,HIERARCHICAL
2019-03-26 05:30:00,5246,100.0,futur,0,25.1,0.20843480173478535,116.33084606834142,2,1,0,0,1.0,86.83802405731089,3,1,1,1,1.0,1,0,0,1,1,MIXTE,3,HIERARCHICAL
2019-03-27 01:15:00,5246,100.0,futur,0,24.0,0.33001361710167615,114.8007349159754,3,0,0,0,1.0,107.08602508563912,3,1,1,1,1.0,0,1,0,0,0,INSTABILITE,1,HIERARCHICAL
2019-03-27 03:45:00,5246,100.0,futur,0,8.6,0.2812112253389468,117.2890623631575,3,1,1,1,0.11560778553066473,114.0121351434398,1,1,0,0,0.2812112253389468,1,0,1,1,1,SEQUENCE,3,HIERARCHICAL
2019-03-27 16:45:00,5246,100.0,futur,0,35.6,0.2328554033338635,127.25017758883685,3,1,0,0,1.0,117.1479576421093,4,1,1,1,1.0,1,0,0,1,1,MIXTE,3,HIERARCHICAL
2019-03-28 13:30:00,5246,100.0,futur,0,44.6,0.04886352172876277,139.8212246118469,1,0,0,0,0.650929331562021,123.10068927792625,3,1,1,1,0.650929331562021,0,1,0,0,0,INSTABILITE,1,HIERARCHICAL
2019-03-29 05:30:00,5246,100.0,futur,0,18.5,0.2085363171341075,135.63100632815025,1,0,0,0,1.0,142.3109137783921,4,1,1,1,1.0,0,1,0,0,0,INSTABILITE,1,HIERARCHICAL
2019-03-30 12:30:00,5246,100.0,futur,0,14.3,0.6050203827681996,138.0821264715195,4,1,1,1,0.0,155.7854693666287,0,0,0,0,0.6050203827681996,1,0,1,1,1,SEQUENCE,3,HIERARCHICAL
2019-04-01 01:30:00,5246,100.0,futur,0,19.6,0.13945979439270875,151.02843419049634,2,0,0,0,0.4636601909863235,148.40327186990777,3,1,1,1,0.4636601909863235,0,1,0,0,0,INSTABILITE,1,HIERARCHICAL
2019-04-01 10:30:00,5246,100.0,futur,0,11.1,0.19171315753241064,150.7778155719457,3,1,1,1,0.0,146.52301439736416,0,0,0,0,0.19171315753241064,1,0,1,1,1,SEQUENCE,3,HIERARCHICAL
2019-04-02 00:15:00,5246,100.0,futur,0,27.7,0.29269575909392404,159.1105932648334,4,1,1,0,0.28099317653890826,143.61092542860294,2,0,0,0,0.29269575909392404,1,0,1,1,1,SEQUENCE,3,HIERARCHICAL
2019-04-03 07:45:00,5246,100.0,futur,0,15.0,0.1898982031429565,165.06197681777292,3,1,1,1,0.0,137.56800699907535,0,0,0,0,0.1898982031429565,1,0,1,1,1,SEQUENCE,3,HIERARCHICAL
2019-04-05 10:30:00,5246,100.0,futur,0,23.3,0.19799385676071105,165.20542752310195,3,1,1,1,0.018948017978190356,126.27815988721156,0,0,0,0,0.19799385676071105,1,0,0,1,1,HYPO,2,HIERARCHICAL
2019-04-05 15:00:00,5246,100.0,futur,0,31.8,0.03361400414248797,165.610524466724,1,1,0,0,1.0,128.4130923803003,4,1,1,1,1.0,1,0,0,1,0,MIXTE,3,HIERARCHICAL
2019-04-06 02:45:00,5246,100.0,futur,0,32.3,0.4556154180604217,168.1356314960654,3,1,1,0,0.5516249999999999,164.80529915289156,2,0,0,0,0.5516249999999999,1,0,1,1,1,SEQUENCE,3,HIERARCHICAL
2019-04-06 06:30:00,5246,100.0,futur,0,18.2,0.3839452743263995,167.0856314960655,2,0,0,0,1.0,167.94234541115716,4,1,1,1,1.0,0,1,0,0,0,INSTABILITE,1,HIERARCHICAL
2019-04-06 12:15:00,5246,100.0,futur,0,15.9,0.5366641335979682,172.60968124009594,3,1,1,1,0.4571668667466986,173.07754240584703,1,0,0,0,0.5366641335979682,1,0,1,1,0,SEQUENCE,3,HIERARCHICAL
2019-04-07 04:45:00,5246,100.0,futur,0,1.5,0.5385303321701874,215.14749643006945,4,1,0,0,0.3636798905608755,170.40419914030164,2,1,1,1,0.5385303321701874,1,0,0,1,1,MIXTE,3,HIERARCHICAL
2019-04-08 02:45:00,5246,100.0,futur,0,20.7,0.23351391341702066,248.33075701231243,2,0,0,0,0.3884615384615385,179.10957005354547,3,1,1,1,0.3884615384615385,0,1,0,0,0,INSTABILITE,1,HIERARCHICAL
2019-04-08 11:15:00,5246,100.0,futur,0,16.0,0.4161782640989873,250.2765529880236,4,1,1,1,0.44999999999999996,183.02980096968253,1,0,0,0,0.44999999999999996,1,0,1,1,1,SEQUENCE,3,HIERARCHICAL
2019-04-09 06:45:00,5246,100.0,futur,0,25.6,0.21014561218556174,276.4135289902274,4,1,0,0,0.20027741212032568,189.33408422239023,2,1,1,1,0.21014561218556174,1,0,0,1,1,MIXTE,3,HIERARCHICAL
2019-04-09 21:45:00,5246,100.0,futur,0,21.5,0.32578263070119395,281.87954730374196,2,0,0,0,0.7783949665396858,199.1178367359333,4,1,1,1,0.7783949665396858,0,1,0,0,0,INSTABILITE,1,HIERARCHICAL
2019-04-10 15:30:00,5246,100.0,futur,0,23.6,0.33973271889400924,277.96157457213246,2,0,0,0,0.5507063112326269,208.12304157641145,3,1,1,1,0.5507063112326269,0,1,0,0,0,INSTABILITE,1,HIERARCHICAL
2019-04-10 18:15:00,5246,100.0,futur,0,27.4,0.4355792860435312,281.4910461373252,4,1,1,1,0.08979057591623035,213.19533511947603,1,0,0,0,0.4355792860435312,1,0,1,1,1,SEQUENCE,3,HIERARCHICAL
2019-04-11 18:00:00,5246,100.0,futur,0,14.1,0.40352529890150024,310.620106054522,4,1,0,0,0.772222222222222,215.54951465576104,3,1,1,1,0.772222222222222,1,0,0,1,1,MIXTE,3,HIERARCHICAL
2019-04-12 10:30:00,5246,100.0,futur,0,4.9,0.485762063198637,312.2461639418469,3,1,1,1,0.10169314381270905,236.6979453575608,1,0,0,0,0.485762063198637,1,0,1,1,1,SEQUENCE,3,HIERARCHICAL
2019-04-13 17:15:00,5246,100.0,futur,0,12.2,0.2418678955162431,321.24862817742826,3,1,1,1,0.0,229.31794535756052,0,0,0,0,0.2418678955162431,1,0,1,1,1,SEQUENCE,3,HIERARCHICAL
2019-04-16 09:00:00,5246,100.0,futur,0,32.8,0.14348527911964365,313.2558215520125,3,1,1,1,0.18248785752833244,216.25208622559128,1,0,0,0,0.18248785752833244,1,0,0,1,1,HYPO,2,HIERARCHICAL
2019-04-17 03:00:00,5246,100.0,futur,0,20.4,0.21612382915140366,328.1696201616325,3,1,0,0,0.4199114198551843,213.8924772470366,2,1,1,1,0.4199114198551843,1,0,0,1,1,MIXTE,3,HIERARCHICAL
2019-01-17 22:15:00,5250,100.0,baseline,1,44.3,0.37061318482710015,0.0,4,0,0,0,0.2141509433962264,0.0,1,0,0,0,0.37061318482710015,0,0,0,0,0,AUCUN,0,HIERARCHICAL
2019-01-19 23:30:00,5250,100.0,baseline,1,46.8,0.23896796759867045,0.0,3,0,0,0,0.0,0.0,0,0,0,0,0.23896796759867045,0,0,0,0,0,AUCUN,0,HIERARCHICAL
2019-02-03 03:15:00,5250,100.0,baseline,1,47.2,0.058860996627950524,0.0,1,0,0,0,0.060261672652642415,0.0,1,0,0,0,0.060261672652642415,0,0,0,0,0,AUCUN,0,HIERARCHICAL
2019-02-04 02:45:00,5250,100.0,baseline,1,47.0,0.10146512468000515,0.0,2,0,0,0,0.6764705882352942,0.0,2,0,0,0,0.6764705882352942,0,0,0,0,0,AUCUN,0,HIERARCHICAL
2019-02-05 10:15:00,5250,100.0,baseline,1,46.6,0.15010892474612225,0.0,2,0,0,0,0.1383169934640522,0.0,1,0,0,0,0.15010892474612225,0,0,0,0,0,AUCUN,0,HIERARCHICAL
2019-02-06 01:30:00,5250,100.0,baseline,1,45.6,0.10703931645623163,0.0,1,0,0,0,0.2961679430257158,0.0,2,0,0,0,0.2961679430257158,0,0,0,0,0,AUCUN,0,HIERARCHICAL
2019-02-07 03:30:00,5250,100.0,baseline,1,46.5,0.2039209381210942,0.0,3,0,0,0,0.9749999999999999,0.0,2,0,0,0,0.9749999999999999,0,0,0,0,0,AUCUN,0,HIERARCHICAL
2019-02-08 10:45:00,5250,100.0,baseline,1,48.0,0.16007586367880483,0.0,2,0,0,0,0.04065615072844779,0.0,0,0,0,0,0.16007586367880483,0,0,0,0,0,AUCUN,0,HIERARCHICAL
2019-03-02 00:15:00,5250,100.0,baseline,1,41.2,0.07769143408476467,0.0,2,0,0,0,0.12613919364609272,0.0,1,0,0,0,0.12613919364609272,0,0,0,0,0,AUCUN,0,HIERARCHICAL
2019-03-08 12:00:00,5250,100.0,baseline,1,49.9,0.016297603791896122,0.0,1,0,0,0,0.2816923560868198,0.0,2,0,0,0,0.2816923560868198,0,0,0,0,0,AUCUN,0,HIERARCHICAL
2019-03-12 12:30:00,5250,100.0,futur,0,29.2,0.05360323724890919,1.6695578054776086,1,0,0,0,0.22033912737331252,0.8094620306405935,2,1,1,1,0.22033912737331252,0,1,0,0,0,INSTABILITE,1,HIERARCHICAL
2019-03-13 02:30:00,5250,100.0,futur,0,23.6,0.1347074137531131,2.5644878322776608,3,1,1,1,0.07495844875346258,0.0,1,0,0,0,0.1347074137531131,1,0,1,1,1,SEQUENCE,3,HIERARCHICAL
2019-03-13 17:15:00,5250,100.0,futur,0,24.0,0.2123535726859089,4.298150010409546,3,1,1,0,0.0,0.0,0,0,0,0,0.2123535726859089,1,0,1,1,1,SEQUENCE,3,HIERARCHICAL
2019-03-15 00:45:00,5250,100.0,futur,0,25.7,0.42392994494580993,3.728002645855043,4,1,1,1,0.0,0.0,0,0,0,0,0.42392994494580993,1,0,1,1,1,SEQUENCE,3,HIERARCHICAL
2019-03-16 00:00:00,5250,100.0,futur,0,16.3,0.1355619122526671,25.68162373822334,3,0,0,0,0.7373697916666666,2.312196031871223,2,1,1,1,0.7373697916666666,0,1,0,0,0,INSTABILITE,1,HIERARCHICAL
2019-03-16 02:00:00,5250,100.0,futur,0,24.6,0.2280904233102984,26.65673689474132,3,1,1,1,0.8927828104051245,7.895244320653602,2,1,0,0,0.8927828104051245,1,0,1,1,1,SEQUENCE,3,HIERARCHICAL
2019-03-16 19:00:00,5250,100.0,futur,0,23.6,0.3581953078972998,55.46509902535514,3,1,0,0,0.8221150563332195,9.813716459752717,3,1,1,1,0.8221150563332195,1,0,0,1,1,MIXTE,3,HIERARCHICAL
2019-03-17 22:15:00,5250,100.0,futur,0,23.9,0.21374614060431316,70.06711651361711,3,1,1,1,0.18145181045911257,4.654466238934851,1,0,0,0,0.21374614060431316,1,0,1,1,1,SEQUENCE,3,HIERARCHICAL
2019-03-18 04:15:00,5250,100.0,futur,0,24.9,0.25409427817149693,74.03067955269537,4,1,0,0,0.5949514346321314,5.807533016721856,2,1,1,1,0.5949514346321314,1,0,0,1,0,MIXTE,3,HIERARCHICAL
2019-03-18 14:45:00,5250,100.0,futur,0,28.5,0.2978742781256363,84.24415751910455,3,1,0,0,0.9567664432202827,8.54504568187235,3,1,1,0,0.9567664432202827,1,0,0,1,1,MIXTE,3,HIERARCHICAL
2019-03-19 01:30:00,5250,100.0,futur,0,22.0,0.1042193692525997,89.20973538419979,2,1,0,0,0.8635901162790698,12.487924815569599,3,1,1,1,0.8635901162790698,1,0,0,1,0,MIXTE,3,HIERARCHICAL
2019-03-19 14:15:00,5250,100.0,futur,0,23.3,0.2698217573876529,89.28715736528284,3,1,1,1,0.0,12.02342160108816,0,0,0,0,0.2698217573876529,1,0,1,1,1,SEQUENCE,3,HIERARCHICAL
2019-03-20 08:15:00,5250,100.0,futur,0,21.2,0.17849665402784765,92.21622089020224,3,1,1,0,0.771789788293898,9.865416685168846,2,0,0,0,0.771789788293898,1,0,1,1,1,SEQUENCE,3,HIERARCHICAL
2019-03-20 09:30:00,5250,100.0,futur,0,26.9,0.19679209194478603,92.78646852522259,3,1,0,0,0.8920147880019887,13.059543594386048,3,1,1,1,0.8920147880019887,1,0,0,1,0,MIXTE,3,HIERARCHICAL
2019-03-21 14:30:00,5250,100.0,futur,0,31.0,0.15294958706994347,88.52825205791308,3,1,1,1,0.06664656212303982,12.925393159186093,0,0,0,0,0.15294958706994347,1,0,1,1,1,SEQUENCE,3,HIERARCHICAL
2019-03-22 06:15:00,5250,100.0,futur,0,27.8,0.25592466596195074,101.68627360113969,4,1,0,0,0.24411737663303695,11.746261711962768,2,1,1,1,0.25592466596195074,1,0,0,1,1,MIXTE,3,HIERARCHICAL
2019-03-23 10:45:00,5250,100.0,futur,0,25.4,0.3872685723468458,100.6484701042787,4,1,1,1,0.0,16.831960926253107,0,0,0,0,0.3872685723468458,1,0,1,1,1,SEQUENCE,3,HIERARCHICAL
2019-03-24 16:45:00,5250,100.0,futur,0,25.4,0.2050539334431349,112.00541543700177,4,1,1,1,0.060031421226206826,10.168004407236657,0,0,0,0,0.2050539334431349,1,0,1,1,1,SEQUENCE,3,HIERARCHICAL
2019-03-25 01:00:00,5250,100.0,futur,0,21.4,0.321352217378491,120.2332838890666,4,1,0,0,0.2740817263544536,9.598673263729872,2,1,1,1,0.321352217378491,1,0,0,1,0,MIXTE,3,HIERARCHICAL
2019-03-27 07:30:00,5250,100.0,futur,0,23.3,0.22084264254648134,118.0766184423823,3,1,1,1,0.007612456747404872,0.0,0,0,0,0,0.22084264254648134,1,0,1,1,1,SEQUENCE,3,HIERARCHICAL
2019-03-28 15:30:00,5250,100.0,futur,0,35.0,0.13929621999831227,115.23103920153059,3,1,1,1,0.14065161919382607,0.3525589009890521,2,0,0,0,0.14065161919382607,1,0,0,1,1,HYPO,2,HIERARCHICAL
2019-03-29 15:45:00,5250,100.0,futur,0,27.7,0.06000420483093544,121.8238102569752,2,0,0,0,0.43024603844014137,1.2617621869206153,2,1,1,1,0.43024603844014137,0,1,0,0,0,INSTABILITE,1,HIERARCHICAL
2019-03-30 12:15:00,5250,100.0,futur,0,37.5,0.5159606868248123,122.3950207089857,4,1,1,1,0.01443361753958583,0.0,0,0,0,0,0.5159606868248123,1,0,1,1,1,SEQUENCE,3,HIERARCHICAL
2019-03-31 03:00:00,5250,100.0,futur,0,11.4,0.13333333333333336,136.77936468066312,1,0,0,0,0.2686776859504132,1.727913042451668,2,1,1,1,0.2686776859504132,0,1,0,0,0,INSTABILITE,1,HIERARCHICAL
2019-03-31 14:30:00,5250,100.0,futur,0,18.7,0.14818294592498413,136.42791195325103,3,1,1,1,0.17282051282051283,3.4429130424516794,2,0,0,0,0.17282051282051283,1,0,1,1,1,SEQUENCE,3,HIERARCHICAL
2019-03-31 19:00:00,5250,100.0,futur,0,3.5,0.15765955349970284,136.0285535380268,4,0,0,0,0.5416425631231696,4.73191314679701,4,1,1,1,0.5416425631231696,0,1,0,0,0,INSTABILITE,1,HIERARCHICAL
2019-04-01 07:00:00,5250,100.0,futur,0,24.6,0.19511389761755368,137.15811825829863,3,1,1,0,0.0042222222222222045,4.200915451655524,0,0,0,0,0.19511389761755368,1,0,1,1,1,SEQUENCE,3,HIERARCHICAL
2019-04-01 22:30:00,5250,100.0,futur,1,46.8,0.09388355949844196,134.59164164477417,1,0,0,0,0.058267905784329416,0.4809154516555219,0,0,0,0,0.09388355949844196,0,0,0,0,0,AUCUN,0,HIERARCHICAL
2019-04-02 10:15:00,5250,100.0,futur,0,60.5,0.0,132.67258612575756,0,0,0,0,0.8031232061656678,2.963900633790143,2,1,1,1,0.8031232061656678,0,1,0,0,0,INSTABILITE,1,HIERARCHICAL
2019-04-02 11:30:00,5250,100.0,futur,1,61.2,0.0,132.3225861257576,0,0,0,0,1.0,7.493658292465652,3,1,0,0,1.0,0,1,0,0,0,INSTABILITE,1,HIERARCHICAL
2019-04-03 07:45:00,5250,100.0,futur,0,15.9,0.3405019166326142,131.34839263126747,3,1,1,1,0.02345814977973568,9.392959383270144,0,0,0,0,0.3405019166326142,1,0,1,1,1,SEQUENCE,3,HIERARCHICAL
2019-04-04 21:15:00,5250,100.0,futur,0,31.9,0.18660994248671267,171.2789214047426,3,1,1,1,0.2529144385026737,3.404978924636996,1,0,0,0,0.2529144385026737,1,0,1,1,1,SEQUENCE,3,HIERARCHICAL
2019-04-05 03:45:00,5250,100.0,futur,0,23.5,0.34183613829577464,177.9431158308097,4,1,0,0,0.9749999999999999,5.378312257970329,2,1,1,1,0.9749999999999999,1,0,0,1,0,MIXTE,3,HIERARCHICAL
2019-04-05 12:15:00,5250,100.0,futur,0,34.2,0.0898676785565434,183.5344108217386,2,1,0,0,0.5951667517635136,11.486335982389328,2,1,1,0,0.5951667517635136,1,0,0,1,1,MIXTE,3,HIERARCHICAL
2019-04-06 11:30:00,5250,100.0,futur,0,20.1,0.45723211334182506,182.5867833758531,3,1,1,1,0.0,9.382981507541727,0,0,0,0,0.45723211334182506,1,0,1,1,1,SEQUENCE,3,HIERARCHICAL
2019-04-07 15:30:00,5250,100.0,futur,0,0.0,0.2445848043359356,205.73545126795037,3,1,1,1,0.0,2.8706826181889533,0,0,0,0,0.2445848043359356,1,0,1,1,1,SEQUENCE,3,HIERARCHICAL
2019-04-08 11:30:00,5250,100.0,futur,0,17.2,0.23196158776435377,213.60542376218075,3,1,1,0,0.0,0.6989425552778825,0,0,0,0,0.23196158776435377,1,0,1,1,1,SEQUENCE,3,HIERARCHICAL
2019-04-09 01:00:00,5250,100.0,futur,0,17.0,0.21672029116995506,218.45205586647816,3,1,1,1,0.0,0.0,0,0,0,0,0.21672029116995506,1,0,0,1,1,HYPO,2,HIERARCHICAL
2019-04-10 13:00:00,5250,100.0,futur,0,8.6,0.1530587998630803,237.75689099983353,2,1,0,0,0.2293647210158508,1.2198810804093352,2,1,1,1,0.2293647210158508,1,0,0,1,1,MIXTE,3,HIERARCHICAL
2019-04-10 20:45:00,5250,100.0,futur,0,9.4,0.27326518276869183,238.54710961085928,3,1,1,1,0.0160660953122971,0.0,0,0,0,0,0.27326518276869183,1,0,1,1,0,SEQUENCE,3,HIERARCHICAL
2019-04-11 00:15:00,5250,100.0,futur,1,46.5,0.1714253122252783,242.6407939504173,2,1,0,0,0.0008379888268156165,0.0,0,0,0,0,0.1714253122252783,1,0,0,0,0,HYPO,2,HIERARCHICAL
2019-04-11 05:30:00,5250,100.0,futur,0,25.1,0.2840432099629924,243.79027131038455,4,1,0,0,0.6472873900293254,2.3452354352104643,2,1,1,1,0.6472873900293254,1,0,0,1,1,MIXTE,3,HIERARCHICAL
2019-04-12 16:15:00,5250,100.0,futur,0,24.1,0.20149791221265467,259.6896816859229,3,1,1,1,0.861062584967955,0.0,3,0,0,0,0.861062584967955,1,0,1,1,1,SEQUENCE,3,HIERARCHICAL
2019-04-13 16:45:00,5250,100.0,futur,0,10.1,0.15673508470024983,259.23169072215194,3,1,1,1,0.1615326821938392,0.6259133749424306,2,0,0,0,0.1615326821938392,1,0,1,1,1,SEQUENCE,3,HIERARCHICAL
2019-04-14 13:45:00,5250,100.0,futur,0,10.2,0.34160376859978103,258.3322730712521,4,1,1,0,0.10568181818181818,0.7401758408364851,1,0,0,0,0.34160376859978103,1,0,0,1,1,HYPO,2,HIERARCHICAL
2019-04-14 15:15:00,5250,100.0,futur,0,17.1,0.33717977113359066,260.71883837483693,4,1,0,0,0.2722448057813911,1.930991856064284,2,1,1,1,0.33717977113359066,1,0,0,1,0,MIXTE,3,HIERARCHICAL
2019-04-15 03:30:00,5250,100.0,futur,0,27.0,0.09602740773944662,265.87452656499147,2,1,0,0,0.8753762961681977,1.973308945685142,3,1,1,1,0.8753762961681977,1,0,0,1,1,MIXTE,3,HIERARCHICAL
2019-04-16 12:45:00,5250,100.0,futur,0,20.5,0.34855860053212595,281.7072815541614,4,0,0,0,0.9749999999999999,2.2389049486206107,2,1,1,1,0.9749999999999999,0,1,0,0,0,INSTABILITE,1,HIERARCHICAL
2019-04-16 14:00:00,5250,100.0,futur,0,27.9,0.313502955461569,283.6954549245387,4,1,1,1,0.0,1.9389049486206105,0,0,0,0,0.313502955461569,1,0,1,1,1,SEQUENCE,3,HIERARCHICAL
2019-04-17 10:30:00,5250,100.0,futur,0,36.9,0.0,291.59727006950027,0,0,0,0,0.23187842898790764,2.518384641665257,2,1,1,1,0.23187842898790764,0,1,0,0,0,INSTABILITE,1,HIERARCHICAL
2019-01-24 10:15:00,8500,100.0,baseline,1,47.2,0.03221476510067114,0.0,1,0,0,0,0.024828133262823893,0.0,0,0,0,0,0.03221476510067114,0,0,0,0,0,AUCUN,0,HIERARCHICAL
2019-02-01 20:00:00,8500,100.0,baseline,1,56.5,0.09146872639137277,0.0,1,0,0,0,0.43102881475139415,0.0,3,0,0,0,0.43102881475139415,0,0,0,0,0,AUCUN,0,HIERARCHICAL
2019-02-03 17:00:00,8500,100.0,baseline,1,47.0,0.16332179930795848,0.0,2,0,0,0,0.8907809511666454,0.0,3,0,0,0,0.8907809511666454,0,0,0,0,0,AUCUN,0,HIERARCHICAL
2019-02-04 07:15:00,8500,100.0,baseline,1,47.3,0.09254426619132503,0.0,1,0,0,0,0.24475593446289148,0.0,1,0,0,0,0.24475593446289148,0,0,0,0,0,AUCUN,0,HIERARCHICAL
2019-02-07 11:15:00,8500,100.0,baseline,1,48.2,0.26112365107138963,0.0,3,0,0,0,0.0,0.0,0,0,0,0,0.26112365107138963,0,0,0,0,0,AUCUN,0,HIERARCHICAL
2019-03-12 06:00:00,8500,100.0,futur,0,34.9,0.3744668692824773,3.602817548815548,3,1,1,1,0.562097236555441,0.502097236555441,2,0,0,0,0.562097236555441,1,0,0,1,1,HYPO,2,HIERARCHICAL
2019-03-12 06:45:00,8500,100.0,futur,0,25.1,0.3883394985544527,4.648050660717603,3,1,0,0,0.8484775688033454,2.3318161097986083,4,1,1,1,0.8484775688033454,1,0,0,1,0,MIXTE,3,HIERARCHICAL
2019-03-13 05:00:00,8500,100.0,futur,0,23.9,0.22994393709165675,5.178463707360755,3,1,1,0,0.0,10.687216180953754,0,0,0,0,0.22994393709165675,1,0,1,1,1,SEQUENCE,3,HIERARCHICAL
2019-03-13 14:30:00,8500,100.0,futur,0,23.0,0.2939786248812553,8.090427272660875,3,1,1,1,0.0,8.407216180953736,0,0,0,0,0.2939786248812553,1,0,1,1,0,SEQUENCE,3,HIERARCHICAL
2019-03-14 15:15:00,8500,100.0,futur,0,10.3,0.3046833010313806,20.30061353986083,3,1,1,1,0.0,2.8186527990796364,0,0,0,0,0.3046833010313806,1,0,1,1,1,SEQUENCE,3,HIERARCHICAL
2019-03-14 22:30:00,8500,100.0,futur,0,40.6,0.3701770177155306,29.43773218637131,4,1,0,0,0.49112280701754385,3.2432456292718252,2,1,1,1,0.49112280701754385,1,0,0,1,0,MIXTE,3,HIERARCHICAL
2019-03-16 15:15:00,8500,100.0,futur,0,41.9,0.26337721982465806,47.145714602854014,3,1,1,1,0.0,0.0,0,0,0,0,0.26337721982465806,1,0,1,1,1,SEQUENCE,3,HIERARCHICAL
2019-03-17 14:00:00,8500,100.0,futur,0,17.7,0.33690410196297904,56.349507074700675,3,1,1,0,0.0,0.0,0,0,0,0,0.33690410196297904,1,0,1,1,1,SEQUENCE,3,HIERARCHICAL
2019-03-19 07:30:00,8500,100.0,futur,1,50.7,0.16721437291967775,48.94713918786386,1,0,0,0,0.06597498578737922,0.0,1,0,0,0,0.16721437291967775,0,0,0,0,0,AUCUN,0,HIERARCHICAL
2019-03-20 13:45:00,8500,100.0,futur,0,14.6,0.35874067514660296,44.8586956856629,4,1,1,1,0.0,0.0,0,0,0,0,0.35874067514660296,1,0,0,1,1,HYPO,2,HIERARCHICAL
2019-03-21 16:00:00,8500,100.0,futur,0,26.1,0.29501941091919404,55.24892677703762,4,1,1,1,0.0,0.0,0,0,0,0,0.29501941091919404,1,0,0,1,1,HYPO,2,HIERARCHICAL
2019-03-22 11:00:00,8500,100.0,futur,0,48.4,0.1497865753102079,69.60778503907707,3,1,0,0,0.8569022055589779,2.769684377924355,3,1,1,1,0.8569022055589779,1,0,0,1,1,MIXTE,3,HIERARCHICAL
2019-03-24 01:45:00,8500,100.0,futur,0,25.3,0.31346672701194656,116.9622336452133,3,1,0,0,0.7539473684210527,103.97588572655854,3,1,1,1,0.7539473684210527,1,0,0,1,1,MIXTE,3,HIERARCHICAL
2019-03-24 13:00:00,8500,100.0,futur,0,19.3,0.3904037518226695,121.17952822814561,3,1,1,1,0.050724637681159354,105.95686701167882,0,0,0,0,0.3904037518226695,1,0,1,1,0,SEQUENCE,3,HIERARCHICAL
2019-03-24 17:30:00,8500,100.0,futur,0,25.0,0.47778861126852107,129.18731786066132,3,1,0,0,1.0,108.43350339544651,3,1,1,1,1.0,1,0,0,1,1,MIXTE,3,HIERARCHICAL
2019-03-26 02:00:00,8500,100.0,futur,0,14.2,0.3319096009043255,173.48759949392104,3,1,0,0,1.0,121.74475865167288,4,1,1,1,1.0,1,0,0,1,1,MIXTE,3,HIERARCHICAL
2019-03-26 17:30:00,8500,100.0,futur,0,28.7,0.4123675078883799,189.0915294196504,3,1,0,0,0.9749999999999999,144.1704905559048,2,1,1,1,0.9749999999999999,1,0,0,1,1,MIXTE,3,HIERARCHICAL
2019-03-27 10:00:00,8500,100.0,futur,0,26.0,0.2723287852466114,202.70376868372287,2,0,0,0,0.26369162752141473,155.02818801546206,2,1,1,1,0.2723287852466114,0,1,0,0,0,INSTABILITE,1,HIERARCHICAL
2019-03-27 10:30:00,8500,100.0,futur,0,17.2,0.304967298943865,203.23489156766453,3,1,1,1,0.051645569620253094,154.90818801546206,0,1,0,0,0.304967298943865,1,0,1,1,1,SEQUENCE,3,HIERARCHICAL
2019-03-28 13:45:00,8500,100.0,futur,0,34.9,0.3980689826095267,231.9079977181964,3,1,0,0,1.0,152.69772846242944,4,1,1,1,1.0,1,0,0,1,1,MIXTE,3,HIERARCHICAL
2019-03-29 10:00:00,8500,100.0,futur,0,35.3,0.28030955748723807,237.34582583842558,3,1,1,1,0.2752348888453932,160.35997367775923,2,0,0,0,0.28030955748723807,1,0,1,1,1,SEQUENCE,3,HIERARCHICAL
2019-03-29 11:00:00,8500,100.0,futur,0,34.4,0.30994311778015654,238.5312697376719,3,1,0,0,0.6169473684210527,162.1647311101541,2,1,1,1,0.6169473684210527,1,0,0,1,0,MIXTE,3,HIERARCHICAL
2019-03-31 09:00:00,8500,100.0,futur,0,19.9,0.4156837702917692,276.25430371289224,4,1,1,1,0.08632385120350108,153.73999021798323,1,0,0,0,0.4156837702917692,1,0,1,1,1,SEQUENCE,3,HIERARCHICAL
2019-04-02 22:00:00,8500,100.0,futur,0,6.0,0.40371940780726856,308.0529725639408,4,1,1,1,0.0,140.30718385765238,0,0,0,0,0.40371940780726856,1,0,0,1,1,HYPO,2,HIERARCHICAL
2019-04-04 04:00:00,8500,100.0,futur,0,23.4,0.3570325186987503,347.64231128820717,3,1,0,0,0.9808891454965356,136.84937881531187,2,1,1,1,0.9808891454965356,1,0,0,1,1,MIXTE,3,HIERARCHICAL
2019-04-05 06:15:00,8500,100.0,futur,0,12.0,0.3539356907280309,348.25520265899434,3,1,1,1,0.0,134.58521711366757,0,0,0,0,0.3539356907280309,1,0,1,1,1,SEQUENCE,3,HIERARCHICAL
2019-04-05 15:00:00,8500,100.0,futur,0,28.0,0.1977716040816246,353.85157190694173,3,1,0,0,0.7160212111627551,134.71014732168516,3,1,1,1,0.7160212111627551,1,0,0,1,0,MIXTE,3,HIERARCHICAL
2019-04-08 05:45:00,8500,100.0,futur,0,25.7,0.3822985182250109,444.5068976676838,4,1,0,0,0.5683536585365854,263.6562147282452,2,1,1,1,0.5683536585365854,1,0,0,1,1,MIXTE,3,HIERARCHICAL
2019-04-08 17:45:00,8500,100.0,futur,1,44.9,0.4341721859948512,463.4483255069028,3,1,0,0,0.036619718309859155,265.2894016758212,0,0,0,0,0.4341721859948512,1,0,0,0,0,HYPO,2,HIERARCHICAL
2019-04-09 09:15:00,8500,100.0,futur,0,22.8,0.3350955624970867,474.83921545374005,2,0,0,0,0.994047619047619,267.90918882326696,2,1,1,1,0.994047619047619,0,1,0,0,0,INSTABILITE,1,HIERARCHICAL
2019-04-09 11:15:00,8500,100.0,futur,0,16.9,0.40689352341444335,477.5781148415375,3,1,1,1,0.9454545454545453,275.19964336872164,2,1,0,0,0.9454545454545453,1,0,1,1,1,SEQUENCE,3,HIERARCHICAL
2019-04-10 12:15:00,8500,100.0,futur,0,39.2,0.3937152767287594,512.5686318269086,4,1,0,0,0.7306179775280898,298.5346426950238,2,1,1,1,0.7306179775280898,1,0,0,1,1,MIXTE,3,HIERARCHICAL
2019-04-11 02:45:00,8500,100.0,futur,0,22.4,0.35048606423841633,518.6760005351597,2,0,0,0,0.9749999999999999,306.6569320803577,2,1,1,1,0.9749999999999999,0,1,0,0,0,INSTABILITE,1,HIERARCHICAL
2019-04-11 09:00:00,8500,100.0,futur,0,19.6,0.4873629932233811,522.5559248554098,4,1,1,1,0.6614736842105263,328.266284182087,2,1,0,0,0.6614736842105263,1,0,1,1,1,SEQUENCE,3,HIERARCHICAL
2019-04-12 09:15:00,8500,100.0,futur,0,10.6,0.2945646870009686,560.6377815746581,2,1,0,0,0.4273104668572206,339.635320617378,2,1,1,1,0.4273104668572206,1,0,0,1,1,MIXTE,3,HIERARCHICAL
2019-04-12 15:45:00,8500,100.0,futur,0,23.3,0.27880676612795946,562.319751648592,3,1,1,1,0.0,339.93423312871863,0,0,0,0,0.27880676612795946,1,0,1,1,0,SEQUENCE,3,HIERARCHICAL
2019-04-13 08:45:00,8500,100.0,futur,0,23.8,0.33662646113850847,563.2285106719755,3,1,1,0,0.05279645065877928,335.8542331287185,1,0,0,0,0.33662646113850847,1,0,1,1,1,SEQUENCE,3,HIERARCHICAL
2019-04-14 00:30:00,8500,100.0,futur,0,10.2,0.23899587254532528,577.387095820113,3,1,0,0,0.18781689021361153,333.10426047800036,2,1,1,1,0.23899587254532528,1,0,0,1,1,MIXTE,3,HIERARCHICAL
2019-04-14 14:00:00,8500,100.0,futur,0,23.9,0.26994825219789464,582.0964982934144,4,1,1,1,0.027016272177136456,330.5688911932949,0,0,0,0,0.26994825219789464,1,0,1,1,1,SEQUENCE,3,HIERARCHICAL
2019-04-15 04:15:00,8500,100.0,futur,0,22.0,0.033933011745676575,580.8240220195968,1,0,0,0,0.9749999999999999,330.6147751711954,2,1,1,1,0.9749999999999999,0,1,0,0,0,INSTABILITE,1,HIERARCHICAL
2019-04-16 15:00:00,8500,100.0,futur,0,20.7,0.13354581307193358,573.2100628223662,3,1,1,1,0.09426062752589932,323.78992705435803,0,0,0,0,0.13354581307193358,1,0,1,1,1,SEQUENCE,3,HIERARCHICAL
2019-04-17 00:15:00,8500,100.0,futur,0,31.6,0.239689607095105,574.0515897870636,4,0,0,0,0.4258823529411765,323.40438246665985,2,1,1,1,0.4258823529411765,0,1,0,0,0,INSTABILITE,1,HIERARCHICAL
2019-01-21 15:15:00,8502,100.0,baseline,1,47.0,0.32019422464049935,0.0,4,0,0,0,0.0,0.0,0,0,0,0,0.32019422464049935,0,0,0,0,0,AUCUN,0,HIERARCHICAL
2019-03-26 11:00:00,8502,100.0,baseline,1,48.2,0.2636711609669615,0.0,3,0,0,0,0.06755508375673629,0.0,0,0,0,0,0.2636711609669615,0,0,0,0,0,AUCUN,0,HIERARCHICAL
2019-03-30 12:00:00,8502,100.0,baseline,1,45.3,0.18732343016501263,0.0,3,0,0,0,0.7512145748987855,0.0,2,0,0,0,0.7512145748987855,0,0,0,0,0,AUCUN,0,HIERARCHICAL
2019-04-04 07:00:00,8502,100.0,futur,0,18.2,0.05795454545454547,0.0,1,0,0,0,0.8871621621621621,3.367468226445775,3,1,1,1,0.8871621621621621,0,1,0,0,0,INSTABILITE,1,HIERARCHICAL
2019-04-04 16:45:00,8502,100.0,futur,0,33.7,0.17039239976363552,1.3103710224004617,3,1,1,1,0.29998088967796016,8.617859911697854,1,0,0,0,0.29998088967796016,1,0,1,1,1,SEQUENCE,3,HIERARCHICAL
2019-04-06 06:15:00,8502,100.0,futur,0,25.5,0.1953050434197211,7.263119092955829,2,0,0,0,0.22242259167603556,1.8008356733133546,2,1,1,1,0.22242259167603556,0,1,0,0,0,INSTABILITE,1,HIERARCHICAL
2019-04-06 14:45:00,8502,100.0,futur,0,37.7,0.17255683019482895,7.047349208529729,3,1,1,1,0.04634417756524048,0.9688826124795793,0,0,0,0,0.17255683019482895,1,0,1,1,1,SEQUENCE,3,HIERARCHICAL
2019-04-06 22:30:00,8502,100.0,futur,0,37.2,0.009368159929957686,13.192187929035319,0,1,0,0,0.3771076345350087,2.2599281875596504,3,1,1,1,0.3771076345350087,1,0,0,1,0,MIXTE,3,HIERARCHICAL
2019-04-07 13:30:00,8502,100.0,futur,0,44.8,0.25307464095020477,13.485288852734698,4,1,1,0,0.22529474806296954,0.0,1,0,0,0,0.25307464095020477,1,0,1,1,1,SEQUENCE,3,HIERARCHICAL
2019-04-08 00:15:00,8502,100.0,futur,0,28.9,0.029066116720019686,14.566204933201119,0,0,0,0,0.3494000619996719,1.7393224117142174,2,1,1,1,0.3494000619996719,0,1,0,0,0,INSTABILITE,1,HIERARCHICAL
2019-04-08 11:45:00,8502,100.0,futur,0,32.9,0.1376301966301585,13.594401455382576,4,1,1,1,0.008629518072289177,0.23803806156111978,0,0,0,0,0.1376301966301585,1,0,1,1,1,SEQUENCE,3,HIERARCHICAL
2019-04-09 01:30:00,8502,100.0,futur,0,0.5,0.2762163616009137,12.82983807142244,3,1,1,0,0.040641287404772804,0.019778463896284848,0,0,0,0,0.2762163616009137,1,0,1,1,1,SEQUENCE,3,HIERARCHICAL
2019-04-10 12:00:00,8502,100.0,futur,0,38.0,0.0017208413001911893,10.1360030067375,0,0,0,0,0.9080973346564659,2.9671784206522984,4,1,1,1,0.9080973346564659,0,1,0,0,0,INSTABILITE,1,HIERARCHICAL
2019-04-11 05:45:00,8502,100.0,futur,0,16.8,0.1610991484695316,5.4266439191882,3,0,0,0,0.7000125553507228,2.51499002633129,3,1,1,1,0.7000125553507228,0,1,0,0,0,INSTABILITE,1,HIERARCHICAL
2019-04-11 08:15:00,8502,100.0,futur,0,9.0,0.28882809902245776,7.553980217011706,4,1,1,1,0.0,4.313353633822112,0,0,0,0,0.28882809902245776,1,0,1,1,1,SEQUENCE,3,HIERARCHICAL
2019-04-12 08:00:00,8502,100.0,futur,0,14.4,0.03719108955238979,17.850768562554492,1,0,0,0,0.355762910798122,1.0578602377128046,3,1,1,1,0.355762910798122,0,1,0,0,0,INSTABILITE,1,HIERARCHICAL
2019-04-12 23:45:00,8502,100.0,futur,0,24.6,0.25734164180211194,16.257468682608792,4,1,1,1,0.5709226131086889,1.048816045574612,2,0,0,0,0.5709226131086889,1,0,1,1,1,SEQUENCE,3,HIERARCHICAL
2019-04-13 00:15:00,8502,100.0,futur,0,38.0,0.27286005467115054,16.815777684794345,4,1,0,0,0.6638554216867468,1.983679572631166,3,1,1,1,0.6638554216867468,1,0,0,1,0,MIXTE,3,HIERARCHICAL
2019-04-14 02:45:00,8502,100.0,futur,0,6.5,0.06190751151544633,18.576432572453914,1,0,0,0,1.0,3.8799999999999994,2,1,1,1,1.0,0,1,0,0,0,INSTABILITE,1,HIERARCHICAL
2019-04-14 09:30:00,8502,100.0,futur,0,16.5,0.16528418985974586,19.719494967713278,3,1,1,1,0.0129492404594294,6.085989751772003,0,0,0,0,0.16528418985974586,1,0,1,1,1,SEQUENCE,3,HIERARCHICAL
2019-04-15 00:45:00,8502,100.0,futur,0,17.5,0.0,18.739219082577872,0,0,0,0,0.3192857142857144,5.841083933918953,3,1,1,1,0.3192857142857144,0,1,0,0,0,INSTABILITE,1,HIERARCHICAL
2019-04-16 13:00:00,8502,100.0,futur,0,29.8,0.13622828332016196,14.152687938223623,3,1,1,1,0.4144237852540492,5.589644476238178,2,0,0,0,0.4144237852540492,1,0,1,1,1,SEQUENCE,3,HIERARCHICAL
2019-04-16 14:00:00,8502,100.0,futur,0,28.5,0.138228186476668,14.513375192457108,3,1,0,0,0.6237719770108432,8.38898161708884,3,1,1,1,0.6237719770108432,1,0,0,1,0,MIXTE,3,HIERARCHICAL
2019-04-17 04:00:00,8502,100.0,futur,0,2.0,0.043461541164607834,11.382995594845031,1,0,0,0,0.8878787878787879,13.263783173164855,3,1,1,1,0.8878787878787879,0,1,0,0,0,INSTABILITE,1,HIERARCHICAL
2019-01-27 07:30:00,8505,100.0,baseline,1,46.3,0.0,0.0,0,0,0,0,0.012477604299974432,0.0,0,0,0,0,0.012477604299974432,0,0,0,0,0,AUCUN,0,HIERARCHICAL
2019-03-09 14:45:00,8505,100.0,futur,0,20.4,0.34604742391863386,3.720926572012553,4,1,1,1,0.0,0.0,0,0,0,0,0.34604742391863386,1,0,0,1,1,HYPO,2,HIERARCHICAL
2019-03-10 15:15:00,8505,100.0,futur,0,14.6,0.3829787441473804,27.040141687247935,4,1,0,0,0.35227496734515873,0.9499890800583843,2,1,1,1,0.3829787441473804,1,0,0,1,1,MIXTE,3,HIERARCHICAL
2019-03-13 19:45:00,8505,100.0,futur,0,18.1,0.13444221453365443,34.04075924891021,3,1,1,1,0.004645308924485103,0.0,0,0,0,0,0.13444221453365443,1,0,0,1,1,HYPO,2,HIERARCHICAL
2019-03-14 13:30:00,8505,100.0,futur,0,6.2,0.1130310281040264,32.96605649939516,2,0,0,0,0.2200545505050273,0.8412324789251053,2,1,1,1,0.2200545505050273,0,1,0,0,0,INSTABILITE,1,HIERARCHICAL
2019-03-14 18:30:00,8505,100.0,futur,0,2.4,0.20539012440835086,34.27577468955835,3,1,1,0,0.09336763070077869,0.6795262817075289,1,0,0,0,0.20539012440835086,1,0,1,1,1,SEQUENCE,3,HIERARCHICAL
2019-03-16 03:00:00,8505,100.0,futur,0,25.9,0.22357802630660054,40.34122021282334,3,1,1,1,0.15719355894544135,0.0,2,0,0,0,0.22357802630660054,1,0,1,1,1,SEQUENCE,3,HIERARCHICAL
2019-03-16 04:45:00,8505,100.0,futur,0,29.0,0.22087490386311454,42.32445056287958,3,1,0,0,0.7313934250976665,2.20079311384666,2,1,1,1,0.7313934250976665,1,0,0,1,0,MIXTE,3,HIERARCHICAL
2019-03-16 20:15:00,8505,100.0,futur,0,13.1,0.06018491410056113,48.044973203654344,2,1,0,0,0.2742836988585353,6.016465246568285,2,1,1,1,0.2742836988585353,1,0,0,1,1,MIXTE,3,HIERARCHICAL
2019-03-17 10:15:00,8505,100.0,futur,0,16.8,0.1806013193575593,46.36413702426383,4,1,1,1,0.0001668520578420374,8.745566752953915,0,0,0,0,0.1806013193575593,1,0,1,1,1,SEQUENCE,3,HIERARCHICAL
2019-03-19 06:00:00,8505,100.0,futur,0,29.1,0.1904459738545285,37.994311343553306,3,1,1,1,0.20322580645161284,0.0,1,0,0,0,0.20322580645161284,1,0,1,1,1,SEQUENCE,3,HIERARCHICAL
2019-03-19 20:30:00,8505,100.0,futur,0,14.8,0.03737110169557745,37.49582467548061,1,0,0,0,0.45867346938775505,0.7935287332159155,2,1,1,1,0.45867346938775505,0,1,0,0,0,INSTABILITE,1,HIERARCHICAL
2019-03-20 01:00:00,8505,100.0,futur,0,1.4,0.22762717836922658,40.463897838379864,4,1,1,0,0.0,1.162328400885177,0,0,0,0,0.22762717836922658,1,0,1,1,1,SEQUENCE,3,HIERARCHICAL
2019-03-20 23:30:00,8505,100.0,futur,0,18.7,0.15197989034187967,51.91052263722125,3,1,1,1,0.040331196581196584,0.0,1,0,0,0,0.15197989034187967,1,0,1,1,1,SEQUENCE,3,HIERARCHICAL
2019-03-21 21:15:00,8505,100.0,futur,0,8.2,0.23836653528049118,49.44746813738414,4,1,1,0,0.02229133439659755,0.0,0,0,0,0,0.23836653528049118,1,0,1,1,1,SEQUENCE,3,HIERARCHICAL
2019-03-22 21:00:00,8505,100.0,futur,0,0.6,0.05971647414766433,52.18109181623483,2,0,0,0,0.7899999999999999,2.216720285444934,2,1,1,1,0.7899999999999999,0,1,0,0,0,INSTABILITE,1,HIERARCHICAL
2019-03-23 12:30:00,8505,100.0,futur,0,27.4,0.4314946266407462,53.7365160886693,4,1,1,1,0.0,1.2938826433964437,0,0,0,0,0.4314946266407462,1,0,1,1,1,SEQUENCE,3,HIERARCHICAL
2019-03-24 16:00:00,8505,100.0,futur,0,18.4,0.16100874549819477,70.95598059380478,3,0,0,0,0.7236396038890643,2.939840006186208,2,1,1,1,0.7236396038890643,0,1,0,0,0,INSTABILITE,1,HIERARCHICAL
2019-03-24 16:45:00,8505,100.0,futur,0,25.2,0.16420368492028997,71.3122324897767,3,1,1,1,0.0,3.409257329020854,0,1,0,0,0.16420368492028997,1,0,1,1,1,SEQUENCE,3,HIERARCHICAL
2019-03-25 09:15:00,8505,100.0,futur,0,0.5,0.3131702735285779,83.44748355130352,4,1,0,0,0.8885593220338983,1.9051905687963886,2,1,1,1,0.8885593220338983,1,0,0,1,1,MIXTE,3,HIERARCHICAL
2019-03-26 20:00:00,8505,100.0,futur,0,4.2,0.012756735231751071,82.34170400474407,1,0,0,0,1.0,3.570799803856662,4,1,1,1,1.0,0,1,0,0,0,INSTABILITE,1,HIERARCHICAL
2019-03-27 01:00:00,8505,100.0,futur,0,0.1,0.20904284654565936,83.95724232531224,4,1,1,1,0.0,8.59476250104866,0,0,0,0,0.20904284654565936,1,0,1,1,1,SEQUENCE,3,HIERARCHICAL
2019-03-28 05:45:00,8505,100.0,futur,0,8.4,0.32507065540500985,93.48463994510382,4,1,1,1,0.3365608745589898,2.28613079599906,2,0,0,0,0.3365608745589898,1,0,1,1,1,SEQUENCE,3,HIERARCHICAL
2019-03-29 07:45:00,8505,100.0,futur,0,1.8,0.17510651713555053,102.04128707911583,3,1,1,1,0.0,0.0,0,0,0,0,0.17510651713555053,1,0,1,1,1,SEQUENCE,3,HIERARCHICAL
2019-04-05 15:00:00,8505,100.0,futur,0,38.7,0.6373712856320836,66.11163310855342,4,1,1,1,0.03522342887662452,0.0,1,0,0,0,0.6373712856320836,1,0,0,1,1,HYPO,2,HIERARCHICAL
2019-04-06 23:00:00,8505,100.0,futur,0,8.0,0.27162501018317886,67.96386346693309,3,1,1,1,0.0,0.0,0,0,0,0,0.27162501018317886,1,0,0,1,1,HYPO,2,HIERARCHICAL
2019-04-08 18:15:00,8505,100.0,futur,0,10.3,0.09304716125974687,97.52849166179782,2,0,0,0,0.40311323393203774,0.8813989624708787,3,1,1,1,0.40311323393203774,0,1,0,0,0,INSTABILITE,1,HIERARCHICAL
2019-04-09 18:15:00,8505,100.0,futur,0,17.6,0.3265098682919524,95.26752939441025,4,1,1,1,0.0,0.0,0,0,0,0,0.3265098682919524,1,0,1,1,1,SEQUENCE,3,HIERARCHICAL
2019-04-11 12:15:00,8505,100.0,futur,0,4.7,0.21287673964816223,114.12273991641923,3,1,1,1,0.003933865450399065,0.0,0,0,0,0,0.21287673964816223,1,0,1,1,1,SEQUENCE,3,HIERARCHICAL
2019-04-12 12:00:00,8505,100.0,futur,0,28.1,0.0919623980756125,129.94703238052554,2,0,0,0,0.5122105989818847,1.9557535754232576,3,1,1,1,0.5122105989818847,0,1,0,0,0,INSTABILITE,1,HIERARCHICAL
2019-04-12 18:00:00,8505,100.0,futur,0,5.4,0.2954368751098721,131.40921564349685,4,1,1,1,0.0,7.64470198698886,0,0,0,0,0.2954368751098721,1,0,1,1,1,SEQUENCE,3,HIERARCHICAL
2019-04-13 01:00:00,8505,100.0,futur,0,21.3,0.37673987964606154,139.86568840664617,3,1,0,0,0.9606585365853658,13.178746400767672,2,1,1,1,0.9606585365853658,1,0,0,1,0,MIXTE,3,HIERARCHICAL
2019-04-13 08:30:00,8505,100.0,futur,0,32.5,0.3586752106016865,149.32769718754412,3,1,0,0,0.9339368100489331,26.547249192375617,4,1,1,0,0.9339368100489331,1,0,0,1,1,MIXTE,3,HIERARCHICAL
2019-04-13 16:45:00,8505,100.0,futur,0,22.6,0.29666765965619135,158.35591006046207,3,1,0,0,0.6718550298907441,30.747639540877827,3,1,1,1,0.6718550298907441,1,0,0,1,0,MIXTE,3,HIERARCHICAL
2019-04-13 21:30:00,8505,100.0,futur,0,28.7,0.3423070329193593,163.74669666140346,3,1,0,0,0.9012658829795328,36.860865830558545,3,1,1,0,0.9012658829795328,1,0,0,1,1,MIXTE,3,HIERARCHICAL
2019-04-14 05:15:00,8505,100.0,futur,0,30.7,0.39078978461079594,174.07786245863113,3,1,0,0,0.8513157894736842,44.197135468142974,3,1,1,1,0.8513157894736842,1,0,0,1,0,MIXTE,3,HIERARCHICAL
2019-04-15 17:30:00,8505,100.0,futur,0,16.5,0.16643410853918758,211.76648489664592,2,1,0,0,0.8589473684210527,43.9373131747563,3,1,1,1,0.8589473684210527,1,0,0,1,1,MIXTE,3,HIERARCHICAL
2019-04-15 22:15:00,8505,100.0,futur,0,23.3,0.22981176806812334,212.88948909394742,3,1,1,1,0.11472054475833247,52.624069547732965,1,0,0,0,0.22981176806812334,1,0,1,1,0,SEQUENCE,3,HIERARCHICAL
2019-04-16 19:30:00,8505,100.0,futur,0,25.4,0.32536232093575923,246.05971247179397,3,1,0,0,0.28243131868131877,55.82017227066164,2,1,1,1,0.32536232093575923,1,0,0,1,1,MIXTE,3,HIERARCHICAL
2019-01-26 00:00:00,8506,100.0,baseline,1,47.9,0.11274280725660252,0.0,2,0,0,0,0.0,0.0,0,0,0,0,0.11274280725660252,0,0,0,0,0,AUCUN,0,HIERARCHICAL
2019-02-01 13:30:00,8506,100.0,baseline,1,46.8,0.01894770433603257,0.0,1,0,0,0,0.914530631870255,0.0,4,0,0,0,0.914530631870255,0,0,0,0,0,AUCUN,0,HIERARCHICAL
2019-02-02 11:45:00,8506,100.0,baseline,1,52.4,0.1,0.0,1,0,0,0,0.7573027420257414,0.0,2,0,0,0,0.7573027420257414,0,0,0,0,0,AUCUN,0,HIERARCHICAL
2019-02-03 01:15:00,8506,100.0,baseline,1,47.4,0.1,0.0,1,0,0,0,0.1333333333333333,0.0,1,0,0,0,0.1333333333333333,0,0,0,0,0,AUCUN,0,HIERARCHICAL
2019-02-04 13:30:00,8506,100.0,baseline,1,48.6,0.06942039969683676,0.0,1,0,0,0,0.157885842046426,0.0,1,0,0,0,0.157885842046426,0,0,0,0,0,AUCUN,0,HIERARCHICAL
2019-02-05 10:30:00,8506,100.0,baseline,1,50.1,0.24660450953857355,0.0,4,0,0,0,0.0,0.0,0,0,0,0,0.24660450953857355,0,0,0,0,0,AUCUN,0,HIERARCHICAL
2019-02-05 23:00:00,8506,100.0,baseline,1,48.4,0.35797240613253417,0.0,4,0,0,0,0.043305837563451764,0.0,0,0,0,0,0.35797240613253417,0,0,0,0,0,AUCUN,0,HIERARCHICAL
2019-02-07 02:00:00,8506,100.0,baseline,1,43.2,0.017052423343224543,0.0,1,0,0,0,0.2507086607922522,0.0,2,0,0,0,0.2507086607922522,0,0,0,0,0,AUCUN,0,HIERARCHICAL
2019-02-07 19:30:00,8506,100.0,baseline,1,43.8,0.09860383971771923,0.0,1,0,0,0,0.0,0.0,0,0,0,0,0.09860383971771923,0,0,0,0,0,AUCUN,0,HIERARCHICAL
2019-02-08 09:45:00,8506,100.0,baseline,1,51.0,0.26507635644776834,0.0,4,0,0,0,0.0,0.0,0,0,0,0,0.26507635644776834,0,0,0,0,0,AUCUN,0,HIERARCHICAL
2019-02-11 03:00:00,8506,100.0,baseline,1,49.4,0.0,0.0,0,0,0,0,0.21950000000000006,0.0,2,0,0,0,0.21950000000000006,0,0,0,0,0,AUCUN,0,HIERARCHICAL
2019-03-12 16:45:00,8506,100.0,futur,0,11.9,0.16060502204712707,2.697083632476165,3,1,1,1,0.0,0.0,0,0,0,0,0.16060502204712707,1,0,0,1,1,HYPO,2,HIERARCHICAL
2019-03-14 22:15:00,8506,100.0,futur,0,13.7,0.2771629201027867,22.273838010062214,4,1,1,1,0.024999999999999977,0.0,0,0,0,0,0.2771629201027867,1,0,0,1,1,HYPO,2,HIERARCHICAL
2019-03-15 18:30:00,8506,100.0,futur,0,21.6,0.03359867905901654,41.34972601456294,1,0,0,0,0.6926360103626943,2.186986942084092,3,1,1,1,0.6926360103626943,0,1,0,0,0,INSTABILITE,1,HIERARCHICAL
2019-03-16 03:30:00,8506,100.0,futur,0,27.0,0.21460128868715625,41.03447397404939,3,1,1,1,0.0,0.658021424842711,0,0,0,0,0.21460128868715625,1,0,1,1,1,SEQUENCE,3,HIERARCHICAL
2019-03-16 09:30:00,8506,100.0,futur,0,10.1,0.3359309602296985,44.90957140346787,3,1,0,0,0.7859698661435992,3.0543070746141567,3,1,1,1,0.7859698661435992,1,0,0,1,0,MIXTE,3,HIERARCHICAL
2019-03-16 15:45:00,8506,100.0,futur,0,28.0,0.30245408521866796,53.354310942312345,3,1,0,0,0.7459090890737473,4.9419343462129675,3,1,1,0,0.7459090890737473,1,0,0,1,1,MIXTE,3,HIERARCHICAL
2019-03-17 19:15:00,8506,100.0,futur,0,14.1,0.21279654702933878,71.77457229849848,3,1,0,0,0.6513939728225443,4.393100696174926,3,1,1,1,0.6513939728225443,1,0,0,1,1,MIXTE,3,HIERARCHICAL
2019-03-18 22:00:00,8506,100.0,futur,0,18.0,0.13260678125720485,70.61071434474773,3,1,1,1,0.1560043255186877,0.0,1,0,0,0,0.1560043255186877,1,0,1,1,1,SEQUENCE,3,HIERARCHICAL
2019-03-19 03:15:00,8506,100.0,futur,0,1.1,0.4364515578781881,77.51775268530774,4,1,0,0,0.9749999999999999,2.9317525169630945,2,1,1,1,0.9749999999999999,1,0,0,1,0,MIXTE,3,HIERARCHICAL
2019-03-19 18:45:00,8506,100.0,futur,0,14.2,0.14118956289730233,99.79082206123945,2,1,0,0,0.3627102769932931,9.54691146801371,4,1,1,1,0.3627102769932931,1,0,0,1,1,MIXTE,3,HIERARCHICAL
2019-03-22 02:15:00,8506,100.0,futur,0,16.2,0.1411563637982728,87.8011179495561,3,1,1,1,0.15628788410606598,1.093732285604756,2,0,0,0,0.15628788410606598,1,0,1,1,1,SEQUENCE,3,HIERARCHICAL
2019-03-23 15:30:00,8506,100.0,futur,0,8.2,0.2906158147155158,84.8785719400014,4,1,1,1,0.05044744145531155,0.0,0,0,0,0,0.2906158147155158,1,0,0,1,1,HYPO,2,HIERARCHICAL
2019-03-26 01:15:00,8506,100.0,futur,0,11.4,0.28373976308291676,99.7811886827723,4,1,1,1,0.0,0.0,0,0,0,0,0.28373976308291676,1,0,0,1,1,HYPO,2,HIERARCHICAL
2019-03-28 10:45:00,8506,100.0,futur,0,30.0,0.22790261211184037,99.45945956756361,3,1,1,1,0.001081530782029949,0.0,0,0,0,0,0.22790261211184037,1,0,0,1,1,HYPO,2,HIERARCHICAL
2019-03-29 22:00:00,8506,100.0,futur,0,26.8,0.26355701719601665,111.86660663219433,4,1,1,1,0.1294514991181658,0.0,1,0,0,0,0.26355701719601665,1,0,0,1,1,HYPO,2,HIERARCHICAL
2019-03-30 00:00:00,8506,100.0,futur,0,21.1,0.34546758535948274,114.64872523736808,4,1,0,0,0.6921379117334024,1.003431537060374,2,1,1,1,0.6921379117334024,1,0,0,1,0,MIXTE,3,HIERARCHICAL
2019-04-01 10:00:00,8506,100.0,futur,0,22.7,0.38232425863804825,181.3091488498575,4,1,1,1,0.005135204299240859,0.7407692307692288,0,0,0,0,0.38232425863804825,1,0,1,1,1,SEQUENCE,3,HIERARCHICAL
2019-04-02 04:00:00,8506,100.0,futur,0,22.2,0.022910536013860994,178.28530667505504,0,0,0,0,0.9749999999999999,3.381439393939394,2,1,1,1,0.9749999999999999,0,1,0,0,0,INSTABILITE,1,HIERARCHICAL
2019-04-03 00:15:00,8506,100.0,futur,0,28.2,0.19038028616253944,175.79180970561583,4,1,1,1,0.02324175824175829,0.03802427043731793,0,0,0,0,0.19038028616253944,1,0,1,1,1,SEQUENCE,3,HIERARCHICAL
2019-04-04 11:00:00,8506,100.0,futur,0,20.6,0.29579761771216656,206.14135188547604,4,1,1,1,0.0,0.0,0,0,0,0,0.29579761771216656,1,0,1,1,1,SEQUENCE,3,HIERARCHICAL
2019-04-06 12:30:00,8506,100.0,futur,0,34.2,0.222760168387326,227.2613376820586,4,1,1,1,0.020290292446390114,0.0,0,0,0,0,0.222760168387326,1,0,0,1,1,HYPO,2,HIERARCHICAL
2019-04-09 04:00:00,8506,100.0,futur,0,17.2,0.22307285187682385,237.25934482326542,4,1,1,1,0.050054148366524304,0.0,0,0,0,0,0.22307285187682385,1,0,0,1,1,HYPO,2,HIERARCHICAL
2019-04-10 06:45:00,8506,100.0,futur,0,27.5,0.2067883992246785,248.16861087859203,3,1,1,1,0.05657077625570778,0.0,1,0,0,0,0.2067883992246785,1,0,0,1,1,HYPO,2,HIERARCHICAL
2019-04-12 05:15:00,8506,100.0,futur,0,35.2,0.16801754461542973,237.56730202663027,2,0,0,0,0.3351122174168536,1.225398374636426,2,1,1,1,0.3351122174168536,0,1,0,0,0,INSTABILITE,1,HIERARCHICAL
2019-04-12 10:45:00,8506,100.0,futur,0,31.2,0.1899980504459125,238.73956642880464,4,1,1,1,0.0,0.2112873475219404,0,0,0,0,0.1899980504459125,1,0,1,1,1,SEQUENCE,3,HIERARCHICAL
2019-04-14 17:15:00,8506,100.0,futur,0,18.5,0.3535842799760285,242.3890403448252,3,1,1,1,0.2191290582903966,0.0,2,0,0,0,0.3535842799760285,1,0,1,1,1,SEQUENCE,3,HIERARCHICAL
2019-04-15 04:15:00,8506,100.0,futur,0,16.4,0.0366262799059566,250.14539241981515,1,1,0,0,0.3312894450952004,1.0875638397808125,2,1,1,1,0.3312894450952004,1,0,0,1,0,MIXTE,3,HIERARCHICAL
2019-04-15 21:15:00,8506,100.0,futur,0,22.6,0.18987348888289235,251.45934029967088,3,1,1,1,0.3135556750941366,0.46736522988054935,2,0,0,0,0.3135556750941366,1,0,1,1,1,SEQUENCE,3,HIERARCHICAL
2019-04-17 02:45:00,8506,100.0,futur,0,12.8,0.16583245223915125,254.88928295828754,2,0,0,0,0.628671789872111,2.5651071089390083,2,1,1,1,0.628671789872111,0,1,0,0,0,INSTABILITE,1,HIERARCHICAL
2019-02-01 17:30:00,8508,100.0,baseline,1,47.9,0.06817071603033811,0.0,1,0,0,0,0.011157296650717663,0.0,0,0,0,0,0.06817071603033811,0,0,0,0,0,AUCUN,0,HIERARCHICAL
2019-02-02 11:45:00,8508,100.0,baseline,1,47.2,0.13532282086498953,0.0,2,0,0,0,0.06540666427803654,0.0,1,0,0,0,0.13532282086498953,0,0,0,0,0,AUCUN,0,HIERARCHICAL
2019-02-04 10:00:00,8508,100.0,baseline,1,45.0,0.1447245609601818,0.0,2,0,0,0,0.3184615384615384,0.0,2,0,0,0,0.3184615384615384,0,0,0,0,0,AUCUN,0,HIERARCHICAL
2019-02-05 11:15:00,8508,100.0,baseline,1,47.4,0.12645242253196154,0.0,2,0,0,0,0.01566411358116947,0.0,0,0,0,0,0.12645242253196154,0,0,0,0,0,AUCUN,0,HIERARCHICAL
2019-02-06 07:00:00,8508,100.0,baseline,1,46.7,0.25167240641633637,0.0,4,0,0,0,0.09535128312999581,0.0,1,0,0,0,0.25167240641633637,0,0,0,0,0,AUCUN,0,HIERARCHICAL
2019-02-07 10:45:00,8508,100.0,baseline,1,47.0,0.14615052982936583,0.0,2,0,0,0,0.3865165741629455,0.0,1,0,0,0,0.3865165741629455,0,0,0,0,0,AUCUN,0,HIERARCHICAL
2019-02-08 09:30:00,8508,100.0,baseline,1,48.3,0.10044490723210907,0.0,1,0,0,0,0.0622375524895021,0.0,1,0,0,0,0.10044490723210907,0,0,0,0,0,AUCUN,0,HIERARCHICAL
2019-02-11 12:45:00,8508,100.0,baseline,1,49.1,0.0,0.0,0,0,0,0,0.28666666666666674,0.0,1,0,0,0,0.28666666666666674,0,0,0,0,0,AUCUN,0,HIERARCHICAL
2019-02-13 12:30:00,8508,100.0,baseline,1,48.0,0.0,0.0,0,0,0,0,1.0,0.0,3,0,0,0,1.0,0,0,0,0,0,AUCUN,0,HIERARCHICAL
2019-02-14 09:45:00,8508,100.0,baseline,1,48.5,0.005066822343493572,0.0,0,0,0,0,0.04347826086956524,0.0,1,0,0,0,0.04347826086956524,0,0,0,0,0,AUCUN,0,HIERARCHICAL
2019-02-15 11:00:00,8508,100.0,baseline,1,47.5,0.16095582050910448,0.0,4,0,0,0,0.08449623483647939,0.0,0,0,0,0,0.16095582050910448,0,0,0,0,0,AUCUN,0,HIERARCHICAL
2019-03-07 11:00:00,8508,100.0,baseline,1,47.3,0.005842583517399092,0.0,0,0,0,0,0.1333333333333333,0.0,1,0,0,0,0.1333333333333333,0,0,0,0,0,AUCUN,0,HIERARCHICAL
2019-03-12 10:45:00,8508,100.0,futur,0,43.8,0.016418973128566296,0.8258355474354031,1,0,0,0,0.6223799605997005,2.361686275529762,2,1,1,1,0.6223799605997005,0,1,0,0,0,INSTABILITE,1,HIERARCHICAL
2019-03-12 12:00:00,8508,100.0,futur,1,47.8,0.0,0.47583554743540285,0,0,0,0,0.5756639415706105,4.663756804568462,2,1,0,0,0.5756639415706105,0,1,0,0,0,INSTABILITE,1,HIERARCHICAL
2019-03-13 12:15:00,8508,100.0,futur,0,35.6,0.16799255290928267,2.420359420253259,3,1,1,1,0.0,10.586784926214731,0,0,0,0,0.16799255290928267,1,0,1,1,1,SEQUENCE,3,HIERARCHICAL
2019-03-14 23:45:00,8508,100.0,futur,0,0.8,0.3803000272103123,3.9630985616404666,4,1,1,1,0.0,3.320302023992583,0,0,0,0,0.3803000272103123,1,0,1,1,1,SEQUENCE,3,HIERARCHICAL
2019-03-15 16:15:00,8508,100.0,futur,0,33.3,0.04043452128411821,21.145240845712905,1,0,0,0,0.963283710724544,4.18622644736055,3,1,1,1,0.963283710724544,0,1,0,0,0,INSTABILITE,1,HIERARCHICAL
2019-03-16 10:45:00,8508,100.0,futur,0,49.8,0.4542490246094235,20.036442341170545,3,1,1,1,0.7689146273117878,50.22174676415468,2,1,0,0,0.7689146273117878,1,0,1,1,1,SEQUENCE,3,HIERARCHICAL
2019-03-16 17:30:00,8508,100.0,futur,0,34.2,0.5820416418504584,35.57485496611548,3,1,0,0,0.645719489981785,51.37543485173336,2,1,1,1,0.645719489981785,1,0,0,1,0,MIXTE,3,HIERARCHICAL
2019-03-17 01:45:00,8508,100.0,futur,0,24.0,0.2286260743419291,49.00702101613676,3,1,0,0,0.3480363279332351,53.167558694052005,3,1,1,0,0.3480363279332351,1,0,0,1,1,MIXTE,3,HIERARCHICAL
2019-03-17 13:00:00,8508,100.0,futur,0,47.4,0.23786440989954513,49.16720107374715,3,1,1,1,0.6847474434167983,52.38920794880085,3,0,0,0,0.6847474434167983,1,0,1,1,0,SEQUENCE,3,HIERARCHICAL
2019-03-18 12:15:00,8508,100.0,futur,0,36.5,0.21517934271286301,67.16874890870169,3,1,0,0,0.2214973684937233,47.72245514568379,2,1,1,1,0.2214973684937233,1,0,0,1,1,MIXTE,3,HIERARCHICAL
2019-03-19 05:45:00,8508,100.0,futur,0,21.8,0.11772319859271696,75.45738579584702,2,0,0,0,0.23166666666666663,49.711290052254775,2,1,1,1,0.23166666666666663,0,1,0,0,0,INSTABILITE,1,HIERARCHICAL
2019-03-19 11:45:00,8508,100.0,futur,0,17.2,0.26474887093912974,76.90909837991789,3,1,1,1,0.75,49.03719005225472,2,0,0,0,0.75,1,0,1,1,1,SEQUENCE,3,HIERARCHICAL
2019-03-20 12:00:00,8508,100.0,futur,0,44.9,0.0161149800820093,91.53981533002411,1,0,0,0,0.5797067629123502,48.116784789342404,3,1,1,1,0.5797067629123502,0,1,0,0,0,INSTABILITE,1,HIERARCHICAL
2019-03-21 03:15:00,8508,100.0,futur,0,11.1,0.18975228453212137,90.66892304476748,3,1,1,1,0.09060650887573969,46.5124437985257,1,0,0,0,0.18975228453212137,1,0,1,1,1,SEQUENCE,3,HIERARCHICAL
2019-03-21 17:30:00,8508,100.0,futur,0,37.8,0.08355764371087382,87.27244048569813,2,0,0,0,0.2572187171398528,44.14994383813069,3,1,1,1,0.2572187171398528,0,1,0,0,0,INSTABILITE,1,HIERARCHICAL
2019-03-22 00:45:00,8508,100.0,futur,0,18.5,0.1691744120110622,88.87371293035154,3,1,1,0,0.04149272033634383,42.82588594306978,1,0,0,0,0.1691744120110622,1,0,1,1,1,SEQUENCE,3,HIERARCHICAL
2019-03-23 13:15:00,8508,100.0,futur,0,32.6,0.3317045141232038,96.06894379117102,3,1,1,1,0.006684842115552547,38.44539843251156,0,0,0,0,0.3317045141232038,1,0,1,1,1,SEQUENCE,3,HIERARCHICAL
2019-03-24 10:30:00,8508,100.0,futur,0,18.2,0.15946238324091852,107.05930219161912,3,0,0,0,0.2814764996882688,35.53119308313227,2,1,1,1,0.2814764996882688,0,1,0,0,0,INSTABILITE,1,HIERARCHICAL
2019-03-24 12:15:00,8508,100.0,futur,0,41.2,0.16776594481144522,107.9378929664661,3,1,1,0,0.2674814533292794,36.05615637512052,3,1,0,0,0.2674814533292794,1,0,1,1,1,SEQUENCE,3,HIERARCHICAL
2019-03-25 10:15:00,8508,100.0,futur,0,26.6,0.15521440377546797,112.03459496812698,3,1,1,1,0.12499999999999996,30.776156375120397,1,0,0,0,0.15521440377546797,1,0,1,1,1,SEQUENCE,3,HIERARCHICAL
2019-03-25 15:45:00,8508,100.0,futur,1,44.2,0.43939379218886393,120.3527169549361,4,1,0,0,0.04474264656083862,29.456156375120425,0,0,0,0,0.43939379218886393,1,0,0,0,0,HYPO,2,HIERARCHICAL
2019-03-26 10:30:00,8508,100.0,futur,0,42.8,0.0,127.52071450828493,0,0,0,0,0.3719254533528006,27.332933836942367,2,1,1,1,0.3719254533528006,0,1,0,0,0,INSTABILITE,1,HIERARCHICAL
2019-03-26 11:45:00,8508,100.0,futur,1,57.7,0.0,127.17071450828496,0,0,0,0,0.5438744677928857,29.605703667421984,2,1,0,0,0.5438744677928857,0,1,0,0,0,INSTABILITE,1,HIERARCHICAL
2019-03-26 23:45:00,8508,100.0,futur,0,6.4,0.062108250982522734,123.81071450828529,1,0,0,0,0.5890022516183506,38.1261102901549,2,1,1,1,0.5890022516183506,0,1,0,0,0,INSTABILITE,1,HIERARCHICAL
2019-03-27 05:00:00,8508,100.0,futur,0,2.2,0.15073517104235873,126.97203602546429,3,1,1,1,0.015506329113924055,39.94297896142802,0,0,0,0,0.15073517104235873,1,0,1,1,1,SEQUENCE,3,HIERARCHICAL
2019-03-28 10:30:00,8508,100.0,futur,1,57.4,0.02278573553100839,134.454316911896,1,0,0,0,0.6994495342654401,36.71675915416616,3,1,1,1,0.6994495342654401,0,1,0,0,0,INSTABILITE,1,HIERARCHICAL
2019-03-29 03:15:00,8508,100.0,futur,0,16.0,0.010364166867887792,129.76431691189646,1,0,0,0,0.3484189723320158,35.70372081565507,2,1,1,1,0.3484189723320158,0,1,0,0,0,INSTABILITE,1,HIERARCHICAL
2019-03-29 09:30:00,8508,100.0,futur,1,46.7,0.1286298901220652,128.01431691189663,1,0,0,0,0.029304139172165553,38.12189481689342,0,0,0,0,0.1286298901220652,0,0,0,0,0,AUCUN,0,HIERARCHICAL
2019-03-29 20:00:00,8508,100.0,futur,0,38.3,0.09976742983098513,125.27612507746399,2,0,0,0,0.6908158158158157,37.77427966843311,3,1,1,1,0.6908158158158157,0,1,0,0,0,INSTABILITE,1,HIERARCHICAL
2019-03-30 00:45:00,8508,100.0,futur,0,1.7,0.24880485120557097,126.53588750605462,4,1,1,1,0.29388736263736265,43.551550465421556,2,1,1,0,0.29388736263736265,1,0,1,1,1,SEQUENCE,3,HIERARCHICAL
2019-03-30 08:45:00,8508,100.0,futur,0,28.0,0.26536038941977286,131.5371384301549,4,1,0,0,0.6693392338671911,45.077870668218054,2,1,1,1,0.6693392338671911,1,0,0,1,0,MIXTE,3,HIERARCHICAL
2019-03-30 14:30:00,8508,100.0,futur,0,25.1,0.5773335215267446,145.81469398170572,4,1,0,0,0.6330463937621832,46.97457422724362,3,1,1,0,0.6330463937621832,1,0,0,1,1,MIXTE,3,HIERARCHICAL
2019-03-31 10:15:00,8508,100.0,futur,0,33.3,0.12241643867824319,171.95978891391343,2,1,0,0,0.9132452305246422,49.57458404438559,3,1,1,1,0.9132452305246422,1,0,0,1,1,MIXTE,3,HIERARCHICAL
2019-03-31 14:00:00,8508,100.0,futur,0,23.4,0.22379442045269005,173.34635813436154,3,1,1,1,0.0,52.89366486814374,0,0,0,0,0.22379442045269005,1,0,1,1,0,SEQUENCE,3,HIERARCHICAL
2019-04-01 08:30:00,8508,100.0,futur,0,29.3,0.2293307186563345,179.0271457680117,3,0,0,0,0.558852225981329,55.2194670547563,3,1,1,1,0.558852225981329,0,1,0,0,0,INSTABILITE,1,HIERARCHICAL
2019-04-01 09:30:00,8508,100.0,futur,0,33.3,0.18648152586962585,179.63164010665727,3,1,1,0,0.25384615384615383,54.97946705475629,2,0,0,0,0.25384615384615383,1,0,1,1,1,SEQUENCE,3,HIERARCHICAL
2019-04-02 08:45:00,8508,100.0,futur,0,17.8,0.2270780258361323,185.0686070674471,3,0,0,0,0.19295718723052285,57.86256119261741,2,1,1,1,0.2270780258361323,0,1,0,0,0,INSTABILITE,1,HIERARCHICAL
2019-04-02 09:15:00,8508,100.0,futur,0,9.2,0.25353582017377263,185.65782881847858,3,1,1,1,0.35447607131685954,58.34907339613677,2,1,0,0,0.35447607131685954,1,0,1,1,1,SEQUENCE,3,HIERARCHICAL
2019-04-03 02:45:00,8508,100.0,futur,0,5.2,0.1875876056507399,187.67114852543966,3,1,1,0,0.0,57.59261243354533,0,0,0,0,0.1875876056507399,1,0,1,1,1,SEQUENCE,3,HIERARCHICAL
2019-04-03 09:00:00,8508,100.0,futur,1,46.5,0.16853969881516212,193.3358138631061,3,1,0,0,0.0,57.705107571362994,0,0,0,0,0.16853969881516212,1,0,0,0,0,HYPO,2,HIERARCHICAL
2019-04-03 15:45:00,8508,100.0,futur,0,27.7,0.1597250429479857,194.58609802649184,3,1,0,0,0.5554187979539642,58.867708764468425,2,1,1,1,0.5554187979539642,1,0,0,1,1,MIXTE,3,HIERARCHICAL
2019-04-04 18:30:00,8508,100.0,futur,0,22.4,0.423463762227661,194.71882071698224,3,1,1,1,0.05399999999999998,53.875917786496096,0,0,0,0,0.423463762227661,1,0,1,1,1,SEQUENCE,3,HIERARCHICAL
2019-04-04 21:00:00,8508,100.0,futur,0,20.2,0.5510055139156861,200.9320545710465,4,1,0,0,0.6066377784523418,55.58325231735212,3,1,1,1,0.6066377784523418,1,0,0,1,0,MIXTE,3,HIERARCHICAL
2019-04-05 12:30:00,8508,100.0,futur,1,47.7,0.2466361535103468,239.7598928674376,3,1,0,0,0.24910594031765934,81.85865657350189,1,0,0,0,0.24910594031765934,1,0,0,0,0,HYPO,2,HIERARCHICAL
2019-04-05 14:00:00,8508,100.0,futur,0,34.4,0.11426869417124905,239.33989286743764,2,1,0,0,0.34493475600546813,82.65106839244848,2,1,1,1,0.34493475600546813,1,0,0,1,1,MIXTE,3,HIERARCHICAL
2019-04-06 12:30:00,8508,100.0,futur,0,18.4,0.4701537744106073,239.10494455344926,4,1,1,1,0.022668810289389073,79.14249333453272,0,0,0,0,0.4701537744106073,1,0,1,1,1,SEQUENCE,3,HIERARCHICAL
2019-04-07 14:30:00,8508,100.0,futur,0,13.1,0.33626130280560024,261.2863016728688,4,1,1,1,0.030029011276964033,74.46483471577896,0,0,0,0,0.33626130280560024,1,0,1,1,1,SEQUENCE,3,HIERARCHICAL
2019-04-09 18:15:00,8508,100.0,futur,0,17.6,0.12483264380480744,270.83403154158816,3,1,1,1,0.06328124999999998,64.11266424476845,0,0,0,0,0.12483264380480744,1,0,0,1,1,HYPO,2,HIERARCHICAL
2019-04-10 12:45:00,8508,100.0,futur,0,29.5,0.15504768245093742,269.1018124144725,3,1,1,0,0.0335980937251787,60.60434144616323,0,0,0,0,0.15504768245093742,1,0,0,1,1,HYPO,2,HIERARCHICAL
2019-04-11 00:15:00,8508,100.0,futur,0,0.3,0.13503137969160062,269.8272117895996,2,0,0,0,0.6392857142857142,60.37879646637876,2,1,1,1,0.6392857142857142,0,1,0,0,0,INSTABILITE,1,HIERARCHICAL
2019-04-11 15:15:00,8508,100.0,futur,0,31.7,0.174219530043043,268.44966235561566,3,1,1,1,0.0,67.36006064442026,0,0,0,0,0.174219530043043,1,0,1,1,1,SEQUENCE,3,HIERARCHICAL
2019-04-12 13:15:00,8508,100.0,futur,0,21.3,0.17258065772225104,265.81616464185703,2,0,0,0,0.2904211430295827,63.62608672997973,2,1,1,1,0.2904211430295827,0,1,0,0,0,INSTABILITE,1,HIERARCHICAL
2019-04-12 16:15:00,8508,100.0,futur,0,24.6,0.28413689026955297,268.22634052133225,4,1,1,1,0.029743711190582764,63.415203814822036,0,0,0,0,0.28413689026955297,1,0,1,1,1,SEQUENCE,3,HIERARCHICAL
2019-04-14 00:45:00,8508,100.0,futur,0,21.6,0.2570248911953521,303.63093451875204,4,1,0,0,0.9749999999999999,68.92866688981805,2,1,1,1,0.9749999999999999,1,0,0,1,1,MIXTE,3,HIERARCHICAL
2019-04-14 16:30:00,8508,100.0,futur,0,22.1,0.22774215561148162,305.39379943989206,4,1,1,1,0.0763299245670725,67.09866688981789,1,0,0,0,0.22774215561148162,1,0,1,1,1,SEQUENCE,3,HIERARCHICAL
2019-04-15 10:15:00,8508,100.0,futur,0,30.0,0.23911039216996877,311.188018651027,4,1,1,0,0.18088798258217,63.858612411671444,1,0,0,0,0.23911039216996877,1,0,1,1,1,SEQUENCE,3,HIERARCHICAL
2019-04-16 15:00:00,8508,100.0,futur,0,35.8,0.2766722350048346,321.8500462357875,4,1,1,1,0.022415138509559118,58.42536501202612,0,0,0,0,0.2766722350048346,1,0,1,1,1,SEQUENCE,3,HIERARCHICAL
2019-04-16 21:15:00,8508,100.0,futur,0,26.1,0.20294695475495622,325.333030184317,4,1,0,0,0.3828571428571428,58.48646450341967,2,1,1,1,0.3828571428571428,1,0,0,1,0,MIXTE,3,HIERARCHICAL
2019-04-17 06:45:00,8508,100.0,futur,0,14.0,0.12740676000442255,328.0100957126469,2,1,0,0,0.8589066466211283,63.24463346667956,3,1,1,0,0.8589066466211283,1,0,0,1,1,MIXTE,3,HIERARCHICAL
2019-02-04 17:30:00,8510,100.0,baseline,1,49.0,0.04419222257350617,0.0,1,0,0,0,0.011109298531810774,0.0,0,0,0,0,0.04419222257350617,0,0,0,0,0,AUCUN,0,HIERARCHICAL
2019-02-05 10:30:00,8510,100.0,baseline,1,50.3,0.1265035069392628,0.0,1,0,0,0,0.35427953505033855,0.0,1,0,0,0,0.35427953505033855,0,0,0,0,0,AUCUN,0,HIERARCHICAL
2019-02-07 10:30:00,8510,100.0,baseline,1,41.1,0.2454544042784558,0.0,3,0,0,0,0.0,0.0,0,0,0,0,0.2454544042784558,0,0,0,0,0,AUCUN,0,HIERARCHICAL
2019-02-08 10:15:00,8510,100.0,baseline,1,48.1,0.13076923076923078,0.0,2,0,0,0,0.09052247121455988,0.0,1,0,0,0,0.13076923076923078,0,0,0,0,0,AUCUN,0,HIERARCHICAL
2019-03-04 10:00:00,8510,100.0,baseline,1,53.0,0.024680817375205125,0.0,1,0,0,0,0.23749885557335781,0.0,1,0,0,0,0.23749885557335781,0,0,0,0,0,AUCUN,0,HIERARCHICAL
2019-03-08 15:00:00,8510,100.0,baseline,1,46.6,0.0,0.0,0,0,0,0,0.2773562281397779,0.0,2,0,0,0,0.2773562281397779,0,0,0,0,0,AUCUN,0,HIERARCHICAL
2019-03-12 11:15:00,8510,100.0,futur,0,21.2,0.0,0.0,0,0,0,0,0.6043937428140459,2.8930519871006446,2,1,1,1,0.6043937428140459,0,1,0,0,0,INSTABILITE,1,HIERARCHICAL
2019-03-12 14:45:00,8510,100.0,futur,1,32.1,0.0017238709546314901,0.0,0,0,0,0,0.5249999999999999,8.691341062263495,1,1,0,0,0.5249999999999999,0,1,0,0,0,INSTABILITE,1,HIERARCHICAL
2019-03-13 03:30:00,8510,100.0,futur,0,10.2,0.16745215619058593,4.72450860315956,4,1,1,1,1.0,7.568470108573398,3,0,0,0,1.0,1,0,1,1,1,SEQUENCE,3,HIERARCHICAL
2019-03-13 04:00:00,8510,100.0,futur,0,11.4,0.14230113407081338,5.513466607703828,4,1,0,0,0.5631556530790222,8.768066464843775,2,1,1,1,0.5631556530790222,1,0,0,1,0,MIXTE,3,HIERARCHICAL
2019-03-14 10:45:00,8510,100.0,futur,0,38.1,0.0,15.051942753601168,0,0,0,0,0.2020630753739931,2.8801029839774017,2,1,1,1,0.2020630753739931,0,1,0,0,0,INSTABILITE,1,HIERARCHICAL
2019-03-15 00:45:00,8510,100.0,futur,0,15.9,0.30549648541737523,14.970923103270778,4,1,1,1,0.02483008112256083,0.0,0,0,0,0,0.30549648541737523,1,0,1,1,1,SEQUENCE,3,HIERARCHICAL
2019-03-16 00:30:00,8510,100.0,futur,0,28.1,0.012125442453830982,28.008694665424485,1,0,0,0,0.3881598781748081,1.7322824435962623,3,1,1,1,0.3881598781748081,0,1,0,0,0,INSTABILITE,1,HIERARCHICAL
2019-03-16 12:15:00,8510,100.0,futur,0,25.3,0.5470503862749687,32.823797257900516,4,1,1,1,0.08563989817171948,0.0,1,0,0,0,0.5470503862749687,1,0,1,1,1,SEQUENCE,3,HIERARCHICAL
2019-03-16 16:45:00,8510,100.0,futur,0,30.1,0.5594723523000321,45.60338388678035,4,1,0,0,0.30983781120757475,0.8012039593201055,2,1,1,1,0.5594723523000321,1,0,0,1,0,MIXTE,3,HIERARCHICAL
2019-03-17 17:00:00,8510,100.0,futur,0,29.4,0.17432334061400204,66.30669965658184,3,1,1,1,0.32510638297872346,0.0,2,0,0,0,0.32510638297872346,1,0,1,1,1,SEQUENCE,3,HIERARCHICAL
2019-03-18 21:00:00,8510,100.0,futur,0,5.7,0.22180861093990478,68.12121684964008,3,1,1,1,0.75,0.0,2,0,0,0,0.75,1,0,1,1,1,SEQUENCE,3,HIERARCHICAL
2019-03-19 03:30:00,8510,100.0,futur,0,0.2,0.24485566240262163,71.79623098087771,3,1,0,0,0.3633501611133845,1.0875375105975738,2,1,1,1,0.3633501611133845,1,0,0,1,0,MIXTE,3,HIERARCHICAL
2019-03-19 19:45:00,8510,100.0,futur,0,22.5,0.21383894599835754,84.98039043144753,3,1,0,0,0.33303191769488594,6.937165958222299,3,1,1,1,0.33303191769488594,1,0,0,1,1,MIXTE,3,HIERARCHICAL
2019-03-20 11:30:00,8510,100.0,futur,0,31.8,0.0,85.7904814854397,0,0,0,0,0.40203607342335657,13.831741554705433,2,1,1,1,0.40203607342335657,0,1,0,0,0,INSTABILITE,1,HIERARCHICAL
2019-03-21 11:30:00,8510,100.0,futur,0,26.5,0.3291207970580799,83.86939528665455,4,1,1,1,0.0,10.633352824939555,0,0,0,0,0.3291207970580799,1,0,1,1,1,SEQUENCE,3,HIERARCHICAL
2019-03-21 20:30:00,8510,100.0,futur,0,22.7,0.13923053316900688,89.38157150198143,3,1,0,0,0.2426857331531443,9.711493854306633,2,1,1,1,0.2426857331531443,1,0,0,1,0,MIXTE,3,HIERARCHICAL
2019-03-22 07:45:00,8510,100.0,futur,0,13.3,0.1785231558201261,89.82659669527011,4,1,1,0,0.0,8.437060940497519,0,0,0,0,0.1785231558201261,1,0,1,1,1,SEQUENCE,3,HIERARCHICAL
2019-03-24 01:45:00,8510,100.0,futur,0,2.2,0.35197665212581974,142.88689794942442,4,1,0,0,0.9749999999999999,2.426343920443545,2,1,1,1,0.9749999999999999,1,0,0,1,1,MIXTE,3,HIERARCHICAL
2019-03-25 12:30:00,8510,100.0,futur,0,18.2,0.25765507553313904,175.6086690262434,3,1,1,1,0.0,5.833598766221667,0,0,0,0,0.25765507553313904,1,0,1,1,1,SEQUENCE,3,HIERARCHICAL
2019-03-26 04:30:00,8510,100.0,futur,0,0.4,0.3825218888674566,196.23492324296313,4,1,0,0,1.0,6.592414279848511,3,1,1,1,1.0,1,0,0,1,1,MIXTE,3,HIERARCHICAL
2019-03-27 14:00:00,8510,100.0,futur,0,33.4,0.2635657632187033,197.06693896246787,3,1,1,1,0.012731835042548545,5.4987047436978695,0,0,0,0,0.2635657632187033,1,0,1,1,1,SEQUENCE,3,HIERARCHICAL
2019-03-29 02:45:00,8510,100.0,futur,0,14.3,0.34743148698365284,222.63945741818577,4,0,0,0,0.7872380952380953,2.580523736150855,2,1,1,1,0.7872380952380953,0,1,0,0,0,INSTABILITE,1,HIERARCHICAL
2019-03-29 03:30:00,8510,100.0,futur,0,13.6,0.4216047433812803,223.89573355686514,4,1,1,1,0.7169254658385091,4.5576889876546804,2,1,0,0,0.7169254658385091,1,0,1,1,1,SEQUENCE,3,HIERARCHICAL
2019-03-29 17:15:00,8510,100.0,futur,0,38.8,0.26887829232507326,229.00636648905711,4,1,0,0,0.8343332664928813,5.645526095418455,2,1,1,1,0.8343332664928813,1,0,0,1,1,MIXTE,3,HIERARCHICAL
2019-03-31 05:45:00,8510,100.0,futur,0,14.4,0.2715360058702089,277.08490426071717,3,1,0,0,0.37388088372339173,27.734643942166883,2,1,1,1,0.37388088372339173,1,0,0,1,1,MIXTE,3,HIERARCHICAL
2019-04-01 00:15:00,8510,100.0,futur,0,19.1,0.04580371319752177,285.97929665478944,0,1,0,0,0.28729781301525315,36.36533966690007,2,1,1,1,0.28729781301525315,1,0,0,1,1,MIXTE,3,HIERARCHICAL
2019-04-01 17:15:00,8510,100.0,futur,0,24.5,0.17774067784394457,283.33658050779957,3,1,1,1,0.23739977090492553,35.66987908978519,1,0,0,0,0.23739977090492553,1,0,1,1,1,SEQUENCE,3,HIERARCHICAL
2019-04-01 18:15:00,8510,100.0,futur,0,14.3,0.24269261561117209,284.04898315509007,4,1,0,0,0.6345747364597136,37.38321708190935,2,1,1,1,0.6345747364597136,1,0,0,1,0,MIXTE,3,HIERARCHICAL
2019-04-02 10:45:00,8510,100.0,futur,0,40.8,0.0,301.7170714340829,0,1,0,0,0.48808045698110913,44.102956502025584,2,1,1,1,0.48808045698110913,1,0,0,1,1,MIXTE,3,HIERARCHICAL
2019-04-03 07:00:00,8510,100.0,futur,0,9.9,0.11672839506172838,296.0470714340835,2,0,0,0,0.8456355218855218,48.932400697458554,3,1,1,1,0.8456355218855218,0,1,0,0,0,INSTABILITE,1,HIERARCHICAL
2019-04-03 13:00:00,8510,100.0,futur,0,23.6,0.1843697075588517,297.364836225886,4,1,1,1,0.047650504403678934,52.3295671346499,0,0,0,0,0.1843697075588517,1,0,1,1,1,SEQUENCE,3,HIERARCHICAL
2019-04-04 04:00:00,8510,100.0,futur,0,12.2,0.23545725434344605,303.8075744158544,3,1,0,0,0.808695652173913,57.54774200939964,3,1,1,1,0.808695652173913,1,0,0,1,1,MIXTE,3,HIERARCHICAL
2019-04-04 21:45:00,8510,100.0,futur,0,8.8,0.32101138798259177,316.94559281639346,4,1,0,0,0.5998750694058855,60.721826056208144,2,1,1,1,0.5998750694058855,1,0,0,1,1,MIXTE,3,HIERARCHICAL
2019-04-06 05:00:00,8510,100.0,futur,0,22.5,0.26624594026176407,331.20664448127684,4,1,1,1,0.0,59.61456471822173,0,0,0,0,0.26624594026176407,1,0,1,1,1,SEQUENCE,3,HIERARCHICAL
2019-04-09 03:15:00,8510,100.0,futur,0,9.3,0.15568170555148103,387.123675679652,4,1,1,1,0.06425088052018418,44.16005568060506,1,0,0,0,0.15568170555148103,1,0,0,1,1,HYPO,2,HIERARCHICAL
2019-04-09 16:15:00,8510,100.0,futur,0,7.7,0.12301417631906354,383.7877118110197,2,0,0,0,0.7274624505873455,43.42143252150581,3,1,1,1,0.7274624505873455,0,1,0,0,0,INSTABILITE,1,HIERARCHICAL
2019-04-10 13:15:00,8510,100.0,futur,0,20.8,0.1536322101239105,382.6177623911246,3,1,1,1,0.168312757201646,41.837152762384605,1,0,0,0,0.168312757201646,1,0,1,1,1,SEQUENCE,3,HIERARCHICAL
2019-04-12 12:45:00,8510,100.0,futur,0,22.3,0.22859158905458157,373.7307084067405,4,1,1,1,0.0414705882352941,30.43715276238427,0,0,0,0,0.22859158905458157,1,0,1,1,1,SEQUENCE,3,HIERARCHICAL
2019-04-13 03:30:00,8510,100.0,futur,0,22.4,0.21832175933679343,388.5921720687778,4,1,0,0,0.639578635442562,29.07984452769179,3,1,1,1,0.639578635442562,1,0,0,1,1,MIXTE,3,HIERARCHICAL
2019-04-14 01:00:00,8510,100.0,futur,0,12.7,0.14455882891082145,390.0419851511791,3,0,0,0,0.7889069520648468,29.737800604268887,3,1,1,1,0.7889069520648468,0,1,0,0,0,INSTABILITE,1,HIERARCHICAL
2019-04-14 04:45:00,8510,100.0,futur,0,10.7,0.2014204601693895,391.06399061205457,3,1,1,1,0.0,32.328268339874,0,0,0,0,0.2014204601693895,1,0,1,1,1,SEQUENCE,3,HIERARCHICAL
2019-04-14 20:45:00,8510,100.0,futur,0,3.6,0.16034280533272757,398.4898169863115,3,1,1,0,0.1347340880699077,28.842494217302917,1,0,0,0,0.16034280533272757,1,0,1,1,1,SEQUENCE,3,HIERARCHICAL
2019-04-15 12:30:00,8510,100.0,futur,0,1.9,0.28105288050350513,398.2853720062457,4,1,1,1,0.0,26.416126000125537,0,0,0,0,0.28105288050350513,1,0,1,1,1,SEQUENCE,3,HIERARCHICAL
2019-04-17 00:00:00,8510,100.0,futur,0,15.5,0.24928393234212967,412.6866102497866,3,1,1,1,0.035760869565217374,19.744559423647516,0,0,0,0,0.24928393234212967,1,0,1,1,1,SEQUENCE,3,HIERARCHICAL
2019-04-17 02:15:00,8510,100.0,futur,0,1.5,0.30489950913666103,415.1712128306204,4,1,0,0,0.9749999999999999,21.871015321071365,2,1,1,1,0.9749999999999999,1,0,0,1,0,MIXTE,3,HIERARCHICAL
